{
    "x": {
        "x_gains": [
            0.1109288057815206,
            0.11236711324728485,
            0.12147203455636439,
            0.13206020254865627,
            0.1364080173321118,
            0.14941863822692075,
            0.0020056290787977167,
            0.12738281822078226,
            0.10175306281806736,
            0.08055699036506173,
            0.06334555226806216,
            0.04808919969472976,
            0.023514645673794302,
            0.008213813449347426,
            0.022975314747452468,
            0.032255562108810594,
            0.04490629470842635,
            0.05095024499680058,
            0.061223628916728084,
            0.06761213218577515,
            0.0811461734710438,
            0.0883675361354738,
            0.09785275821483691,
            0.10651858594872855
        ],
        "x_sigma": 0.3712388,
        "x_chi2": 0.13831978,
        "x_quality": 0.7864583
    },
    "y": {
        "y_gains": [
            0.1134821182254438,
            0.12187550806852425,
            0.12551638539218718,
            0.13506500354464596,
            0.1453482604640246,
            0.16049804211648383,
            0.001156049985289264,
            0.1412215013068567,
            0.11690877304476507,
            0.09563615111544747,
            0.07774256730523893,
            0.05377430847449224,
            0.029426858953533815,
            0.016226339785753576,
            0.025115531444645366,
            0.03246317734257209,
            0.045288228552298825,
            0.05239072774231013,
            0.05969335642192769,
            0.07084523179001247,
            0.08337376266041008,
            0.08767954249516162,
            0.09596035685737507,
            0.10727721419097319
        ],
        "y_sigma": 0.3695559,
        "y_chi2": 0.13704279,
        "y_quality": 0.78776044
    }
}