{
    "x": {
        "x_gains": [
            0.14426913580407213,
            0.15058472046958338,
            0.16015461967602002,
            0.16755700875887508,
            0.17902437302263105,
            0.1883502861775413,
            0.001785113881786367,
            0.15956101573351394,
            0.1340754858392824,
            0.10244184478913167,
            0.06977798807312761,
            0.062313926720193084,
            0.03149297915993045,
            0.010898523304584845,
            0.028511009668938707,
            0.04025002672601775,
            0.05445759661962093,
            0.06486238116157758,
            0.07560667171416807,
            0.08503875003242102,
            0.09987025854712143,
            0.11027591806631619,
            0.1260685968231092,
            0.12920430818845224
        ],
        "x_sigma": 0.40190136,
        "x_chi2": 0.16230313,
        "x_quality": 0.80859375
    },
    "y": {
        "y_gains": [
            0.10800133273644597,
            0.1141010661603622,
            0.1234053788332256,
            0.12744544388719206,
            0.13577952641893473,
            0.14013150500956117,
            0.0008791037993899196,
            0.11732471950885995,
            0.09925065753560618,
            0.07847741263109652,
            0.06529627630354384,
            0.0432408890690016,
            0.023749068294364475,
            0.01326467889263277,
            0.024383398709289173,
            0.032802923186575676,
            0.043504331312977686,
            0.05158005970598232,
            0.05719162689417953,
            0.06866452039686445,
            0.07886295393023389,
            0.08499805566947656,
            0.09411793937807054,
            0.09857542735405021
        ],
        "y_sigma": 0.37993887,
        "y_chi2": 0.14485015,
        "y_quality": 0.78776044
    }
}