{
    "x": {
        "x_gains": [
            0.14255178471555774,
            0.14877298144595613,
            0.1671532218365626,
            0.1777068845779568,
            0.18009788680343541,
            0.19283245617062894,
            0.0025644902624253146,
            0.17066248702858433,
            0.1469030328630605,
            0.11395230936319917,
            0.08257785605424507,
            0.06614370367832412,
            0.03297266078425606,
            0.009713133292648255,
            0.027754448621797347,
            0.040431659720035824,
            0.052692447043563795,
            0.06363575909665221,
            0.0717620239244541,
            0.08200230606885127,
            0.09385433375671023,
            0.10578268449584448,
            0.11602329237208345,
            0.13174868648206436
        ],
        "x_sigma": 0.409214,
        "x_chi2": 0.16818956,
        "x_quality": 0.8046875
    },
    "y": {
        "y_gains": [
            0.14682830309355488,
            0.15685558510191927,
            0.1760945424832222,
            0.1846766950051824,
            0.1917527782053332,
            0.1954354869411962,
            0.0012023725792873335,
            0.17284100839592484,
            0.1477229315196227,
            0.12250717800182707,
            0.10055092353760872,
            0.07015168056067468,
            0.037066727485753126,
            0.020514373293075927,
            0.031026598792879147,
            0.04533614187709853,
            0.057311204713044225,
            0.06954883289581902,
            0.07687179161164248,
            0.09085948988756593,
            0.10238372868639525,
            0.11282895705538085,
            0.12300549662362212,
            0.13712899065932166
        ],
        "y_sigma": 0.3788289,
        "y_chi2": 0.14397602,
        "y_quality": 0.80338544
    }
}