{
    "x": {
        "x_gains": [
            0.10996899149362357,
            0.11157276200938528,
            0.11963426847054406,
            0.13040118446003868,
            0.13178836080780204,
            0.13845280102477225,
            0.0011436021179511225,
            0.11696981734227264,
            0.09792430823086126,
            0.08362291950357421,
            0.0708420950246109,
            0.050858155079737954,
            0.024470369441402642,
            0.009688879423930234,
            0.07388808954290685,
            0.08511537985547067,
            0.09081821490078065,
            0.09269971226009315,
            0.09192098214995639,
            0.08786547865510287,
            0.09404727756643265,
            0.0944778455120945,
            0.09847948657522715,
            0.10220855307746375
        ],
        "x_sigma": 0.20041922,
        "x_chi2": 0.040297102,
        "x_quality": 0.79557294
    },
    "y": {
        "y_gains": [
            0.10876315626328949,
            0.11021450387602366,
            0.1203504122603372,
            0.13027663696698064,
            0.1325491267491216,
            0.14012023437070883,
            0.0002983493820438424,
            0.12242343057140768,
            0.10363819822090524,
            0.08943048387391751,
            0.0708523946940342,
            0.051307644587636106,
            0.027969067553800738,
            0.015813342843266874,
            0.07845919325589883,
            0.08909705127962968,
            0.09265837145684812,
            0.09194954176945859,
            0.09146145992428638,
            0.08999972550083722,
            0.09654352925684073,
            0.095977155901261,
            0.09869315459345082,
            0.10225137067962395
        ],
        "y_sigma": 0.16439831,
        "y_chi2": 0.027117025,
        "y_quality": 0.80598956
    }
}