{
    "x": {
        "x_gains": [
            0.11110713594469175,
            0.1146710483238705,
            0.11734459966657704,
            0.1260830884022244,
            0.13644305242210295,
            0.13501907346941364,
            0.003059592228562309,
            0.12610484076508463,
            0.10454293411035218,
            0.0896806132575568,
            0.06376063136797351,
            0.053447759999033666,
            0.026276702187687864,
            0.007816505348326537,
            0.07713908416005218,
            0.08178972271239257,
            0.08695558413109285,
            0.09108361539651931,
            0.08628967512972789,
            0.08120290079498452,
            0.09481156959036471,
            0.09234919687828315,
            0.09562409784640187,
            0.10166802664596977
        ],
        "x_sigma": 0.23652457,
        "x_chi2": 0.056176238,
        "x_quality": 0.7942708
    },
    "y": {
        "y_gains": [
            0.1081584105386094,
            0.11000467189841553,
            0.11303684447249267,
            0.12237340776899817,
            0.1307631573235083,
            0.13063830516029012,
            0.0006625015196128607,
            0.11771094124375972,
            0.09865401396052952,
            0.08673038921823308,
            0.0702677976034465,
            0.049456502709128304,
            0.027422857445292086,
            0.014971731873050493,
            0.07774353434235111,
            0.0865746672307872,
            0.08829239332777916,
            0.09145576357880304,
            0.08798633677773446,
            0.0897182845863987,
            0.09489217260089101,
            0.09226140830766005,
            0.09525993244356111,
            0.10045512197562276
        ],
        "y_sigma": 0.12899244,
        "y_chi2": 0.016703926,
        "y_quality": 0.8020833
    }
}