{
    "x": {
        "x_gains": [
            0.1348790472144105,
            0.14104525535749823,
            0.1542173906941834,
            0.16609902325469375,
            0.17109098252315877,
            0.1783897895392941,
            0.0019889569134252803,
            0.15104740804158276,
            0.1285347208913523,
            0.10443874046461243,
            0.08731708816371464,
            0.06194636213174282,
            0.0328513147523231,
            0.009229043541612235,
            0.02617791453120329,
            0.0374097069959519,
            0.04986059476310185,
            0.05925007067052179,
            0.06905636684509911,
            0.07686751353656131,
            0.09183975322290949,
            0.10289961864372335,
            0.11067532088649162,
            0.12082396142139243
        ],
        "x_sigma": 0.3928397,
        "x_chi2": 0.15503532,
        "x_quality": 0.79036456
    },
    "y": {
        "y_gains": [
            0.15282112379152876,
            0.15667731289007755,
            0.17236365311111568,
            0.18452036514366016,
            0.1893547415279375,
            0.20210858267435494,
            0.000588494508640041,
            0.16902483639114194,
            0.14901603963945867,
            0.12439079607621673,
            0.0991384865518643,
            0.06778643760815961,
            0.037341829346346216,
            0.020527479449067906,
            0.031240674658614406,
            0.04328096927557569,
            0.0566124470390558,
            0.06872958044165078,
            0.07750264167754158,
            0.08942182708107842,
            0.1048480918905453,
            0.11646677086560434,
            0.1267930277528383,
            0.13958641383100356
        ],
        "y_sigma": 0.3622628,
        "y_chi2": 0.13169001,
        "y_quality": 0.80859375
    }
}