{
    "x": {
        "x_gains": [
            0.001974365899320804,
            0.0027876794603498593,
            0.0025610004701996864,
            0.0038961814149341256,
            0.0019737217112388294,
            0.001837883731284784,
            0.0014455689027020385,
            0.0015503252473846247,
            0.0042060993740609095,
            0.0024682478426896796,
            0.0024139893191594177,
            0.0018413362532998128,
            0.001394971546067889,
            0.0011790194896637719,
            0.0017843846005467714,
            0.0034232457970586236,
            0.003425528228442175,
            0.003360719500470719,
            0.0024720274642251274,
            0.00428794695843916,
            0.003132581826953047,
            0.002912644292762344,
            0.0023663565808778797,
            0.0030418907906452123
        ],
        "x_sigma": 1.6869143,
        "x_chi2": 2.856986,
        "x_quality": 0.81380206
    },
    "y": {
        "y_gains": [
            0.0021750323340306776,
            0.0028191851072148786,
            0.003973957069739171,
            0.0043029794991856826,
            0.004091788806903535,
            0.002120269308126441,
            0.0018718708169536836,
            0.0021324191339751174,
            0.00357419640359354,
            0.002729274252951922,
            0.0021816495046117564,
            0.0024651320627944078,
            0.0010836424604058717,
            0.0010749345472354187,
            0.0018365786596538749,
            0.002277526227536531,
            0.002564306393585131,
            0.0026634340390172847,
            0.0027460767625117023,
            0.00353964007523859,
            0.0032606665532824214,
            0.00464011995266892,
            0.0023040445797604704,
            0.002778511459164745
        ],
        "y_sigma": 1.6626841,
        "y_chi2": 2.773406,
        "y_quality": 0.81380206
    }
}