{
    "x": {
        "x_gains": [
            0.0018749573681568416,
            0.00349265632335124,
            0.002452175527214673,
            0.002553872275637596,
            0.0034723874017618195,
            0.0027733186665451215,
            0.0008869716110544336,
            0.0017531120368321825,
            0.0019846396827116848,
            0.0019766190867438692,
            0.002605199926950194,
            0.0013729333063323117,
            0.001070924147031674,
            0.0007337534512093577,
            0.0025779454702662347,
            0.0036297535252166236,
            0.0038425511588615555,
            0.004266351206969955,
            0.0032695432369628926,
            0.0022655484191535535,
            0.0029206119266108636,
            0.0038864674253595187,
            0.0025034553943079937,
            0.0026231257176544073
        ],
        "x_sigma": 1.6603085,
        "x_chi2": 2.7665944,
        "x_quality": 0.81380206
    },
    "y": {
        "y_gains": [
            0.0021841202445559435,
            0.0033947348070510813,
            0.0037182035960382984,
            0.00321202819762466,
            0.002774250395462458,
            0.0020533600516543255,
            0.0022946275632452708,
            0.001793610013222493,
            0.0025602442104301583,
            0.002546937965479974,
            0.0024100594725555923,
            0.0015155864425336603,
            0.0016678590747144825,
            0.0005365631285837051,
            0.0025466674259131154,
            0.0034804934699329566,
            0.0027547262286960494,
            0.004294993926878587,
            0.003937633709735678,
            0.003716272274174676,
            0.0023984259418354846,
            0.003397140694620152,
            0.0021808591747698673,
            0.002991713372797224
        ],
        "y_sigma": 1.6688893,
        "y_chi2": 2.7946343,
        "y_quality": 0.81380206
    }
}