{
    "x": {
        "x_gains": [
            0.14593671185966656,
            0.15454678814373915,
            0.16989040794509483,
            0.17440594805207218,
            0.1823594112883831,
            0.18818458612046468,
            0.004660566730507109,
            0.1770534575911024,
            0.14144474434187781,
            0.1123482904859423,
            0.07661348184294957,
            0.0653477102652431,
            0.03369152023854674,
            0.008448032981120759,
            0.027272053900923684,
            0.03851747769067692,
            0.05236872378519879,
            0.06309684488643924,
            0.07250018632547886,
            0.0837664267009841,
            0.09824942128634627,
            0.10862824952582412,
            0.11904883788095924,
            0.13565322964904813
        ],
        "x_sigma": 0.3923387,
        "x_chi2": 0.15456165,
        "x_quality": 0.79817706
    },
    "y": {
        "y_gains": [
            0.14815674123914002,
            0.15610443992716355,
            0.169802926723245,
            0.1769115371195964,
            0.1852552047912924,
            0.19296417870875704,
            0.0007332077104122828,
            0.16747407032463976,
            0.14206597742884164,
            0.11603115436494699,
            0.09930485607697556,
            0.06702071027074288,
            0.03733863362705396,
            0.019401891300244327,
            0.027854586800881206,
            0.04058498219293322,
            0.05477025657400543,
            0.06473481367394764,
            0.07124829796722194,
            0.08733983729811069,
            0.10090680913093608,
            0.1100637445182752,
            0.12135021039699478,
            0.1354752512456272
        ],
        "y_sigma": 0.3684688,
        "y_chi2": 0.13620707,
        "y_quality": 0.7760417
    }
}