{
    "x": {
        "x_gains": [
            0.128872461201238,
            0.13757798091930984,
            0.14694561058031907,
            0.1563085424337834,
            0.16396469249897602,
            0.17331147182427742,
            0.01077111140528213,
            0.14320270120391226,
            0.12056784319380359,
            0.09981234281427488,
            0.08344083293977073,
            0.0604704382401506,
            0.02946624432502234,
            0.01046654739687023,
            0.025594817151906007,
            0.03678228023948501,
            0.04943283972830327,
            0.05975755047107774,
            0.0666987220724947,
            0.0774391372908398,
            0.08961545113762334,
            0.09974129103930225,
            0.11036974526883532,
            0.12129891242182134
        ],
        "x_sigma": 0.39435658,
        "x_chi2": 0.15602164,
        "x_quality": 0.80078125
    },
    "y": {
        "y_gains": [
            0.1381441575727519,
            0.1466712060427129,
            0.1594546904713385,
            0.1674860082188734,
            0.17254917578176382,
            0.18390380477478277,
            0.002383643514480229,
            0.15546537113019873,
            0.13507707754691275,
            0.11415578543232907,
            0.09256313523187111,
            0.06318430777278507,
            0.034725792467760315,
            0.01942815178049297,
            0.028946567819926872,
            0.0404794990969631,
            0.05192477616137681,
            0.06262933741041969,
            0.06736415966680069,
            0.08278437633645028,
            0.09523024101059856,
            0.10717711554228943,
            0.11720538755660874,
            0.1289530825357499
        ],
        "y_sigma": 0.40889657,
        "y_chi2": 0.16775323,
        "y_quality": 0.8072917
    }
}