{
    "x": {
        "x_gains": [
            0.13492352399736304,
            0.13822221626330888,
            0.15208251145409435,
            0.16351821340261666,
            0.16559376808387444,
            0.18136534881525987,
            0.004759029175180768,
            0.15885540234658024,
            0.12928532365934353,
            0.10480445636932838,
            0.08586390725255502,
            0.06073224749338276,
            0.031214629922469105,
            0.008142736967691981,
            0.02586237708452699,
            0.03670810387556452,
            0.04973308254597575,
            0.060559466519547536,
            0.06646982293303279,
            0.08229284996927184,
            0.09318974036872384,
            0.09908106277518526,
            0.10852485528481859,
            0.12110987511755228
        ],
        "x_sigma": 0.3723678,
        "x_chi2": 0.13910557,
        "x_quality": 0.79557294
    },
    "y": {
        "y_gains": [
            0.1447805734584778,
            0.14801003833682008,
            0.16074542152834498,
            0.17279050619842745,
            0.17641139702302241,
            0.19022523809541927,
            0.0012050759147213086,
            0.16149119679188048,
            0.1383611506351268,
            0.11413374031903348,
            0.09591705093435197,
            0.0671206889052723,
            0.03499959400470955,
            0.01971626325549024,
            0.027803229317281974,
            0.04071874447497536,
            0.0530015773799444,
            0.06475066429325266,
            0.0708069020019023,
            0.08659074736300869,
            0.100025426463407,
            0.10665410707901704,
            0.11740021451367195,
            0.13037384700629054
        ],
        "y_sigma": 0.37641868,
        "y_chi2": 0.14227636,
        "y_quality": 0.80859375
    }
}