{
    "x": {
        "x_gains": [
            0.60225987176201,
            0.6528000618332219,
            0.750817151847213,
            0.7865417669802374,
            0.7931279586647088,
            0.7685872252348706,
            0.01591314478272431,
            0.5735971291234249,
            0.5148539482913644,
            0.44936618248059657,
            0.3915954224061502,
            0.26590548208823445,
            0.09661329812487114,
            0.033485966834962674,
            0.11801235565761263,
            0.18849474449320613,
            0.2635350689015073,
            0.34686183518422853,
            0.3871022935230238,
            0.40561706625693933,
            0.4696223161143337,
            0.4827336317335187,
            0.5181345002551294,
            0.5576887770933574
        ],
        "x_sigma": 0.60546595,
        "x_chi2": 0.36974755,
        "x_quality": 0.7708333
    },
    "y": {
        "y_gains": [
            0.5906201139105389,
            0.6170766966477493,
            0.724022000132496,
            0.7462597461522847,
            0.7278330793438497,
            0.721246984105736,
            0.006203321556120582,
            0.548914212009222,
            0.47330175779539824,
            0.4274786709517129,
            0.35815990335413167,
            0.2526317789253661,
            0.09854595444220525,
            0.05164692222045819,
            0.12224708727977493,
            0.20030399737072963,
            0.271808877479077,
            0.352647023216552,
            0.39924128186793817,
            0.42483680956052755,
            0.4608634738045201,
            0.4683335124709018,
            0.4953519639169778,
            0.539441275856297
        ],
        "y_sigma": 0.5742865,
        "y_chi2": 0.33195227,
        "y_quality": 0.75911456
    }
}