{
    "x": {
        "x_gains": [
            0.610197262740507,
            0.687169325530938,
            0.7402802864025982,
            0.8115664449737661,
            0.7992549664904363,
            0.7952302724443008,
            0.02255605585889942,
            0.6068278571367022,
            0.5283074529600327,
            0.4537775391916316,
            0.3726269717090424,
            0.2562427918902641,
            0.09334149386900399,
            0.034820140568211075,
            0.11118417146556082,
            0.17857228954496743,
            0.2698161550965857,
            0.33558317241001606,
            0.39041057918971067,
            0.4354891424935716,
            0.45480932664751494,
            0.47162403264015607,
            0.520514816220012,
            0.558140365604265
        ],
        "x_sigma": 0.58668876,
        "x_chi2": 0.34687254,
        "x_quality": 0.76953125
    },
    "y": {
        "y_gains": [
            0.6182158919937271,
            0.6968048709447698,
            0.7505977572889609,
            0.8130979674908797,
            0.7989386898444106,
            0.7941595599974842,
            0.008092955034085098,
            0.6057393072474527,
            0.5302966145174743,
            0.4802365837506189,
            0.3864930421396843,
            0.26631199590135185,
            0.0945957629800995,
            0.048572151186260654,
            0.13372844919236307,
            0.20926530508893462,
            0.30519732426181084,
            0.3652776290793429,
            0.412409653932625,
            0.46739003375818,
            0.4671839264809473,
            0.483472422708835,
            0.5292465339379869,
            0.5662472473305689
        ],
        "y_sigma": 0.5935798,
        "y_chi2": 0.35454866,
        "y_quality": 0.7734375
    }
}