{
    "x": {
        "x_gains": [
            0.525238856309198,
            0.581319033815212,
            0.6469610106359096,
            0.6828941902571896,
            0.6679684927277603,
            0.6427960083653473,
            0.007654159362047249,
            0.45295211313258105,
            0.3714011323129161,
            0.3082712220768312,
            0.25009383520696965,
            0.18484537776572588,
            0.056820254466100416,
            0.0174049689132461,
            0.12486322794169337,
            0.20273211118712892,
            0.2957913913465045,
            0.35081413260346217,
            0.3592683915956489,
            0.40720963021456363,
            0.4179933427036294,
            0.4322131391670552,
            0.4565967778330666,
            0.49588770246103114
        ],
        "x_sigma": 0.583157,
        "x_chi2": 0.3422668,
        "x_quality": 0.75651044
    },
    "y": {
        "y_gains": [
            0.5512664878982949,
            0.607088277738516,
            0.6780801110966453,
            0.7077447374224559,
            0.6785092310841635,
            0.6552128472038399,
            0.0024407815743836847,
            0.4712744108362953,
            0.402980492077061,
            0.3482848053021764,
            0.2991014692761475,
            0.19950839137281823,
            0.06590899444228995,
            0.031281028825530625,
            0.12609958841094343,
            0.2057308382297273,
            0.2931980142402171,
            0.35305179382792035,
            0.38662229634544887,
            0.4260675997149438,
            0.4445344577328636,
            0.45899442491601666,
            0.48296614624649575,
            0.5209846902396957
        ],
        "y_sigma": 0.6120622,
        "y_chi2": 0.3784268,
        "y_quality": 0.77213544
    }
}