{
    "x": {
        "x_gains": [
            0.5877735806825626,
            0.6590375165673793,
            0.7593574863687738,
            0.8052779851815967,
            0.8333299305694503,
            0.8138679849157708,
            0.0113168822080052,
            0.574434571126862,
            0.5282683806228622,
            0.4669163610854722,
            0.3862306755757724,
            0.2917523166373888,
            0.09887775723097983,
            0.03248966763589843,
            0.11206613874550027,
            0.1804376240305673,
            0.2599297586614574,
            0.32861815572590025,
            0.3934965410080059,
            0.4139577101631213,
            0.45190632162715194,
            0.4586736003437484,
            0.4916159327217697,
            0.5369791785249568
        ],
        "x_sigma": 0.49100336,
        "x_chi2": 0.24216367,
        "x_quality": 0.77734375
    },
    "y": {
        "y_gains": [
            0.6175389332051981,
            0.6883531879632359,
            0.7823903951251445,
            0.8206345605977897,
            0.8406172820825788,
            0.8322207928367761,
            0.0028277149888377364,
            0.6173312031291284,
            0.5472147861812944,
            0.49470798500737984,
            0.4245916161073585,
            0.2933861232764482,
            0.11167672892607079,
            0.0517086930793292,
            0.1167003852979921,
            0.1976508016321213,
            0.2707448200830277,
            0.3371564401161949,
            0.395024430285891,
            0.4236418592726137,
            0.47396276093545836,
            0.4889691015535037,
            0.5211691617119114,
            0.5672133979888541
        ],
        "y_sigma": 0.49343008,
        "y_chi2": 0.24426363,
        "y_quality": 0.7890625
    }
}