{
    "x": {
        "x_gains": [
            0.4490240910405325,
            0.49076396932646665,
            0.500162452764658,
            0.5324676686962737,
            0.5454766322992751,
            0.5344980544805314,
            0.015966891819533823,
            0.4322758224069135,
            0.34291548943779143,
            0.313603767660753,
            0.18793277629557287,
            0.16304162632065755,
            0.07071557657662499,
            0.022018754253748087,
            0.10600847558964034,
            0.1611020929739511,
            0.22780812814845072,
            0.2913431349710003,
            0.3311240735148423,
            0.36221539921099344,
            0.38031851675778466,
            0.39465425031774604,
            0.40817497742894415,
            0.4413448111818768
        ],
        "x_sigma": 0.5454906,
        "x_chi2": 0.29939649,
        "x_quality": 0.7708333
    },
    "y": {
        "y_gains": [
            0.4626603060127796,
            0.5119180406930818,
            0.5263616383427082,
            0.5533735421927404,
            0.5592352301641641,
            0.5533334912178228,
            0.006023606513928084,
            0.43900125808980545,
            0.3637197017396604,
            0.3084750750596976,
            0.26319772070773867,
            0.18705233116305867,
            0.0841170802086642,
            0.047103626282090055,
            0.10207061469680077,
            0.1666536482391784,
            0.24185861574156148,
            0.3078721334372012,
            0.3501813396558341,
            0.3771545140190596,
            0.3974624407930012,
            0.4165890595964393,
            0.4220517658308241,
            0.4506034120411326
        ],
        "y_sigma": 0.58051056,
        "y_chi2": 0.33908606,
        "y_quality": 0.76171875
    }
}