{
    "x": {
        "x_gains": [
            0.4055837361895189,
            0.430456761543785,
            0.4842922238650491,
            0.5131792909370947,
            0.5332268585942093,
            0.5620263838789701,
            0.02529122849613297,
            0.5920753205066531,
            0.42676080440997544,
            0.3591748890778149,
            0.2898153551594437,
            0.22336405929332973,
            0.10427784205348098,
            0.020004489007333245,
            0.23636269950784558,
            0.28225958962842784,
            0.3051570628144453,
            0.3077359872649001,
            0.3069575551984889,
            0.3255016867985662,
            0.3313045457733508,
            0.32754911083027055,
            0.35118861719025435,
            0.38778529073000034
        ],
        "x_sigma": 0.2744718,
        "x_chi2": 0.07558111,
        "x_quality": 0.7734375
    },
    "y": {
        "y_gains": [
            0.5949661461288022,
            0.6202635896961316,
            0.6992526806900393,
            0.7370597551295858,
            0.7764155394601164,
            0.8093460694189073,
            0.006454575761712553,
            0.758879362844887,
            0.6806046328212872,
            0.5949966965783406,
            0.501437244502054,
            0.3510228243464938,
            0.20716227520277716,
            0.08055177320229386,
            0.35083761603734875,
            0.39104407399101343,
            0.41742807286440775,
            0.44539263587815836,
            0.4334509343511686,
            0.4489390828722243,
            0.4637800747465071,
            0.46587663307230265,
            0.510463532536282,
            0.5479788949216494
        ],
        "y_sigma": 0.33621952,
        "y_chi2": 0.11343639,
        "y_quality": 0.78776044
    }
}