{
    "x": {
        "x_gains": [
            0.13815894147261185,
            0.1472449953377081,
            0.15347691200769595,
            0.16150321246847438,
            0.16796227164269453,
            0.1749454559431097,
            0.007942972886042501,
            0.13605269288142652,
            0.11989260500014508,
            0.09338077823914107,
            0.08544495588946875,
            0.05260761202685766,
            0.023141567800489326,
            0.00944299725265438,
            0.032290720851271236,
            0.04441717230065184,
            0.06124477681576525,
            0.07164799854181993,
            0.08186270396604335,
            0.08785389194937683,
            0.10366524006018804,
            0.11357044115756444,
            0.12312997883765053,
            0.1257816480399559
        ],
        "x_sigma": 0.39959323,
        "x_chi2": 0.16025834,
        "x_quality": 0.8046875
    },
    "y": {
        "y_gains": [
            0.14520955844822675,
            0.15616296354828488,
            0.16083464172314377,
            0.16713437550307447,
            0.17341433401265507,
            0.18329151231993898,
            0.0015744056059923388,
            0.1507705164938045,
            0.13038914640745305,
            0.10512385219207936,
            0.08387163546837528,
            0.05404260870589678,
            0.027328557030325953,
            0.015598234404651268,
            0.034643538086343614,
            0.04868755158141792,
            0.06382369139253913,
            0.07614855242363329,
            0.08510779902763489,
            0.09658242136186815,
            0.11031781569842375,
            0.1193471021300295,
            0.1298573380790996,
            0.1342966341368883
        ],
        "y_sigma": 0.3571573,
        "y_chi2": 0.12800828,
        "y_quality": 0.77473956
    }
}