{
    "x": {
        "x_gains": [
            0.1353714387869441,
            0.14664627305829336,
            0.1551041679592014,
            0.1646043307761557,
            0.17255784915614036,
            0.1844644518278186,
            0.0059034978815297855,
            0.16681656803470266,
            0.1397270884043787,
            0.11357660685343962,
            0.06681946049967592,
            0.06239244322693217,
            0.030906140215595054,
            0.01142789620316148,
            0.026827574883809772,
            0.037808885836787584,
            0.05204392090573077,
            0.06027435802836065,
            0.07302535958965006,
            0.08448964452671859,
            0.0942593421376586,
            0.10559600762614367,
            0.1167475941531404,
            0.12391068567340936
        ],
        "x_sigma": 0.3883703,
        "x_chi2": 0.15132667,
        "x_quality": 0.7994792
    },
    "y": {
        "y_gains": [
            0.13037032185329653,
            0.14320129648725788,
            0.15164673952685914,
            0.16083333282402776,
            0.16653055569248068,
            0.17554182740446664,
            0.0014793049089431615,
            0.15074690190620213,
            0.14175710167285713,
            0.10791219788766189,
            0.09112005869589701,
            0.06388712116773902,
            0.03171075127019,
            0.018003850447487504,
            0.025204673289211377,
            0.03746675715138297,
            0.04932369081483872,
            0.058387774580917366,
            0.06824585528418615,
            0.08006105135532152,
            0.09477791685910533,
            0.10173291853431349,
            0.11240391853548484,
            0.1213048275075679
        ],
        "y_sigma": 0.3845466,
        "y_chi2": 0.14861742,
        "y_quality": 0.8072917
    }
}