{
    "x": {
        "x_gains": [
            0.13541479413396654,
            0.14277699193321416,
            0.15281950535596453,
            0.1632341783640279,
            0.16697514211003883,
            0.18056465927457824,
            0.00531042515051338,
            0.15660553371291175,
            0.12954864733075375,
            0.10225841806636284,
            0.07537708138734835,
            0.06051512654257596,
            0.032922712483844825,
            0.011042324789224104,
            0.026424680016943505,
            0.03688291426658786,
            0.05079767590473201,
            0.05994088030975049,
            0.06752380940162359,
            0.07841025405392775,
            0.0885670990320546,
            0.10250730825854229,
            0.11247733581683292,
            0.12231797953204321
        ],
        "x_sigma": 0.37979728,
        "x_chi2": 0.14473815,
        "x_quality": 0.796875
    },
    "y": {
        "y_gains": [
            0.1260629787950724,
            0.13554738234961627,
            0.1460675831336346,
            0.15690633429302478,
            0.16085240450377725,
            0.17325062348568127,
            0.0013569935103142363,
            0.14672883469573503,
            0.12741599845469875,
            0.10765661372796229,
            0.08888947358409291,
            0.06003420749142861,
            0.0337755407261417,
            0.018469734477250182,
            0.026960144010305245,
            0.03756841725347595,
            0.04919706454891015,
            0.05818892103891431,
            0.06499930028253245,
            0.07859083489401633,
            0.08907630543552522,
            0.09886284984225938,
            0.1074566651447221,
            0.11552566778168191
        ],
        "y_sigma": 0.3691968,
        "y_chi2": 0.1367576,
        "y_quality": 0.8072917
    }
}