{
    "x": {
        "x_gains": [
            0.12476645279617217,
            0.13049838638745231,
            0.14649810204383898,
            0.14963761435923745,
            0.15771662662556948,
            0.16880213749420248,
            0.00207094176698136,
            0.1434948215445306,
            0.12374543781507136,
            0.0989503935949806,
            0.06224290567809662,
            0.057737637289275674,
            0.027069489545221745,
            0.017054186094937585,
            0.02455745019012378,
            0.0363032264746652,
            0.047671152188389534,
            0.05525987531272255,
            0.0656378028585657,
            0.0746282524205114,
            0.0886504939206594,
            0.0964004459099026,
            0.10568892852458572,
            0.11697812286843925
        ],
        "x_sigma": 0.36953443,
        "x_chi2": 0.13705836,
        "x_quality": 0.80338544
    },
    "y": {
        "y_gains": [
            0.12984801186332987,
            0.13642611332235102,
            0.15483129775335916,
            0.15823509136264735,
            0.16574598913352723,
            0.17490518477386002,
            0.0009943389301688697,
            0.14857314658639675,
            0.12530606005167622,
            0.10530113280852652,
            0.08767393083175645,
            0.05825109249923983,
            0.03158781589711166,
            0.01729117192301002,
            0.026791680218791577,
            0.03863806090100249,
            0.04997430321328773,
            0.05859902620138258,
            0.06722111990789094,
            0.07614717817975196,
            0.09062257527972017,
            0.09885911636756016,
            0.10752407222047854,
            0.11916699884467596
        ],
        "y_sigma": 0.35805854,
        "y_chi2": 0.12863018,
        "y_quality": 0.80859375
    }
}