{
    "x": {
        "x_gains": [
            0.33033855010578433,
            0.3233895781111306,
            0.315181405809928,
            0.3093624365014264,
            0.306332924705634,
            0.29943876192851737,
            0.2912146311822027,
            0.28317465405614417,
            0.27395756134375526,
            0.25998487511990503,
            0.25430307504804167,
            0.2528885179407713,
            0.24959727479711488,
            0.2471533189663109,
            0.24534774067607432,
            0.24366715164552083,
            0.2376527795453203,
            0.23359792191288667,
            0.22964805539882713,
            0.22390908861096948,
            0.21725976772758232,
            0.208998907771708,
            0.20322418006816667,
            0.19176361467970415
        ],
        "x_sigma": 0.025438083,
        "x_chi2": 0.00065485877,
        "x_quality": 0.828125
    },
    "y": {
        "y_gains": [
            0.3752764567838012,
            0.37157681146668203,
            0.36475224021707137,
            0.36116250553887846,
            0.3583932656471812,
            0.35188684895390726,
            0.3424578370191785,
            0.3352498899039361,
            0.3260394398172927,
            0.3115300900060275,
            0.3039134016996661,
            0.30080042391202144,
            0.29588987073695927,
            0.28874107591565934,
            0.2872910952027817,
            0.28877038394043936,
            0.2864569622190194,
            0.2801102558784779,
            0.2717525408319063,
            0.261898733868904,
            0.25352149597355894,
            0.24475484253574825,
            0.2362159713177119,
            0.22511331247418373
        ],
        "y_sigma": 0.026770148,
        "y_chi2": 0.0007266911,
        "y_quality": 0.84244794
    }
}