{
    "x": {
        "x_gains": [
            0.41809246650055015,
            0.41162989467049604,
            0.3927359094897681,
            0.3814118769217437,
            0.3714620836764405,
            0.3605573091059974,
            0.353060943049787,
            0.3419163804513139,
            0.32989709223094654,
            0.3270654724241615,
            0.32164248665666145,
            0.3112779810111716,
            0.3064238543616448,
            0.3046557336894556,
            0.3022520315265795,
            0.29410825289521636,
            0.28686839826169225,
            0.27807002937865477,
            0.2748343552728194,
            0.26526127705267133,
            0.25672827032665335,
            0.24906207580836898,
            0.24051319744016994,
            0.23650438012024594
        ],
        "x_sigma": 0.025435736,
        "x_chi2": 0.00064940954,
        "x_quality": 0.828125
    },
    "y": {
        "y_gains": [
            0.4116514315157948,
            0.4141162969422564,
            0.41330484505697324,
            0.40199298474002465,
            0.40418666245450274,
            0.4052264814857289,
            0.3943744534956011,
            0.37353537712467855,
            0.35747644650252375,
            0.3396205012594826,
            0.3378697984944522,
            0.33263119323523954,
            0.32419139533792024,
            0.32292912735798407,
            0.32453170885741145,
            0.32839929807934026,
            0.3266528470735498,
            0.31073425260954624,
            0.3059525391735512,
            0.2888275162508802,
            0.27393687836873876,
            0.2632529221140168,
            0.25453549156352295,
            0.2480147842604957
        ],
        "y_sigma": 0.036419135,
        "y_chi2": 0.0013363804,
        "y_quality": 0.83984375
    }
}