{
    "x": {
        "x_gains": [
            0.36458056100198405,
            0.3538331023039064,
            0.3484832840061053,
            0.3393963550732085,
            0.3367126374818743,
            0.3287926520102958,
            0.3179752657851905,
            0.3048697671048021,
            0.29749601176846624,
            0.2892373536968771,
            0.27901586417239876,
            0.27422385189191695,
            0.2691746059492379,
            0.27209128161850343,
            0.27348711440846624,
            0.2737116393137502,
            0.2678837805505714,
            0.2571788122103974,
            0.24989907201229106,
            0.2416629192803317,
            0.22976454464711105,
            0.2219442001208708,
            0.21698538130428785,
            0.20859176984484737
        ],
        "x_sigma": 0.024625668,
        "x_chi2": 0.00061248476,
        "x_quality": 0.83203125
    },
    "y": {
        "y_gains": [
            0.34852755472788777,
            0.343180355999515,
            0.34196912524913303,
            0.3420048433357894,
            0.34035470337696194,
            0.3384053069532409,
            0.33090925756702605,
            0.31570244615094945,
            0.304125856524856,
            0.2959367178392548,
            0.2827818060674456,
            0.276662214249432,
            0.27263051367950863,
            0.27231126528285704,
            0.27675225691465516,
            0.2781019210168296,
            0.27205875511463656,
            0.2602201462437222,
            0.2513597936436638,
            0.24470749085846227,
            0.23480861078866672,
            0.2264734304768466,
            0.22036268436478715,
            0.21344745885143881
        ],
        "y_sigma": 0.02777352,
        "y_chi2": 0.00077460636,
        "y_quality": 0.8515625
    }
}