{
    "x": {
        "x_gains": [
            0.28785348948233724,
            0.28565367000551056,
            0.28258528346143913,
            0.2760238379706948,
            0.2737051665463094,
            0.265706340183721,
            0.25758643570436496,
            0.25075203670207413,
            0.24491570907481766,
            0.2345517750761062,
            0.2296658453816036,
            0.22760181881165448,
            0.22503750643860435,
            0.2244348254171991,
            0.22555051580470806,
            0.22342394514852779,
            0.22034976338291531,
            0.2167908878454021,
            0.20721809847845343,
            0.1990992114556271,
            0.19131058521659314,
            0.18236687400564464,
            0.17774834897112946,
            0.17499587840957379
        ],
        "x_sigma": 0.025111975,
        "x_chi2": 0.0006421549,
        "x_quality": 0.8255208
    },
    "y": {
        "y_gains": [
            0.3102825752721481,
            0.30824007401460657,
            0.30370794909089427,
            0.3019562720212935,
            0.30267131650521173,
            0.2956106110611283,
            0.2843445007645597,
            0.2762846892695171,
            0.2699477920970085,
            0.2566600392766858,
            0.2503755508074336,
            0.24581298145237815,
            0.24407796084384192,
            0.24422949209839437,
            0.24499949897602458,
            0.24591801909691136,
            0.24306396320556062,
            0.2344325476959465,
            0.22539255889456852,
            0.21694919960931788,
            0.20799598983731593,
            0.1981670538355481,
            0.19182302193154813,
            0.18733137834306893
        ],
        "y_sigma": 0.03091485,
        "y_chi2": 0.0009693528,
        "y_quality": 0.84375
    }
}