{
    "x": {
        "x_gains": [
            0.38704464052900023,
            0.3797812801629414,
            0.37136637498808844,
            0.36306681082839504,
            0.35651635604347276,
            0.3512395612919532,
            0.34582614130234807,
            0.3357945281341416,
            0.32577350929055554,
            0.31784421272753755,
            0.30623986384330665,
            0.29791039689410537,
            0.3027832685841406,
            0.29996322450867524,
            0.2948672168692355,
            0.29596676908794023,
            0.2924894700134677,
            0.28697528792661103,
            0.27691882941426266,
            0.2659372186051806,
            0.2546014501996763,
            0.24249976125898504,
            0.23632925088732182,
            0.23121630528136194
        ],
        "x_sigma": 0.023618871,
        "x_chi2": 0.0005662897,
        "x_quality": 0.83723956
    },
    "y": {
        "y_gains": [
            0.41538698053417683,
            0.4107549614578351,
            0.40321138514118465,
            0.3999845925934933,
            0.39242394186317786,
            0.3834887242426922,
            0.376034169172057,
            0.36382915339721106,
            0.35110192285181274,
            0.341972750516926,
            0.33313871369679166,
            0.32454392653364045,
            0.3252964190426832,
            0.32278615581798,
            0.3214931892632334,
            0.3229674455597192,
            0.3181076716213951,
            0.30875577658901315,
            0.29184217082012553,
            0.28235200576088443,
            0.2701631542304713,
            0.25633392148297174,
            0.2501770190042219,
            0.2423573224266075
        ],
        "y_sigma": 0.02898343,
        "y_chi2": 0.0008508386,
        "y_quality": 0.8411458
    }
}