{
    "x": {
        "x_gains": [
            0.40231600449676647,
            0.3911163857936047,
            0.38003811782321767,
            0.37274528242388205,
            0.36886888275222224,
            0.35902677320092047,
            0.3386254623592063,
            0.33624453854808267,
            0.3249172403297156,
            0.31157782700015046,
            0.3024362998080074,
            0.2984363190315288,
            0.29291033955924023,
            0.290359220232184,
            0.28760360308643534,
            0.2828230503161721,
            0.2789818790668235,
            0.2750381154696371,
            0.2647446557650995,
            0.2548385299751527,
            0.24474142456641,
            0.23767562743394696,
            0.22944741948517963,
            0.22030205967885863
        ],
        "x_sigma": 0.0238775,
        "x_chi2": 0.0005733542,
        "x_quality": 0.83723956
    },
    "y": {
        "y_gains": [
            0.4059944265085129,
            0.3988149771295564,
            0.38939865282863273,
            0.38167825301894137,
            0.3827968053309814,
            0.37077496825517414,
            0.3575334624505844,
            0.352183584004695,
            0.34066013802867473,
            0.3284118626305724,
            0.32016265287286433,
            0.31700543981334717,
            0.3124998828125439,
            0.30592219480819444,
            0.3012914405662712,
            0.2994719411262121,
            0.2952351381067167,
            0.28920895451078626,
            0.2809965700715667,
            0.26944501843717955,
            0.2574455041931179,
            0.24887011103066248,
            0.24102979304193747,
            0.23001084961177617
        ],
        "y_sigma": 0.02698354,
        "y_chi2": 0.0007346384,
        "y_quality": 0.84505206
    }
}