{
    "x": {
        "x_gains": [
            0.38788534760772103,
            0.37786183104286086,
            0.3719857667830027,
            0.3641742423709957,
            0.3556634243203361,
            0.34948275678289237,
            0.34359333969049727,
            0.33657182745712577,
            0.3237989124565927,
            0.3121407455107138,
            0.30731439608756816,
            0.29975120649860615,
            0.29283316881477855,
            0.291533919126042,
            0.293006712109859,
            0.2900671746265015,
            0.2833933267559631,
            0.2770438347897851,
            0.2674618271125145,
            0.25756143715985147,
            0.24867060693532375,
            0.2400695817675795,
            0.23041644546687903,
            0.22403933055255715
        ],
        "x_sigma": 0.02164285,
        "x_chi2": 0.0004723563,
        "x_quality": 0.828125
    },
    "y": {
        "y_gains": [
            0.36643025441655636,
            0.3585873494399296,
            0.3547386287557021,
            0.35260536756341615,
            0.348346182953157,
            0.34363252707291686,
            0.3385339253479206,
            0.32554874659500427,
            0.3092336997196054,
            0.2982361657040697,
            0.2929863749616188,
            0.2876798707603934,
            0.2797674997788438,
            0.2779646549595552,
            0.27859017769038713,
            0.27826096248018223,
            0.27362595987986726,
            0.2665125584448715,
            0.258469422653749,
            0.2500649856381427,
            0.23995788259244735,
            0.23136121649357458,
            0.2204910392772374,
            0.21448386367113928
        ],
        "y_sigma": 0.031042375,
        "y_chi2": 0.00096943614,
        "y_quality": 0.8359375
    }
}