{
    "x": {
        "x_gains": [
            1.2575912926391044,
            1.2173740705653315,
            1.1916563558600477,
            1.1931123153220224,
            1.1746272525973651,
            1.1442461268841944,
            1.1273267545099215,
            1.108112681319093,
            1.0827412921993276,
            1.030371540643469,
            0.9992687351396248,
            0.9911453060646793,
            0.97253540563771,
            0.9581760008339965,
            0.9515237654002932,
            0.9550438876092893,
            0.9316972729220822,
            0.9053068089301999,
            0.8727990517212864,
            0.8499852527558647,
            0.825370843246725,
            0.7729184224796831,
            0.7345645761962732,
            0.715011093039603
        ],
        "x_sigma": 0.020925926,
        "x_chi2": 0.00044079655,
        "x_quality": 0.8333333
    },
    "y": {
        "y_gains": [
            1.2885838404318797,
            1.2582772624013918,
            1.243058450845864,
            1.2466778683997617,
            1.2414733284042703,
            1.2110433688436277,
            1.1856633851851597,
            1.1691709724310655,
            1.147544699017673,
            1.1008297768642261,
            1.0674733463113897,
            1.0612260578115629,
            1.0504650776561562,
            1.0388878580812697,
            1.0244337698445627,
            1.0149959562561102,
            0.9888114990075794,
            0.9514611160201218,
            0.9294573474811613,
            0.901124964405564,
            0.8690052002140185,
            0.8271817207398114,
            0.7952131982488768,
            0.7594730593640597
        ],
        "y_sigma": 0.02050091,
        "y_chi2": 0.0004231051,
        "y_quality": 0.82682294
    }
}