{
    "x": {
        "x_gains": [
            0.3238294149542351,
            0.31342103668834564,
            0.30858924845433816,
            0.31337509014626186,
            0.3092680617728315,
            0.3041028646185744,
            0.29531323136167453,
            0.2846396814585939,
            0.27525998994199996,
            0.26645015282514967,
            0.2589016805592877,
            0.25369432852375395,
            0.25406403368929736,
            0.25385003560373676,
            0.24733539396694562,
            0.24796707294831732,
            0.24562786091980657,
            0.24011278001232067,
            0.22896598275290841,
            0.22021328978395316,
            0.21237408207939712,
            0.20553666445235166,
            0.20303187498921396,
            0.19563028458533127
        ],
        "x_sigma": 0.025216838,
        "x_chi2": 0.00063832785,
        "x_quality": 0.8359375
    },
    "y": {
        "y_gains": [
            0.3923496064125306,
            0.38361744808773607,
            0.37689674227793224,
            0.3799017391749659,
            0.37384274641330595,
            0.36199337443526775,
            0.352848066092677,
            0.33672338581290767,
            0.3326598966385782,
            0.32709567335833545,
            0.32489342520972847,
            0.31941980076317694,
            0.31401009416848713,
            0.30493676770197575,
            0.30585321700389734,
            0.30675342512438775,
            0.29930431799455576,
            0.28853912496759343,
            0.2766910276515052,
            0.27066357370378874,
            0.2628359829084068,
            0.25402141298902936,
            0.25211817081207766,
            0.2428413054410343
        ],
        "y_sigma": 0.030273905,
        "y_chi2": 0.0009241284,
        "y_quality": 0.8333333
    }
}