{
    "x": {
        "x_gains": [
            1.2757690192123798,
            1.2655868089405609,
            1.2275392539433778,
            1.2020461710742496,
            1.2016844154653707,
            1.183973497937222,
            1.1786996479400955,
            1.1424480811613396,
            1.1199083646179735,
            1.0897998331952374,
            1.0832105793970985,
            1.058899876092831,
            1.0570823406889702,
            1.0506224128817065,
            1.044137956309822,
            1.0409335675156277,
            1.0302955946909444,
            0.9961842159791136,
            0.9778229749286189,
            0.9504445799567205,
            0.9047873292858577,
            0.8852779777276455,
            0.8372632376550768,
            0.8223469832242037
        ],
        "x_sigma": 0.027161129,
        "x_chi2": 0.00075587665,
        "x_quality": 0.8255208
    },
    "y": {
        "y_gains": [
            1.3691554416685974,
            1.37755974190757,
            1.324016143464034,
            1.29755427757128,
            1.308818808040388,
            1.3080743136900337,
            1.3045088024731817,
            1.2583783459462272,
            1.2303232858982192,
            1.1986504873622983,
            1.1899615321135513,
            1.1496634130425636,
            1.1389128598409417,
            1.1395371177436984,
            1.141713602512866,
            1.1418877780097079,
            1.1225317491267266,
            1.0801401330603027,
            1.0605833866188104,
            1.0184598910634932,
            0.9690661487460333,
            0.9534733604310462,
            0.9045630774900293,
            0.8958761655460898
        ],
        "y_sigma": 0.023580957,
        "y_chi2": 0.00056350045,
        "y_quality": 0.8333333
    }
}