{
    "x": {
        "x_gains": [
            1.577903045747354,
            1.5607173681310877,
            1.5557745567539947,
            1.5324522039650974,
            1.494109026928626,
            1.4946814004387488,
            1.4627520574119652,
            1.4236211723560217,
            1.3859383800708713,
            1.3761642435510706,
            1.3564256664492316,
            1.3552383213692893,
            1.331809033500857,
            1.332817621768217,
            1.3201403784472825,
            1.3204707161189992,
            1.3007583551286235,
            1.2909308339397696,
            1.264279084044975,
            1.2039046866733314,
            1.161150720800566,
            1.1359342403124546,
            1.106809067245513,
            1.0808568003737689
        ],
        "x_sigma": 0.029918727,
        "x_chi2": 0.00091874244,
        "x_quality": 0.80598956
    },
    "y": {
        "y_gains": [
            1.582721893573538,
            1.546418599679607,
            1.5605753716549262,
            1.5401459131157795,
            1.51086729070522,
            1.5375924439017084,
            1.5124923931085705,
            1.471305929671871,
            1.4327318772670297,
            1.4174213844946857,
            1.3845490199857435,
            1.3702613280189118,
            1.3444593619679872,
            1.3256728883588553,
            1.3161890063207344,
            1.3241331502745735,
            1.2836200962021918,
            1.2700544777167673,
            1.237225247224205,
            1.1924952695203277,
            1.1322527867571714,
            1.109021099237315,
            1.0753165705100667,
            1.0516735596857347
        ],
        "y_sigma": 0.023326358,
        "y_chi2": 0.00055368897,
        "y_quality": 0.828125
    }
}