{
    "x": {
        "x_gains": [
            1.274053249437776,
            1.2357452155343553,
            1.2136100542253108,
            1.2030025982450117,
            1.2008421746339142,
            1.1867500777914677,
            1.1346029388939165,
            1.0852170603414544,
            1.1065069357514494,
            1.053750995267815,
            1.0350400384538077,
            1.0331698135469431,
            1.0205166712623934,
            1.0004480706774144,
            1.0008015419549516,
            0.9861913487350122,
            0.9763149888953934,
            0.9468456924628148,
            0.8958304200181549,
            0.8791274484248892,
            0.8487135793663471,
            0.8121251585572856,
            0.775361973860687,
            0.739689723830924
        ],
        "x_sigma": 0.027601242,
        "x_chi2": 0.0007762297,
        "x_quality": 0.828125
    },
    "y": {
        "y_gains": [
            1.353560948142373,
            1.3076964671729938,
            1.2566689062601024,
            1.225074481465787,
            1.2342150528644544,
            1.236981588283617,
            1.2206421822933888,
            1.2386767295773236,
            1.2389808143820893,
            1.1766477775476778,
            1.1266616075804947,
            1.0657877413584251,
            1.0665039323866368,
            1.0499456521881785,
            1.0479746004492039,
            1.0330359739282382,
            1.0138696352228855,
            0.9878572585775646,
            0.9339252551600538,
            0.9134936161412129,
            0.883710424354211,
            0.8417140698987982,
            0.8263295021943179,
            0.7823966389492225
        ],
        "y_sigma": 0.029067416,
        "y_chi2": 0.00085726863,
        "y_quality": 0.83203125
    }
}