{
    "x": {
        "x_gains": [
            1.4188818036553064,
            1.3928684300659564,
            1.3766732086177542,
            1.3830311755972446,
            1.3726256390327294,
            1.347280016792498,
            1.3246913998914813,
            1.3046903356629014,
            1.288344514660652,
            1.2512990047793366,
            1.2270710425296198,
            1.194479759570336,
            1.159683689315637,
            1.157390260885024,
            1.1583497732124897,
            1.1515870412555136,
            1.1347478328188727,
            1.107669581720705,
            1.0741816991234248,
            1.045191684496766,
            0.997918641090278,
            0.9729343290732431,
            0.9173116055237203,
            0.8978404781682904
        ],
        "x_sigma": 0.025201745,
        "x_chi2": 0.00064025365,
        "x_quality": 0.8307292
    },
    "y": {
        "y_gains": [
            1.5043436041139284,
            1.4844033149932334,
            1.466565102144793,
            1.4803272648303996,
            1.4811602342840011,
            1.465546110110876,
            1.442543076500079,
            1.4042977408921813,
            1.3740240478940815,
            1.309931374398206,
            1.3020559359063488,
            1.2643470197633877,
            1.2353212031544272,
            1.244888720330956,
            1.2520883268180916,
            1.2490997113830207,
            1.2250081493667135,
            1.1984895196885461,
            1.1503024260108226,
            1.1160501289540121,
            1.0731580998512442,
            1.047981848954376,
            0.987783879209046,
            0.9724216361869208
        ],
        "y_sigma": 0.021291075,
        "y_chi2": 0.00045570574,
        "y_quality": 0.8359375
    }
}