{
    "x": {
        "x_gains": [
            0.41113106101744085,
            0.3964399062118328,
            0.3859805830923753,
            0.3746200743688279,
            0.36602105067587065,
            0.3614169089695979,
            0.36114791007677066,
            0.35654208373176915,
            0.327997825505616,
            0.3186770060359018,
            0.31153858219975084,
            0.31011226156902477,
            0.3076213181573483,
            0.3005970518763779,
            0.30109154718601344,
            0.3007381135816881,
            0.2976818797586681,
            0.2914788716876195,
            0.2850650459996637,
            0.2734788946628488,
            0.2622259574853055,
            0.2518232760656985,
            0.24120812660088325,
            0.23607120851933774
        ],
        "x_sigma": 0.02664125,
        "x_chi2": 0.0007181298,
        "x_quality": 0.8333333
    },
    "y": {
        "y_gains": [
            0.42977646036966793,
            0.4197813745019084,
            0.41115930766199893,
            0.4081725116630193,
            0.4049511268534512,
            0.4026156002996587,
            0.39421250316700474,
            0.38255137282385654,
            0.3645186312762818,
            0.3539174807417573,
            0.3459353307800769,
            0.3404770757976535,
            0.3358592185630734,
            0.3363089840135861,
            0.3234328385242148,
            0.31946248520090037,
            0.3140867268833739,
            0.30926063020017885,
            0.3029077630716059,
            0.29264005577485347,
            0.2821940838348957,
            0.2720301879516415,
            0.25974211504108147,
            0.2523555243173064
        ],
        "y_sigma": 0.0269766,
        "y_chi2": 0.0007321928,
        "y_quality": 0.83203125
    }
}