{
    "x": {
        "x_gains": [
            0.841600657121793,
            0.8220013595902488,
            0.7886237553348426,
            0.747022592054847,
            0.7362529246727116,
            0.7188145540395438,
            0.7166532807778039,
            0.7309852284697986,
            0.7166949355039061,
            0.6862567344088989,
            0.692159932135103,
            0.6599707355776431,
            0.632094190630885,
            0.6156540255862119,
            0.6073628287753688,
            0.6195414525892806,
            0.6299775709085429,
            0.6289416559757067,
            0.6202888288090914,
            0.5948283717905738,
            0.5680307091034078,
            0.5324796335858547,
            0.5163337535945866,
            0.49941483563708405
        ],
        "x_sigma": 0.038663696,
        "x_chi2": 0.00150003,
        "x_quality": 0.8333333
    },
    "y": {
        "y_gains": [
            1.1530033084276932,
            1.1278141641955317,
            1.077882543290161,
            1.0397849807842536,
            1.0391405808608802,
            1.0460461130600114,
            1.0400451712418775,
            1.0459311239711828,
            1.0307476773595674,
            0.9814151378181649,
            0.9784330844232181,
            0.9124121723448054,
            0.9003705745210614,
            0.887724903994771,
            0.8660909875351319,
            0.8797869648651796,
            0.8964379321615217,
            0.898080442861428,
            0.8514228041337599,
            0.8266111933405557,
            0.8029002040008838,
            0.7375301354813357,
            0.7231270791711344,
            0.7022152362729561
        ],
        "y_sigma": 0.037437398,
        "y_chi2": 0.0014065162,
        "y_quality": 0.8307292
    }
}