{
    "x": {
        "x_gains": [
            1.3435989668798822,
            1.3057573059406342,
            1.2229510738855673,
            1.2075194652137793,
            1.229884924587146,
            1.2217431278720583,
            1.164047191870015,
            1.146560467649911,
            1.1125928375278455,
            1.1122820969854375,
            1.0799231699459972,
            1.0796388003615063,
            1.0716252912141728,
            1.038531599400975,
            1.0352248720643222,
            1.0216612307648392,
            1.0057323728052783,
            0.9989819375074862,
            0.969903976596605,
            0.9342340345943128,
            0.8936727788522704,
            0.8571586288616282,
            0.832006975546483,
            0.8080125759077315
        ],
        "x_sigma": 0.028447624,
        "x_chi2": 0.00081209344,
        "x_quality": 0.8411458
    },
    "y": {
        "y_gains": [
            1.7248127789033043,
            1.6878961808817063,
            1.6031758271866237,
            1.582284089108164,
            1.6565829358969995,
            1.6373324906528783,
            1.6730904976323262,
            1.6315579861418728,
            1.5613090139677828,
            1.5173792347835278,
            1.4926286533952078,
            1.4528007412305606,
            1.4395967447665656,
            1.4296804521221462,
            1.4326691283456208,
            1.4050077623868855,
            1.3854012374819473,
            1.376062268468923,
            1.351183183822662,
            1.2838809770436945,
            1.2411150127630062,
            1.2088918297734754,
            1.1757230220417731,
            1.1554290027006997
        ],
        "y_sigma": 0.028107278,
        "y_chi2": 0.0007929455,
        "y_quality": 0.82942706
    }
}