{
    "x": {
        "x_gains": [
            1.346756364231875,
            1.285555359851178,
            1.221064137859118,
            1.2254174519345935,
            1.1840686873509259,
            1.179854744778777,
            1.1612345488598552,
            1.1832511742880467,
            1.1672599459885478,
            1.118208129619108,
            1.097979278935048,
            1.0348803310954737,
            0.9928948444928095,
            0.9677091894535569,
            0.9404733948070634,
            0.9578922080066762,
            0.9505066438038136,
            0.9481146171968271,
            0.9413754662868028,
            0.8952370345953609,
            0.8451150827012717,
            0.8118933279337015,
            0.768065082762853,
            0.75211364617701
        ],
        "x_sigma": 0.042615782,
        "x_chi2": 0.0018241714,
        "x_quality": 0.83463544
    },
    "y": {
        "y_gains": [
            1.0693121734988942,
            1.0247524864081954,
            0.9624957746435493,
            0.9522038424662537,
            0.9349041218426886,
            0.9482358971956776,
            0.9469194815426454,
            0.955106644820194,
            0.9439949507598073,
            0.9168564330268923,
            0.887958860510809,
            0.818917719979111,
            0.7864212109754203,
            0.7741734498454054,
            0.7690422355688648,
            0.7963145289496961,
            0.7696847648289776,
            0.777419206125939,
            0.7530578667738218,
            0.7055796675647285,
            0.6687854682013242,
            0.6406607518730518,
            0.6181529515628946,
            0.6140505951900311
        ],
        "y_sigma": 0.04446247,
        "y_chi2": 0.0019869457,
        "y_quality": 0.8385417
    }
}