{
    "x": {
        "x_gains": [
            2.1758997345402324,
            2.0867145064052117,
            2.0174531485846576,
            2.007510377373206,
            1.971424400457804,
            1.997258562896568,
            2.012241066077268,
            1.9727885385720603,
            1.9286369609001641,
            1.8461259554509497,
            1.7750553950412407,
            1.695175478039061,
            1.6873684274468699,
            1.6861771413395834,
            1.7390672234696167,
            1.74521483036093,
            1.7419366189393453,
            1.696991451371624,
            1.6179372025503351,
            1.5324502313034405,
            1.4460134493710926,
            1.393402079518837,
            1.3670911894937403,
            1.3555116180019697
        ],
        "x_sigma": 0.033108514,
        "x_chi2": 0.0011001918,
        "x_quality": 0.8385417
    },
    "y": {
        "y_gains": [
            1.4211053471078232,
            1.3791332450963882,
            1.3510748191998432,
            1.363105372134582,
            1.3692547832211575,
            1.3740408507841102,
            1.3742014429527412,
            1.3582775389141082,
            1.3137700017541456,
            1.2567991261727036,
            1.2186890746864338,
            1.1863813387910038,
            1.168215837689026,
            1.1667436523019912,
            1.2122731503560569,
            1.1977819473898235,
            1.165530235835719,
            1.132341456569768,
            1.0977621284711898,
            1.0390591261425468,
            0.9876940238486625,
            0.9671843069316842,
            0.9456554508147578,
            0.9414392761311063
        ],
        "y_sigma": 0.026106503,
        "y_chi2": 0.0006856634,
        "y_quality": 0.8307292
    }
}