{
    "x": {
        "x_gains": [
            0.3461348300387989,
            0.33959581984713433,
            0.33435087449471224,
            0.32842084714384046,
            0.3231124047957377,
            0.3134047309008258,
            0.303787710231728,
            0.291423055206455,
            0.2791100631458607,
            0.27075830846237764,
            0.2640501270648819,
            0.25724903337389465,
            0.2523923768617976,
            0.2502348078319291,
            0.2533798592809343,
            0.25191317348955444,
            0.24374168840842528,
            0.2415777306303942,
            0.23004058606059868,
            0.22129751335065767,
            0.2130282541503762,
            0.20393230426373504,
            0.19818462880019028,
            0.19373225775766925
        ],
        "x_sigma": 0.024943186,
        "x_chi2": 0.00062785187,
        "x_quality": 0.83723956
    },
    "y": {
        "y_gains": [
            0.3732345585491746,
            0.36694738998210874,
            0.3645417527896557,
            0.35759151955977336,
            0.3525818084992806,
            0.34307658248104816,
            0.3367596381450336,
            0.3203093522098895,
            0.30917724318215484,
            0.30470598279837224,
            0.29663885044614186,
            0.2871727953170158,
            0.2786604347047049,
            0.27460615299022756,
            0.27702815498085265,
            0.2711106105806772,
            0.2607195562532295,
            0.25634192485510787,
            0.247133773387968,
            0.23778880758519663,
            0.2292742392738059,
            0.21896624285020477,
            0.21266680041990632,
            0.20561040898583283
        ],
        "y_sigma": 0.025498463,
        "y_chi2": 0.0006565759,
        "y_quality": 0.8385417
    }
}