{
    "x": {
        "x_gains": [
            1.3449658533344326,
            1.3370188704169335,
            1.3112277812452469,
            1.2926097493539215,
            1.3085524040888337,
            1.2910252315389201,
            1.2620357828539213,
            1.2237454589865382,
            1.204142563495491,
            1.18079939883141,
            1.1573431105679313,
            1.1344623805467837,
            1.1255826649013778,
            1.117348597924163,
            1.1172849796229565,
            1.1138494480987369,
            1.0993972169968789,
            1.0718154968229245,
            1.0392298134830862,
            0.9996966920236401,
            0.9692637734078413,
            0.9343640988908538,
            0.9116240637392959,
            0.8885363176780343
        ],
        "x_sigma": 0.024321266,
        "x_chi2": 0.0006018314,
        "x_quality": 0.83463544
    },
    "y": {
        "y_gains": [
            1.3923814456818073,
            1.3755164995680054,
            1.3590802940560487,
            1.3508090197840839,
            1.3527584028955524,
            1.3597844034632622,
            1.3309935354309481,
            1.3077908527510413,
            1.2777284645575373,
            1.2605052079663426,
            1.2366933343094966,
            1.2009397497654686,
            1.177082255567393,
            1.1534464402912683,
            1.1486497507315176,
            1.176520638807411,
            1.1563652064973386,
            1.1291646981562096,
            1.0831608670442783,
            1.0456957541929002,
            1.0149208590087166,
            0.9867973423179258,
            0.9588374900856205,
            0.9304456518320753
        ],
        "y_sigma": 0.026487038,
        "y_chi2": 0.0007185455,
        "y_quality": 0.8151042
    }
}