{
    "x": {
        "x_gains": [
            0.40987305493717097,
            0.40012371825368404,
            0.3916156959257635,
            0.3828822533692681,
            0.3817221946491557,
            0.3694837052697946,
            0.3610734250753506,
            0.35201116297800034,
            0.3417295953173204,
            0.34028901085981333,
            0.33344627158551937,
            0.3254541215949322,
            0.3216567535807875,
            0.3198297993739651,
            0.3236896476605816,
            0.31941464838132794,
            0.32126769662948423,
            0.31046112418221433,
            0.3017206434337547,
            0.28662616638935584,
            0.27436339393115305,
            0.26339078764381135,
            0.25637276025065464,
            0.25523054158083264
        ],
        "x_sigma": 0.030916102,
        "x_chi2": 0.0009842148,
        "x_quality": 0.82161456
    },
    "y": {
        "y_gains": [
            0.4344090169410828,
            0.4255642758877026,
            0.4256875172669499,
            0.42582665942307135,
            0.43027538054630343,
            0.42460764343012664,
            0.4179233622168527,
            0.4049044455876247,
            0.3891397629703007,
            0.3769174970944373,
            0.3600361980393509,
            0.34923369919404895,
            0.3430230484046684,
            0.3368388375718663,
            0.3367743249990107,
            0.3297737771675058,
            0.33010451505071925,
            0.3175002317751692,
            0.3080202307687569,
            0.29819691952443433,
            0.28954914071659704,
            0.28240983247109847,
            0.27947486560962004,
            0.27444681676272853
        ],
        "y_sigma": 0.029850407,
        "y_chi2": 0.0008941019,
        "y_quality": 0.85026044
    }
}