{
    "x": {
        "x_gains": [
            0.3826921065581678,
            0.389792853163629,
            0.4009018045552387,
            0.4069593797971609,
            0.41211146131427295,
            0.4096165681709493,
            0.4139691402564704,
            0.4191806502187725,
            0.4239929827465384,
            0.4267902742349443,
            0.42851220818425756,
            0.43853701945332674,
            0.4437836013527412,
            0.45828894613936244,
            0.4600670750191353,
            0.4605993632121683,
            0.4566228810985981,
            0.4478136751190602,
            0.4462549105332536,
            0.44735759735328934,
            0.46047851084933417,
            0.4723590370809874,
            0.47472590157213557,
            0.4798881975672835
        ],
        "x_sigma": 0.025785306,
        "x_chi2": 0.0006668775,
        "x_quality": 0.82942706
    },
    "y": {
        "y_gains": [
            0.42884993597270454,
            0.43511340839387724,
            0.443401957176239,
            0.4550936769375545,
            0.45826888927077963,
            0.4544291206905578,
            0.46372428660423887,
            0.47312923988854205,
            0.4793832140516041,
            0.48833108456868884,
            0.4875558678080024,
            0.49224909497542646,
            0.4990450772446923,
            0.513819192883563,
            0.5176259664788531,
            0.5174417184694818,
            0.5181528369515515,
            0.5164272673390584,
            0.5153988550620594,
            0.5126448990807252,
            0.5256407560816636,
            0.5353055416970899,
            0.5420028055149219,
            0.545464849781435
        ],
        "y_sigma": 0.022816185,
        "y_chi2": 0.00052214373,
        "y_quality": 0.82682294
    }
}