{
    "x": {
        "x_gains": [
            0.43623723226321576,
            0.43724716182867257,
            0.4500101094771094,
            0.45154534621562104,
            0.4517415767136252,
            0.45101881542253425,
            0.4650070997283986,
            0.45479819830784146,
            0.46004258706236956,
            0.46872678337651086,
            0.4715827978667858,
            0.4832835599594931,
            0.49565243423832195,
            0.5119597902685045,
            0.5107015727106001,
            0.5070485323530936,
            0.4990069263159386,
            0.49014230693711147,
            0.4899335076941363,
            0.5021637230498773,
            0.5271283995169396,
            0.5349940118120258,
            0.5321046115537896,
            0.5338344259144584
        ],
        "x_sigma": 0.035591703,
        "x_chi2": 0.0012705779,
        "x_quality": 0.83723956
    },
    "y": {
        "y_gains": [
            0.44873817070089767,
            0.4545519009178675,
            0.4673912352552087,
            0.4741686661569038,
            0.47442448751480804,
            0.4674839220592105,
            0.48006445921506774,
            0.4730774911338182,
            0.47805658143842067,
            0.4899487743857916,
            0.4939812582522657,
            0.5057725336584035,
            0.5115309825620111,
            0.5184647863642518,
            0.5240039941680451,
            0.5297035503486403,
            0.528207550917095,
            0.5228824333358885,
            0.5224267621676719,
            0.5262150331426014,
            0.5408480930777935,
            0.5392568469037409,
            0.5480686635767652,
            0.5513517131572864
        ],
        "y_sigma": 0.031408146,
        "y_chi2": 0.0009895394,
        "y_quality": 0.83463544
    }
}