{
    "x": {
        "x_gains": [
            0.4193768370540237,
            0.41640542431358796,
            0.4273260661122994,
            0.43579870179053126,
            0.44332578571183157,
            0.442427094872385,
            0.44673320757793544,
            0.44560023242508123,
            0.44554609181002963,
            0.4554543343721639,
            0.4630228343877984,
            0.4696227351504352,
            0.47540357009064993,
            0.4766426057479285,
            0.47363371120146563,
            0.48299724131295646,
            0.47913044340695665,
            0.4809424625446819,
            0.47415495156222676,
            0.48245154859710326,
            0.48581538111900874,
            0.4914036305883035,
            0.5042262733553828,
            0.5189184970522056
        ],
        "x_sigma": 0.031617556,
        "x_chi2": 0.0010027911,
        "x_quality": 0.85286456
    },
    "y": {
        "y_gains": [
            0.4220051727706058,
            0.4195092262244614,
            0.43095743054215996,
            0.4370860139818571,
            0.44635623780610556,
            0.4460495686856788,
            0.45257021185580987,
            0.44907799124001524,
            0.4534031670936667,
            0.4581817095511001,
            0.4656966237041351,
            0.4760566815935826,
            0.48303916650625744,
            0.4867193751301975,
            0.48676469750713686,
            0.49176062450058633,
            0.48610145997170795,
            0.48651573002658316,
            0.47766345380674363,
            0.48504029035675883,
            0.4902715417961392,
            0.49353659539307276,
            0.5073816675595738,
            0.5228731923750867
        ],
        "y_sigma": 0.027541228,
        "y_chi2": 0.0007608648,
        "y_quality": 0.83463544
    }
}