{
    "x": {
        "x_gains": [
            0.42483132284742003,
            0.42999578346134737,
            0.43664240157512635,
            0.4455662813260944,
            0.4476163133228251,
            0.4464509936324927,
            0.4498098766104037,
            0.45336690666399476,
            0.4571478727080891,
            0.4575047198474423,
            0.46345577093272144,
            0.4717313569173224,
            0.4772996979599781,
            0.48407771577280106,
            0.48641330889074025,
            0.4882250612075553,
            0.48340298686971145,
            0.4844510588162342,
            0.4831646122507353,
            0.4798027741908522,
            0.4888347694484135,
            0.4916745969681869,
            0.5078143487616135,
            0.5153465035285775
        ],
        "x_sigma": 0.033247117,
        "x_chi2": 0.001108904,
        "x_quality": 0.8567708
    },
    "y": {
        "y_gains": [
            0.47386840816465786,
            0.47827447751382984,
            0.4834962191804401,
            0.49440836499400903,
            0.494484275152808,
            0.49749763663747715,
            0.4996676210984453,
            0.5062628511660625,
            0.510011110082022,
            0.514761639365511,
            0.5226973483040823,
            0.5313855714044845,
            0.5379546362221641,
            0.5491388075736345,
            0.554337614224037,
            0.558144882690504,
            0.5560725485611205,
            0.5602626331940371,
            0.5645531209202216,
            0.5601475204509859,
            0.5729052264654256,
            0.5743387953335662,
            0.5918734006470951,
            0.60391586292511
        ],
        "y_sigma": 0.027338115,
        "y_chi2": 0.0007496254,
        "y_quality": 0.84765625
    }
}