{
    "x": {
        "x_gains": [
            0.4002314938960695,
            0.4058713017818724,
            0.4121698931325901,
            0.4170652594106293,
            0.42421443123195607,
            0.4296382141193983,
            0.4313073032187386,
            0.42574085401146017,
            0.4223648257276269,
            0.4355846146635553,
            0.4421717406537164,
            0.4439177015646057,
            0.4517926613239775,
            0.459342873272354,
            0.4598917801058726,
            0.462676574731289,
            0.46118432873514115,
            0.4618028330033675,
            0.4573191575979897,
            0.46349527441075494,
            0.47085069300982124,
            0.47364066549923717,
            0.4795827246629253,
            0.4924023062745299
        ],
        "x_sigma": 0.033517838,
        "x_chi2": 0.0011268092,
        "x_quality": 0.84375
    },
    "y": {
        "y_gains": [
            0.39842669267596115,
            0.404045399510798,
            0.4169837132833331,
            0.4176518028566548,
            0.42594099950463066,
            0.42863964350898126,
            0.428023137047487,
            0.424841917384646,
            0.4198502511712142,
            0.4336737614537577,
            0.44216665730010296,
            0.4452217025990262,
            0.45165098760263206,
            0.4619924793168277,
            0.45519120534175983,
            0.4522408352490255,
            0.4485786449201721,
            0.4476035106617589,
            0.4477322718616027,
            0.44919967217407925,
            0.45851851749958844,
            0.45805821974940003,
            0.45937996934281833,
            0.4685952171423377
        ],
        "y_sigma": 0.034031227,
        "y_chi2": 0.0011615931,
        "y_quality": 0.84765625
    }
}