{
    "x": {
        "x_gains": [
            0.31009389426052486,
            0.3201946988693733,
            0.3258120702946058,
            0.33128717124883206,
            0.3318202881228744,
            0.3325301068602125,
            0.3318610318654622,
            0.33801406192579864,
            0.3431456283281265,
            0.34415292779499496,
            0.3499589008266869,
            0.3601311093316633,
            0.3647581208653755,
            0.3741675053631299,
            0.3741433426953975,
            0.37949257061702113,
            0.3764020742012701,
            0.37626514923447163,
            0.3824547506310886,
            0.37870133692554275,
            0.3787930441475717,
            0.3812461220121026,
            0.38536907759984435,
            0.3893237613674265
        ],
        "x_sigma": 0.019010898,
        "x_chi2": 0.00036252587,
        "x_quality": 0.8359375
    },
    "y": {
        "y_gains": [
            0.2870283177545843,
            0.29380474500539283,
            0.30235312365547345,
            0.3036708829546739,
            0.3039911545869803,
            0.30538449358318465,
            0.3058771479916841,
            0.3076505050882932,
            0.31274303065447767,
            0.3125976476901972,
            0.32008722761057057,
            0.3283278655799452,
            0.33201008500553814,
            0.34070598368290905,
            0.33986048998774393,
            0.34189990907513823,
            0.337477113567697,
            0.33817444708562444,
            0.34161821267810777,
            0.33845693961278356,
            0.33659490429647576,
            0.3398527282187537,
            0.34337752659330173,
            0.3458127471004985
        ],
        "y_sigma": 0.018293682,
        "y_chi2": 0.00033586952,
        "y_quality": 0.8333333
    }
}