{
    "x": {
        "x_gains": [
            1.7719881804844384,
            1.8402213123759117,
            1.858549859038286,
            1.8810210543439023,
            1.922255528503013,
            1.9442217176448406,
            1.9479850587987602,
            1.9267663100286454,
            1.9343534597652545,
            1.9794086081313313,
            1.9941719527013524,
            1.967274390513803,
            1.9835787450016298,
            2.0166464484415902,
            2.0328218191222387,
            2.036757774915454,
            1.979073670819489,
            1.963197892310743,
            1.9324466881438793,
            1.9363676666488843,
            1.889260397251761,
            1.8947565076833324,
            1.8864963085040236,
            1.88895298736026
        ],
        "x_sigma": 0.0318159,
        "x_chi2": 0.0010152992,
        "x_quality": 0.84244794
    },
    "y": {
        "y_gains": [
            2.072752793967129,
            2.1453162115646487,
            2.1695610925840234,
            2.220237675110978,
            2.26146660813388,
            2.282372995985215,
            2.298121726727772,
            2.281624050872915,
            2.300537106398231,
            2.343426643739205,
            2.349727744095475,
            2.3274695143969932,
            2.336828824204013,
            2.3687437628015795,
            2.4033325570569173,
            2.4125140384191894,
            2.3666139124759438,
            2.3474200445258635,
            2.3079449388960036,
            2.320869490545938,
            2.249304649960511,
            2.274941048883865,
            2.2586254931285272,
            2.259890682759981
        ],
        "y_sigma": 0.032778844,
        "y_chi2": 0.0010776878,
        "y_quality": 0.8359375
    }
}