{
    "x": {
        "x_gains": [
            0.4119331429213574,
            0.41349538107052053,
            0.4257174008709582,
            0.4317730566272523,
            0.423369308434702,
            0.4297534654782264,
            0.43380550893953856,
            0.43996427842030644,
            0.4338781613718707,
            0.43903153682067503,
            0.44880308033301364,
            0.45403439755515196,
            0.4608095317530024,
            0.4635013541192061,
            0.4710213532820297,
            0.47025525031757515,
            0.46267807322343185,
            0.4630814775188762,
            0.46026557231469445,
            0.46520577167775157,
            0.4659894131865218,
            0.46999778537043535,
            0.48447119629794244,
            0.49145265541698774
        ],
        "x_sigma": 0.030626219,
        "x_chi2": 0.0009408553,
        "x_quality": 0.84375
    },
    "y": {
        "y_gains": [
            0.44515451535805334,
            0.44374140029166237,
            0.4587522544232663,
            0.4630498276806372,
            0.4578330286607138,
            0.4653282956271611,
            0.47098974019499446,
            0.48108147114713873,
            0.47601405631427174,
            0.48686913931273557,
            0.4956660202355653,
            0.4956074313360684,
            0.5012317268455503,
            0.5107842908904278,
            0.5168214796795355,
            0.5179507217539718,
            0.5169124714696622,
            0.5184405143427605,
            0.5209087565803799,
            0.5298233033984933,
            0.5290348336108739,
            0.5300436422033681,
            0.5427905098941482,
            0.5547795114822438
        ],
        "y_sigma": 0.024776462,
        "y_chi2": 0.0006157106,
        "y_quality": 0.8359375
    }
}