{
    "x": {
        "x_gains": [
            0.3211763275703059,
            0.3318642367301762,
            0.3285061543985496,
            0.33912918678720133,
            0.34229841404587313,
            0.3323652309674125,
            0.34292670798933494,
            0.34514841951534053,
            0.35330632895292374,
            0.354519325504294,
            0.3580604509878798,
            0.3641394056735104,
            0.36963746142602066,
            0.38082474300613456,
            0.3828235495437796,
            0.3843832762524168,
            0.383350842883082,
            0.3705448558258137,
            0.36076263344745096,
            0.36918200085642844,
            0.37681323470573486,
            0.3813806605375743,
            0.38867320764807817,
            0.3892425806471703
        ],
        "x_sigma": 0.019627163,
        "x_chi2": 0.00038641537,
        "x_quality": 0.84244794
    },
    "y": {
        "y_gains": [
            0.32876234227256773,
            0.33377544115684166,
            0.33603121595583746,
            0.34845354574132276,
            0.3588889802061961,
            0.34735562849329044,
            0.3552231298567882,
            0.35416579010633614,
            0.3589709680793682,
            0.3638788392628906,
            0.3664637715564526,
            0.3795729333829005,
            0.37939737204339896,
            0.3890071557088278,
            0.39036383744359776,
            0.3931270231545133,
            0.39539120935422845,
            0.38318319321728966,
            0.3767434178403982,
            0.38369398777612346,
            0.3963639159803626,
            0.3957335961004411,
            0.3963763904586495,
            0.3929305661433971
        ],
        "y_sigma": 0.023846757,
        "y_chi2": 0.000570374,
        "y_quality": 0.8307292
    }
}