{
    "x": {
        "x_gains": [
            0.2860542407469677,
            0.2907747635419623,
            0.292650983617515,
            0.29288854887782684,
            0.29578873159698643,
            0.3037571755418489,
            0.30868915520668466,
            0.3025745798683879,
            0.3082926340812451,
            0.3097106874778208,
            0.318178957463737,
            0.3207494760557309,
            0.3289321769481436,
            0.3319156331533001,
            0.3361842316484172,
            0.33368366781617353,
            0.3314116978386986,
            0.32862090949122913,
            0.3211222322876202,
            0.3266732604575379,
            0.3320131384239137,
            0.33445317173983075,
            0.3342562594331294,
            0.33805479820951306
        ],
        "x_sigma": 0.021575948,
        "x_chi2": 0.00046691386,
        "x_quality": 0.83463544
    },
    "y": {
        "y_gains": [
            0.3159738860222158,
            0.3215447214205666,
            0.3208591324129489,
            0.3173696404201974,
            0.31994226705779394,
            0.3274560216739211,
            0.33735057140777136,
            0.334008866265355,
            0.33740499055046713,
            0.3411680762480627,
            0.35062615695674726,
            0.35360033741958596,
            0.36373774726664726,
            0.36505234193489133,
            0.36652410711520417,
            0.36631067130386674,
            0.3667087159327603,
            0.36498544273810907,
            0.3597504957631644,
            0.3671560416114097,
            0.3718985289739635,
            0.3738769204655366,
            0.37209216484784297,
            0.37802842826704547
        ],
        "y_sigma": 0.019169265,
        "y_chi2": 0.00036861864,
        "y_quality": 0.8411458
    }
}