{
    "x": {
        "x_gains": [
            0.39709146386378336,
            0.4109130788578769,
            0.42183562955339926,
            0.42933428199036283,
            0.4280089025851738,
            0.43241139620234686,
            0.4342524431042449,
            0.43622389243626164,
            0.43385365257268493,
            0.4386086106765231,
            0.45266873113785977,
            0.45808788984195603,
            0.46223558391216785,
            0.4686430907949124,
            0.47738977022466533,
            0.48086262908757277,
            0.47352435368897733,
            0.4704617530355251,
            0.4724908280080467,
            0.4754276412204323,
            0.48216161150753906,
            0.4872757678735188,
            0.4939093079777417,
            0.5016298455311151
        ],
        "x_sigma": 0.033141352,
        "x_chi2": 0.0011017415,
        "x_quality": 0.8515625
    },
    "y": {
        "y_gains": [
            0.4247589079057699,
            0.43458598687915373,
            0.44679717910133004,
            0.45199247776038814,
            0.4479422362360453,
            0.4548331158169762,
            0.4558762401771207,
            0.45868062719255076,
            0.45755031223233306,
            0.4604757543398689,
            0.47562615707953365,
            0.48041005496323397,
            0.4872769550647811,
            0.4959307395031548,
            0.5076492332643658,
            0.5139447075670033,
            0.5071515982629043,
            0.5048544277500304,
            0.4999932500911237,
            0.5027079368433943,
            0.5099722264025779,
            0.5177417409966912,
            0.522436560528455,
            0.525699641825063
        ],
        "y_sigma": 0.025980933,
        "y_chi2": 0.0006770328,
        "y_quality": 0.84244794
    }
}