{
    "x": {
        "x_gains": [
            0.276979967756208,
            0.2815134217857888,
            0.29031452675828995,
            0.2936114264171596,
            0.2959978427677219,
            0.29534109755544696,
            0.30048546431614914,
            0.30286875467212915,
            0.30208680355548917,
            0.3060420817043606,
            0.31405650328735507,
            0.32250354600711423,
            0.3287992573345415,
            0.3306418535385539,
            0.3340814977114081,
            0.3395498343370313,
            0.340377351862841,
            0.3420801283703573,
            0.33804885569955273,
            0.3411447754291703,
            0.34662889705769956,
            0.3528314209929121,
            0.3546079171182008,
            0.35875165330699427
        ],
        "x_sigma": 0.0,
        "x_chi2": 0.0,
        "x_quality": 0.0
    },
    "y": {
        "y_gains": [
            0.3038571443590653,
            0.3082593911531774,
            0.3174043132326049,
            0.3215348892363752,
            0.32395056941925415,
            0.3248684631957655,
            0.32967069194581533,
            0.3320274692965899,
            0.3305159274303365,
            0.33522736796232044,
            0.34277204137340805,
            0.35317837938025953,
            0.36237969673530324,
            0.36512121202716574,
            0.36757984036301594,
            0.37286875676011055,
            0.3720764096114778,
            0.373963942247103,
            0.3684124899497073,
            0.3733702900224668,
            0.37567487173145014,
            0.3807741351400914,
            0.38536904789798143,
            0.39074677256841994
        ],
        "y_sigma": 0.0,
        "y_chi2": 0.0,
        "y_quality": 0.0
    }
}