{
    "x": {
        "x_gains": [
            1.9828098318815202,
            2.059864609218965,
            2.1314353895858917,
            2.1472471282609544,
            2.2291691057491962,
            2.2972229790295704,
            2.2528815876200734,
            2.219661226424978,
            2.218408679106896,
            2.2328381270507225,
            2.307360757700355,
            2.3608603352799413,
            2.4468986293942017,
            2.4869345164775076,
            2.5535492035735388,
            2.4658936090202386,
            2.3917525102518886,
            2.318964795563542,
            2.260764744368548,
            2.255740724800173,
            2.244443711259499,
            2.3082278165457466,
            2.3288385197343446,
            2.3799765905502555
        ],
        "x_sigma": 0.026385564,
        "x_chi2": 0.0006983505,
        "x_quality": 0.83723956
    },
    "y": {
        "y_gains": [
            1.8567978110581966,
            1.919600489674728,
            1.968262941033598,
            1.9824944157097297,
            2.0960697518354023,
            2.1452396766883544,
            2.1218116808958185,
            2.0617312010524396,
            2.1043434490525823,
            2.094442605989268,
            2.1497086327913286,
            2.181951161823535,
            2.245195713373555,
            2.33189301629289,
            2.3759057309032063,
            2.288060292768297,
            2.2218916541194593,
            2.148276169494693,
            2.07894100740866,
            2.083962733494739,
            2.0517759505801036,
            2.1045902650030612,
            2.1205785565993653,
            2.1603799537998425
        ],
        "y_sigma": 0.027909743,
        "y_chi2": 0.00078128936,
        "y_quality": 0.84244794
    }
}