{
    "x": {
        "x_gains": [
            1.178617613544485,
            1.2182002528740086,
            1.29728528653925,
            1.3314818634195198,
            1.3665413821527508,
            1.3929254708262206,
            1.4687663170758036,
            1.4662407237364212,
            1.4717674673336796,
            1.4805342685572203,
            1.5834351653683474,
            1.6428076239416212,
            1.690679100146193,
            1.7585382748493328,
            1.7306167035316868,
            1.7558571884090952,
            1.7661032856055696,
            1.7005949531443576,
            1.712978290946485,
            1.7153052917511311,
            1.734622227032908,
            1.7413736268615936,
            1.773801624057291,
            1.824250103229753
        ],
        "x_sigma": 0.030976698,
        "x_chi2": 0.0009626481,
        "x_quality": 0.828125
    },
    "y": {
        "y_gains": [
            1.2083280871755548,
            1.2409716212127717,
            1.3049874401483823,
            1.3416554251594686,
            1.3806991186555702,
            1.3881540541164086,
            1.4665125596608473,
            1.4772613288586103,
            1.502217648804047,
            1.505682732712978,
            1.6064419607780769,
            1.6656087275232347,
            1.6756314063996653,
            1.7208777577926506,
            1.6970656377470843,
            1.713398174031566,
            1.7200159424837678,
            1.6814468648498408,
            1.698051757296783,
            1.7022802128565222,
            1.7113204360239112,
            1.7014118792169066,
            1.7106174466831334,
            1.7554306001044833
        ],
        "y_sigma": 0.03195699,
        "y_chi2": 0.0010243263,
        "y_quality": 0.8411458
    }
}