{
    "x": {
        "x_gains": [
            1.7749392948574418,
            1.7725496229698323,
            1.796577613069139,
            1.8469502511021214,
            1.8549275966111214,
            1.8838428170533361,
            1.8889140953980954,
            1.8665255075642813,
            1.8806379056072857,
            1.8811833320384521,
            1.9157187211504734,
            1.9709561090346321,
            1.971930360096175,
            1.9839093051893315,
            2.022295238764714,
            1.9826407902964802,
            1.9444168985383818,
            1.9127476078078585,
            1.9383116801305027,
            1.9104309722125903,
            1.9207740258338344,
            1.918598581921579,
            1.8906540244934227,
            1.9310607451847552
        ],
        "x_sigma": 0.028198628,
        "x_chi2": 0.0007976244,
        "x_quality": 0.8333333
    },
    "y": {
        "y_gains": [
            1.8907130067819877,
            1.8944876471827454,
            1.9336237249443455,
            1.9950007276765154,
            1.9934715401836218,
            2.026228432900544,
            2.043904958909948,
            2.0093207163799,
            2.0093272973141323,
            2.023905972566764,
            2.0878924640173135,
            2.126063127236459,
            2.1369790766241628,
            2.1425885387753993,
            2.1868295044062647,
            2.157787801421378,
            2.1024252821181415,
            2.0687076563987468,
            2.0804402211507953,
            2.06288583700974,
            2.069855126699972,
            2.075981762915409,
            2.0666149351616094,
            2.115434791870621
        ],
        "y_sigma": 0.028717807,
        "y_chi2": 0.00082723686,
        "y_quality": 0.84244794
    }
}