{
    "x": {
        "x_gains": [
            2.0114822244410657,
            2.0497713172629894,
            2.067548034826606,
            2.131691510216675,
            2.1927437067433337,
            2.2016975087792687,
            2.2352812319081923,
            2.272733729357186,
            2.27124554310648,
            2.2991949254008963,
            2.295916815260316,
            2.359786779105787,
            2.3882577771763613,
            2.4037993490992124,
            2.412424526695576,
            2.418637459136213,
            2.475285511807359,
            2.4486255705511835,
            2.443115715244114,
            2.439973004138682,
            2.4210536764547443,
            2.4383072900169993,
            2.4720745803146627,
            2.466269449309161
        ],
        "x_sigma": 0.028542103,
        "x_chi2": 0.0008171532,
        "x_quality": 0.83463544
    },
    "y": {
        "y_gains": [
            1.9330716469809095,
            1.9794101753559474,
            2.0118059209218644,
            2.0846905537459284,
            2.1337442412643393,
            2.1218680484950396,
            2.1537498712865233,
            2.1811394905228942,
            2.203889971586569,
            2.206157279070336,
            2.1955661945862697,
            2.2723457252223196,
            2.2973483729397723,
            2.319070039927197,
            2.324134486506889,
            2.326501716143991,
            2.342413707879976,
            2.3129501058729782,
            2.2973841042661345,
            2.277787844334612,
            2.2735340672937894,
            2.3009369162019713,
            2.335018453884343,
            2.349190486577254
        ],
        "y_sigma": 0.029745217,
        "y_chi2": 0.00088748394,
        "y_quality": 0.828125
    }
}