{
    "x": {
        "x_gains": [
            1.8172551832433805,
            1.8547511026031616,
            1.8752488806873837,
            1.9416795197760544,
            1.9623572777551888,
            1.9693343137992438,
            1.993976436462619,
            1.9620239666328785,
            2.0092302026278523,
            1.9959641604675347,
            2.045885111275691,
            2.1044740022962336,
            2.083708183753473,
            2.1182062902042174,
            2.081641565885725,
            2.1002814230087132,
            2.1028400663538567,
            2.043335467256673,
            2.044710456731064,
            2.014372264092181,
            1.9829986814843468,
            2.0076354391019926,
            2.023676120188715,
            2.049630406545831
        ],
        "x_sigma": 0.027415277,
        "x_chi2": 0.0007539269,
        "x_quality": 0.8333333
    },
    "y": {
        "y_gains": [
            1.7247060432578698,
            1.7756905127697007,
            1.8021977657577597,
            1.846156459175296,
            1.8463937068994007,
            1.8545143162385318,
            1.8716852687850476,
            1.8436183886922772,
            1.876392635158907,
            1.8363011019642914,
            1.8860597364156075,
            1.9454373308101789,
            1.924511424284717,
            1.9584779179656273,
            1.9148427310942313,
            1.9193721656871152,
            1.9264585988635436,
            1.8817635285625358,
            1.8611647064507746,
            1.8159877747703002,
            1.7846184662396407,
            1.8187421230278653,
            1.8367743157235046,
            1.8652943024977242
        ],
        "y_sigma": 0.027911182,
        "y_chi2": 0.00078136346,
        "y_quality": 0.8463542
    }
}