{
    "x": {
        "x_gains": [
            1.8219084491004327,
            1.8458996799671432,
            1.8881989829405,
            1.8914962113330887,
            1.9459902093340586,
            1.9418407057581208,
            1.9820012091792976,
            1.9757172495724054,
            1.9785899550984734,
            2.0219865560944665,
            2.0180188906748358,
            2.038139085260759,
            2.053811588829056,
            2.0680076731356705,
            2.1126045253341,
            2.1032407701276883,
            2.074115961998213,
            2.010419481463359,
            1.9689605187974695,
            1.9704006415624487,
            1.9400109804621497,
            1.9823170971519335,
            1.9704315854035395,
            1.9713126695082483
        ],
        "x_sigma": 0.030796899,
        "x_chi2": 0.00095139636,
        "x_quality": 0.85026044
    },
    "y": {
        "y_gains": [
            1.9759616363096388,
            1.989084065773759,
            2.0456273916708354,
            2.077063026234303,
            2.10819341359057,
            2.1319014687159554,
            2.1784035856871564,
            2.1568377807580004,
            2.1737989190350113,
            2.2194788477229324,
            2.2191080738918605,
            2.2508030696542294,
            2.259864636820092,
            2.278500890415363,
            2.3373751380044716,
            2.3385936567705023,
            2.3051134354389475,
            2.2372419210006163,
            2.1915072257499646,
            2.192937154675445,
            2.174563048737394,
            2.1987558296163,
            2.2065177002436878,
            2.232434369220088
        ],
        "y_sigma": 0.029082585,
        "y_chi2": 0.0008483927,
        "y_quality": 0.84375
    }
}