{
    "x": {
        "x_gains": [
            1.9710185376264484,
            2.0345545903244275,
            2.0221799164208774,
            2.0489588051914716,
            2.0938792872309273,
            2.0859044278223355,
            2.1329422370447486,
            2.1385478772324675,
            2.122285225796292,
            2.145773877962501,
            2.1673389390832547,
            2.167076670349108,
            2.200960939546206,
            2.2045697909917927,
            2.2470587124982755,
            2.2157425539362143,
            2.259984146663208,
            2.181937022009875,
            2.1748222137210838,
            2.1513532980353625,
            2.1635223979305302,
            2.1451013018727054,
            2.1301855666422482,
            2.1391814332400085
        ],
        "x_sigma": 0.02988597,
        "x_chi2": 0.00089587964,
        "x_quality": 0.8359375
    },
    "y": {
        "y_gains": [
            1.990017673346957,
            2.075677973507292,
            2.0543935198183028,
            2.097225705947145,
            2.1632641406087076,
            2.16168948830713,
            2.2404648839168093,
            2.234503450430848,
            2.206200207991731,
            2.2061072461092652,
            2.239303229155871,
            2.2387166887911576,
            2.2825489772240415,
            2.2816040086869793,
            2.306714721993127,
            2.2611604094328377,
            2.2872510047093124,
            2.227449799407008,
            2.209638917822269,
            2.22411914873174,
            2.2328130997894187,
            2.2229938480868245,
            2.1986346347000434,
            2.2373545448266623
        ],
        "y_sigma": 0.030362545,
        "y_chi2": 0.00092474325,
        "y_quality": 0.83984375
    }
}