{
    "x": {
        "x_gains": [
            0.910694476483182,
            0.9359791216753203,
            0.9634130409901419,
            0.994541063556246,
            0.985691116340531,
            1.00980072188634,
            1.0255305313001917,
            1.0112463743025308,
            1.0232120461771912,
            1.0365601287747672,
            1.0446238662540486,
            1.0638714819419093,
            1.109310982876487,
            1.1234869439582242,
            1.1222544745688718,
            1.1304794906149853,
            1.1428639347342409,
            1.1300704665610057,
            1.1394858924524727,
            1.1206558113669105,
            1.1658618489151236,
            1.1841238453341958,
            1.1943221922978162,
            1.1710409535271227
        ],
        "x_sigma": 0.031200264,
        "x_chi2": 0.0009763879,
        "x_quality": 0.8307292
    },
    "y": {
        "y_gains": [
            1.1518264483195342,
            1.1833123050847971,
            1.2220697486532486,
            1.2545950012393516,
            1.2437206101046578,
            1.2687326794200522,
            1.2769173050604092,
            1.2609486595926607,
            1.3108011852788637,
            1.310926574307782,
            1.3427057777166698,
            1.3443176633393012,
            1.407441231869131,
            1.4306928804129746,
            1.4220381788810268,
            1.4333095403949627,
            1.4674517729312084,
            1.4476373082539242,
            1.4522438329013392,
            1.4310323954251611,
            1.4826817727821022,
            1.5109786043314257,
            1.5199394164308127,
            1.5189784201773804
        ],
        "y_sigma": 0.03209955,
        "y_chi2": 0.0010336939,
        "y_quality": 0.83203125
    }
}