{
    "x": {
        "x_gains": [
            0.8968341217402098,
            0.9116175815296068,
            0.9219207776881159,
            0.9397795822172277,
            0.9576120679038888,
            0.9820496062717615,
            0.9616094726995223,
            0.9455435915924911,
            0.9618895512246586,
            0.9817640277144131,
            0.9946852969896547,
            1.0425734883987634,
            1.0544129819326336,
            1.079274270941056,
            1.0706758480689558,
            1.0968799469285606,
            1.0996546160795633,
            1.094214853244451,
            1.1175604281686917,
            1.1176765917838252,
            1.1333850232462936,
            1.1315599073840847,
            1.1350804021716994,
            1.158426527782138
        ],
        "x_sigma": 0.025847074,
        "x_chi2": 0.000670089,
        "x_quality": 0.83463544
    },
    "y": {
        "y_gains": [
            0.7376656584990111,
            0.7624467526249136,
            0.7716303020454222,
            0.7921215589744401,
            0.806225154660187,
            0.8159822860037496,
            0.788775285966536,
            0.7981233247391414,
            0.8135201186372659,
            0.8322189228440682,
            0.8420782457421787,
            0.8851714833863049,
            0.898208944418561,
            0.901798230762051,
            0.8908377250890817,
            0.9073123294763183,
            0.913767404527754,
            0.9028701338685546,
            0.9354094184129358,
            0.9213541325957587,
            0.9339469738530338,
            0.9355350839689515,
            0.9402614302880773,
            0.9439733859919447
        ],
        "y_sigma": 0.027496833,
        "y_chi2": 0.00075837335,
        "y_quality": 0.82421875
    }
}