{
    "x": {
        "x_gains": [
            1.2518974070074957,
            1.2781919616808275,
            1.3247538037788444,
            1.3584522012970774,
            1.3264953382974325,
            1.368126991736376,
            1.3361217303097077,
            1.3596269412090647,
            1.3950835442292753,
            1.3844421951565926,
            1.4390325786902587,
            1.4622258088996618,
            1.5051325773453768,
            1.519724273385631,
            1.5705129040721608,
            1.5072252005159654,
            1.576140883668115,
            1.5672228259861092,
            1.5754692381517583,
            1.5585493209946102,
            1.5945845357829553,
            1.6075929831781468,
            1.6592199767961404,
            1.6379385887684914
        ],
        "x_sigma": 0.03054259,
        "x_chi2": 0.00093589723,
        "x_quality": 0.8255208
    },
    "y": {
        "y_gains": [
            1.515363895697503,
            1.534618381843132,
            1.5848945601347033,
            1.60588731135441,
            1.629261006309802,
            1.6846642152556115,
            1.6740577432067743,
            1.6818863364394971,
            1.7274139417920926,
            1.733331010669779,
            1.7464485096332354,
            1.793081095355945,
            1.829267043427385,
            1.8578736676746685,
            1.910822889380514,
            1.8859622735878716,
            1.9607239541841557,
            1.9410806325865317,
            1.961990938152454,
            1.9452954139232652,
            1.967821590997531,
            1.9590806817992588,
            2.004565518241727,
            2.017885080476082
        ],
        "y_sigma": 0.027920717,
        "y_chi2": 0.00078189734,
        "y_quality": 0.8359375
    }
}