{
    "x": {
        "x_gains": [
            0.6591875684607489,
            0.6783203458728311,
            0.6815067487228053,
            0.7049409167869414,
            0.702708392741472,
            0.6947585331979944,
            0.7079832474172063,
            0.7004359933884445,
            0.6967415626686986,
            0.7227502032915635,
            0.7299265810647703,
            0.7690021981158831,
            0.7991834902117204,
            0.8083209202184019,
            0.8114159736159982,
            0.7853347838990349,
            0.7969099021633713,
            0.7803178250107625,
            0.7982790381184627,
            0.8123167362673185,
            0.8551657140120612,
            0.8439290026160111,
            0.8779696004781774,
            0.8880290399704535
        ],
        "x_sigma": 0.027544048,
        "x_chi2": 0.000761103,
        "x_quality": 0.83984375
    },
    "y": {
        "y_gains": [
            1.319112074004298,
            1.3488914472863338,
            1.3581556007905877,
            1.3927768641935314,
            1.3968050877228515,
            1.395990603308051,
            1.42223814117571,
            1.417496327267016,
            1.4001446125361612,
            1.4598653099067775,
            1.4614135668867068,
            1.542794179222697,
            1.5896820731234678,
            1.622500762697046,
            1.6276335721560073,
            1.5972015495538328,
            1.599639505241099,
            1.6000381449093748,
            1.635931601699733,
            1.6887788900882408,
            1.7649907726282408,
            1.751161983534174,
            1.8146412880614207,
            1.8188152950143874
        ],
        "y_sigma": 0.026479129,
        "y_chi2": 0.0007032552,
        "y_quality": 0.8359375
    }
}