{
    "x": {
        "x_gains": [
            1.7061035342105322,
            1.7906885627288949,
            1.7952447915011676,
            1.833788559117877,
            1.832339942449134,
            1.8434844806258999,
            1.8418036532691167,
            1.8272840182267924,
            1.8433621450836608,
            1.9424559091645457,
            1.884800965018094,
            2.0007222607361257,
            2.029994385035531,
            2.087951185371647,
            2.0873906990045232,
            2.05816141888331,
            2.092389325106728,
            2.0656470054666523,
            2.1048909245522895,
            2.1643667744593467,
            2.219058042702932,
            2.207410010516101,
            2.3075756508678653,
            2.257209164919286
        ],
        "x_sigma": 0.031794876,
        "x_chi2": 0.0010140947,
        "x_quality": 0.82682294
    },
    "y": {
        "y_gains": [
            0.5485718097504689,
            0.5704963152498743,
            0.5772779141147856,
            0.5841017435144993,
            0.5856642967565677,
            0.5883076905699219,
            0.5834281890330669,
            0.5789512656772042,
            0.5882189969913186,
            0.6119332366152456,
            0.6108925439404316,
            0.6406171654522594,
            0.6576800389241354,
            0.673304551808092,
            0.6805097317314951,
            0.6625800057074641,
            0.6721031296549442,
            0.6611522164136328,
            0.6787246167174217,
            0.6898047411107622,
            0.7072891093744806,
            0.7027921510485869,
            0.7401880669840594,
            0.7368539181949201
        ],
        "y_sigma": 0.028100234,
        "y_chi2": 0.00079199066,
        "y_quality": 0.83723956
    }
}