{
    "x": {
        "x_gains": [
            0.4285815553413219,
            0.430026034636189,
            0.437783059581749,
            0.450576287071164,
            0.44282268998665425,
            0.45007240989966674,
            0.4493042792817889,
            0.44556111962380385,
            0.4522010388143144,
            0.46035615361753385,
            0.46012863448131286,
            0.46347196675904895,
            0.4690679694497908,
            0.4803640621583411,
            0.4796870521671661,
            0.4702899055093522,
            0.46939107819928627,
            0.46880698934964277,
            0.46473584414618735,
            0.4723674489701445,
            0.4798798380885427,
            0.4913983905818191,
            0.49513132417624256,
            0.5010251224517925
        ],
        "x_sigma": 0.029960321,
        "x_chi2": 0.00090039964,
        "x_quality": 0.83984375
    },
    "y": {
        "y_gains": [
            0.43179954966761364,
            0.43539905804026185,
            0.4432893309567114,
            0.4563890588938133,
            0.4449120173138401,
            0.4517382707964941,
            0.4510130384261305,
            0.44967089935888616,
            0.45316049308755785,
            0.46377955852638314,
            0.4702055433001705,
            0.4716505699401905,
            0.47477136198135383,
            0.4860081178907948,
            0.48571882232808633,
            0.479326067549026,
            0.47722523685404344,
            0.4753750043259125,
            0.4709034414376946,
            0.4790553641410006,
            0.48216542420672936,
            0.49167882752300074,
            0.49401249446520745,
            0.4978378156907826
        ],
        "y_sigma": 0.026532728,
        "y_chi2": 0.0007061057,
        "y_quality": 0.84375
    }
}