{
    "x": {
        "x_gains": [
            0.4072912132582088,
            0.4165117763498366,
            0.42567488731427966,
            0.4167805866936963,
            0.4221049792811882,
            0.42624446867881055,
            0.42702342595001713,
            0.42369963932568205,
            0.42266416550920083,
            0.4251639942558644,
            0.4358522279632678,
            0.4492155528486825,
            0.4524219504272221,
            0.4538024973477513,
            0.45145756687124916,
            0.453424486164636,
            0.4500045000450005,
            0.44552757147376065,
            0.4402641849268072,
            0.4446699415125626,
            0.44728750321208344,
            0.4527768259402726,
            0.4644909014825481,
            0.47078940083574533
        ],
        "x_sigma": 0.032423902,
        "x_chi2": 0.0010544541,
        "x_quality": 0.8359375
    },
    "y": {
        "y_gains": [
            0.41330569916321297,
            0.4247702746781229,
            0.4336418478259691,
            0.42663026088440453,
            0.4298374595436983,
            0.4330382177879109,
            0.434514758684842,
            0.4378967207447222,
            0.43915325280375195,
            0.4418331906506683,
            0.45112640850687263,
            0.4622535749304724,
            0.46685166441955395,
            0.4632220241690723,
            0.4591058784467604,
            0.46390709981981854,
            0.4618813053726403,
            0.45978182616697455,
            0.4534960235201178,
            0.45746380329093056,
            0.45712404975338156,
            0.45731725442452154,
            0.47223075385784186,
            0.47751302810732416
        ],
        "y_sigma": 0.03051219,
        "y_chi2": 0.00093388424,
        "y_quality": 0.83723956
    }
}