{
    "x": {
        "x_gains": [
            0.43070035581879196,
            0.4441492135272216,
            0.44202274914280737,
            0.4374909439374605,
            0.44683077897305506,
            0.4554367235116976,
            0.45420102564950404,
            0.4521528262083694,
            0.45232141072896437,
            0.4642385443336204,
            0.4560891504691926,
            0.4644371207870908,
            0.4772164461004067,
            0.47842039364525674,
            0.4791049858922746,
            0.48194520022822995,
            0.4777933591501012,
            0.4744418191997115,
            0.47754648079284173,
            0.4703764441497588,
            0.47688764050302107,
            0.4769615640523609,
            0.4862993190788304,
            0.48989767311342614
        ],
        "x_sigma": 0.027143229,
        "x_chi2": 0.0007389574,
        "x_quality": 0.8463542
    },
    "y": {
        "y_gains": [
            0.38777823815671936,
            0.40388712275781563,
            0.40358981842978375,
            0.3972167814556963,
            0.4061480581066279,
            0.41414373752961436,
            0.41577837349579183,
            0.4120875158499161,
            0.40855844972005984,
            0.4175893302919467,
            0.41414483522875,
            0.42445848647441814,
            0.43133254842311725,
            0.4348841825142811,
            0.4367702742537332,
            0.4387942180612439,
            0.43585701518839653,
            0.4330369051372034,
            0.43309534455419846,
            0.42585571020552987,
            0.43089072869654693,
            0.43467753012749966,
            0.4448310124794227,
            0.45201777116907704
        ],
        "y_sigma": 0.027845599,
        "y_chi2": 0.0007777368,
        "y_quality": 0.84375
    }
}