{
    "x": {
        "x_gains": [
            0.41901092805641027,
            0.43077742746957376,
            0.44024445365729337,
            0.4524258190185427,
            0.45807523656723004,
            0.45067676326832956,
            0.4514379812018516,
            0.4527475938502751,
            0.46380812443415403,
            0.46616838859946047,
            0.4724334603454944,
            0.4797278983360638,
            0.4817038752402378,
            0.5009980632917868,
            0.5009654355390992,
            0.5015414877626384,
            0.5019788256295731,
            0.49389784276288035,
            0.4914866162788034,
            0.4889117982092823,
            0.5004396612644039,
            0.5102658342121812,
            0.5104123350736522,
            0.516239181046423
        ],
        "x_sigma": 0.028781645,
        "x_chi2": 0.0008309039,
        "x_quality": 0.84505206
    },
    "y": {
        "y_gains": [
            0.4093127994199873,
            0.42046348699283587,
            0.43196085259741945,
            0.4411705277617143,
            0.4476326432882163,
            0.446274666437579,
            0.44664738876983756,
            0.4487162631555756,
            0.4568064387781159,
            0.4615198161378895,
            0.469670267519018,
            0.4761915873041799,
            0.4786238224956547,
            0.4995416705173004,
            0.5029936927105902,
            0.5033500462327017,
            0.5063145013030004,
            0.5002181701549131,
            0.49755650002836066,
            0.49270243640369393,
            0.5028051752127708,
            0.5157124696696603,
            0.5189374278741843,
            0.5222105548779583
        ],
        "y_sigma": 0.025020989,
        "y_chi2": 0.0006279313,
        "y_quality": 0.8385417
    }
}