{
    "x": {
        "x_gains": [
            1.9978955367153564,
            2.052550337924704,
            2.104582868097752,
            2.1295337000518137,
            2.2007248571476485,
            2.1605153122849883,
            2.176265302409474,
            2.1829442635390026,
            2.2293515895232248,
            2.2448521779432364,
            2.3096723187042922,
            2.3469864576534407,
            2.38033445746215,
            2.4042848202352305,
            2.369512487496675,
            2.3625442238746905,
            2.348328782467847,
            2.340216236916378,
            2.3694356824029263,
            2.357642815510253,
            2.3984207646443614,
            2.438966271462263,
            2.4254145609520625,
            2.3761307025859693
        ],
        "x_sigma": 0.027954616,
        "x_chi2": 0.0007838096,
        "x_quality": 0.8307292
    },
    "y": {
        "y_gains": [
            2.143284299418017,
            2.187117719161662,
            2.233716231013077,
            2.2488198643116064,
            2.3011843459449586,
            2.2783930147751055,
            2.305945465312124,
            2.322208792114708,
            2.370282610217786,
            2.3681545916161215,
            2.4413727526492432,
            2.496166512278768,
            2.5231367858557796,
            2.5442552205509266,
            2.540529705524661,
            2.5100149596891597,
            2.482568644264298,
            2.4607938328963,
            2.482449084969267,
            2.4789979295409292,
            2.5252742068997565,
            2.5833990313235327,
            2.5747683107609403,
            2.523377388222141
        ],
        "y_sigma": 0.025745453,
        "y_chi2": 0.00066480995,
        "y_quality": 0.81901044
    }
}