{
    "x": {
        "x_gains": [
            0.4306518523003678,
            0.4331353760286424,
            0.4388966541898589,
            0.4454662450180169,
            0.44927888492574997,
            0.45300261001983794,
            0.4543554720005939,
            0.4508492692770299,
            0.4535380434740706,
            0.4550379918044927,
            0.4563687514275785,
            0.4675720982148284,
            0.47762982504037405,
            0.48290196264395974,
            0.4796992937819027,
            0.47221146498271027,
            0.4669623004991127,
            0.47563554540485886,
            0.47837047880101224,
            0.4676208782434476,
            0.47364824815985285,
            0.4838553438967987,
            0.48745329344405547,
            0.48820739909558597
        ],
        "x_sigma": 0.03351399,
        "x_chi2": 0.0011266427,
        "x_quality": 0.83723956
    },
    "y": {
        "y_gains": [
            0.37300155094044884,
            0.37849339945360694,
            0.38279964809993955,
            0.3893954382713802,
            0.39156345217218846,
            0.3941145300765548,
            0.39022824762386116,
            0.3904479867447594,
            0.3899179082432701,
            0.39369742392358303,
            0.3966453796346475,
            0.4026278715923087,
            0.4104079960282356,
            0.41703000405770196,
            0.4103948585403806,
            0.4069234443123435,
            0.39959734972652156,
            0.4051325103363483,
            0.4056317095287553,
            0.3954059678543647,
            0.4016101353546639,
            0.40890732642936933,
            0.41576813974565885,
            0.4147426409932124
        ],
        "y_sigma": 0.031960655,
        "y_chi2": 0.001024543,
        "y_quality": 0.85026044
    }
}