{
    "x": {
        "x_gains": [
            0.2968784419344362,
            0.3001992692729507,
            0.2992578047333248,
            0.3018850973395289,
            0.3036495641110507,
            0.30438668700294413,
            0.3071104137793809,
            0.31156093586673916,
            0.31423915661227064,
            0.31543572082424615,
            0.3172988274666049,
            0.32790357798547193,
            0.3321280296428252,
            0.3357004917810784,
            0.3370953397985073,
            0.3381101192876168,
            0.344261146039847,
            0.34259960192667055,
            0.3450222977560371,
            0.3441728389189545,
            0.33842897951106965,
            0.33971927433652915,
            0.34774606302772204,
            0.35750198065034827
        ],
        "x_sigma": 0.02098749,
        "x_chi2": 0.0004418725,
        "x_quality": 0.8359375
    },
    "y": {
        "y_gains": [
            0.3265644149941398,
            0.329244338149739,
            0.32735742356613357,
            0.33309698991575515,
            0.333310001633219,
            0.3356797684830064,
            0.340700411906798,
            0.34501132258158446,
            0.34190119493100024,
            0.34064240661407647,
            0.346833563902506,
            0.3570653612071409,
            0.3656795950493419,
            0.3687724928172338,
            0.370047812027553,
            0.3716792733462066,
            0.3745978598325233,
            0.3684220318585584,
            0.3705180835796908,
            0.3679483571234637,
            0.3636022511342572,
            0.3618105230130307,
            0.37260919964661743,
            0.3817427994146203
        ],
        "y_sigma": 0.019571757,
        "y_chi2": 0.00038424958,
        "y_quality": 0.8307292
    }
}