{
    "x": {
        "x_gains": [
            0.3742019208533001,
            0.38245495541148905,
            0.39192194012334175,
            0.4021610849791306,
            0.4011900580931228,
            0.4040791956431858,
            0.41082963347012597,
            0.40953836139688127,
            0.4045582385857939,
            0.40751872039121795,
            0.4188645536960483,
            0.42653889153888025,
            0.4285077645606938,
            0.43239742927621166,
            0.43771963129649843,
            0.4336838612053783,
            0.429642441248974,
            0.42652106261239625,
            0.4268443067463682,
            0.432252166923338,
            0.4421271675339654,
            0.45060990952473995,
            0.4522711269524601,
            0.4535301037182529
        ],
        "x_sigma": 0.031000344,
        "x_chi2": 0.00096391496,
        "x_quality": 0.83984375
    },
    "y": {
        "y_gains": [
            0.41642298981379394,
            0.4214850486187218,
            0.42967249503083754,
            0.4434406918029545,
            0.4426727696485842,
            0.446646510998447,
            0.4516807106997243,
            0.4479628441698532,
            0.4458992054655827,
            0.447427293064877,
            0.4578558564457062,
            0.4647241383572987,
            0.47057583423683896,
            0.4779119605879388,
            0.48455481526347666,
            0.4774660608768273,
            0.47123150510588757,
            0.4660290240079978,
            0.4663202963857192,
            0.47102179700467817,
            0.48142243769406745,
            0.489534774543291,
            0.4881174637104191,
            0.4921075544365686
        ],
        "y_sigma": 0.028297517,
        "y_chi2": 0.0008031499,
        "y_quality": 0.83463544
    }
}