{
    "x": {
        "x_gains": [
            0.36719846919364574,
            0.3820505032560254,
            0.3826798195251357,
            0.3832557700305945,
            0.3850019117269927,
            0.3964739667065744,
            0.3923951158266017,
            0.3957518884191798,
            0.38592706163780033,
            0.3975614218482106,
            0.4042568570452349,
            0.40893389706234157,
            0.41077207034175944,
            0.41659874371316047,
            0.4111031393644575,
            0.4109493847204169,
            0.40906601556447103,
            0.405630870391364,
            0.39876087450811853,
            0.39848056173964186,
            0.4103576739039398,
            0.4104259014204594,
            0.4062626195326192,
            0.4134004243638036
        ],
        "x_sigma": 0.03195467,
        "x_chi2": 0.0010244105,
        "x_quality": 0.84375
    },
    "y": {
        "y_gains": [
            0.414342206886036,
            0.4271911799716712,
            0.4277106181812769,
            0.4261065240743795,
            0.4288468830507961,
            0.43964253193299563,
            0.4410442675690314,
            0.44774628474684675,
            0.44158684763602224,
            0.4528252742434388,
            0.4613050837480927,
            0.4651871822509877,
            0.4673941188732811,
            0.47414314865283835,
            0.46715577253176377,
            0.46726960956493413,
            0.46541241124585314,
            0.466931578741427,
            0.4634220296837567,
            0.46678498109987615,
            0.4800524754962014,
            0.47949918036807604,
            0.4710143869460435,
            0.47812606711761607
        ],
        "y_sigma": 0.026756162,
        "y_chi2": 0.00071806717,
        "y_quality": 0.8411458
    }
}