{
    "x": {
        "x_gains": [
            0.10689950804846396,
            0.11025455571824228,
            0.11997224801958813,
            0.13058849548785406,
            0.13427521127868808,
            0.1451172612773889,
            0.1428294033465929,
            0.12670229281736106,
            0.10194759669245296,
            0.08077827607203678,
            0.06647147097642868,
            0.04737402914033381,
            0.024589926097436106,
            0.014350088783999307,
            0.023518379707815177,
            0.03202548100991458,
            0.04362953775551857,
            0.04978936608676992,
            0.058248378073912525,
            0.06833347501140485,
            0.07989559243979967,
            0.08673333800536914,
            0.096356611966624,
            0.10187706453871288
        ],
        "x_sigma": 0.34466594,
        "x_chi2": 0.11917634,
        "x_quality": 0.8359375
    },
    "y": {
        "y_gains": [
            0.11044207754800917,
            0.11868989617838711,
            0.12569449823994394,
            0.13672489460903312,
            0.14467611430628308,
            0.15847912276861,
            0.15743082961639146,
            0.1396526921338247,
            0.11780608317627819,
            0.09512082484974477,
            0.07473052918481249,
            0.053661864144473194,
            0.02925622484696069,
            0.01619925603296743,
            0.024892253879084385,
            0.03248957896754616,
            0.044499992301501326,
            0.05345124821225619,
            0.05979364257249949,
            0.07128386772294627,
            0.08091571341887581,
            0.08718746997481502,
            0.09672916144329195,
            0.10332531873277696
        ],
        "y_sigma": 0.35482958,
        "y_chi2": 0.12631676,
        "y_quality": 0.82682294
    }
}