{
    "x": {
        "x_gains": [
            0.12502942254886132,
            0.13080611215627375,
            0.14537886386127133,
            0.1561386219295789,
            0.15956636245339664,
            0.16971695268527265,
            0.16310626353496552,
            0.14088736838231602,
            0.11777059324816477,
            0.09402297808756886,
            0.0781721231329761,
            0.056536693331632706,
            0.027700524093915855,
            0.016101953187854227,
            0.025545916229831496,
            0.0352453985546144,
            0.04893346335933217,
            0.05890911395862059,
            0.06766479914076531,
            0.07847062016822061,
            0.08863677438723402,
            0.09701490003342163,
            0.10477637787223484,
            0.11447617647738946
        ],
        "x_sigma": 0.37427923,
        "x_chi2": 0.14056657,
        "x_quality": 0.8229167
    },
    "y": {
        "y_gains": [
            0.13898412196746202,
            0.14684380532799254,
            0.15934594227151463,
            0.17361814626307948,
            0.18113620072905148,
            0.19223609545268014,
            0.18727759614972242,
            0.16394760385412618,
            0.1425361108109934,
            0.11564557407041197,
            0.0916196093083324,
            0.0650943897944495,
            0.03361025607553273,
            0.018754097066930483,
            0.028554028562252125,
            0.04058203896581868,
            0.05459472479563557,
            0.06531147958977075,
            0.07384186056677763,
            0.08665840927570814,
            0.0989232305280255,
            0.10921483814634024,
            0.11768419164729389,
            0.12867163877897614
        ],
        "y_sigma": 0.3709882,
        "y_chi2": 0.1381067,
        "y_quality": 0.82161456
    }
}