{
    "x": {
        "x_gains": [
            0.12358834304861296,
            0.13071173349299686,
            0.14274559125602174,
            0.15351951156232202,
            0.15591991267237532,
            0.17193374223762137,
            0.16738732489611943,
            0.14850204502166198,
            0.12201371434149198,
            0.09674295493616417,
            0.07952525964798461,
            0.057340633178207805,
            0.026748020592980076,
            0.016449565303787283,
            0.02694804158880479,
            0.03604781945117988,
            0.05088778835565272,
            0.05907339946679168,
            0.06722569764139985,
            0.07847194408277597,
            0.08783993946774092,
            0.09785717256378453,
            0.1053963789176888,
            0.11267614520935397
        ],
        "x_sigma": 0.34548676,
        "x_chi2": 0.11975021,
        "x_quality": 0.8359375
    },
    "y": {
        "y_gains": [
            0.12887044666883427,
            0.13471215716597953,
            0.14792532658509827,
            0.15869111567788877,
            0.15998565760576697,
            0.1741837522928678,
            0.16849279154139227,
            0.14805388278932388,
            0.1287335629768452,
            0.10421675584494465,
            0.08527807132384996,
            0.06075952074348266,
            0.03197968854853404,
            0.017996063792950823,
            0.028865537887505056,
            0.03882838606629388,
            0.05285037951857532,
            0.06277416223015507,
            0.07170986875516401,
            0.08195590051340454,
            0.09118288825445861,
            0.10288019272340743,
            0.10965503840777376,
            0.11750338674136435
        ],
        "y_sigma": 0.3514017,
        "y_chi2": 0.12388357,
        "y_quality": 0.8463542
    }
}