{
    "x": {
        "x_gains": [
            0.11662872539848244,
            0.12469656649251128,
            0.13568492310925365,
            0.14360439860272922,
            0.14775780486276846,
            0.16004195403799934,
            0.15860989215003166,
            0.1380678740288047,
            0.1193928206470303,
            0.09428072387231298,
            0.07755135625301626,
            0.05400942475263818,
            0.02827003286617481,
            0.016299007243767788,
            0.02587570032906387,
            0.035823138157771474,
            0.04837528930237076,
            0.05799653296725922,
            0.06670671960467463,
            0.07507943216224185,
            0.08714059298127837,
            0.09562438131025291,
            0.09968353468244365,
            0.11152881129358587
        ],
        "x_sigma": 0.35795358,
        "x_chi2": 0.12855403,
        "x_quality": 0.82161456
    },
    "y": {
        "y_gains": [
            0.1212576994091961,
            0.12728811524869615,
            0.140524081752414,
            0.14864482004017573,
            0.14919324350348465,
            0.1586696980195134,
            0.15681531184849606,
            0.13649557174241375,
            0.11950900918665752,
            0.09877796836438006,
            0.07963357724301706,
            0.055057014291149196,
            0.030158608949844665,
            0.016132194688616864,
            0.02650444883799858,
            0.035790582288078326,
            0.04846808146612069,
            0.05830645745765537,
            0.06625491006856654,
            0.07530795304699743,
            0.08852471787172415,
            0.09650346708006177,
            0.10367611664102239,
            0.11427921016609568
        ],
        "y_sigma": 0.3656516,
        "y_chi2": 0.13414063,
        "y_quality": 0.82682294
    }
}