{
    "x": {
        "x_gains": [
            0.13531821702552155,
            0.1429046892887648,
            0.15471443505791968,
            0.16353874290057874,
            0.16867146761887333,
            0.17942256436111662,
            0.17267812460850632,
            0.15261958545773438,
            0.1284546926169124,
            0.10440398998640452,
            0.08679384742717866,
            0.061376563383822504,
            0.029895897105018842,
            0.01785314056559535,
            0.026881727656378404,
            0.03822331021052405,
            0.05094445673620975,
            0.060875239848445,
            0.07020468808653822,
            0.08072672131973335,
            0.09461159527543754,
            0.10265530258779645,
            0.11342078680907176,
            0.12343056493799281
        ],
        "x_sigma": 0.34291545,
        "x_chi2": 0.11797304,
        "x_quality": 0.83203125
    },
    "y": {
        "y_gains": [
            0.13783781239372275,
            0.14623983742809754,
            0.15662779112681635,
            0.162197259018788,
            0.16779355700930404,
            0.18073334470387048,
            0.17555919333710726,
            0.1577897966616539,
            0.1351001186449242,
            0.1134723960241088,
            0.0908024640519855,
            0.06185318959889135,
            0.03343030685310927,
            0.01815089302030642,
            0.029124674225956448,
            0.04073579104038273,
            0.05177115059880842,
            0.06178896350249504,
            0.07129533064065129,
            0.08256852857597691,
            0.09577882141574219,
            0.10528839386029683,
            0.11673000047392382,
            0.1258527942655426
        ],
        "y_sigma": 0.33889022,
        "y_chi2": 0.11521738,
        "y_quality": 0.8229167
    }
}