{
    "x": {
        "x_gains": [
            0.1109236501423705,
            0.11154625926552032,
            0.11930758174627404,
            0.12860599970137687,
            0.1325011378535213,
            0.13840221288530138,
            0.13712192058446848,
            0.12262086401358442,
            0.0986511039946397,
            0.08523903668296039,
            0.06834989679165585,
            0.05118226685952827,
            0.027958670375104706,
            0.01575165388034039,
            0.07576180005188168,
            0.08594476501841797,
            0.09010504265662825,
            0.08800820447685415,
            0.09150254313018122,
            0.09087380708817513,
            0.09481343938785411,
            0.09182527340056902,
            0.09539032911857524,
            0.10164629386939691
        ],
        "x_sigma": 0.06405083,
        "x_chi2": 0.0041149785,
        "x_quality": 0.81380206
    },
    "y": {
        "y_gains": [
            0.11619490952425271,
            0.11693042663001599,
            0.12503232867148212,
            0.13425272463219587,
            0.13525765297944883,
            0.1383794104943015,
            0.13876547049397192,
            0.12408354992116971,
            0.10675529348791642,
            0.09445263611167966,
            0.07446544792046673,
            0.0546068823238068,
            0.030227900231001612,
            0.016283923096046666,
            0.08300907911802853,
            0.09341558388663383,
            0.09486542769888348,
            0.09356362710253845,
            0.0980985556949645,
            0.0971214465812134,
            0.09928217005407503,
            0.09795590514929704,
            0.09938389933126562,
            0.10679784289716915
        ],
        "y_sigma": 0.06021162,
        "y_chi2": 0.0036364803,
        "y_quality": 0.8333333
    }
}