{
    "x": {
        "x_gains": [
            0.510281196576748,
            0.5654250497998112,
            0.6231185325359161,
            0.6629284572912318,
            0.664885040711576,
            0.622368857857301,
            0.5259220122870107,
            0.4314472401506527,
            0.36253765044134245,
            0.3009512497196263,
            0.2516088245655961,
            0.1809107335785518,
            0.05431573257366625,
            0.02766608977336271,
            0.12881283246833586,
            0.20253812678967753,
            0.29212903877159974,
            0.3478004162614502,
            0.38108884705380214,
            0.3945916012440368,
            0.40787359181642424,
            0.4172358981255135,
            0.4433712888714693,
            0.4721090930807927
        ],
        "x_sigma": 0.5328067,
        "x_chi2": 0.28586742,
        "x_quality": 0.7864583
    },
    "y": {
        "y_gains": [
            0.5532439180512979,
            0.6083928153919002,
            0.6697281727384334,
            0.6963173446801494,
            0.6861541301160938,
            0.647837360171594,
            0.5526400721526878,
            0.4665041179718005,
            0.40693718847177873,
            0.34896626595451957,
            0.28306479919383143,
            0.19909442696273708,
            0.06583590532270127,
            0.03039511460538752,
            0.13641749647156146,
            0.21162159341875467,
            0.29476378661813674,
            0.35301568769944724,
            0.3987632278734858,
            0.41964879592269233,
            0.44190041394137475,
            0.45374589240859076,
            0.4887095867716089,
            0.5137062213778947
        ],
        "y_sigma": 0.5600979,
        "y_chi2": 0.31634516,
        "y_quality": 0.7942708
    }
}