{
    "x": {
        "x_gains": [
            0.37800815106536306,
            0.45864006798880363,
            0.5945850780193729,
            0.7275051585572031,
            0.7709200923593108,
            0.7458618836831375,
            0.6674735531960069,
            0.5328222502309118,
            0.4480586046316983,
            0.4155071765776278,
            0.37715878143316717,
            0.27521356710414063,
            0.06611973742265397,
            0.05903510428019854,
            0.03242775372106853,
            0.05433158861924907,
            0.10045755402130081,
            0.1299052633390784,
            0.16708412635636805,
            0.18940686426007441,
            0.2213847973288596,
            0.23527834015836585,
            0.27665856324512966,
            0.3086957874631973
        ],
        "x_sigma": 0.56203264,
        "x_chi2": 0.31852746,
        "x_quality": 0.79817706
    },
    "y": {
        "y_gains": [
            0.4093104371623752,
            0.49651422190511507,
            0.6503511766283557,
            0.7906537765854368,
            0.8342848351878651,
            0.8058148242368793,
            0.7228406887312824,
            0.5900963538831439,
            0.5033430535588216,
            0.47818667786261077,
            0.4279823414485918,
            0.31135280114463254,
            0.08629678655792927,
            0.07404106272914321,
            0.03998778772962737,
            0.06125643315060948,
            0.1083956436657976,
            0.13893964817368834,
            0.17998321368559242,
            0.20482466128248178,
            0.23809457483177962,
            0.2567114249881772,
            0.3013310515742559,
            0.3379377806531026
        ],
        "y_sigma": 0.55172473,
        "y_chi2": 0.3067206,
        "y_quality": 0.796875
    }
}