{
    "x": {
        "x_gains": [
            0.5845180686517641,
            0.6624125648535022,
            0.7501111852304309,
            0.7964461933694899,
            0.8450988702295753,
            0.8631466338532842,
            0.8095259836793085,
            0.6666512003588184,
            0.558365685971788,
            0.4879719072621102,
            0.39708860984678096,
            0.3020869678171649,
            0.12788828497909252,
            0.0566995219606604,
            0.10557641980225115,
            0.1673592550504839,
            0.25754482722244704,
            0.3320182643247205,
            0.38431140907201666,
            0.4242850224586791,
            0.4469741592617203,
            0.48221664576177137,
            0.5135194259263633,
            0.5462153638692848
        ],
        "x_sigma": 0.546968,
        "x_chi2": 0.30143684,
        "x_quality": 0.8098958
    },
    "y": {
        "y_gains": [
            0.5808417931004359,
            0.6542483353959603,
            0.7398182695606287,
            0.7715986273569059,
            0.8174874963243719,
            0.8430184917792208,
            0.7854493929065279,
            0.6464232335887201,
            0.5511487842126297,
            0.4922265854827515,
            0.3902370038102351,
            0.30301225084590416,
            0.13242481961587665,
            0.06170521751551963,
            0.11526891199748805,
            0.1803402768547862,
            0.26460549569738234,
            0.3405919494893965,
            0.38474255682820696,
            0.43454158925851427,
            0.45081628177099564,
            0.4899525431966659,
            0.524541348912631,
            0.5436595890705503
        ],
        "y_sigma": 0.54832774,
        "y_chi2": 0.3027175,
        "y_quality": 0.7864583
    }
}