{
    "x": {
        "x_gains": [
            0.5643876261625045,
            0.6248722917253786,
            0.6861298843871145,
            0.7283350900775706,
            0.7354861011514034,
            0.7003948826348295,
            0.6070578365247881,
            0.4985142530459345,
            0.4121906200253745,
            0.3344449614963549,
            0.27601697349817506,
            0.19088122225064233,
            0.06050507946192591,
            0.03004640667510971,
            0.11837772794075431,
            0.18566811482845083,
            0.26922661692794664,
            0.3424188819085278,
            0.38448075719947905,
            0.42113182209336714,
            0.4311750978789031,
            0.4476436040681851,
            0.47850342503181564,
            0.510083535360419
        ],
        "x_sigma": 0.5452083,
        "x_chi2": 0.2996861,
        "x_quality": 0.82161456
    },
    "y": {
        "y_gains": [
            0.6200190767469533,
            0.6738818749765826,
            0.7486687546539122,
            0.7819183569330629,
            0.7864111920782599,
            0.7530028057637546,
            0.6548213843709851,
            0.5367190429311902,
            0.4515693661122117,
            0.3791403069368269,
            0.3116624072804338,
            0.21690357779198013,
            0.07435526365000918,
            0.03479026255341393,
            0.14926324409033231,
            0.22472228258512422,
            0.3106892062157974,
            0.3905651947045609,
            0.4438123373261354,
            0.4764682798866158,
            0.4880353259490335,
            0.508474309106719,
            0.5421477007678654,
            0.5681179694691131
        ],
        "y_sigma": 0.5699867,
        "y_chi2": 0.32771927,
        "y_quality": 0.80078125
    }
}