{
    "x": {
        "x_gains": [
            0.5462560918479363,
            0.601947770557013,
            0.6610323355204469,
            0.6953320551275941,
            0.6831921744435571,
            0.6475744032229519,
            0.5651307862399018,
            0.47366509689316905,
            0.39523004760150693,
            0.33538931455010074,
            0.2755797688514061,
            0.1982469694530959,
            0.07219107939163423,
            0.0384593314875931,
            0.11319474975583893,
            0.17358902974269227,
            0.24524458487694362,
            0.3084895205492891,
            0.35795797859697653,
            0.3941688240840305,
            0.42577750698328337,
            0.4291197946266992,
            0.46382602294046404,
            0.49638490320767403
        ],
        "x_sigma": 0.5390028,
        "x_chi2": 0.29243004,
        "x_quality": 0.7994792
    },
    "y": {
        "y_gains": [
            0.587733991595404,
            0.6562434642252485,
            0.7175845014951231,
            0.7599044040259736,
            0.7562860034678739,
            0.726103146727729,
            0.6517150631358744,
            0.5400551039824798,
            0.4622290245899832,
            0.410618360865705,
            0.33554436940106475,
            0.23795948787310855,
            0.09085036853451996,
            0.045607746019583964,
            0.12968283081020257,
            0.1981052422212986,
            0.2786952425161409,
            0.34648708010313534,
            0.38924767144257993,
            0.4261000240831734,
            0.4531538602364738,
            0.4648020512644126,
            0.5023154734062133,
            0.5354733991808542
        ],
        "y_sigma": 0.5565981,
        "y_chi2": 0.31242263,
        "y_quality": 0.80338544
    }
}