{
    "x": {
        "x_gains": [
            0.4574421445473262,
            0.47869576466741776,
            0.5018321641396657,
            0.5348034867262043,
            0.5478479437075281,
            0.5350973280503531,
            0.49806923461202646,
            0.4163456121564925,
            0.33272507861711337,
            0.2962267554197573,
            0.22034590340608493,
            0.15682484391576143,
            0.06659544062307227,
            0.036809842598536355,
            0.11111918577194388,
            0.16150728938924563,
            0.23234449067067167,
            0.29485036756636523,
            0.33063635463103164,
            0.35289219503391756,
            0.37602636396043,
            0.3894489857657954,
            0.42142835047970767,
            0.43630221135849107
        ],
        "x_sigma": 0.49840093,
        "x_chi2": 0.25000456,
        "x_quality": 0.81380206
    },
    "y": {
        "y_gains": [
            0.4683464756037853,
            0.4993781493595101,
            0.5281987903613862,
            0.5590799333353087,
            0.5625715415197207,
            0.5580211409657382,
            0.5110810027613707,
            0.4255554562592824,
            0.36000010080002826,
            0.30353674949779846,
            0.2486030373821901,
            0.18372728873493033,
            0.07986997487570136,
            0.04358587249371426,
            0.10846094034116824,
            0.16899654599789393,
            0.24459789048506134,
            0.31469519567432575,
            0.3503254488387167,
            0.3673874293688483,
            0.3967743042612171,
            0.40839905324931475,
            0.4406835919132446,
            0.44591129442028965
        ],
        "y_sigma": 0.5531344,
        "y_chi2": 0.30832675,
        "y_quality": 0.7916667
    }
}