{
    "x": {
        "x_gains": [
            0.37400282431972814,
            0.41141727367514075,
            0.44186811765551665,
            0.49403589981031,
            0.5125867469773913,
            0.5264240943044546,
            0.54944031536995,
            0.4900606871552545,
            0.4150019210438925,
            0.35821289021921193,
            0.28500933548078367,
            0.2150865120968956,
            0.1080848552581661,
            0.05908464880380175,
            0.13144854176705775,
            0.17764817514376224,
            0.23856899636051068,
            0.2679821230197662,
            0.2898936745374152,
            0.2969994678363535,
            0.30923475160347497,
            0.31835111441036057,
            0.33478964597401056,
            0.3467823144071337
        ],
        "x_sigma": 0.45192736,
        "x_chi2": 0.20531891,
        "x_quality": 0.78515625
    },
    "y": {
        "y_gains": [
            0.2527867208102118,
            0.2868396148914278,
            0.3124092060744846,
            0.3505355499659157,
            0.36466384047328115,
            0.3594679730212097,
            0.37625849530540395,
            0.33464108839738443,
            0.28956235429946237,
            0.2562298640159926,
            0.20372204246015554,
            0.15577631101226516,
            0.08191545194925601,
            0.04049707732592939,
            0.09594668434644238,
            0.11710325884316969,
            0.17270076221826805,
            0.18816138963659,
            0.19998334938633008,
            0.20514343834352416,
            0.21508344495626416,
            0.22247621095247716,
            0.23209202857414934,
            0.23155185823839516
        ],
        "y_sigma": 0.46231458,
        "y_chi2": 0.2149533,
        "y_quality": 0.7864583
    }
}