{
    "x": {
        "x_gains": [
            0.26862329727414774,
            0.30650224905220314,
            0.34102901686313464,
            0.38715017594039747,
            0.43067694663826495,
            0.41088711143689893,
            0.409764659043842,
            0.3419060462015589,
            0.29685738754396496,
            0.26840846582847533,
            0.20515872853862752,
            0.14863050367607825,
            0.06149767249758899,
            0.038358898900135295,
            0.08699085665202987,
            0.11262935481400389,
            0.1557401456980211,
            0.18116450733670963,
            0.19194404324407163,
            0.21894553204421124,
            0.23943707195086406,
            0.22878769700565407,
            0.24961076321610987,
            0.24491150428931888
        ],
        "x_sigma": 0.5748902,
        "x_chi2": 0.33325604,
        "x_quality": 0.7864583
    },
    "y": {
        "y_gains": [
            0.36629432848176496,
            0.40775023927803417,
            0.4572962996498025,
            0.514699482670403,
            0.5408198374446999,
            0.5382090770037254,
            0.5211103088907412,
            0.4606081040311039,
            0.40836983376938385,
            0.37001837326232434,
            0.28677699933754514,
            0.21437340679023908,
            0.09954239366209598,
            0.051610439243545796,
            0.12609975219254999,
            0.16558684723801967,
            0.21597154963582338,
            0.25150927572496606,
            0.269337793710844,
            0.28672492553968726,
            0.29915535281066025,
            0.3177208687454423,
            0.3365649741206777,
            0.34271856705254494
        ],
        "y_sigma": 0.5414717,
        "y_chi2": 0.29535988,
        "y_quality": 0.7864583
    }
}