{
    "x": {
        "x_gains": [
            0.2024098921762504,
            0.23659704924677674,
            0.2537432199811621,
            0.28818402278959254,
            0.30212593938507704,
            0.2942705205942723,
            0.30115770442419343,
            0.254834055503316,
            0.21016540647986184,
            0.18234055767838458,
            0.1541899262170365,
            0.117371994103231,
            0.0548239211899554,
            0.03003591093511402,
            0.05913134982739263,
            0.0700576581532367,
            0.12193416359931115,
            0.1395526224819526,
            0.15403898695952148,
            0.1633613492601936,
            0.16869348230632264,
            0.17415886493004737,
            0.18182442996677523,
            0.17999061276958161
        ],
        "x_sigma": 0.5732461,
        "x_chi2": 0.3311948,
        "x_quality": 0.7838542
    },
    "y": {
        "y_gains": [
            0.6135030299074138,
            0.6715307880078032,
            0.7298506127168879,
            0.8131273226473767,
            0.8579803194758358,
            0.874980509809144,
            0.8575890239582074,
            0.7615820252019678,
            0.6765676936084718,
            0.5879555656109023,
            0.48097979817510494,
            0.3596233721962728,
            0.17479732032212,
            0.09006521667371953,
            0.2125988637866324,
            0.30207979522373174,
            0.3706504173523699,
            0.43460674413184197,
            0.4530516813721957,
            0.4919151772950844,
            0.4985497934333713,
            0.5266841357260804,
            0.5468387334843082,
            0.5781405519808482
        ],
        "y_sigma": 0.5454617,
        "y_chi2": 0.29959214,
        "y_quality": 0.7838542
    }
}