{
    "x": {
        "x_gains": [
            0.3604180012644905,
            0.39808164455489,
            0.4232212350069645,
            0.472853705210706,
            0.5116930562126547,
            0.5187369067562629,
            0.5135304489149667,
            0.45446654262759834,
            0.3943578745656444,
            0.33329760383020274,
            0.2781788343850626,
            0.20155453774545085,
            0.09896546451667494,
            0.052612140146114435,
            0.12322910533451402,
            0.16859065127748724,
            0.22288943431419395,
            0.25183877563643187,
            0.27274402912862594,
            0.30118340985399833,
            0.31100286138182615,
            0.3140816366015161,
            0.32456659486604456,
            0.3424179908055976
        ],
        "x_sigma": 0.5365348,
        "x_chi2": 0.28996763,
        "x_quality": 0.78515625
    },
    "y": {
        "y_gains": [
            0.4443674207581797,
            0.49118644514027004,
            0.5301008209353354,
            0.5874434203869655,
            0.636533347727474,
            0.6540817842932464,
            0.6448118023257201,
            0.5772143037398638,
            0.5215733426785368,
            0.4570809239836029,
            0.3729175213470109,
            0.2739005331309537,
            0.14038221838523304,
            0.07484947863408534,
            0.15691221859754997,
            0.21690670647338545,
            0.2727981878561977,
            0.31260618841462706,
            0.33180547970113616,
            0.3695620696865456,
            0.3781329210575304,
            0.3827175032367376,
            0.3960286249490113,
            0.4157699893895499
        ],
        "y_sigma": 0.52560097,
        "y_chi2": 0.27782232,
        "y_quality": 0.7864583
    }
}