{
    "x": {
        "x_gains": [
            0.396546649708217,
            0.400284121669561,
            0.42750370752590355,
            0.4671963240245712,
            0.49908692047898373,
            0.5392219534080958,
            0.5150731257042659,
            0.4522131855958885,
            0.39004734901783933,
            0.3270160054386686,
            0.25649463656890203,
            0.17383686967359485,
            0.03337367097698752,
            0.0479112537929543,
            0.35677718601128033,
            0.4091742430051459,
            0.44472885348768154,
            0.4695717505634861,
            0.43920594727016377,
            0.4171821647615904,
            0.4127003753179753,
            0.39228953352694657,
            0.39617085026385973,
            0.3959608822325225
        ],
        "x_sigma": 0.5866103,
        "x_chi2": 0.3473974,
        "x_quality": 0.78776044
    },
    "y": {
        "y_gains": [
            0.31416507489695383,
            0.32004429413030766,
            0.3408733379442133,
            0.3711704764470434,
            0.41112703817256996,
            0.43672323586413136,
            0.4182799550248661,
            0.36722336136949046,
            0.33449456466402094,
            0.29290450551568475,
            0.22791246201411483,
            0.16263089957818422,
            0.06419040208418533,
            0.04100813580910385,
            0.28297745711023875,
            0.3137356478490535,
            0.32552901394527234,
            0.35502264920243987,
            0.3462036502120342,
            0.32048572303405887,
            0.3201967493754082,
            0.30472364308085353,
            0.3082839092570012,
            0.3073452250938033
        ],
        "y_sigma": 0.5504437,
        "y_chi2": 0.30530092,
        "y_quality": 0.78515625
    }
}