{
    "x": {
        "x_gains": [
            0.36451003454206443,
            0.38773908525137846,
            0.3972553626991119,
            0.45658858469181757,
            0.46963599030990666,
            0.5015796498703191,
            0.49031372969151177,
            0.4643205416429128,
            0.4227404606924083,
            0.37990855145276275,
            0.3061749423610362,
            0.21953723307565515,
            0.11973802278518783,
            0.06227523699308502,
            0.22999110187425958,
            0.25773160006426793,
            0.265007823693475,
            0.2781342144996094,
            0.27960869434287583,
            0.2805563769622814,
            0.2871492608175013,
            0.3030197983439604,
            0.3171966515198921,
            0.3388099361976845
        ],
        "x_sigma": 0.2085393,
        "x_chi2": 0.04362458,
        "x_quality": 0.8020833
    },
    "y": {
        "y_gains": [
            0.5278405541481274,
            0.5586181485204774,
            0.6136134814318106,
            0.6646974782308253,
            0.6950029082396695,
            0.7343542521975184,
            0.7264218363566284,
            0.6763093043793598,
            0.6279468761966313,
            0.5654511069977685,
            0.45735983910446754,
            0.32818778642589064,
            0.19583007276262185,
            0.09331911647700178,
            0.3680986563294748,
            0.3931330661076839,
            0.42745173706554557,
            0.41611813627178207,
            0.42389909166902634,
            0.4372804879280631,
            0.43762848772399576,
            0.4421205996234105,
            0.46724544047881816,
            0.49493924620752805
        ],
        "y_sigma": 0.21428014,
        "y_chi2": 0.046060793,
        "y_quality": 0.78776044
    }
}