{
    "x": {
        "x_gains": [
            0.13510898971982718,
            0.1381942822005184,
            0.1490205364456173,
            0.15314097499651985,
            0.15556503499738814,
            0.16091048559341067,
            0.15274075723674252,
            0.13280915154926656,
            0.10982140513632514,
            0.08760351559916381,
            0.07031701017698087,
            0.049213380704821244,
            0.0238779625985145,
            0.013029034160303503,
            0.031337623913665597,
            0.04323797989563649,
            0.058497474810256134,
            0.06901429845136746,
            0.074719596035976,
            0.0838239268357943,
            0.09606654568045903,
            0.10940096734523347,
            0.11967974179813787,
            0.12793078719254697
        ],
        "x_sigma": 0.32568794,
        "x_chi2": 0.10640995,
        "x_quality": 0.8515625
    },
    "y": {
        "y_gains": [
            0.13962937838983477,
            0.14530504716790726,
            0.15795108880266093,
            0.1686681959249764,
            0.17378441278942056,
            0.1809661405836187,
            0.17011871564452538,
            0.1515127341983468,
            0.12887200115819844,
            0.10387627836640426,
            0.08204612534711664,
            0.055592827457875645,
            0.028109750811556616,
            0.01542137519804901,
            0.035096313585000344,
            0.047520248496685055,
            0.062476298054425596,
            0.07469829731207141,
            0.0841842820873863,
            0.09254315055752621,
            0.10640024046454345,
            0.11923585555720763,
            0.12813383322612804,
            0.13605495303090503
        ],
        "y_sigma": 0.35957202,
        "y_chi2": 0.12972453,
        "y_quality": 0.8229167
    }
}