{
    "x": {
        "x_gains": [
            0.10168971701378791,
            0.10192587929672366,
            0.10609669822831246,
            0.1099659864207402,
            0.11207302140124002,
            0.11412575562662801,
            0.10641814199457822,
            0.0920304484579332,
            0.07740166331530364,
            0.06232168985511329,
            0.052907497114028305,
            0.03809805662575113,
            0.018539634475533022,
            0.010473591728711353,
            0.030098800818627185,
            0.04096616235955263,
            0.052745011258158926,
            0.06218587582152205,
            0.06976271746434289,
            0.07766099979528561,
            0.08892932208733126,
            0.0899224859179139,
            0.0939600153154825,
            0.09703630739588416
        ],
        "x_sigma": 0.34730136,
        "x_chi2": 0.12100863,
        "x_quality": 0.83203125
    },
    "y": {
        "y_gains": [
            0.098790937235549,
            0.09910892159681518,
            0.10637560033070048,
            0.10719787645294662,
            0.10862452672293707,
            0.11006850553716128,
            0.10079080465330986,
            0.08632396226296195,
            0.07179437917497776,
            0.05800104726690945,
            0.04677294946337161,
            0.03228106737994913,
            0.01771624273144637,
            0.009900471059462772,
            0.02945687704670064,
            0.04067821154988664,
            0.05132449268946757,
            0.06013946582683106,
            0.06611061687915776,
            0.07105605498488068,
            0.08169816498568608,
            0.08564320919150327,
            0.08942530559086116,
            0.09281907974152113
        ],
        "y_sigma": 0.36352035,
        "y_chi2": 0.13258952,
        "y_quality": 0.82161456
    }
}