{
    "x": {
        "x_gains": [
            0.14427732641417748,
            0.15285443427656747,
            0.1612748349940717,
            0.17274291302765726,
            0.1840393527667234,
            0.19493644779397246,
            0.1919316170680181,
            0.17477530886292583,
            0.14742518378318262,
            0.12302753036257937,
            0.09923861160021964,
            0.0689133854534456,
            0.0341525552292924,
            0.0202868470916634,
            0.029282647179416362,
            0.04139699456991482,
            0.054734663319970414,
            0.06885994307623945,
            0.07776112048175814,
            0.08997543220823553,
            0.10385172549122645,
            0.11409703039658987,
            0.12351058584529162,
            0.13346210647113044
        ],
        "x_sigma": 0.3320041,
        "x_chi2": 0.11058216,
        "x_quality": 0.83463544
    },
    "y": {
        "y_gains": [
            0.14004801966498273,
            0.15004064526059788,
            0.15981465591169436,
            0.1717003780327223,
            0.17979866361406893,
            0.18721444064359608,
            0.17991123071929574,
            0.15908117260004973,
            0.14154525091974335,
            0.11095526827264061,
            0.09449763874025198,
            0.06324880457387524,
            0.034726054145835954,
            0.01963515139781661,
            0.02906613417508858,
            0.0392472533790904,
            0.05253170511663536,
            0.0646657823405379,
            0.07327702091978343,
            0.0847832469660527,
            0.09825021283452355,
            0.10950579269217472,
            0.11978892711885948,
            0.12815312103982826
        ],
        "y_sigma": 0.3334226,
        "y_chi2": 0.11152708,
        "y_quality": 0.8463542
    }
}