{
    "x": {
        "x_gains": [
            0.13329274125053117,
            0.14124078931737155,
            0.15322361807235801,
            0.1588163481101887,
            0.16258749280103227,
            0.17504028158239987,
            0.16779362458055788,
            0.14965024642307478,
            0.1253094124348164,
            0.10036742506969513,
            0.0850081135994025,
            0.05958560121097009,
            0.03100669915238537,
            0.017550370220672212,
            0.027168717764486178,
            0.036237517941648104,
            0.05018638722350939,
            0.0609592845623294,
            0.06871968559919202,
            0.07796218693601667,
            0.09062857076568817,
            0.09909363020199444,
            0.10931887671355973,
            0.12224851448189522
        ],
        "x_sigma": 0.32540753,
        "x_chi2": 0.10622473,
        "x_quality": 0.8463542
    },
    "y": {
        "y_gains": [
            0.12554189531402823,
            0.1346907103951731,
            0.14715943297115924,
            0.1536885403369406,
            0.15705737305837822,
            0.1682656502703457,
            0.15940279805469926,
            0.14386372445401055,
            0.12464090953961637,
            0.10520846056981534,
            0.08490126873908965,
            0.05907779328372926,
            0.03314415972727395,
            0.017777524941867493,
            0.027235485222638516,
            0.0369976140238716,
            0.050055078105193045,
            0.060034030890750725,
            0.06654427842977861,
            0.07638822420524355,
            0.08919012158754135,
            0.09611615291061096,
            0.10518873962957363,
            0.11505872482256219
        ],
        "y_sigma": 0.33939847,
        "y_chi2": 0.11556503,
        "y_quality": 0.83723956
    }
}