{
    "x": {
        "x_gains": [
            0.14542448753501278,
            0.1525934461664208,
            0.16509006752778085,
            0.17411768475018116,
            0.1742961312184938,
            0.18552572796585137,
            0.17756343897766075,
            0.15861182927022696,
            0.1354348854803239,
            0.10685041518865829,
            0.08573971121321948,
            0.060292852029161965,
            0.028778974311599738,
            0.016717397280453933,
            0.03233859387395787,
            0.04540485190798907,
            0.062091260990308414,
            0.0709201348503812,
            0.07891856937364462,
            0.09134194377300504,
            0.10681290064851454,
            0.11648123242735006,
            0.12405978192771533,
            0.13662357513565695
        ],
        "x_sigma": 0.34231636,
        "x_chi2": 0.11756237,
        "x_quality": 0.8229167
    },
    "y": {
        "y_gains": [
            0.14729014486795844,
            0.15385316008236682,
            0.1683289515343411,
            0.17431718650666442,
            0.17344783226026653,
            0.18520757129292276,
            0.1805254554431584,
            0.16336239005711148,
            0.13803762809115425,
            0.11306538984183226,
            0.09170324097594257,
            0.060238351107662805,
            0.03175590934602452,
            0.017854397743489795,
            0.033936728363638834,
            0.046804570091832906,
            0.06349842946159491,
            0.07200140949959237,
            0.08102901008722044,
            0.0911176841383611,
            0.10691046243425609,
            0.11713416277595784,
            0.1254924952977962,
            0.13695655178025232
        ],
        "y_sigma": 0.344653,
        "y_chi2": 0.11917514,
        "y_quality": 0.8177083
    }
}