{
    "x": {
        "x_gains": [
            0.5427773995523932,
            0.5911091276115941,
            0.6825022662487751,
            0.7219951266772939,
            0.7420295085842796,
            0.7378221349886913,
            0.6656626255398108,
            0.5549740352622733,
            0.46208329328611464,
            0.40877744925242576,
            0.33436323898204584,
            0.25819779949892585,
            0.09475055400648927,
            0.04612035993435781,
            0.10416009156088687,
            0.15711254048259915,
            0.23654466528622353,
            0.3146262045621555,
            0.3519096093423274,
            0.3854777576635484,
            0.4036290448877476,
            0.41946651828737697,
            0.4492923488253678,
            0.48022094773717006
        ],
        "x_sigma": 0.5231461,
        "x_chi2": 0.2755214,
        "x_quality": 0.7864583
    },
    "y": {
        "y_gains": [
            0.5285229011087142,
            0.585362164449188,
            0.6747262264599827,
            0.7122488859715175,
            0.7417996459983729,
            0.7351873533071485,
            0.6599286630313836,
            0.5522367354945081,
            0.47272488503685345,
            0.4365088112577369,
            0.3494910013056984,
            0.2616943758267252,
            0.09644164099309815,
            0.048098236608020005,
            0.10012068547427068,
            0.15459068637491796,
            0.2289540985267788,
            0.3062046243022362,
            0.3417727856925709,
            0.3806990166925098,
            0.39251104624211886,
            0.4097108015336295,
            0.4460310661529638,
            0.47092774649771035
        ],
        "y_sigma": 0.53543055,
        "y_chi2": 0.28878915,
        "y_quality": 0.78776044
    }
}