{
    "x": {
        "x_gains": [
            0.529777916038041,
            0.5616361404319499,
            0.5929713211792397,
            0.6267559350966652,
            0.6234611031657921,
            0.5920377435902294,
            0.5132858129905762,
            0.42097618230424094,
            0.3397097995066734,
            0.2718581052930909,
            0.2163445260616188,
            0.1463584852634422,
            0.04740729952946359,
            0.022148095009126123,
            0.11903493615858786,
            0.1887647592805722,
            0.279527503479768,
            0.34239414380013056,
            0.389441963547687,
            0.4217118159771088,
            0.43058778505126666,
            0.4457074406667569,
            0.4692057233901822,
            0.49774365335778115
        ],
        "x_sigma": 0.5409418,
        "x_chi2": 0.29503533,
        "x_quality": 0.80338544
    },
    "y": {
        "y_gains": [
            0.5716522998057926,
            0.612210988966856,
            0.6365179919766908,
            0.6760457193494899,
            0.6586213001289845,
            0.6267181870797659,
            0.5359614309291229,
            0.4400977844465306,
            0.3710213479376241,
            0.30218922799355297,
            0.2404177479555055,
            0.16993652870652812,
            0.05967550608111309,
            0.028059965943058134,
            0.1429547850597611,
            0.22240221975207491,
            0.30764171246298105,
            0.3732031759888839,
            0.4130305351409477,
            0.4446414304790673,
            0.46281535486205355,
            0.47650660428623404,
            0.5067522713143553,
            0.5308505946482192
        ],
        "y_sigma": 0.5426492,
        "y_chi2": 0.2966906,
        "y_quality": 0.7916667
    }
}