{
    "x": {
        "x_gains": [
            0.5229374757651163,
            0.5558046177803898,
            0.6121122070232041,
            0.6551729673012999,
            0.6361555441019284,
            0.6202466621735998,
            0.5440818664750193,
            0.44167387331203284,
            0.3529667935546993,
            0.2889096261798347,
            0.2368171191874748,
            0.17259674565384134,
            0.060714382423623425,
            0.028229324645024707,
            0.11312553755841379,
            0.17837206593559093,
            0.2708662492256611,
            0.3372530911100692,
            0.3842589844073468,
            0.4080239709186627,
            0.42268894502292015,
            0.4298358151838384,
            0.45546342036632015,
            0.47380745033787214
        ],
        "x_sigma": 0.5386837,
        "x_chi2": 0.29234254,
        "x_quality": 0.8072917
    },
    "y": {
        "y_gains": [
            0.5040240778350271,
            0.5248564399544026,
            0.5838343166952035,
            0.6199699512964005,
            0.6008495291322494,
            0.5848575696360665,
            0.5082133115601198,
            0.41653892806206094,
            0.344171547764919,
            0.28143680807881244,
            0.2179333139750435,
            0.15669198156205452,
            0.05915238185938414,
            0.02618996186951071,
            0.12233809134716138,
            0.1835398658499779,
            0.2639702283817622,
            0.32564031958601475,
            0.37145988974253263,
            0.39196493826591416,
            0.41261853498963913,
            0.4246547949322885,
            0.45108473247788416,
            0.4602548108709425
        ],
        "y_sigma": 0.56812,
        "y_chi2": 0.32555324,
        "y_quality": 0.8072917
    }
}