{
    "x": {
        "x_gains": [
            0.12899430877109702,
            0.12924335999959882,
            0.1361420046060652,
            0.1432762730322519,
            0.144064610096336,
            0.15083566654741096,
            0.14244272203654576,
            0.12838822133076574,
            0.10635909318662586,
            0.07872174155164174,
            0.06346606054040208,
            0.044265311581536286,
            0.02201599206437969,
            0.011654460173562881,
            0.032155318936711065,
            0.04333835148105132,
            0.05731255798956258,
            0.0685434925939099,
            0.07627781356054765,
            0.08502655932120237,
            0.1002328559593219,
            0.10591566528700921,
            0.11497149626664557,
            0.12168088021028403
        ],
        "x_sigma": 0.33644545,
        "x_chi2": 0.11355932,
        "x_quality": 0.83984375
    },
    "y": {
        "y_gains": [
            0.15457189266249544,
            0.15859248534882972,
            0.16965694094114644,
            0.1780104413804496,
            0.17736153783804445,
            0.18556072228768908,
            0.17785738516242194,
            0.1574576261845734,
            0.132979695995117,
            0.10609606786753269,
            0.08297875818471354,
            0.056299944032225636,
            0.028968649171900746,
            0.014849143835489303,
            0.03555346975199677,
            0.04892657300522326,
            0.06340808300878963,
            0.07684113471918369,
            0.08562250083974267,
            0.09697737992915414,
            0.11332775156380964,
            0.12310483188927263,
            0.1340331184576927,
            0.14363009849146743
        ],
        "y_sigma": 0.35508382,
        "y_chi2": 0.12649682,
        "y_quality": 0.82161456
    }
}