{
    "x": {
        "x_gains": [
            0.10791067240866549,
            0.1118770712641281,
            0.1151180374308601,
            0.12190424177999697,
            0.1256547713064314,
            0.12160914189427642,
            0.11402073010894112,
            0.10206443695336839,
            0.0852106953738091,
            0.06451523414352639,
            0.050596986251230325,
            0.03439728137646913,
            0.015882799425353963,
            0.00801049438848847,
            0.02741366340846139,
            0.03697958445893025,
            0.04833842232187134,
            0.056675944518784396,
            0.06453415696126724,
            0.0745995700229983,
            0.08260368807294434,
            0.08997216980843487,
            0.09683178972163474,
            0.10296135386767119
        ],
        "x_sigma": 0.35178944,
        "x_chi2": 0.12415673,
        "x_quality": 0.8307292
    },
    "y": {
        "y_gains": [
            0.10651274297154363,
            0.11075250679992704,
            0.11508540660652379,
            0.12132905300611535,
            0.12541609926333092,
            0.12484050065535021,
            0.1172945541897908,
            0.10211131481183845,
            0.08473833733552501,
            0.06472734060860011,
            0.04972676633700804,
            0.03351101993134933,
            0.01642873018877909,
            0.008166981449354996,
            0.030896639001816103,
            0.042216022001977486,
            0.0533028497888914,
            0.06104655404106516,
            0.06989984680050576,
            0.07994725399970115,
            0.08732128552824772,
            0.09320233434566602,
            0.09758951935405107,
            0.10364265587622248
        ],
        "y_sigma": 0.37522006,
        "y_chi2": 0.14127943,
        "y_quality": 0.82682294
    }
}