{
    "x": {
        "x_gains": [
            0.12522912233294842,
            0.13007045018800578,
            0.13874423453536297,
            0.14605831334342742,
            0.14406717333650856,
            0.1522762489724589,
            0.14087423734209759,
            0.12302928613733072,
            0.10294508384207936,
            0.08162319809648172,
            0.06557186998252247,
            0.04517222928791175,
            0.022613518506089458,
            0.012114002454296897,
            0.028921463390184927,
            0.04001682307241965,
            0.05292132879317725,
            0.06367179583307572,
            0.07197470002924332,
            0.08447314353794812,
            0.09339356346503569,
            0.10207454258866348,
            0.10620915726857237,
            0.11510136862433376
        ],
        "x_sigma": 0.36065763,
        "x_chi2": 0.13049588,
        "x_quality": 0.82682294
    },
    "y": {
        "y_gains": [
            0.13400496622404826,
            0.1394897351108064,
            0.1486026234039651,
            0.1559896192028213,
            0.1538126865719048,
            0.1633288457099686,
            0.15311458648557988,
            0.1352593251295487,
            0.11577653230529948,
            0.09213291758047165,
            0.07169823874710483,
            0.048263114282662674,
            0.024845029130796656,
            0.01330435821505537,
            0.03198160827256748,
            0.04416730149801353,
            0.05590612735069193,
            0.06682479640990463,
            0.07499919750858666,
            0.08657816012232455,
            0.09704403858470974,
            0.10711896578780912,
            0.11442243274678487,
            0.12435189347519396
        ],
        "y_sigma": 0.35873324,
        "y_chi2": 0.12912531,
        "y_quality": 0.8255208
    }
}