{
    "x": {
        "x_gains": [
            0.5314284104816814,
            0.5308969833690149,
            0.5212143627497685,
            0.5062659780706842,
            0.5011898748819573,
            0.4971017476804984,
            0.49822705901051106,
            0.49944297125416026,
            0.5015833984722974,
            0.49702476008366314,
            0.4984000362037786,
            0.4881094583507914,
            0.47259678274068995,
            0.45852858817993086,
            0.4438507102809761,
            0.4392152067548488,
            0.44347117304333866,
            0.44414112566502356,
            0.43630645641931143,
            0.4298174694152634,
            0.4209140400929041,
            0.4089848407314874,
            0.3963283036233087,
            0.38625488805560837
        ],
        "x_sigma": 0.022634123,
        "x_chi2": 0.0005145224,
        "x_quality": 0.83984375
    },
    "y": {
        "y_gains": [
            0.5381784317674242,
            0.5341884907593938,
            0.5244932307067919,
            0.5092703241001435,
            0.5078406534162238,
            0.501684908766091,
            0.5030816518122586,
            0.5043208444832368,
            0.5074228349409334,
            0.5018776749452727,
            0.5008553607851489,
            0.49206135276818214,
            0.4757846998107804,
            0.46514462043966404,
            0.4521088345321451,
            0.4475063224812006,
            0.4505435424878104,
            0.45179145703919554,
            0.4505871488489864,
            0.4463998742937954,
            0.4442441989037652,
            0.4345617379688324,
            0.42303362233157266,
            0.4148740133414356
        ],
        "y_sigma": 0.022765884,
        "y_chi2": 0.0005210502,
        "y_quality": 0.8359375
    }
}