{
    "x": {
        "x_gains": [
            0.4907789506085954,
            0.4900288921034784,
            0.47817631967578883,
            0.46783406861254456,
            0.45558671869952955,
            0.4640417526207338,
            0.4609278810112832,
            0.46727688042964055,
            0.4749034877387043,
            0.4704608677001469,
            0.46412704085362244,
            0.45220680538683217,
            0.43675535668434207,
            0.42035457749320704,
            0.4109595346228476,
            0.4153003975753766,
            0.4087587183125132,
            0.4124220702721841,
            0.4084516822082532,
            0.39605990104997857,
            0.39076207200807156,
            0.3792981928982406,
            0.3721129615875232,
            0.35450791376878604
        ],
        "x_sigma": 0.020394284,
        "x_chi2": 0.00041762125,
        "x_quality": 0.82942706
    },
    "y": {
        "y_gains": [
            0.5418268080950226,
            0.5445346581062914,
            0.5302440045045288,
            0.5181767866852195,
            0.5031498691256875,
            0.5066938822084679,
            0.5019346569417161,
            0.5058689140871189,
            0.5083749692433144,
            0.5021124624463813,
            0.4939842596855494,
            0.48234780672593497,
            0.4711054536580632,
            0.45456696382769746,
            0.4438585511569173,
            0.4444810894409295,
            0.438618460626405,
            0.44282268998665425,
            0.4408835358965391,
            0.43497641905837,
            0.430572730623366,
            0.42032547735208564,
            0.4097917778312237,
            0.39497777855017874
        ],
        "y_sigma": 0.024099365,
        "y_chi2": 0.0005835912,
        "y_quality": 0.83723956
    }
}