{
    "x": {
        "x_gains": [
            2.5812132280363533,
            2.5361845695132303,
            2.4923081140829115,
            2.443347804793712,
            2.376927450469586,
            2.337160886135485,
            2.317361230036802,
            2.341345730602887,
            2.3277144479094285,
            2.282931249023191,
            2.250954201995768,
            2.1925260645306026,
            2.100890121933982,
            2.0295070023065347,
            1.9803441339058008,
            1.8993247710506438,
            1.9066369460099524,
            1.8757605036491982,
            1.8906450881040613,
            1.8881186246022537,
            1.8299194873853861,
            1.7910262777584447,
            1.739788226017976,
            1.6805352840986911
        ],
        "x_sigma": 0.032124557,
        "x_chi2": 0.0010375384,
        "x_quality": 0.84765625
    },
    "y": {
        "y_gains": [
            2.5145368518576956,
            2.472920469863792,
            2.4298110800017,
            2.3765642248657537,
            2.3183346048625864,
            2.2967064540437074,
            2.2489216195941886,
            2.2878606389043017,
            2.2748394094180218,
            2.237471535446494,
            2.190640152589478,
            2.1211952095012236,
            2.065721337496726,
            2.005193451038189,
            1.9698161137261512,
            1.9065104472006231,
            1.8973144936328499,
            1.8777244608348929,
            1.8927832905091113,
            1.8892965550018719,
            1.8352129278271319,
            1.7916560570767153,
            1.7590929272502493,
            1.7211298115689873
        ],
        "y_sigma": 0.031434987,
        "y_chi2": 0.000993661,
        "y_quality": 0.8463542
    }
}