{
    "x": {
        "x_gains": [
            0.49866686400576704,
            0.4948619718616534,
            0.4836480995773399,
            0.4764167968554967,
            0.47025326006599444,
            0.46882050620894156,
            0.4702506285369901,
            0.47857766717316136,
            0.4815997124271797,
            0.49145024017173233,
            0.4851221996139107,
            0.4680823974805933,
            0.456022615438363,
            0.4373058826518526,
            0.4323844728141506,
            0.43104269486513497,
            0.42361608860015215,
            0.4315295885598399,
            0.42620931565701237,
            0.42149975852278837,
            0.41836627967785794,
            0.40723070698712194,
            0.3907796174509829,
            0.3749146834773412
        ],
        "x_sigma": 0.01838691,
        "x_chi2": 0.00033931123,
        "x_quality": 0.83203125
    },
    "y": {
        "y_gains": [
            0.49211285801333443,
            0.4835889729721156,
            0.4666202721684059,
            0.46189713532320464,
            0.4524603117650631,
            0.45292525854558996,
            0.45434011346599124,
            0.4623857514166112,
            0.4589153718751879,
            0.4680149897712984,
            0.4636869586280875,
            0.44759832168533303,
            0.4336132292274222,
            0.4176701191278714,
            0.40990574955119424,
            0.4063796401849645,
            0.40205466013515473,
            0.4114481836352492,
            0.40950862650397163,
            0.40667822581743845,
            0.40819618757823084,
            0.39896285615912874,
            0.383652284578379,
            0.37164900813569407
        ],
        "y_sigma": 0.020396693,
        "y_chi2": 0.0004181748,
        "y_quality": 0.82942706
    }
}