{
    "x": {
        "x_gains": [
            0.5280530841204405,
            0.5241790151011781,
            0.5262070861677259,
            0.5241950892670164,
            0.5159628589295628,
            0.5128208021040422,
            0.509248435372376,
            0.5193083788693212,
            0.5311139850278968,
            0.5182115606987938,
            0.5090202200647117,
            0.5045070643097173,
            0.48912298097370294,
            0.4762025626650429,
            0.4675118532955284,
            0.4630539230460872,
            0.4698442231478153,
            0.46761608943513105,
            0.46291307122084246,
            0.4525884825192451,
            0.44958063343303684,
            0.4437506157039793,
            0.4282785839122803,
            0.4153312900418301
        ],
        "x_sigma": 0.02646287,
        "x_chi2": 0.0007032752,
        "x_quality": 0.8463542
    },
    "y": {
        "y_gains": [
            0.5204180830712161,
            0.5105797224284397,
            0.5060742318792657,
            0.5062532400207361,
            0.493807310659216,
            0.48925546082482607,
            0.47976990235483064,
            0.4946866204781067,
            0.49902241508884093,
            0.4953791037204952,
            0.48138051459288184,
            0.4680539160666996,
            0.4488923693010589,
            0.4362162238323157,
            0.4307402611672967,
            0.43044310588116996,
            0.4388856167527907,
            0.4406916514448098,
            0.43911582272630767,
            0.4296586860143692,
            0.42013235597663273,
            0.4069546432364972,
            0.39546424655202633,
            0.38665603620337796
        ],
        "y_sigma": 0.027558383,
        "y_chi2": 0.00076284166,
        "y_quality": 0.8333333
    }
}