{
    "x": {
        "x_gains": [
            0.3925483334949324,
            0.3943300076854918,
            0.40052805618928,
            0.39213102823029694,
            0.3882664330855805,
            0.3880597582535169,
            0.3933762984171482,
            0.3990935468090036,
            0.4034039222963365,
            0.40164526754233904,
            0.4016451062234829,
            0.40195523890772367,
            0.3908270545338577,
            0.3828880587705602,
            0.3762425976150132,
            0.371887022061491,
            0.36091955806843795,
            0.3619491541067294,
            0.3581606217152642,
            0.34993186126797393,
            0.3438538868555663,
            0.33302312229491565,
            0.3267176601056206,
            0.31758106884004755
        ],
        "x_sigma": 0.019683048,
        "x_chi2": 0.00038884275,
        "x_quality": 0.828125
    },
    "y": {
        "y_gains": [
            0.3769252256868058,
            0.37641879300937603,
            0.3775854407887126,
            0.36448196178771114,
            0.3600771904674749,
            0.35735420663077877,
            0.36211842902161934,
            0.36758856899534514,
            0.37018116666296486,
            0.36936057958584706,
            0.368895158631005,
            0.36674018584925655,
            0.35852392973346864,
            0.3493888699520121,
            0.34444978418154326,
            0.339032446150968,
            0.33433392791279076,
            0.33992255068636146,
            0.3376945458278514,
            0.32760500690525834,
            0.3157251322256854,
            0.3069721133332447,
            0.2948788073166627,
            0.28931458250806347
        ],
        "y_sigma": 0.019916799,
        "y_chi2": 0.0003978937,
        "y_quality": 0.8411458
    }
}