{
    "x": {
        "x_gains": [
            0.37082817835811893,
            0.3794945148242322,
            0.37561794786693325,
            0.35239334991461513,
            0.3377115610960064,
            0.35223552439680106,
            0.368827945562323,
            0.3571155633105184,
            0.36233586773987164,
            0.3648029770257664,
            0.357951085125135,
            0.35638401375357187,
            0.3488297094635721,
            0.35505084683177474,
            0.3574395575069849,
            0.3532347685874255,
            0.35186816485093897,
            0.34369300818095905,
            0.33111424977987525,
            0.3389661599913496,
            0.3423269468818123,
            0.33502574940904806,
            0.3329396433031155,
            0.3276775102800627
        ],
        "x_sigma": 0.03262228,
        "x_chi2": 0.0010675398,
        "x_quality": 0.82942706
    },
    "y": {
        "y_gains": [
            0.4987994645088468,
            0.49824386476206645,
            0.5020666317730358,
            0.4956563404433418,
            0.4562249846138124,
            0.4406536479952903,
            0.44917610546619025,
            0.4443242399267363,
            0.45064999502031755,
            0.4594176623855372,
            0.4572408268688244,
            0.45119137986235414,
            0.43343620508224756,
            0.4203286398316533,
            0.4117113093473618,
            0.40882589699467997,
            0.4093606032992827,
            0.410929187737232,
            0.40441666677114096,
            0.40342589268064405,
            0.39771401935952533,
            0.3860994022177395,
            0.3741274272779525,
            0.3614909477244326
        ],
        "y_sigma": 0.027979985,
        "y_chi2": 0.00078526523,
        "y_quality": 0.83203125
    }
}