{
    "x": {
        "x_gains": [
            0.4249245981923623,
            0.4161178592250812,
            0.4082742992512617,
            0.40000752014137864,
            0.4028757269388898,
            0.39729016325447386,
            0.4005956376416967,
            0.4028057677435639,
            0.4053136128265222,
            0.4092744538007313,
            0.40459125298795695,
            0.3939661251379029,
            0.3873891655385572,
            0.3809530049896844,
            0.3716396850680712,
            0.36465987772079117,
            0.3631633532731804,
            0.36491320156341955,
            0.3603321440811139,
            0.3540874868031594,
            0.34405994102193305,
            0.33532782973179504,
            0.3223172911397652,
            0.30930104428383676
        ],
        "x_sigma": 0.01877336,
        "x_chi2": 0.00035349742,
        "x_quality": 0.82421875
    },
    "y": {
        "y_gains": [
            0.4218181916350416,
            0.41263804702703777,
            0.40858492494866944,
            0.39812117064663755,
            0.3981454702512075,
            0.3912268168768989,
            0.3949738784025518,
            0.39636077391819274,
            0.40072772154232084,
            0.40639255488839443,
            0.40098731095703843,
            0.39053535993066596,
            0.38433216137646253,
            0.38104455744532484,
            0.3731537100732993,
            0.3650302615562284,
            0.36326226954641616,
            0.36866435558355437,
            0.36355750470852416,
            0.3599183935431216,
            0.34785512529741613,
            0.3394939950641647,
            0.3291466103922513,
            0.32229537217041987
        ],
        "y_sigma": 0.020509228,
        "y_chi2": 0.00042194067,
        "y_quality": 0.83203125
    }
}