{
    "x": {
        "x_gains": [
            0.5086467920053745,
            0.5127163656654153,
            0.4967638566937613,
            0.4889534177012677,
            0.47707419935022494,
            0.4713669334682071,
            0.47417253336633575,
            0.48425338732823164,
            0.4855360981280107,
            0.4803627699638767,
            0.47342230832195936,
            0.4612665271796689,
            0.454439797292584,
            0.44400346020776615,
            0.43348648410816876,
            0.4264299946082191,
            0.42194361660278934,
            0.42378968843405895,
            0.4260462524332566,
            0.4226056495106522,
            0.4141735489885302,
            0.40051554360773184,
            0.3867571265801929,
            0.36755912840997923
        ],
        "x_sigma": 0.021771919,
        "x_chi2": 0.0004756534,
        "x_quality": 0.8359375
    },
    "y": {
        "y_gains": [
            0.5704759418030109,
            0.5734852205116623,
            0.5617884422701983,
            0.5584654709176313,
            0.547735505316403,
            0.5457694842161828,
            0.5402251658491259,
            0.5488495591832439,
            0.5425166501072501,
            0.5196791584024688,
            0.5185673560397385,
            0.5066685176956514,
            0.49814533021381446,
            0.4977598814296142,
            0.4915616076620691,
            0.48662148580819536,
            0.49081513104518587,
            0.48764728471896274,
            0.48532809489600826,
            0.48117297653651403,
            0.47461358385842994,
            0.46276296794880545,
            0.4429725353041359,
            0.42956488942784965
        ],
        "y_sigma": 0.03089313,
        "y_chi2": 0.00095929863,
        "y_quality": 0.82161456
    }
}