{
    "x": {
        "x_gains": [
            0.5319701279622224,
            0.526871888887355,
            0.5214607701412397,
            0.5091104033910826,
            0.509147367053858,
            0.49527743064332974,
            0.4971626183626118,
            0.504153595434385,
            0.5069156217150284,
            0.5002400902313066,
            0.5015231760379448,
            0.5004173731100424,
            0.4819655712713818,
            0.4735650989341423,
            0.4699469843408025,
            0.45916623218061947,
            0.4564780164752046,
            0.4587436259866887,
            0.46089697095284415,
            0.4571100705965364,
            0.44486970033399037,
            0.4319196201042343,
            0.4264298127657564,
            0.4167246955805262
        ],
        "x_sigma": 0.021227302,
        "x_chi2": 0.00045212262,
        "x_quality": 0.82942706
    },
    "y": {
        "y_gains": [
            0.5283338579688542,
            0.5183912246733487,
            0.5115260633271312,
            0.49737163957068875,
            0.4939578824835669,
            0.4835966202592842,
            0.4826561844040079,
            0.4856204624534527,
            0.48771542390273787,
            0.4824528287777323,
            0.4788633316868416,
            0.47230547130937905,
            0.45033494562250564,
            0.4429067705607842,
            0.4406748918341445,
            0.4308640314620362,
            0.43143756073831907,
            0.4352790918128094,
            0.43314507548917347,
            0.4314777703731398,
            0.4231824240828716,
            0.40652624220394457,
            0.39265052454183574,
            0.3791848163479012
        ],
        "y_sigma": 0.022534518,
        "y_chi2": 0.00050987216,
        "y_quality": 0.8307292
    }
}