{
    "x": {
        "x_gains": [
            2.2886275123694597,
            2.2545875784399203,
            2.159249719454082,
            2.1216171636452326,
            2.0596783565084906,
            1.988607664412116,
            1.9846901005642474,
            1.993177155279762,
            1.9457908884994888,
            1.9396730642256788,
            1.9515009091066986,
            1.888923871758994,
            1.8013862171328976,
            1.7108956869123855,
            1.6437120363131492,
            1.6086924473787854,
            1.5961426977110036,
            1.5885991954698235,
            1.5971960903195221,
            1.5799515523655983,
            1.525080017135799,
            1.475771296003315,
            1.4241509454169086,
            1.3632070897238098
        ],
        "x_sigma": 0.024457537,
        "x_chi2": 0.00060064305,
        "x_quality": 0.8203125
    },
    "y": {
        "y_gains": [
            2.2552729974134276,
            2.202866757929968,
            2.12389043715782,
            2.091108029421974,
            2.058582905288759,
            1.9953201760590709,
            1.9850237895176057,
            1.9611063581519517,
            1.9312479589123135,
            1.9013758983454474,
            1.8801201547188477,
            1.8293996971245863,
            1.7383601145092575,
            1.7045425684449693,
            1.6523357657973998,
            1.61003295254444,
            1.601740130477751,
            1.6058594599976395,
            1.5842899275916131,
            1.549192436966458,
            1.5218768272033656,
            1.4717355397200083,
            1.442891196120008,
            1.3983445334670972
        ],
        "y_sigma": 0.027290758,
        "y_chi2": 0.0007484405,
        "y_quality": 0.8359375
    }
}