{
    "x": {
        "x_gains": [
            2.379430395295961,
            2.322543832092344,
            2.279233707951984,
            2.211774291972343,
            2.1240780173855787,
            2.0803679421957284,
            2.060893806346382,
            2.0733627478541887,
            2.0834523939565965,
            2.017145331892016,
            1.9947082783026564,
            1.9406537977255771,
            1.8772653312739733,
            1.822739894123966,
            1.7596470007344767,
            1.7134633497900065,
            1.6838540455519564,
            1.675084805355983,
            1.6282383421798237,
            1.610262551054582,
            1.5834390014960331,
            1.5300753133670746,
            1.479563309848225,
            1.4502752114755058
        ],
        "x_sigma": 0.026194777,
        "x_chi2": 0.0006890089,
        "x_quality": 0.8463542
    },
    "y": {
        "y_gains": [
            2.6414196256949904,
            2.5988406675735582,
            2.523566833588836,
            2.464339346230979,
            2.375287884891649,
            2.350120092311777,
            2.3187011619220206,
            2.325446465373695,
            2.3190533679809184,
            2.24487409937896,
            2.2330319826898934,
            2.167392725167992,
            2.093352554775605,
            2.0385780510378404,
            1.9671447484120224,
            1.9108763450897455,
            1.8834917224305783,
            1.8700135970558656,
            1.8282658678851207,
            1.825075859734379,
            1.80289133288838,
            1.7540961697608661,
            1.7148090740151036,
            1.6789260729227438
        ],
        "y_sigma": 0.029353218,
        "y_chi2": 0.00086553197,
        "y_quality": 0.85026044
    }
}