{
    "x": {
        "x_gains": [
            2.4171053712915564,
            2.3025488386726525,
            2.219917306748373,
            2.1091819735978508,
            2.0553952450034214,
            2.0635876370794835,
            2.063576437564215,
            2.0435897697896124,
            2.0207795549164325,
            1.9942028523083397,
            1.923772440805522,
            1.807555691242736,
            1.71363092122245,
            1.6455586741635029,
            1.5889962644286821,
            1.5594853199408893,
            1.5314584381935687,
            1.5244815733625507,
            1.476594500571442,
            1.4694103300427848,
            1.400353309139896,
            1.3314283256849433,
            1.2693857417008194,
            1.2269866837711882
        ],
        "x_sigma": 0.027895536,
        "x_chi2": 0.0007817221,
        "x_quality": 0.84765625
    },
    "y": {
        "y_gains": [
            2.2893633477415176,
            2.160714273367347,
            2.084695942718893,
            1.975480181943305,
            1.923860156144338,
            1.9183124988610019,
            1.927859497599815,
            1.90378437494485,
            1.8948838212621275,
            1.881988765279867,
            1.806681632615084,
            1.7014741776452018,
            1.6041543748337697,
            1.5247825964973916,
            1.4711530282493452,
            1.4499483484899818,
            1.4423965938669874,
            1.4284634775457683,
            1.405231733954783,
            1.3988337419513206,
            1.353130828103618,
            1.2864530957271618,
            1.2109583984929866,
            1.172999420749426
        ],
        "y_sigma": 0.026368879,
        "y_chi2": 0.00069860765,
        "y_quality": 0.83723956
    }
}