{
    "x": {
        "x_gains": [
            2.5867726415682464,
            2.4782742091455257,
            2.4361626121977737,
            2.356854664321439,
            2.31670915356807,
            2.2796454786537415,
            2.260992567145205,
            2.23290154525272,
            2.196175917468412,
            2.1971676750933904,
            2.1144117948486882,
            1.9948019450914807,
            1.8668696775428815,
            1.8309877464807043,
            1.7808145018135817,
            1.7952610995428475,
            1.7838132504502344,
            1.785395018826455,
            1.7757844794305557,
            1.7154759605207224,
            1.651490842070408,
            1.5947082731583455,
            1.5464341440040095,
            1.4854005181968248
        ],
        "x_sigma": 0.032386396,
        "x_chi2": 0.0010532932,
        "x_quality": 0.8567708
    },
    "y": {
        "y_gains": [
            2.684943326484759,
            2.551753190960986,
            2.5452943400009778,
            2.4411228628121906,
            2.423122559794426,
            2.3540760072761664,
            2.3496148957689686,
            2.3260148455106298,
            2.270929006626162,
            2.2863027147101174,
            2.193194561140672,
            2.089724319806227,
            1.9465190011398814,
            1.8680579464102742,
            1.8253767897134905,
            1.8689782688289749,
            1.846443311651473,
            1.8608242986436916,
            1.8484703491954577,
            1.7847830114358185,
            1.7437849759671555,
            1.6866344508242328,
            1.6351939791372796,
            1.5924038514516512
        ],
        "y_sigma": 0.03531703,
        "y_chi2": 0.0012529622,
        "y_quality": 0.85546875
    }
}