{
    "x": {
        "x_gains": [
            2.350021620198906,
            2.2511874000500933,
            2.1131672933264274,
            2.017995841152731,
            2.0264457657050965,
            2.0003334956003864,
            1.9988742340313936,
            1.9736094860355782,
            1.9867819397548112,
            1.9704899426193327,
            1.857222319726394,
            1.812668340242923,
            1.6925402473376767,
            1.6036582395174552,
            1.558636529702001,
            1.5195562944246084,
            1.482977707122788,
            1.4701180137235517,
            1.4551248799813,
            1.4357536838209082,
            1.3595033375399086,
            1.3138647482664705,
            1.2350272093784607,
            1.1869051179621675
        ],
        "x_sigma": 0.028219571,
        "x_chi2": 0.00079900824,
        "x_quality": 0.8411458
    },
    "y": {
        "y_gains": [
            2.5258581571515695,
            2.421437255221448,
            2.295003937079254,
            2.1897751079066428,
            2.1697887938437015,
            2.155827292795085,
            2.1541906785325806,
            2.122436844450891,
            2.1229216199293086,
            2.0962673025903156,
            1.9945292456227661,
            1.9350159716218298,
            1.8247280799338923,
            1.7177552854900695,
            1.6701512981710256,
            1.6394028507904053,
            1.5870635277724214,
            1.5774605620267983,
            1.572318267720361,
            1.5594176404723021,
            1.4846305478323838,
            1.4365397916638056,
            1.355201221632589,
            1.3324398169579457
        ],
        "y_sigma": 0.028126962,
        "y_chi2": 0.00079441414,
        "y_quality": 0.83463544
    }
}