{
    "x": {
        "x_gains": [
            0.5495119317449032,
            0.543480564754568,
            0.5335633204669874,
            0.5289587457668754,
            0.5255761102532541,
            0.5213401193743752,
            0.5257659489786207,
            0.5379713348429884,
            0.5355154373570642,
            0.5482186839944705,
            0.5387780954593021,
            0.5359116256005627,
            0.509184906476226,
            0.49857221382266537,
            0.49224095352192004,
            0.485969761406342,
            0.4844975324540672,
            0.48671167614010385,
            0.4923877833470119,
            0.49303611144391046,
            0.48115072777896783,
            0.46878817693715935,
            0.44389815378318864,
            0.4260848279501421
        ],
        "x_sigma": 0.019392198,
        "x_chi2": 0.00037762625,
        "x_quality": 0.8411458
    },
    "y": {
        "y_gains": [
            0.522839648791877,
            0.5211833133572455,
            0.5160569574128124,
            0.508316412327161,
            0.5123086770437864,
            0.5089171703207852,
            0.5107842908904278,
            0.5146408900199552,
            0.5085724980267387,
            0.5102977056402797,
            0.5036994457643889,
            0.49962428253953023,
            0.482860550886911,
            0.47741572955926653,
            0.4765141881623012,
            0.46344206765605367,
            0.46474148127702963,
            0.46774426213436193,
            0.4692683215257602,
            0.4678303916470194,
            0.4555750956776037,
            0.45086303074187034,
            0.44373299254639503,
            0.43681556733802457
        ],
        "y_sigma": 0.023676885,
        "y_chi2": 0.00056395796,
        "y_quality": 0.8411458
    }
}