{
    "x": {
        "x_gains": [
            2.653508801025316,
            2.5720349837910357,
            2.50454449598797,
            2.4533615960589197,
            2.4077820672147774,
            2.3888382773685857,
            2.3796894457679483,
            2.3519013593754665,
            2.3568027284233826,
            2.400536183762005,
            2.326989332126836,
            2.2640059615804984,
            2.165413419214207,
            2.0963210906504584,
            2.0402846033798947,
            2.004981014433778,
            1.9718592029429602,
            1.9583686084478933,
            1.9533611583119133,
            1.919368850102283,
            1.8577163872692182,
            1.7934255351335202,
            1.724088883678309,
            1.6664519721042605
        ],
        "x_sigma": 0.024614679,
        "x_chi2": 0.0006082509,
        "x_quality": 0.83984375
    },
    "y": {
        "y_gains": [
            2.7442689578970687,
            2.6652930101864567,
            2.5850230896847393,
            2.546735331065533,
            2.4946388962799495,
            2.4694937266216117,
            2.4528426889209487,
            2.3933092646198286,
            2.4069778866608993,
            2.43846199764269,
            2.382444698931893,
            2.324485211369392,
            2.2115608769838504,
            2.1222204588928233,
            2.0816129669500225,
            2.0596285109843593,
            2.015911874654309,
            1.9901788653353432,
            1.9929332976784282,
            1.9581220356480034,
            1.9059497652632267,
            1.8733773039964947,
            1.8117525014912084,
            1.772473591472842
        ],
        "y_sigma": 0.029795626,
        "y_chi2": 0.00089169154,
        "y_quality": 0.85546875
    }
}