{
    "x": {
        "x_gains": [
            2.0495211447559365,
            2.0261399610478645,
            2.0245554278735933,
            2.050954992325942,
            2.0006068240618746,
            2.0341221964329432,
            2.0093027906181713,
            2.0490850538117398,
            2.0439533778322425,
            1.9682032823332498,
            1.9543808423772306,
            1.8838381680532847,
            1.87472172099454,
            1.897905225065938,
            1.8587607968909028,
            1.8446777633872418,
            1.8721599333810608,
            1.7992413678696515,
            1.7489513287832614,
            1.7021541407469727,
            1.634274795462338,
            1.6527237383024347,
            1.6544262835130101,
            1.5821175155755514
        ],
        "x_sigma": 0.03608611,
        "x_chi2": 0.0013065182,
        "x_quality": 0.8385417
    },
    "y": {
        "y_gains": [
            1.7954757100325403,
            1.7634581838214702,
            1.7511779298345032,
            1.7819700484335896,
            1.7411850331216923,
            1.786744663074095,
            1.7762716257517892,
            1.7739688065679846,
            1.754759390024579,
            1.6607003239694191,
            1.666823236929389,
            1.624631492961609,
            1.599182753645577,
            1.6129813773557673,
            1.567505584160268,
            1.5472691658529578,
            1.550132365802716,
            1.4839306485604966,
            1.4507808733750185,
            1.4366647769735967,
            1.4156509241517876,
            1.423858457078499,
            1.4326998555408736,
            1.3382076207712303
        ],
        "y_sigma": 0.037771113,
        "y_chi2": 0.0014324693,
        "y_quality": 0.8385417
    }
}