{
    "x": {
        "x_gains": [
            1.0935910055376825,
            1.001363105527399,
            0.9817736664151036,
            0.996478743065629,
            0.979472125251761,
            0.9900472529752901,
            1.0023767354774906,
            1.0137796991831773,
            1.0220378965519814,
            1.0041325073339329,
            0.9652845079558748,
            0.9547842808135143,
            0.885818209906672,
            0.9056002318336592,
            0.9397184697436496,
            0.9201131113450038,
            0.9082992849777198,
            0.9143726580630296,
            0.882889790103547,
            0.8171778631746804,
            0.8111462526705977,
            0.8095509526107492,
            0.8025275766532208,
            0.8206346952860281
        ],
        "x_sigma": 0.05547724,
        "x_chi2": 0.003088388,
        "x_quality": 0.85026044
    },
    "y": {
        "y_gains": [
            0.0416125097191218,
            0.02531882284589291,
            0.03633445385155566,
            0.06227466690214794,
            0.05751948156080724,
            0.08222333881516333,
            0.08284077588670695,
            0.09471206443223858,
            0.12459896266379625,
            0.13681711669692834,
            0.09917170797779863,
            0.15522955004355432,
            0.17317047942749422,
            0.17085074444794876,
            0.18116101857637767,
            0.2003623472905811,
            0.20210819053547555,
            0.21124700161287085,
            0.20629840160204738,
            0.22274495513304057,
            0.22276696169923074,
            0.22429188808014217,
            0.21557296513240945,
            0.2396332843922289
        ],
        "y_sigma": 0.7028829,
        "y_chi2": 0.4955258,
        "y_quality": 0.8125
    }
}