{
    "x": {
        "x_gains": [
            1.8581931078874352,
            1.8374057594585973,
            1.821813387865309,
            1.9106846632781311,
            1.8830299458252286,
            1.9021242924097632,
            1.8849823718333567,
            1.9256187398134768,
            1.8743796389138834,
            1.8309785271077743,
            1.84448297159487,
            1.8280660048823987,
            1.8005496898148035,
            1.797237143284372,
            1.7216972767225496,
            1.7213295818217407,
            1.6865103441353027,
            1.5988931310543786,
            1.578095628681421,
            1.587172598036477,
            1.5341907055812094,
            1.53918329702913,
            1.5166909564723345,
            1.5033177847680386
        ],
        "x_sigma": 0.03674098,
        "x_chi2": 0.0013554988,
        "x_quality": 0.8411458
    },
    "y": {
        "y_gains": [
            1.4009707045817907,
            1.3621269907179492,
            1.3254057106642514,
            1.3536535501879101,
            1.3696301765686134,
            1.4156670169970644,
            1.3990072085245426,
            1.4302771362190223,
            1.3694074512335177,
            1.319366066770267,
            1.3250099740125794,
            1.316463814951527,
            1.2858268984340506,
            1.268454024091113,
            1.2473744327408844,
            1.250927249823932,
            1.211522646508222,
            1.1503114238117684,
            1.1425665261644993,
            1.135373152307924,
            1.1024236088513724,
            1.1180607281392854,
            1.1231490980202992,
            1.107697998192547
        ],
        "y_sigma": 0.03978609,
        "y_chi2": 0.0015904611,
        "y_quality": 0.84505206
    }
}