{
    "x": {
        "x_gains": [
            2.792902898586344,
            2.7829780815429275,
            2.798312102912517,
            2.797086532291273,
            2.8131846764030235,
            2.813429557125674,
            2.7871453733777005,
            2.8043441085020926,
            2.7569145968234334,
            2.7612135644064106,
            2.788634318489981,
            2.7568794825998864,
            2.6850726607512723,
            2.6755709668443246,
            2.6237183562184105,
            2.557510744102636,
            2.505412756354146,
            2.4878149931404723,
            2.479810990790131,
            2.488043520260126,
            2.513933981881374,
            2.4821972469602827,
            2.473028349090604,
            2.352571961059288
        ],
        "x_sigma": 0.027080156,
        "x_chi2": 0.0007372181,
        "x_quality": 0.8385417
    },
    "y": {
        "y_gains": [
            1.7257974936104936,
            1.704238188146669,
            1.7096214761282134,
            1.7228330335316717,
            1.710838638387325,
            1.7025792560433517,
            1.6843074005856504,
            1.7099770801512084,
            1.6894769710435136,
            1.7129121544991952,
            1.7344710723526975,
            1.707576208272387,
            1.67879889862734,
            1.6698284869066244,
            1.636278921741279,
            1.5909556589043887,
            1.5638061446478462,
            1.5689999500273517,
            1.590450679647289,
            1.5835315254998457,
            1.6248519150585914,
            1.609569858551001,
            1.5925330330368113,
            1.5352704669861348
        ],
        "y_sigma": 0.024372758,
        "y_chi2": 0.0005975678,
        "y_quality": 0.8463542
    }
}