{
    "x": {
        "x_gains": [
            0.48725815063507766,
            0.4786169272640112,
            0.474694803283388,
            0.4630806626313818,
            0.454090105372063,
            0.4556564485252428,
            0.455557620750103,
            0.4611118763006525,
            0.45717274317818263,
            0.45548385480541165,
            0.4485626080363041,
            0.4370314394736149,
            0.415609943750519,
            0.4052856544481823,
            0.3980587471021323,
            0.39033651691796534,
            0.39021594394251397,
            0.38686331341541774,
            0.39120843542406464,
            0.390837105465087,
            0.3816729067006305,
            0.3693746048384306,
            0.3591232035714659,
            0.3447714003573073
        ],
        "x_sigma": 0.01970538,
        "x_chi2": 0.0003901481,
        "x_quality": 0.83723956
    },
    "y": {
        "y_gains": [
            0.47621596508308345,
            0.4633228318124684,
            0.46176973713526825,
            0.45074617648921467,
            0.43705357708685433,
            0.4430480946871755,
            0.4416784966571342,
            0.4487533340689896,
            0.44119090661422383,
            0.43901933616764216,
            0.43302179147523856,
            0.4206143425789413,
            0.4049610974121771,
            0.3927964123232647,
            0.3851653563020274,
            0.3805984316604307,
            0.3815395157614928,
            0.3785484898849005,
            0.38323100682220174,
            0.3846951940721856,
            0.37592306027836053,
            0.3682013372041604,
            0.3626419992743533,
            0.3489149443061966
        ],
        "y_sigma": 0.020006487,
        "y_chi2": 0.00040199078,
        "y_quality": 0.83463544
    }
}