{
    "x": {
        "x_gains": [
            0.4897146457245095,
            0.48348824780281185,
            0.4714550469969963,
            0.4589755491332637,
            0.4564399708864329,
            0.45847620024828317,
            0.45873821759559247,
            0.45418804984005307,
            0.46007306512361845,
            0.4669494574841119,
            0.46435883421785956,
            0.44763564893314767,
            0.43446894101019673,
            0.416753212417112,
            0.4005913850499215,
            0.3951805831023865,
            0.39607571351653525,
            0.40782099529366417,
            0.4082534809937184,
            0.4010493858229443,
            0.3911812107840836,
            0.3732323296979136,
            0.3659977009488417,
            0.3533471515626071
        ],
        "x_sigma": 0.020214915,
        "x_chi2": 0.00040993193,
        "x_quality": 0.83203125
    },
    "y": {
        "y_gains": [
            0.5387249791203667,
            0.53430702596107,
            0.5275907541830692,
            0.516834755111289,
            0.5090978069033765,
            0.5178493612457591,
            0.5197257220263607,
            0.5118757214888294,
            0.5136966685897757,
            0.5153330654288504,
            0.5085257649918353,
            0.49430215435168046,
            0.4799034664579151,
            0.46763673230415836,
            0.45519961777798496,
            0.44992351300278954,
            0.4471976715669395,
            0.4492645741090892,
            0.4468720919798615,
            0.4419765065620031,
            0.4335117219618816,
            0.4186630264195629,
            0.4100991340838804,
            0.3958384239803984
        ],
        "y_sigma": 0.023487331,
        "y_chi2": 0.0005538819,
        "y_quality": 0.83984375
    }
}