{
    "x": {
        "x_gains": [
            0.5505579877678127,
            0.5406510963836552,
            0.5288055731030872,
            0.5269344937695528,
            0.5264446021555484,
            0.5222190088345878,
            0.5325553480779092,
            0.5378006352608664,
            0.5389354160815849,
            0.5310191659685535,
            0.5236419085281369,
            0.5107613065825845,
            0.49418981039913734,
            0.483537506239447,
            0.46965081227282107,
            0.4648956590507305,
            0.4619263233057443,
            0.4627063965503942,
            0.468318334892287,
            0.46416506452358564,
            0.45341155468565025,
            0.4329733823551569,
            0.42310509211209407,
            0.41160342997370264
        ],
        "x_sigma": 0.021131026,
        "x_chi2": 0.00044801336,
        "x_quality": 0.83463544
    },
    "y": {
        "y_gains": [
            0.5458850502555425,
            0.5355119960577749,
            0.5236759116412107,
            0.5257887001383402,
            0.5235148472737048,
            0.5168189956201658,
            0.5284267151410107,
            0.5338499292328533,
            0.5319175814984172,
            0.5258343466161193,
            0.5241714042588612,
            0.5115309302292272,
            0.49295177551370506,
            0.48040970877275213,
            0.4625573686776502,
            0.45848582762996065,
            0.45851675149685084,
            0.46096672096854646,
            0.4606080615991427,
            0.45694050821928595,
            0.45056451227743244,
            0.4400348067532142,
            0.4319329778236971,
            0.41714344424245897
        ],
        "y_sigma": 0.023150323,
        "y_chi2": 0.00053817907,
        "y_quality": 0.82942706
    }
}