{
    "x": {
        "x_gains": [
            2.1683186399750403,
            2.0945806203452397,
            2.028293230190025,
            1.987019003551697,
            1.9372311534820588,
            1.9322652157673614,
            1.9081977511126225,
            1.8947209663380085,
            1.9222188002455982,
            1.9654188484453736,
            1.9185467913609526,
            1.8068824296295183,
            1.7328187554757073,
            1.6494952833094747,
            1.593021292322593,
            1.5669796029399043,
            1.5555220254141189,
            1.5281231972921658,
            1.5522468035163668,
            1.5585907135487014,
            1.5084492010875918,
            1.440454768855985,
            1.3772378962377125,
            1.3355863250010689
        ],
        "x_sigma": 0.027113246,
        "x_chi2": 0.0007381204,
        "x_quality": 0.8333333
    },
    "y": {
        "y_gains": [
            2.293900232544136,
            2.196679573843284,
            2.12789069961748,
            2.088426919572382,
            2.047282605969651,
            2.0566826679320473,
            1.9980568896747912,
            1.9875952589810786,
            2.0039514716698976,
            2.017048497308955,
            1.9640670013960586,
            1.8611011800684254,
            1.7988990270240865,
            1.7218887880244702,
            1.6681985177589074,
            1.643796444543905,
            1.6307185630890768,
            1.5961067763511243,
            1.6185210601960354,
            1.616071507932083,
            1.5774399584943999,
            1.525420600408599,
            1.4737148079482862,
            1.4131796012498952
        ],
        "y_sigma": 0.02935592,
        "y_chi2": 0.0008660412,
        "y_quality": 0.8515625
    }
}