{
    "x": {
        "x_gains": [
            2.1202969111132943,
            2.0713164614250967,
            2.0403892605661964,
            2.0038457808225547,
            1.9540102582412142,
            1.9303323742798653,
            1.94133141167408,
            1.9056613769318165,
            1.9387977767030375,
            1.978981240247333,
            1.964978579768502,
            1.8704947963770013,
            1.791550068109359,
            1.7121042000312974,
            1.6536722479483097,
            1.6663658876239504,
            1.6732212319727144,
            1.6954982182517873,
            1.6804996999467785,
            1.6755361171025491,
            1.6025540866010615,
            1.567564457858616,
            1.5185417747045866,
            1.4502272578624433
        ],
        "x_sigma": 0.026400361,
        "x_chi2": 0.00069956505,
        "x_quality": 0.8385417
    },
    "y": {
        "y_gains": [
            2.20206946965447,
            2.1490129905686266,
            2.1063003445275474,
            2.073767217970769,
            2.029014089879643,
            2.014520664952981,
            2.0226725410471054,
            1.9835951523552822,
            2.003760256497343,
            2.0249655163559805,
            2.004188593826009,
            1.94189349762788,
            1.868749500109509,
            1.7984645644750086,
            1.7176331358914043,
            1.717955955388807,
            1.7070643443763325,
            1.708244687534117,
            1.7119735619238043,
            1.7323606705621686,
            1.678147855062733,
            1.6345243981860964,
            1.5894872584317132,
            1.5445959607271031
        ],
        "y_sigma": 0.026229382,
        "y_chi2": 0.0006911153,
        "y_quality": 0.82942706
    }
}