{
    "x": {
        "x_gains": [
            2.051204883902419,
            2.017538461848852,
            1.9169169840761706,
            1.8866422333919828,
            1.8423859458083547,
            1.8039109149418122,
            1.8013561690053976,
            1.8115050387827831,
            1.8184737658791401,
            1.8253153163759714,
            1.7712222088593348,
            1.7166911910309066,
            1.6695094517107245,
            1.5678999454057239,
            1.5432733222242345,
            1.489189082933536,
            1.4829367367324617,
            1.4788605024901793,
            1.4564812293214258,
            1.4361477233037372,
            1.4315702615042238,
            1.3844746453128252,
            1.3240452442148491,
            1.256690841963511
        ],
        "x_sigma": 0.025992565,
        "x_chi2": 0.00067824277,
        "x_quality": 0.8359375
    },
    "y": {
        "y_gains": [
            2.1211797764344396,
            2.071867059893222,
            2.0123050441142545,
            1.9843120290979517,
            1.9429281940758334,
            1.8815718365123304,
            1.8670464986063433,
            1.858383208467017,
            1.86371286566093,
            1.8600102356363266,
            1.8228707720973318,
            1.7619887919892943,
            1.7110050820272948,
            1.6132240492343075,
            1.60823545210313,
            1.5683931391959576,
            1.5647858097711798,
            1.5555102902061104,
            1.535977885850547,
            1.5236065155752807,
            1.5033798911543939,
            1.4609520960528084,
            1.4235912994655269,
            1.3609779345055772
        ],
        "y_sigma": 0.030717775,
        "y_chi2": 0.0009477209,
        "y_quality": 0.82682294
    }
}