{
    "x": {
        "x_gains": [
            0.5724141049704434,
            0.5743076247779512,
            0.5680534897343645,
            0.5669366192072685,
            0.5616565498280629,
            0.5652591393782636,
            0.5686745617651658,
            0.5680411634437337,
            0.5707671338585913,
            0.5704792287942317,
            0.5609208255767332,
            0.5534725615700865,
            0.539051621685594,
            0.5236608290702979,
            0.509630123706597,
            0.505348609684905,
            0.5101321165662089,
            0.5067606430630397,
            0.5083122006771837,
            0.5090668107936621,
            0.49709314839612406,
            0.48399875902718187,
            0.46784625991769746,
            0.4544901720136223
        ],
        "x_sigma": 0.022011157,
        "x_chi2": 0.00048695697,
        "x_quality": 0.83984375
    },
    "y": {
        "y_gains": [
            0.5772645177841055,
            0.5823679032356128,
            0.5713803795748427,
            0.567132301190354,
            0.5609936094412981,
            0.5651293810030515,
            0.5685846733452622,
            0.5659478035395961,
            0.5707916006189435,
            0.570882937827537,
            0.5622734424589881,
            0.5482286622277689,
            0.5304217001033898,
            0.5174573017520172,
            0.5042434354185934,
            0.5029618922874918,
            0.5092314236323202,
            0.5041101613787695,
            0.49545477223770706,
            0.4931812027140945,
            0.4857081352615558,
            0.4794528560718964,
            0.47144931250432554,
            0.46444165056989317
        ],
        "y_sigma": 0.026314415,
        "y_chi2": 0.00069587503,
        "y_quality": 0.8411458
    }
}