{
    "x": {
        "x_gains": [
            0.5799189829983992,
            0.5746224873913461,
            0.568294605287288,
            0.560236926437138,
            0.5491938767518872,
            0.5412352818507086,
            0.5510737644747101,
            0.5578035036753674,
            0.5530078483979861,
            0.550551834620395,
            0.5425196227991268,
            0.5354953063836396,
            0.5249518264832632,
            0.5115818289203858,
            0.498878147765213,
            0.49587592390982294,
            0.48833523393406375,
            0.4881196556999196,
            0.49172669830108423,
            0.4903779990537666,
            0.4813854272596533,
            0.46952842677692447,
            0.45326189925801025,
            0.43846779708341743
        ],
        "x_sigma": 0.018362503,
        "x_chi2": 0.0003384473,
        "x_quality": 0.82682294
    },
    "y": {
        "y_gains": [
            0.5835137071454405,
            0.5768494065978996,
            0.5723133023868269,
            0.5672798432310807,
            0.5547534437152148,
            0.5475817612124073,
            0.5594498549150718,
            0.5623513845878381,
            0.5624689552291023,
            0.5617733882552959,
            0.5514833412875614,
            0.5395777879350299,
            0.5265091568893039,
            0.5126703135640313,
            0.4977211340157952,
            0.4901540309042116,
            0.48466949199900333,
            0.4860558121363179,
            0.48520705580337237,
            0.479570305006714,
            0.47441622727421734,
            0.4692374937650068,
            0.4554151733223621,
            0.4439178789213097
        ],
        "y_sigma": 0.020998027,
        "y_chi2": 0.00044276405,
        "y_quality": 0.82942706
    }
}