{
    "x": {
        "x_gains": [
            2.1346686909872172,
            2.0863016624882564,
            2.034971887270372,
            1.969487517683536,
            1.9407376355605241,
            1.8922988281977353,
            1.855077969854612,
            1.8764263302919775,
            1.865604118059906,
            1.854297808016018,
            1.840236212720265,
            1.759929124134313,
            1.6834724919753075,
            1.61189137399555,
            1.5666409502554683,
            1.5204665825392507,
            1.5055710646103777,
            1.5214561759687002,
            1.4898291598004165,
            1.452371650286335,
            1.4041581334806763,
            1.3362290307248497,
            1.2950011272984814,
            1.230325616993533
        ],
        "x_sigma": 0.02317863,
        "x_chi2": 0.000539465,
        "x_quality": 0.83723956
    },
    "y": {
        "y_gains": [
            1.9815896450844142,
            1.9454859279111862,
            1.8888870860511033,
            1.83939370640407,
            1.8036545287330281,
            1.761265095582976,
            1.7329797130462872,
            1.7324935082601998,
            1.7189280970658067,
            1.6952081804644041,
            1.6824450570226899,
            1.6188611570777742,
            1.5373297326611266,
            1.4839797338823661,
            1.4437024615848821,
            1.4043391552085465,
            1.391537564681797,
            1.4043212087048815,
            1.3836012262027506,
            1.3403609350733183,
            1.31754996314154,
            1.2656025058929616,
            1.2229035751781685,
            1.1872594805222128
        ],
        "y_sigma": 0.025655568,
        "y_chi2": 0.0006615285,
        "y_quality": 0.83203125
    }
}