{
    "x": {
        "x_gains": [
            2.067304915360609,
            2.0384876248308665,
            2.0111365884128727,
            1.9506398391268314,
            1.9173093247859685,
            1.8878507178269177,
            1.8916142847144324,
            1.9004657661499682,
            1.8888600774765072,
            1.8512779556855894,
            1.8287242472193792,
            1.7708938019779465,
            1.6943194855585186,
            1.6116242200302844,
            1.5653600595813608,
            1.5278024135916968,
            1.510963171028188,
            1.5066833611200903,
            1.5091294028661688,
            1.4784661989509278,
            1.457169525426843,
            1.3968610855175119,
            1.3386856663645923,
            1.3015850025336653
        ],
        "x_sigma": 0.027043423,
        "x_chi2": 0.00073497725,
        "x_quality": 0.8463542
    },
    "y": {
        "y_gains": [
            2.2483662246828344,
            2.2187156653750786,
            2.149245775926083,
            2.08759942975134,
            2.028938588776634,
            1.985585207358436,
            1.9968174723126282,
            2.018766941996869,
            2.001320751616822,
            1.9674079203908057,
            1.9344553522578394,
            1.8602010542503455,
            1.7854247918373236,
            1.7109389222179792,
            1.6721639055060176,
            1.6321981775854468,
            1.6186539901455697,
            1.625142541252293,
            1.629535420755171,
            1.602927073069591,
            1.5853324031448301,
            1.5314349614503362,
            1.4807399488519846,
            1.4431199329353304
        ],
        "y_sigma": 0.0279605,
        "y_chi2": 0.00078612514,
        "y_quality": 0.8463542
    }
}