{
    "x": {
        "x_gains": [
            0.44599762622223416,
            0.44018499919071985,
            0.43711388910586735,
            0.42806031232821407,
            0.41582671403043825,
            0.40955060544480326,
            0.4184045623168199,
            0.4207449297395938,
            0.4194254902570185,
            0.4205659615023171,
            0.4129785616221005,
            0.40743269690580536,
            0.39763818821726477,
            0.39109186591493594,
            0.3763570966458679,
            0.37782599677109907,
            0.3745926398689585,
            0.36811175931910806,
            0.3618957765496241,
            0.3523560498688108,
            0.3478389479235354,
            0.3338458200516947,
            0.3323923085483457,
            0.3189444724052432
        ],
        "x_sigma": 0.020034792,
        "x_chi2": 0.0004026359,
        "x_quality": 0.8333333
    },
    "y": {
        "y_gains": [
            0.5511278859742857,
            0.5509570537240979,
            0.5423188774259551,
            0.5276748855723818,
            0.5142722903095878,
            0.5081339800930383,
            0.5257487832464472,
            0.5280911764202643,
            0.5301599232710147,
            0.5257335257588136,
            0.5144717296241157,
            0.5035803556123326,
            0.4909278497085263,
            0.47714576745938386,
            0.4622127659653143,
            0.4691386520520594,
            0.4665816057293981,
            0.4643533788650395,
            0.4601522634636756,
            0.4546665611840245,
            0.44761975954761757,
            0.4338727963058335,
            0.42550006576103516,
            0.4156139857098612
        ],
        "y_sigma": 0.019669877,
        "y_chi2": 0.00038835348,
        "y_quality": 0.8385417
    }
}