{
    "x": {
        "x_gains": [
            0.497645737544823,
            0.500141089801433,
            0.48902278332696386,
            0.4774447918651047,
            0.46985210418331413,
            0.4620616859743763,
            0.4682814697557135,
            0.4736939287312326,
            0.4754004963941823,
            0.4781665106807815,
            0.47050128665634355,
            0.4620439233738965,
            0.44669068314014254,
            0.43102296404147816,
            0.42528814334932274,
            0.41891371985999565,
            0.4158378152679595,
            0.4165881918660239,
            0.4113039486824289,
            0.41236951855240156,
            0.40766676047078826,
            0.393562699575645,
            0.38607996411000656,
            0.37000885801206085
        ],
        "x_sigma": 0.021205513,
        "x_chi2": 0.00045161962,
        "x_quality": 0.82682294
    },
    "y": {
        "y_gains": [
            0.5671625690399906,
            0.5750042765943071,
            0.5693364713641405,
            0.5572957424723,
            0.5534997039053334,
            0.5453689721049224,
            0.550522252935247,
            0.5566044457110287,
            0.5552198018031873,
            0.5568022357614254,
            0.5557293135876039,
            0.5368751632100496,
            0.5345135392279486,
            0.5198397354889077,
            0.5151016470684225,
            0.5041089923970282,
            0.5012269032136865,
            0.5011477285278746,
            0.49005002430648115,
            0.4847724490243591,
            0.48492854214235126,
            0.46183452589014334,
            0.46526468768502993,
            0.4431955194705764
        ],
        "y_sigma": 0.031170849,
        "y_chi2": 0.0009775311,
        "y_quality": 0.8229167
    }
}