{
    "x": {
        "x_gains": [
            0.5286996964047733,
            0.5113231488670306,
            0.5099416438081075,
            0.499145662284434,
            0.49230364481434163,
            0.4887885112802124,
            0.49074624346019285,
            0.4960907060184335,
            0.5023431797619998,
            0.5005444171352972,
            0.4956361467640089,
            0.4880243223513871,
            0.48236728110450144,
            0.4719282227376623,
            0.46347213860412384,
            0.45384397679150823,
            0.46065389267280227,
            0.45964365482158837,
            0.4553410595604319,
            0.4530554581108775,
            0.44390239030339623,
            0.4298154741995095,
            0.42279747671083523,
            0.41199940012887337
        ],
        "x_sigma": 0.020279074,
        "x_chi2": 0.0004127224,
        "x_quality": 0.82942706
    },
    "y": {
        "y_gains": [
            0.5781496770542627,
            0.5621112087560738,
            0.5595763604056749,
            0.5456737674102673,
            0.5400946850794306,
            0.5343738375699114,
            0.540666033510697,
            0.5426918001711107,
            0.5459535072544665,
            0.5437326331796962,
            0.5429463799728799,
            0.5260374326132897,
            0.5350880797786363,
            0.5054784257258594,
            0.503927205497886,
            0.4949925563019384,
            0.4973213773295653,
            0.49901975055300124,
            0.499362738241593,
            0.49526153573074255,
            0.48866707747278976,
            0.4690362880243028,
            0.4561839636647648,
            0.4468745682074485
        ],
        "y_sigma": 0.03399489,
        "y_chi2": 0.0011591151,
        "y_quality": 0.8385417
    }
}