{
    "x": {
        "x_gains": [
            0.4755620549036393,
            0.4742462022601246,
            0.4710902068495857,
            0.4654721595981151,
            0.4550060033492082,
            0.45536121346113323,
            0.4531624439630651,
            0.45396903767734187,
            0.4623442778237861,
            0.4658371349525522,
            0.46479047175814575,
            0.4549534443865592,
            0.4471359644780881,
            0.4341731428656278,
            0.4222303787748504,
            0.4177445171449869,
            0.4126346757054567,
            0.41692463878691605,
            0.4175529227451933,
            0.41782777523506365,
            0.41056333477276835,
            0.4056353951929204,
            0.3954568962660406,
            0.3779714604333428
        ],
        "x_sigma": 0.023572292,
        "x_chi2": 0.0005577449,
        "x_quality": 0.8229167
    },
    "y": {
        "y_gains": [
            0.47579375482633285,
            0.4719407619955543,
            0.46415898893547086,
            0.45783661303828016,
            0.44829355266005744,
            0.4467585744362778,
            0.44494753178705165,
            0.4454524340100082,
            0.4559286799884468,
            0.4596740800450701,
            0.45250551853105125,
            0.4526049314747082,
            0.4361316777484091,
            0.428738256751963,
            0.41625003506906544,
            0.4055448689976521,
            0.40294007644417956,
            0.4090779134293775,
            0.4109812040623191,
            0.4086029053546144,
            0.4025495880710065,
            0.39702373538907987,
            0.39676808587965867,
            0.3735333679225232
        ],
        "y_sigma": 0.03449207,
        "y_chi2": 0.0011933967,
        "y_quality": 0.8333333
    }
}