{
    "x": {
        "x_gains": [
            0.23265420949171478,
            0.254532815834181,
            0.2507100233215478,
            0.1948265903071122,
            0.23347317520459776,
            0.2931323172605073,
            0.3124826767416082,
            0.31207635634625996,
            0.3223875038476949,
            0.33930531037919337,
            0.3477157370996419,
            0.34488800107053236,
            0.35795978529428896,
            0.3548918541601736,
            0.34149543857712783,
            0.34481201021609026,
            0.34456553817432983,
            0.3158288957794332,
            0.2902588266983552,
            0.32068172316528126,
            0.3326533455412676,
            0.34269113152362257,
            0.3401501116457704,
            0.33012637567787323
        ],
        "x_sigma": 0.107944086,
        "x_chi2": 0.011719771,
        "x_quality": 0.8151042
    },
    "y": {
        "y_gains": [
            0.4826618220290717,
            0.4794971570853305,
            0.4684056194060073,
            0.46822790393892505,
            0.4700534140496521,
            0.4665065553967671,
            0.45883984089820284,
            0.4610908912508833,
            0.460110702635054,
            0.4536380752953013,
            0.4426134803423845,
            0.4451254864386956,
            0.4398382433282806,
            0.42344008483706785,
            0.4214027773645689,
            0.4116900204692278,
            0.41013416924145485,
            0.4125801292498023,
            0.41622716546553223,
            0.417931431661733,
            0.41450244577168127,
            0.37772466968921947,
            0.3693267896505179,
            0.3395377058320015
        ],
        "y_sigma": 0.04033222,
        "y_chi2": 0.0016319283,
        "y_quality": 0.8359375
    }
}