{
    "x": {
        "x_gains": [
            0.5830696400886033,
            0.5705685127544029,
            0.5698533015248818,
            0.5592638477084276,
            0.5555156818743899,
            0.5506997907450935,
            0.5532742521267447,
            0.5493564344306289,
            0.5518995582540746,
            0.5517581718971686,
            0.5420375016234024,
            0.5326930221156031,
            0.5194692935466954,
            0.515917046936224,
            0.5079181906328711,
            0.503630191602581,
            0.49859321923193706,
            0.5030968377395477,
            0.5061705736117285,
            0.5046151088626359,
            0.49610906620466344,
            0.48442357784500395,
            0.4665733333370659,
            0.45211901400076954
        ],
        "x_sigma": 0.023097806,
        "x_chi2": 0.0005359651,
        "x_quality": 0.8307292
    },
    "y": {
        "y_gains": [
            0.40056672179799985,
            0.40707628853892996,
            0.4176907050452025,
            0.4187471420507555,
            0.409972667122283,
            0.4039397536783461,
            0.41489788782123677,
            0.40989472755691103,
            0.4056357736354433,
            0.40359579638834225,
            0.4041477522150732,
            0.40038427280967176,
            0.3968102015141087,
            0.3967236025867331,
            0.39579992946845255,
            0.3946521321022239,
            0.3999762414112602,
            0.41028009288577194,
            0.4198205334390833,
            0.4226174014236459,
            0.4182605180809003,
            0.41783372849958206,
            0.40102437666776014,
            0.3789916154926921
        ],
        "y_sigma": 0.054116875,
        "y_chi2": 0.0029374403,
        "y_quality": 0.8333333
    }
}