{
    "x": {
        "x_gains": [
            0.3955219323239825,
            0.4000475256460468,
            0.3996057649365442,
            0.3921539715707194,
            0.39177013185258847,
            0.3849824061115495,
            0.3988530581459954,
            0.40125488452586616,
            0.40489980592342506,
            0.40473854942027676,
            0.4043597583918095,
            0.40022771355990705,
            0.39309365888826037,
            0.38037869742358094,
            0.3721038229202559,
            0.367461625798687,
            0.3713881113466125,
            0.362981637158256,
            0.3613544431780979,
            0.3556625894455846,
            0.3514251078831153,
            0.33426336543710117,
            0.3218844402670997,
            0.31173353491270633
        ],
        "x_sigma": 0.023306796,
        "x_chi2": 0.00054610195,
        "x_quality": 0.8229167
    },
    "y": {
        "y_gains": [
            0.3599645809250953,
            0.3649608397019,
            0.36274664504696663,
            0.35538524862645376,
            0.3524798508418065,
            0.3470609112028694,
            0.35538711785667454,
            0.35887000877760156,
            0.3653319422467191,
            0.36552608030410605,
            0.36323705384092125,
            0.3566861332879724,
            0.36027754196611883,
            0.3371159541338911,
            0.3288072684030387,
            0.33087276492965745,
            0.3339983128409225,
            0.3291845545553612,
            0.32676798718076117,
            0.3224495434178955,
            0.32725942030968036,
            0.29563932002956395,
            0.2924111527719027,
            0.26946688025689464
        ],
        "y_sigma": 0.030966355,
        "y_chi2": 0.00096465467,
        "y_quality": 0.8255208
    }
}