{
    "x": {
        "x_gains": [
            2.337047766942679,
            2.300083472329294,
            2.2631482918413006,
            2.229357056545992,
            2.189296180685241,
            2.167114898264791,
            2.1315680539337873,
            2.1512482402789397,
            2.1533143448332233,
            2.1262347709763425,
            2.093248484482864,
            2.063042195855901,
            2.0238319979819965,
            1.974831951675072,
            1.9296838637519693,
            1.8824128240503086,
            1.8501551910174228,
            1.8308627061688723,
            1.8373325018791318,
            1.7904892968578434,
            1.7746097917005617,
            1.7183354972045861,
            1.683636034255932,
            1.654610074589822
        ],
        "x_sigma": 0.024549931,
        "x_chi2": 0.00060620974,
        "x_quality": 0.82421875
    },
    "y": {
        "y_gains": [
            2.1004849305539772,
            2.0432519662724484,
            1.978466763440071,
            1.9553283724697197,
            1.9012608325286564,
            1.8708358118010264,
            1.8769700560397564,
            1.8753964119165687,
            1.886580799821967,
            1.9038174300006787,
            1.842436998788045,
            1.825836554945858,
            1.77989086421177,
            1.7115436257922094,
            1.6746368215125185,
            1.6323420500942922,
            1.6256356235287996,
            1.6087763511935609,
            1.6393634509099009,
            1.616975238902432,
            1.575553956893474,
            1.5554520281251236,
            1.4819399827348065,
            1.4546460843167563
        ],
        "y_sigma": 0.032890804,
        "y_chi2": 0.0010855611,
        "y_quality": 0.8255208
    }
}