{
    "x": {
        "x_gains": [
            0.4106041308910709,
            0.40557169528116926,
            0.39892115762132885,
            0.3878963612295725,
            0.3811066238770312,
            0.3772429830353076,
            0.37011112808687485,
            0.37174458619065515,
            0.371234521840655,
            0.3714117676990243,
            0.36889700937776776,
            0.36201034480761324,
            0.3516692013810471,
            0.346629678044809,
            0.338088777379697,
            0.3294525579091939,
            0.33233539660440964,
            0.32709554496849036,
            0.32979726900158296,
            0.32522180289568386,
            0.32254360466991533,
            0.3125727219973522,
            0.3040403619661317,
            0.2928221673408409
        ],
        "x_sigma": 0.019141996,
        "x_chi2": 0.0003677289,
        "x_quality": 0.8307292
    },
    "y": {
        "y_gains": [
            0.46883921131117734,
            0.46499053697758197,
            0.45718641263926585,
            0.44866645561396595,
            0.43987001137371884,
            0.43175417229961943,
            0.42480533507922663,
            0.4238303532549705,
            0.42455752826682797,
            0.42553146220057214,
            0.4176873553339845,
            0.4050737430673148,
            0.39387252512660537,
            0.3968239008622785,
            0.3801749413009891,
            0.3735958865598506,
            0.37585730231728803,
            0.37145308733233534,
            0.3695694176280769,
            0.36731967166176116,
            0.36546627320080405,
            0.3545135441367767,
            0.3453377333965071,
            0.32712636142222373
        ],
        "y_sigma": 0.040352385,
        "y_chi2": 0.0016346684,
        "y_quality": 0.82421875
    }
}