{
    "x": {
        "x_gains": [
            0.553927623816672,
            0.5462543313188748,
            0.5396793581442283,
            0.5248432726140402,
            0.5151568680996991,
            0.5167700671894105,
            0.5178820261637107,
            0.5220312591273902,
            0.5232066203635783,
            0.5252591339674472,
            0.5150868951592134,
            0.5067875834812181,
            0.4958347648496191,
            0.48796919274817274,
            0.4765923570218163,
            0.4695834592795304,
            0.4741372361781884,
            0.4740255787994525,
            0.4804518553609299,
            0.46994987749581574,
            0.4670817154790413,
            0.4546548196957196,
            0.44183026242154977,
            0.43008140752914276
        ],
        "x_sigma": 0.01929599,
        "x_chi2": 0.00037347368,
        "x_quality": 0.83723956
    },
    "y": {
        "y_gains": [
            0.5598347143989209,
            0.5477022657621181,
            0.5428019119871669,
            0.5311124335810707,
            0.522812915423875,
            0.5201223369346257,
            0.5209153775052905,
            0.5235569474724215,
            0.5264111530099295,
            0.5267067722271311,
            0.5122186427814333,
            0.5182875695775148,
            0.486126981131516,
            0.5041504437355753,
            0.4853233369667874,
            0.47494968145599814,
            0.474979504634375,
            0.4721178972813091,
            0.4741611117902152,
            0.4716784006102387,
            0.46108561871188725,
            0.4515630448390363,
            0.4505393406446858,
            0.4478395458978659
        ],
        "y_sigma": 0.041132968,
        "y_chi2": 0.0016969808,
        "y_quality": 0.82421875
    }
}