{
    "x": {
        "x_gains": [
            0.5293156440985355,
            0.5192506735070673,
            0.5138713401826216,
            0.5126525730955419,
            0.5095418851582271,
            0.506260365048149,
            0.5097043113543057,
            0.5151160283400356,
            0.5175846539462646,
            0.5224506173145882,
            0.5188361115537071,
            0.5116005422965748,
            0.4971819725794198,
            0.48878953861346935,
            0.4696334980181467,
            0.4683044741481647,
            0.4642762629475043,
            0.47194356838608614,
            0.46956800213371697,
            0.46246390873848214,
            0.4596860822132009,
            0.4426779430314214,
            0.42693163296141046,
            0.41443000519653783
        ],
        "x_sigma": 0.015792338,
        "x_chi2": 0.00025052784,
        "x_quality": 0.8385417
    },
    "y": {
        "y_gains": [
            0.557712446474245,
            0.5513143250812789,
            0.5432814689678983,
            0.5418485629715538,
            0.5360384549699287,
            0.5325444574769908,
            0.5332947370155664,
            0.5360939742715636,
            0.5388221348132981,
            0.5415860064574383,
            0.5399697195780655,
            0.5210213351984507,
            0.5190169631871129,
            0.49469242028810795,
            0.489723663138877,
            0.48588234825384086,
            0.4828715093882535,
            0.4888060004260433,
            0.4895947648610983,
            0.4811555431524349,
            0.46784599726169734,
            0.4678262770160318,
            0.4539715931815283,
            0.4488707489246852
        ],
        "y_sigma": 0.03954314,
        "y_chi2": 0.0015687445,
        "y_quality": 0.8203125
    }
}