{
    "x": {
        "x_gains": [
            2.08603039680053,
            2.0218296134633795,
            1.9542373885635216,
            1.9330759069035282,
            1.8507635343468585,
            1.8247874159156208,
            1.761673730978328,
            1.7718871115128647,
            1.787950820624728,
            1.7565574705642686,
            1.7100105900955844,
            1.6654006845796052,
            1.5906414293376632,
            1.5509774492531812,
            1.511004038007191,
            1.4705754758892533,
            1.4544522638222235,
            1.4555013219590758,
            1.4236384400259705,
            1.4234271628050512,
            1.403785490066077,
            1.3376663020188329,
            1.2721155701730116,
            1.2353727847326108
        ],
        "x_sigma": 0.028552804,
        "x_chi2": 0.00082069257,
        "x_quality": 0.8307292
    },
    "y": {
        "y_gains": [
            2.173261065158713,
            2.078869394406636,
            1.9822180373635017,
            1.9764890695707353,
            1.912226142923224,
            1.871981406582119,
            1.8209795048756727,
            1.841086609316819,
            1.854633458589095,
            1.811620458267511,
            1.79400602136593,
            1.7763522748144867,
            1.6834797755914725,
            1.613491733904363,
            1.5777890221542088,
            1.5587929954077957,
            1.557243815484049,
            1.5445440718274774,
            1.5335475801539316,
            1.5352844444519502,
            1.522348857627895,
            1.447821581587555,
            1.4007051990395085,
            1.3648249400466523
        ],
        "y_sigma": 0.033919655,
        "y_chi2": 0.001156819,
        "y_quality": 0.828125
    }
}