{
    "x": {
        "x_gains": [
            2.3673669638012074,
            2.3028505467036284,
            2.221414910678906,
            2.1328543909265303,
            2.0412038636641565,
            2.028253983642943,
            2.035251119255824,
            2.060551065122542,
            2.0773223846256705,
            2.032535032164054,
            2.026277167564409,
            1.964431222512696,
            1.8378254995715109,
            1.766986438202388,
            1.7274057061047208,
            1.6801253104661558,
            1.6695622441187166,
            1.6887698493786172,
            1.71375273718445,
            1.69056840172463,
            1.6555352614524756,
            1.5786664322662747,
            1.5399545836594186,
            1.4733490313761461
        ],
        "x_sigma": 0.03020881,
        "x_chi2": 0.00091766496,
        "x_quality": 0.83203125
    },
    "y": {
        "y_gains": [
            2.1970462207553374,
            2.12044631238801,
            2.033757114082385,
            1.9474928658467592,
            1.8529146699812593,
            1.8440467532237623,
            1.8480438548198923,
            1.8722715737406799,
            1.9049985963017844,
            1.8911431525394176,
            1.8402985258656719,
            1.7827115309792925,
            1.6721008271448043,
            1.577463224599845,
            1.5708915060639554,
            1.5293136547369497,
            1.5107540762788796,
            1.5217128643475153,
            1.5534125366605358,
            1.540614749038325,
            1.4941632083138587,
            1.4258181736780562,
            1.3978857006735028,
            1.3503158962765647
        ],
        "y_sigma": 0.040554225,
        "y_chi2": 0.001651072,
        "y_quality": 0.8255208
    }
}