{
    "x": {
        "x_gains": [
            2.4171599405243294,
            2.303842392114574,
            2.2182654282356973,
            2.1566020922490856,
            2.070531967491737,
            2.028779700776905,
            2.0321905072926683,
            1.9859308713351134,
            1.9847743986332047,
            1.959272600454355,
            1.900717901151265,
            1.8091511932980353,
            1.6883014050213123,
            1.6183026927407813,
            1.577118160373676,
            1.535109332021736,
            1.5120998227819007,
            1.501778496201912,
            1.4854060342540572,
            1.462359089088919,
            1.391219568115362,
            1.3397735353997642,
            1.2797871417072724,
            1.2480439095794185
        ],
        "x_sigma": 0.027597329,
        "x_chi2": 0.00076510495,
        "x_quality": 0.83203125
    },
    "y": {
        "y_gains": [
            2.223570595431292,
            2.106530934733289,
            2.0160542431490445,
            1.9477720506786913,
            1.8775840367654986,
            1.8244990965445373,
            1.8209107343306898,
            1.7878041010080712,
            1.79856674733898,
            1.7787757895807852,
            1.731102754347206,
            1.6234838892764507,
            1.5328846682101793,
            1.4863019440234906,
            1.4402590277056149,
            1.3883453131336494,
            1.3578001682042848,
            1.3491987230211862,
            1.3422490886799814,
            1.3278637739242876,
            1.2612956912247244,
            1.2684840321961544,
            1.205819017297293,
            1.1323237240605442
        ],
        "y_sigma": 0.036284044,
        "y_chi2": 0.0013234506,
        "y_quality": 0.82421875
    }
}