{
    "x": {
        "x_gains": [
            1.8688843097070227,
            1.7991167416268656,
            1.747537274358424,
            1.6820925769927415,
            1.6133280254841293,
            1.585619069289175,
            1.6269098701693385,
            1.599079365235212,
            1.6068547136600968,
            1.614657473022303,
            1.5611359574571717,
            1.4750091413691537,
            1.36341666763242,
            1.3115578530726528,
            1.2502974144974737,
            1.2507179120815348,
            1.22799946852183,
            1.2423395788642755,
            1.2235493708778316,
            1.2124373275989897,
            1.1765579303593008,
            1.1161970007340112,
            1.069529960940659,
            1.001329565396934
        ],
        "x_sigma": 0.027827289,
        "x_chi2": 0.0007784489,
        "x_quality": 0.83203125
    },
    "y": {
        "y_gains": [
            1.8165627653316987,
            1.7658700061858426,
            1.729717163568282,
            1.6737229151044555,
            1.633153166053592,
            1.6039400466457845,
            1.618125595672485,
            1.595907582268637,
            1.5924025835776479,
            1.591182886471631,
            1.5567759295042043,
            1.5022183258017114,
            1.4067897808426912,
            1.3718240455678243,
            1.293925955734146,
            1.3045364734048062,
            1.2698082628887093,
            1.2795713742993227,
            1.2624952309242652,
            1.2501976875093375,
            1.247689637502117,
            1.2305079844586841,
            1.1743914180360637,
            1.06181812760754
        ],
        "y_sigma": 0.039388847,
        "y_chi2": 0.0015578017,
        "y_quality": 0.8151042
    }
}