{
    "x": {
        "x_gains": [
            1.922556464858542,
            1.8861229147826655,
            1.8272743352741425,
            1.8236630862689296,
            1.7560336790401716,
            1.701801203411703,
            1.723093973754522,
            1.709736350106132,
            1.7360197892367815,
            1.6990292086907384,
            1.6479018164277917,
            1.566054699471754,
            1.4976110856766829,
            1.4888915291898672,
            1.4440127520188526,
            1.4095666442404615,
            1.3879953668714653,
            1.3727356039844474,
            1.3807992273047525,
            1.3499167364607367,
            1.292356499642082,
            1.25203048043164,
            1.210259026898491,
            1.1726591700129474
        ],
        "x_sigma": 0.028852915,
        "x_chi2": 0.0008359162,
        "x_quality": 0.83723956
    },
    "y": {
        "y_gains": [
            2.136395020977583,
            2.086983554527851,
            2.0130350460946778,
            1.9898149332825,
            1.9146547618028749,
            1.858006774552821,
            1.8855124389141107,
            1.8876474502771952,
            1.8953438509122529,
            1.8754016875989628,
            1.8286459955304235,
            1.7467363628449333,
            1.6654907469248004,
            1.6377135291842189,
            1.5888699280213323,
            1.5501240758063377,
            1.5130799024360027,
            1.5041673105756228,
            1.5002857294171676,
            1.4830903158844444,
            1.4298615722414683,
            1.3891154883529264,
            1.3348665967027487,
            1.2925757653625474
        ],
        "y_sigma": 0.037618667,
        "y_chi2": 0.0014211074,
        "y_quality": 0.8203125
    }
}