{
    "x": {
        "x_gains": [
            2.142619067269925,
            2.131928420929653,
            2.051758774802917,
            1.976960697724785,
            1.9555323672873068,
            1.906085526858146,
            1.8835359613067466,
            1.8801470199763741,
            1.8583878708227155,
            1.8555008316818604,
            1.7861809254810677,
            1.7186611505893306,
            1.662104301166917,
            1.644409150308139,
            1.5729189660775802,
            1.514632638727854,
            1.4879366134241285,
            1.5091422706901707,
            1.459419171601571,
            1.4234958524313097,
            1.3753099192137452,
            1.3287668047476837,
            1.292962175438857,
            1.2608696419659782
        ],
        "x_sigma": 0.02571806,
        "x_chi2": 0.0006648519,
        "x_quality": 0.828125
    },
    "y": {
        "y_gains": [
            2.152866990193777,
            2.140668324785538,
            2.0601957045826045,
            1.9651295619745857,
            1.9405459415519204,
            1.8996487739381867,
            1.8898633024076101,
            1.884317952273995,
            1.883675751364822,
            1.880439052431718,
            1.8272833504336599,
            1.7263297745620474,
            1.696205664258309,
            1.663299593855505,
            1.5703807348832208,
            1.5187666399869992,
            1.5125008573989236,
            1.5162896513534554,
            1.4974302449822836,
            1.4663254331873583,
            1.4184420300827443,
            1.392462547317792,
            1.3213658112716997,
            1.322509142637954
        ],
        "y_sigma": 0.03406493,
        "y_chi2": 0.0011656081,
        "y_quality": 0.82161456
    }
}