{
    "x": {
        "x_gains": [
            2.1184302948412217,
            2.0447058578164707,
            1.9600871376337907,
            1.9516773661848514,
            1.9245267579079668,
            1.8715418585308996,
            1.8849493635685244,
            1.870280242604524,
            1.8494470227379893,
            1.854859816187102,
            1.805294640332954,
            1.7063128456349959,
            1.6638768997314501,
            1.6117822572430271,
            1.5871856975522423,
            1.548418440759353,
            1.5193621280210274,
            1.524197976550976,
            1.4979025993328492,
            1.4925825364559555,
            1.4484515712317414,
            1.3939366820989396,
            1.361384201000209,
            1.3129128126111052
        ],
        "x_sigma": 0.027383748,
        "x_chi2": 0.00075372896,
        "x_quality": 0.83203125
    },
    "y": {
        "y_gains": [
            1.9197104155232392,
            1.8587033767027068,
            1.7636918840155298,
            1.7357778176620946,
            1.6947205049995948,
            1.6428016865659234,
            1.6533244759230077,
            1.6508303883207052,
            1.6395137235086348,
            1.6417067051570278,
            1.584857133846098,
            1.5099978467430706,
            1.4461620060673437,
            1.4037556359034087,
            1.3527086299428819,
            1.3207460075334032,
            1.2953532311679605,
            1.3033810460295012,
            1.2871025655738213,
            1.2716835881335795,
            1.2456169852332106,
            1.1786644294044244,
            1.1242754269728246,
            1.110251948808592
        ],
        "y_sigma": 0.039229147,
        "y_chi2": 0.001546944,
        "y_quality": 0.8229167
    }
}