{
    "x": {
        "x_gains": [
            1.6956467965009852,
            1.6769473601528195,
            1.639737100294815,
            1.5918633370043294,
            1.5786404391765072,
            1.5675816588556684,
            1.55055443174816,
            1.552752595581239,
            1.5616613390590086,
            1.5666068844257548,
            1.5567469443703952,
            1.4696085682882278,
            1.4373780384734356,
            1.3913996502327388,
            1.3243556149102311,
            1.2947551540318416,
            1.3036896895223895,
            1.2849665581670888,
            1.2451930877339392,
            1.2389927880707792,
            1.2219944234528883,
            1.1868041618848348,
            1.1440950667947871,
            1.0829459256726128
        ],
        "x_sigma": 0.024977468,
        "x_chi2": 0.00062836055,
        "x_quality": 0.8411458
    },
    "y": {
        "y_gains": [
            1.769903986248554,
            1.7159947960741813,
            1.6819164630776868,
            1.6293268403572527,
            1.6055323820147234,
            1.5901168513269366,
            1.5791185947436257,
            1.5809576809247972,
            1.589084540155642,
            1.566514683412082,
            1.5489942225613487,
            1.4888828837279247,
            1.4749090681686747,
            1.4426456736715287,
            1.3686580321681172,
            1.3251949577126976,
            1.3365606818597975,
            1.322282751918996,
            1.27862963635901,
            1.283885427605103,
            1.2718329198180567,
            1.239549666647908,
            1.1545977525754747,
            1.1606375800056499
        ],
        "y_sigma": 0.0343792,
        "y_chi2": 0.0011862252,
        "y_quality": 0.8255208
    }
}