{
    "x": {
        "x_gains": [
            1.1784464964078594,
            1.1564148180219387,
            1.1242756292120988,
            1.112315749067351,
            1.1214935243281665,
            1.17392648238447,
            1.1399372099786,
            1.1565642131968834,
            1.1641420500099127,
            1.1319805561963825,
            1.087109071501229,
            1.0598064687407431,
            1.0564185168446039,
            1.0536600620795435,
            1.0787462078025496,
            1.0674957265477327,
            1.02605576264211,
            0.9585512839315172,
            0.9468895341625434,
            0.9369665146906979,
            0.9808537350910232,
            0.9806117369811045,
            0.939244323465601,
            0.9493209744400075
        ],
        "x_sigma": 0.044363536,
        "x_chi2": 0.0019746723,
        "x_quality": 0.8385417
    },
    "y": {
        "y_gains": [
            1.6150688768733505,
            1.6153946594115631,
            1.5912874846066807,
            1.6089283941591395,
            1.6087661021399164,
            1.6515691227921823,
            1.5801924769248443,
            1.58766725479154,
            1.593283735472837,
            1.5717191890425646,
            1.5564716878733857,
            1.530022546106235,
            1.5237157209674252,
            1.513035557848645,
            1.4948136692339096,
            1.4645675703146213,
            1.4630047073639463,
            1.4223901274746034,
            1.4156752339084797,
            1.3873154419584677,
            1.3939931108302865,
            1.38807628589652,
            1.3318576350736717,
            1.3535849494348038
        ],
        "y_sigma": 0.038926274,
        "y_chi2": 0.0015197948,
        "y_quality": 0.8307292
    }
}