{
    "x": {
        "x_gains": [
            1.9627943305784927,
            1.8797699161622616,
            1.810426281161736,
            1.7474610221392302,
            1.7297898703159236,
            1.7472305958248529,
            1.8009970319568915,
            1.8480660543161398,
            1.891431098380519,
            1.8798245462000154,
            1.8286190771599533,
            1.7557949133216726,
            1.6783023367674754,
            1.6397207529322224,
            1.6220212350478433,
            1.6289272458541193,
            1.6391107561889955,
            1.6721918672948535,
            1.6624158692888948,
            1.5991814749538595,
            1.5533928460915765,
            1.4953338108432637,
            1.4541470711260414,
            1.4371344917882853
        ],
        "x_sigma": 0.030563047,
        "x_chi2": 0.0009369,
        "x_quality": 0.8385417
    },
    "y": {
        "y_gains": [
            1.9212373383254766,
            1.8712739427161877,
            1.8161112862145077,
            1.7360535440578273,
            1.7058382570222324,
            1.7210243605835167,
            1.7379655444854873,
            1.7921611373656743,
            1.8332182072299192,
            1.7939288782544787,
            1.7641150905862515,
            1.6798106248693947,
            1.618676418005056,
            1.5732781846886994,
            1.5734706801204286,
            1.574748591387385,
            1.5987863293216853,
            1.6199324261387762,
            1.5807428593577035,
            1.5178068262056694,
            1.4607947450889065,
            1.4097459430577957,
            1.3931435881053957,
            1.4080193743465912
        ],
        "y_sigma": 0.041716516,
        "y_chi2": 0.0017462521,
        "y_quality": 0.8359375
    }
}