{
    "x": {
        "x_gains": [
            2.7427658385333205,
            2.753713079178834,
            2.7387402309820645,
            2.769082474213958,
            2.765967633808456,
            2.7814959424788865,
            2.739375012138855,
            2.800038080517895,
            2.7436705235815055,
            2.7199143205229723,
            2.7388882277517026,
            2.7469780494478027,
            2.7251886021275875,
            2.682431783211443,
            2.6634590097120903,
            2.576774347489874,
            2.552053468990968,
            2.489067145921611,
            2.480732276445462,
            2.512435929743247,
            2.5270948795245425,
            2.522265487763141,
            2.486636690095592,
            2.4220693142952223
        ],
        "x_sigma": 0.029124282,
        "x_chi2": 0.000852162,
        "x_quality": 0.84375
    },
    "y": {
        "y_gains": [
            1.695298851519793,
            1.7057163415898249,
            1.7056070980544993,
            1.7280173299401986,
            1.7122384641357957,
            1.7021320054434181,
            1.6918358262816204,
            1.7379398704087756,
            1.7268472948937126,
            1.7334627652198031,
            1.7415311127058506,
            1.744893438485265,
            1.7137311508852877,
            1.677709631076685,
            1.661712161077603,
            1.6048445764197299,
            1.6169568322651446,
            1.5978812350484255,
            1.5995227024255962,
            1.6185315387055634,
            1.6212003724221498,
            1.6148746752285168,
            1.5874370737959649,
            1.5427217289146655
        ],
        "y_sigma": 0.03320823,
        "y_chi2": 0.0011079354,
        "y_quality": 0.8359375
    }
}