{
    "x": {
        "x_gains": [
            0.508081725758519,
            0.5099162651203558,
            0.505166336119494,
            0.5006710243403723,
            0.4918426664168105,
            0.4866952840249038,
            0.4855475556200794,
            0.48517866510270946,
            0.4846361143659811,
            0.4839195938559633,
            0.47763114819948815,
            0.47030461394693035,
            0.4603579762037279,
            0.4451854308615896,
            0.44263403190869066,
            0.43762628527010755,
            0.44088176706117654,
            0.4334582993610391,
            0.42956869069696835,
            0.4215201728805976,
            0.411515182441141,
            0.4063682950805989,
            0.39411974910809716,
            0.3828755832391619
        ],
        "x_sigma": 0.018195212,
        "x_chi2": 0.0003326965,
        "x_quality": 0.8385417
    },
    "y": {
        "y_gains": [
            0.47168545334797385,
            0.4729380362733069,
            0.46280284603386984,
            0.4549862120978285,
            0.44437559585212705,
            0.4383517256219784,
            0.4386275414408721,
            0.4432349449267284,
            0.4409018859710443,
            0.44063660003389377,
            0.4472178710407914,
            0.4235510477488156,
            0.4143771122614312,
            0.38650781607700907,
            0.3943668792711658,
            0.3906121830377441,
            0.39222046398504223,
            0.3904507918381104,
            0.38816967517573414,
            0.38601276567376847,
            0.39698324492516474,
            0.38118271696215067,
            0.3438256308942458,
            0.356001719061101
        ],
        "y_sigma": 0.036865547,
        "y_chi2": 0.0013631324,
        "y_quality": 0.8151042
    }
}