{
    "x": {
        "x_gains": [
            0.5295165778402607,
            0.5240886883842031,
            0.5229198653021178,
            0.5173986149652996,
            0.5091912845801349,
            0.5120756659390413,
            0.5119455322718177,
            0.5117780864709467,
            0.5214230030033443,
            0.5181017766383453,
            0.5097829904787831,
            0.49516290215769215,
            0.4797352628925254,
            0.46547137960782914,
            0.4576121841989716,
            0.4547667812694114,
            0.4497729546125116,
            0.45727992614746277,
            0.4537612931543438,
            0.4499089991562857,
            0.4495297851018367,
            0.43012417684985654,
            0.4160875075301437,
            0.4001243586506686
        ],
        "x_sigma": 0.02328676,
        "x_chi2": 0.0005439823,
        "x_quality": 0.84375
    },
    "y": {
        "y_gains": [
            0.5915095779892661,
            0.5888610109000528,
            0.5931334600108236,
            0.5876310365793856,
            0.5759421145922077,
            0.5790065093648803,
            0.5772274311866976,
            0.5754311057915702,
            0.5840352902156042,
            0.5789189556880958,
            0.5846489200774403,
            0.5844575666857317,
            0.5501282348915533,
            0.5399099257472677,
            0.535766082813792,
            0.5328376380309241,
            0.5259993593327803,
            0.5265446146780735,
            0.522486103828961,
            0.5156375066265865,
            0.5471825379606517,
            0.5418023249387925,
            0.5017313998010033,
            0.4555645939570997
        ],
        "y_sigma": 0.034612373,
        "y_chi2": 0.0012030157,
        "y_quality": 0.83723956
    }
}