{
    "x": {
        "x_gains": [
            0.5115484623108997,
            0.5084118520360853,
            0.5007081264678571,
            0.4980300421682037,
            0.4864900260301353,
            0.48260298289182074,
            0.4935809793633793,
            0.4938115048401922,
            0.49445249028524474,
            0.49124507932085176,
            0.48250222566214146,
            0.4767671373947537,
            0.46025343395087076,
            0.4491423738656628,
            0.4434615365853551,
            0.4428278668742526,
            0.4387096706264309,
            0.4377069861624189,
            0.43269742101086944,
            0.4313323623754301,
            0.4246369969399809,
            0.4117578271045354,
            0.40116165181840363,
            0.3884729207181155
        ],
        "x_sigma": 0.019367255,
        "x_chi2": 0.0003762128,
        "x_quality": 0.83984375
    },
    "y": {
        "y_gains": [
            0.527780185041844,
            0.5254579379065304,
            0.5166148501971919,
            0.5140269736682487,
            0.4979658096675083,
            0.4929024511545994,
            0.5012726812103249,
            0.5026918646661005,
            0.5012466505445694,
            0.5004447953340929,
            0.5027326030639542,
            0.48971452581432173,
            0.46248283726190925,
            0.44756707016329933,
            0.4505340630783731,
            0.44758894577048136,
            0.44678765706205753,
            0.4451282405558477,
            0.44351542746238654,
            0.4406920981262653,
            0.4124535056630072,
            0.39623211784640555,
            0.4048676754781528,
            0.40533409946882587
        ],
        "y_sigma": 0.031870537,
        "y_chi2": 0.001018787,
        "y_quality": 0.83984375
    }
}