{
    "x": {
        "x_gains": [
            2.302765965036137,
            2.2987661280856853,
            2.234198269680466,
            2.1733227501208696,
            2.167591686418846,
            2.1329574777863143,
            2.0960403157424827,
            2.10731968007937,
            2.1012290193595686,
            2.0610078946907406,
            2.018072444159179,
            1.9760246557290801,
            1.9361796464923202,
            1.858227637345321,
            1.8007366093174073,
            1.7615554957801056,
            1.7382915201793916,
            1.7224757419435073,
            1.705171281471174,
            1.6492590126644953,
            1.6383658087473334,
            1.5948729300941675,
            1.5610628465169254,
            1.5059735873015223
        ],
        "x_sigma": 0.028057845,
        "x_chi2": 0.0007910344,
        "x_quality": 0.84375
    },
    "y": {
        "y_gains": [
            2.462145740315519,
            2.4575036186740786,
            2.4156877856882963,
            2.348584579705641,
            2.32969938281371,
            2.281244298315032,
            2.248443874478912,
            2.2409020832008397,
            2.2186068790568614,
            2.166283111799835,
            2.17349237820341,
            2.1315965880130263,
            2.0963291766759395,
            2.041851128348373,
            1.9556843873510634,
            1.897490900345201,
            1.8709150907637038,
            1.8652203002370507,
            1.8462648492773996,
            1.7999180497311957,
            1.835819234516985,
            1.7859214844979425,
            1.694541105305444,
            1.7327229758893332
        ],
        "y_sigma": 0.037547432,
        "y_chi2": 0.0014147462,
        "y_quality": 0.82942706
    }
}