{
    "x": {
        "x_gains": [
            0.4694562602673018,
            0.468918510262774,
            0.4606914979384055,
            0.4554003652310929,
            0.4436487357896537,
            0.4426378132912981,
            0.445439516730196,
            0.44943012260453746,
            0.4601497861177779,
            0.46309245733529186,
            0.45485165240782544,
            0.44644820319107775,
            0.43330766707585355,
            0.4217419799436384,
            0.4168319057813168,
            0.40734619534376415,
            0.40556736928239234,
            0.4051966469977461,
            0.4118808684013853,
            0.4127591787115986,
            0.40369609612553076,
            0.3911882499567737,
            0.37687885888619105,
            0.3657475917349822
        ],
        "x_sigma": 0.019559003,
        "x_chi2": 0.0003840135,
        "x_quality": 0.8385417
    },
    "y": {
        "y_gains": [
            0.5085472295694583,
            0.5099727205392329,
            0.5030939017221155,
            0.500542513002718,
            0.4878295074897684,
            0.4869378910719937,
            0.48826258253895866,
            0.49110334371149295,
            0.5084502137499276,
            0.5065115350151171,
            0.5140215042952408,
            0.49753899797735474,
            0.4874743466625069,
            0.4750117007257181,
            0.46247686979745317,
            0.45456927810807535,
            0.45030481132678707,
            0.4532190061197256,
            0.45744239565144285,
            0.4548465836586813,
            0.47121081010373994,
            0.45296274096089073,
            0.41410983178320293,
            0.41948525802957704
        ],
        "y_sigma": 0.036410004,
        "y_chi2": 0.0013296639,
        "y_quality": 0.828125
    }
}