{
    "x": {
        "x_gains": [
            2.090466833646189,
            2.057567233324112,
            2.0508414253725262,
            1.9299749132210904,
            1.911068174930084,
            1.8881549525690755,
            1.8736784711533148,
            1.885219894876368,
            1.8961030342388807,
            1.8632025507988201,
            1.8245844508913096,
            1.7496569797491204,
            1.6841383388282558,
            1.6551383521872902,
            1.5982690107306183,
            1.570812050139064,
            1.5819455715806643,
            1.5458920469573982,
            1.5432251182727732,
            1.5100138075662564,
            1.4645012941065685,
            1.4426169533170596,
            1.3997177665084322,
            1.339089561577257
        ],
        "x_sigma": 0.026415324,
        "x_chi2": 0.00070058135,
        "x_quality": 0.828125
    },
    "y": {
        "y_gains": [
            2.3034250179413776,
            2.269231521568297,
            2.2649146555243735,
            2.176731437487321,
            2.1499466071509845,
            2.1334982783522296,
            2.118761362784766,
            2.0979758938373845,
            2.1296499362361514,
            2.0916522701726996,
            2.064023660976518,
            1.9598063319382777,
            1.8972308019215154,
            1.8799688752353017,
            1.8166102851387838,
            1.787121963389377,
            1.782347717324999,
            1.7513214596073468,
            1.7525510132548938,
            1.7122194079042554,
            1.6321137309075335,
            1.6138582654800073,
            1.6238973513698314,
            1.555840032261899
        ],
        "y_sigma": 0.03617998,
        "y_chi2": 0.0013142683,
        "y_quality": 0.8333333
    }
}