{
    "x": {
        "x_gains": [
            2.0875670497832344,
            2.0156717267350617,
            1.9777551592907738,
            1.9059163455197625,
            1.9184983529691642,
            1.853141054629616,
            1.8559101086227066,
            1.850617079011911,
            1.8662297698360162,
            1.853398169402335,
            1.8341320978619524,
            1.772928935334899,
            1.7066238508874956,
            1.6360422730418764,
            1.5912139530369114,
            1.561069572437406,
            1.5336188420410932,
            1.5308130078998372,
            1.5144675953533409,
            1.5329640933820408,
            1.5224965228082539,
            1.470035890926277,
            1.4224753090292046,
            1.3582497919161318
        ],
        "x_sigma": 0.021366829,
        "x_chi2": 0.0004580111,
        "x_quality": 0.82942706
    },
    "y": {
        "y_gains": [
            2.376555300968389,
            2.3346065499254443,
            2.3039715885282765,
            2.253593495678453,
            2.253974359734353,
            2.2078847095593903,
            2.1855686334882924,
            2.150750720614406,
            2.160372206206663,
            2.1515165050146257,
            2.1117149137564013,
            2.069412224845777,
            1.9816990096459197,
            1.9601167210305042,
            1.8923212442390647,
            1.847234449888039,
            1.8043815797902043,
            1.8023207402780115,
            1.7727221318330906,
            1.7819850047743835,
            1.7630333651948722,
            1.6933775526142567,
            1.7234304331273662,
            1.6234058763071868
        ],
        "y_sigma": 0.035580765,
        "y_chi2": 0.0012708461,
        "y_quality": 0.8411458
    }
}