{
    "x": {
        "x_gains": [
            2.2195889512147,
            2.1902954055794095,
            2.1557509820469702,
            2.142229331948139,
            2.130048355718757,
            2.1007364026422644,
            2.10011314989629,
            2.0971648344716183,
            2.0626264544713573,
            2.0690642044692282,
            2.0548166309378577,
            2.0058151791347405,
            1.9185108672129563,
            1.8527632741410054,
            1.8178351074495065,
            1.8091388867963183,
            1.792957192429848,
            1.7766331522588825,
            1.7813303045967939,
            1.787311887211183,
            1.7400600807944697,
            1.6757825607107113,
            1.6324751014489407,
            1.5818569862081053
        ],
        "x_sigma": 0.023435883,
        "x_chi2": 0.0005527386,
        "x_quality": 0.8333333
    },
    "y": {
        "y_gains": [
            2.17992043028839,
            2.1974120726434547,
            2.1433776927495085,
            2.131644661485662,
            2.1038229471416376,
            2.0634619795265365,
            2.068778613794202,
            2.0817304009246214,
            2.0561145319945093,
            2.062907838168923,
            2.047371424869781,
            2.011682645797203,
            1.9561838296367329,
            1.882975342061301,
            1.8086610265381213,
            1.7880361784088195,
            1.781398212331266,
            1.7765510889902867,
            1.7937140904044457,
            1.7912585507965995,
            1.7517813426528102,
            1.6840320118318743,
            1.6497192656228499,
            1.5628887685811845
        ],
        "y_sigma": 0.032692462,
        "y_chi2": 0.0010729148,
        "y_quality": 0.82942706
    }
}