{
    "x": {
        "x_gains": [
            0.5017482162223728,
            0.49723022873386086,
            0.4799968973000558,
            0.45833702676587407,
            0.44001546390346347,
            0.43085835083623575,
            0.4103708932132862,
            0.41002235687903116,
            0.44120947695013596,
            0.4513049414686826,
            0.4477862834284775,
            0.4492488110630215,
            0.46524276018294275,
            0.4390626101086702,
            0.4106384598561073,
            0.38545600486106274,
            0.38639074606527674,
            0.38566354396180663,
            0.3745389893215189,
            0.3645609166344699,
            0.3606028153992692,
            0.3721767232042808,
            0.37930436489808167,
            0.3803986075280732
        ],
        "x_sigma": 0.050582305,
        "x_chi2": 0.0025855822,
        "x_quality": 0.86067706
    },
    "y": {
        "y_gains": [
            0.5176374880108687,
            0.5040530909039587,
            0.5060809420797953,
            0.5083978426645944,
            0.49964625045467814,
            0.49904677076316534,
            0.4901337065146023,
            0.4878610415638093,
            0.4883770176808108,
            0.4866025188298143,
            0.4823764255308722,
            0.4864028514880765,
            0.47777048593845023,
            0.44633858638142415,
            0.4456520227788792,
            0.4403912788434268,
            0.43531901635837444,
            0.43167708620038864,
            0.42948917330807246,
            0.4237575967554067,
            0.4067706155415663,
            0.43161617857998535,
            0.40967493236369285,
            0.40298297670951827
        ],
        "y_sigma": 0.034171395,
        "y_chi2": 0.0011719285,
        "y_quality": 0.82682294
    }
}