{
    "x": {
        "x_gains": [
            0.3710447923789181,
            0.35167143984450777,
            0.34149771266539547,
            0.3426505030657626,
            0.33258961860085934,
            0.33644802333926477,
            0.333663682623376,
            0.31554094699139285,
            0.30556695320291,
            0.2945755387418384,
            0.2895469776941695,
            0.27826193809105965,
            0.27001465396528535,
            0.25682343922745865,
            0.257689340399553,
            0.2550462364395423,
            0.25425688961800724,
            0.2601277149041865,
            0.31750048379136214,
            0.21849266411972684,
            0.2956061544610146,
            0.33817537342001086,
            0.3437814946821816,
            0.22061299748093047
        ],
        "x_sigma": 0.55317605,
        "x_chi2": 0.30704853,
        "x_quality": 0.72526044
    },
    "y": {
        "y_gains": [
            0.39737652021355013,
            0.3877713211698518,
            0.38233471393124085,
            0.36735283891192294,
            0.36652923897204237,
            0.3685826082084821,
            0.3701268406176455,
            0.354382495942852,
            0.34658777404695296,
            0.34173375270443823,
            0.3341143144061138,
            0.3252166837459628,
            0.31947206857301824,
            0.3137651993353449,
            0.3152631634035458,
            0.31888773997179376,
            0.30743897797445674,
            0.3014566990612036,
            0.22163644694345944,
            0.25876227277114466,
            0.1361297468953229,
            0.11401251424158818,
            0.07927437940844824,
            0.24642936176273877
        ],
        "y_sigma": 0.18945535,
        "y_chi2": 0.036186613,
        "y_quality": 0.74088544
    }
}