{
    "x": {
        "x_gains": [
            0.33738303183323615,
            0.3287297471657332,
            0.3214880627945916,
            0.3185348923917463,
            0.3051812947792514,
            0.2967360811490096,
            0.2906854216900741,
            0.29028217430289244,
            0.28161475535154634,
            0.2634421626957678,
            0.257501044037983,
            0.2519074431596045,
            0.24743182467634126,
            0.243157528899941,
            0.23381000178397032,
            0.24635157019810164,
            0.2468775544111958,
            0.2261302913442322,
            0.10732618176053789,
            0.1467942053868189,
            0.20872443073542382,
            0.2806410965208923,
            0.32801691176473,
            0.19067528089281335
        ],
        "x_sigma": 0.5397243,
        "x_chi2": 0.29252264,
        "x_quality": 0.72005206
    },
    "y": {
        "y_gains": [
            0.37760759758569784,
            0.3710350452989266,
            0.36410204353000136,
            0.3575902408473973,
            0.3369629295287523,
            0.3439082246511696,
            0.3417147066286981,
            0.33765178714026156,
            0.3299419698063505,
            0.3101032026559471,
            0.30900797809158154,
            0.30356219919642224,
            0.30393809243043096,
            0.3004024461530868,
            0.29793225777206195,
            0.2956232563031756,
            0.29219730915498,
            0.28610734816368866,
            0.22941128361692584,
            0.25610907870060395,
            0.11343679222531451,
            0.11086714180628074,
            0.0774648061892521,
            0.22339095405138484
        ],
        "y_sigma": 0.1604757,
        "y_chi2": 0.025840247,
        "y_quality": 0.7447917
    }
}