{
    "x": {
        "x_gains": [
            0.3965743589613432,
            0.38220883607968853,
            0.3826700959009527,
            0.37049462328940314,
            0.36433509210026793,
            0.35084855881586646,
            0.3471736661275291,
            0.3370336027894519,
            0.3295327443177186,
            0.3175066431914955,
            0.3117562275800509,
            0.3013439639447974,
            0.29888521791422357,
            0.28653951953053364,
            0.2864745892742195,
            0.2856782412824713,
            0.29428822170544555,
            0.2589711021139371,
            0.15014177963321654,
            0.22769297605876662,
            0.2593923640490899,
            0.3191122348683919,
            0.37437908293148103,
            0.23397371314691745
        ],
        "x_sigma": 0.58371025,
        "x_chi2": 0.34465036,
        "x_quality": 0.70963544
    },
    "y": {
        "y_gains": [
            0.4078940552296708,
            0.39318557498062673,
            0.3932899542379608,
            0.36827953831151267,
            0.3728131665083888,
            0.3657547887725862,
            0.3701646958974869,
            0.3608608841596867,
            0.3465956182619429,
            0.3341546073888868,
            0.32386377253363163,
            0.31492888905685096,
            0.31002581957030545,
            0.31023823721640853,
            0.3124827157997823,
            0.3045314863782914,
            0.3020193071278429,
            0.2941484461314185,
            0.26083018439572464,
            0.2690850596709574,
            0.13887572269884524,
            0.1066462929588598,
            0.09106304540503612,
            0.24087113454519615
        ],
        "y_sigma": 0.21990402,
        "y_chi2": 0.04853757,
        "y_quality": 0.74869794
    }
}