{
    "x": {
        "x_gains": [
            0.4299241110856835,
            0.4202271991970635,
            0.4103794820108102,
            0.3930665574884996,
            0.37928662633459115,
            0.3861732371597205,
            0.3759167858573489,
            0.36821806757685266,
            0.35985125188652023,
            0.34234581514763834,
            0.33252473294024254,
            0.33267213637322035,
            0.3160773935727116,
            0.3122312177076815,
            0.30523868642729013,
            0.3214241093731674,
            0.3100667800126117,
            0.28915627812496614,
            0.3738871249725193,
            0.2370565185173262,
            0.36376017437207714,
            0.42314032577235167,
            0.408924114520834,
            0.25263234694970316
        ],
        "x_sigma": 0.6156009,
        "x_chi2": 0.380256,
        "x_quality": 0.72526044
    },
    "y": {
        "y_gains": [
            0.4238895143849662,
            0.41121232919833295,
            0.3975433411689126,
            0.37477146436103265,
            0.3668015677245725,
            0.3743141021602752,
            0.37711983774796104,
            0.36605264386097686,
            0.3618198569125484,
            0.34248557536377966,
            0.3374162840675304,
            0.3382818899606223,
            0.32500243751828134,
            0.3210835877546169,
            0.3205305421533723,
            0.32085115394117514,
            0.31159491414781126,
            0.29975286874736123,
            0.2270046708708083,
            0.2592490467671799,
            0.1414641994499221,
            0.10401091032844981,
            0.08958518476048506,
            0.2475278772083509
        ],
        "y_sigma": 0.20284234,
        "y_chi2": 0.041292228,
        "y_quality": 0.7447917
    }
}