{
    "x": {
        "x_gains": [
            0.42025851109637963,
            0.3985508372716134,
            0.39199362430209944,
            0.3865749628385488,
            0.3762877035575368,
            0.35702418485398446,
            0.3522071767143156,
            0.3400719728323302,
            0.33325004303924305,
            0.32976410950978025,
            0.3194449630988359,
            0.3089100024070267,
            0.30692777421656303,
            0.2947807824389891,
            0.2707639021356367,
            0.2577592227796466,
            0.2788564876240702,
            0.2742105498834646,
            0.19326315561626595,
            0.29474393457509934,
            0.3266850956262811,
            0.3902718649422062,
            0.3927233083639854,
            0.23560661517405557
        ],
        "x_sigma": 0.6118722,
        "x_chi2": 0.37571564,
        "x_quality": 0.7135417
    },
    "y": {
        "y_gains": [
            0.42373868882537513,
            0.4060911561752272,
            0.40118477888901505,
            0.39472837102666913,
            0.3992854387787615,
            0.3941620190366065,
            0.3878829102513419,
            0.36864015099500586,
            0.36070849930583454,
            0.349829276316572,
            0.3381437665563642,
            0.33361022982408733,
            0.3361001546195151,
            0.3364793819062183,
            0.328248663067814,
            0.33266872774903633,
            0.32795853029976063,
            0.31109792055927943,
            0.23963202106844728,
            0.27858831500315084,
            0.13038583633263132,
            0.10867873609238214,
            0.07773782312795077,
            0.24908784032871623
        ],
        "y_sigma": 0.17311269,
        "y_chi2": 0.030232899,
        "y_quality": 0.73828125
    }
}