{
    "x": {
        "x_gains": [
            0.38778500501309066,
            0.36850027243225136,
            0.36937684242860397,
            0.36732008992583515,
            0.3505556412079839,
            0.3451264895486726,
            0.33577289127489107,
            0.32610719998064225,
            0.3173029251363411,
            0.30966238934137097,
            0.3029942742566005,
            0.29309139615552016,
            0.28850973068309066,
            0.2779819709789046,
            0.27154933368446477,
            0.26241983893982385,
            0.25705900082451677,
            0.2635786286546923,
            0.17586183731302807,
            0.2641773551503674,
            0.36630781321744815,
            0.433111438793601,
            0.453474430390768,
            0.22708342227434042
        ],
        "x_sigma": 0.6099752,
        "x_chi2": 0.37404653,
        "x_quality": 0.71484375
    },
    "y": {
        "y_gains": [
            0.40654058758937284,
            0.3930146364545835,
            0.387008855768843,
            0.37583698897444606,
            0.34099043262683754,
            0.34894753758714575,
            0.35672168349519046,
            0.34896669217613185,
            0.3393431687199982,
            0.33691800615158374,
            0.32818835727516626,
            0.3234818865670653,
            0.323231456057831,
            0.3173795720669668,
            0.3158357186825987,
            0.31463102543190896,
            0.3021985518826713,
            0.2935808603598491,
            0.2242603199441251,
            0.2565616672649685,
            0.15473611264665213,
            0.11742312601497616,
            0.0882000270774083,
            0.24726176143839088
        ],
        "y_sigma": 0.15254611,
        "y_chi2": 0.023351759,
        "y_quality": 0.73828125
    }
}