{
    "x": {
        "x_gains": [
            0.35714579084042475,
            0.347824671461337,
            0.3394860195243842,
            0.3352219177476037,
            0.32446113818631156,
            0.3116645539445996,
            0.3066980868633389,
            0.2988940263458346,
            0.2831449074760307,
            0.27847728176765796,
            0.2750272228820889,
            0.2682016382828873,
            0.26040375498048224,
            0.24445325182349292,
            0.2398766419975929,
            0.24327648270082827,
            0.25890445563435255,
            0.22481200657979783,
            0.22748956619104663,
            0.10111652871001599,
            0.22643676391068973,
            0.2518954502895664,
            0.2199810310356938,
            0.20550517961419856
        ],
        "x_sigma": 0.60540307,
        "x_chi2": 0.36927906,
        "x_quality": 0.72265625
    },
    "y": {
        "y_gains": [
            0.3505807369908253,
            0.3440849796308574,
            0.33358983055404634,
            0.3277516678053306,
            0.3052276926858929,
            0.3119756858629466,
            0.32038481035109495,
            0.3126888445190367,
            0.29869981645194976,
            0.29364856075645984,
            0.28627689342392204,
            0.27843395379555597,
            0.27303321885960574,
            0.2647267770817346,
            0.26547770177121677,
            0.2672777562737974,
            0.26470762553051047,
            0.2536681556818293,
            0.18942407504224157,
            0.17523268271774675,
            0.13220911515744455,
            0.09146787648177959,
            0.08063626528944226,
            0.2094409267677233
        ],
        "y_sigma": 0.19319195,
        "y_chi2": 0.03745126,
        "y_quality": 0.7447917
    }
}