{
    "x": {
        "x_gains": [
            0.283462757231468,
            0.2737211017920329,
            0.2702975191823392,
            0.26552263936300907,
            0.2649085358245615,
            0.2638166657789236,
            0.2591060287521151,
            0.25195450558274496,
            0.24678229815768374,
            0.24046421135072832,
            0.23639579994636653,
            0.23495316467110763,
            0.23139570437939974,
            0.22642948329244772,
            0.20426317676220396,
            0.19478718331499736,
            0.21484534035906241,
            0.2092494535973643,
            0.2187141732514578,
            0.17892935117712253,
            0.30372396254196665,
            0.3735958028155375,
            0.3576458349174063,
            0.17037220534212272
        ],
        "x_sigma": 0.6000823,
        "x_chi2": 0.36255246,
        "x_quality": 0.7161458
    },
    "y": {
        "y_gains": [
            0.29649404684428043,
            0.29023794257984786,
            0.2870628248474692,
            0.2761758351888667,
            0.2640117852748852,
            0.26951192199462537,
            0.2714091986277008,
            0.26578405099013863,
            0.2592954636284568,
            0.2557131626586058,
            0.24851586326458389,
            0.24801111823922622,
            0.2452226580046831,
            0.24544948919506807,
            0.23408365728560807,
            0.2269198308348968,
            0.219333613159157,
            0.21883693639230897,
            0.18126704102781893,
            0.18125329767718462,
            0.1048888372369637,
            0.07100888356637858,
            0.06786846792295273,
            0.1724723147440373
        ],
        "y_sigma": 0.1863321,
        "y_chi2": 0.034879122,
        "y_quality": 0.74348956
    }
}