{
    "x": {
        "x_gains": [
            0.3758100538734987,
            0.38055891927355867,
            0.3665876340386443,
            0.361640123306263,
            0.35011597941934247,
            0.3345385418843258,
            0.3379851125669557,
            0.32711231139521907,
            0.31884297241871185,
            0.30852104267771585,
            0.30207510493333956,
            0.29669983444445935,
            0.28653514340639796,
            0.2788014981565784,
            0.27771530726227195,
            0.26078052340841607,
            0.2647935243366697,
            0.26742761590205905,
            0.3083096764749327,
            0.2249649954467085,
            0.39009593239169377,
            0.46383611297173816,
            0.47753781502572734,
            0.2254616908684385
        ],
        "x_sigma": 0.5005592,
        "x_chi2": 0.25158572,
        "x_quality": 0.72005206
    },
    "y": {
        "y_gains": [
            0.36292424029068776,
            0.36763790842411753,
            0.35195993288124083,
            0.35085782809250565,
            0.3409965022624777,
            0.33182745609391834,
            0.33568979738334503,
            0.3262752599043465,
            0.31474056926308436,
            0.3046841284796908,
            0.2987526628198278,
            0.2958481674069873,
            0.2890134986644686,
            0.2861126362504138,
            0.28533765631296154,
            0.2833988362510188,
            0.27600163061763366,
            0.26909993284342076,
            0.23552139856751647,
            0.22649494363628028,
            0.15462388821558776,
            0.10375313477127569,
            0.07715608830977244,
            0.222433979370583
        ],
        "y_sigma": 0.16101587,
        "y_chi2": 0.026014905,
        "y_quality": 0.75390625
    }
}