{
    "x": {
        "x_gains": [
            0.3551935675297385,
            0.3463988273984014,
            0.3406911028041535,
            0.33213981106492557,
            0.3228787664171341,
            0.31700507804094413,
            0.3133511400341177,
            0.3070531552920412,
            0.29740679122459623,
            0.27841016326278223,
            0.270694880797073,
            0.2656188251923731,
            0.2608844242867746,
            0.24278067388146088,
            0.25665077767367167,
            0.2635091246622142,
            0.24445379561697278,
            0.24762576417310825,
            0.2127844878065658,
            0.1336242600723629,
            0.2977918200517884,
            0.3645467495480714,
            0.4025651775163484,
            0.21039500715816412
        ],
        "x_sigma": 0.58147866,
        "x_chi2": 0.3394997,
        "x_quality": 0.7239583
    },
    "y": {
        "y_gains": [
            0.3640861755568926,
            0.359058614379881,
            0.35209430268462755,
            0.34207438284308145,
            0.3360310578721425,
            0.3349581034404217,
            0.33012867524413597,
            0.3216048131633622,
            0.3125389501666645,
            0.2947545943988138,
            0.28932569868395,
            0.2863301655386356,
            0.28126708345948165,
            0.2772704191225201,
            0.28277070728475595,
            0.27731204760005834,
            0.2687602227989996,
            0.26811207674654575,
            0.22418621804015285,
            0.2232562957717267,
            0.12708681958955886,
            0.09348779012065908,
            0.07814112881736997,
            0.21584314592248555
        ],
        "y_sigma": 0.18959029,
        "y_chi2": 0.036219623,
        "y_quality": 0.7447917
    }
}