{
    "x": {
        "x_gains": [
            0.3162722782983514,
            0.2972724067590233,
            0.29698125386019947,
            0.295410196998721,
            0.28687840549769184,
            0.28021278798694155,
            0.27791970982958936,
            0.27172517498421955,
            0.2636356511010993,
            0.2509943139748112,
            0.24188356083369136,
            0.24638022485299907,
            0.24221878217725137,
            0.23208100796866388,
            0.2102678280151308,
            0.21926843280080338,
            0.2245754485361218,
            0.2202872484038757,
            0.33107614446732697,
            0.23246112755967308,
            0.4032792734778708,
            0.4466387309028445,
            0.485935566887573,
            0.18121605030557555
        ],
        "x_sigma": 0.5135941,
        "x_chi2": 0.26522672,
        "x_quality": 0.7213542
    },
    "y": {
        "y_gains": [
            0.2647926408829246,
            0.25195232185276467,
            0.24922112168944005,
            0.2542620485186401,
            0.24754172501431407,
            0.236661912128852,
            0.2434490893178191,
            0.23863142016955716,
            0.23187556258808373,
            0.22276644063669765,
            0.2192629375493328,
            0.21931382843868732,
            0.21977265573672783,
            0.21571159566742398,
            0.20835953020343287,
            0.21278198400475268,
            0.21075179802896488,
            0.2006318901379896,
            0.16202416136699138,
            0.16356537715485323,
            0.09439629604037744,
            0.06460199133054197,
            0.060811677788108996,
            0.161262507399127
        ],
        "y_sigma": 0.13209704,
        "y_chi2": 0.01751019,
        "y_quality": 0.75130206
    }
}