{
    "x": {
        "x_gains": [
            0.36264745698910494,
            0.3559428593537708,
            0.35034385899416415,
            0.3472560435139603,
            0.3388552622104376,
            0.33350120672409134,
            0.3330766755497106,
            0.32396311070933925,
            0.30824321894201434,
            0.2946768570638669,
            0.2843796271231392,
            0.27515896759034597,
            0.2717965179060905,
            0.25542294847480573,
            0.266266507158828,
            0.23719159459402403,
            0.2679735630145461,
            0.2683646059503196,
            0.2889148514194705,
            0.27176902502753564,
            0.47660244226342696,
            0.4796600629947154,
            0.5220661708430221,
            0.21313218202170367
        ],
        "x_sigma": 0.5154518,
        "x_chi2": 0.26694614,
        "x_quality": 0.7265625
    },
    "y": {
        "y_gains": [
            0.4439776956261182,
            0.43788423794524395,
            0.4343547881143503,
            0.42146220411245966,
            0.4200612869417648,
            0.421355297742294,
            0.41974574656943897,
            0.4098666879906642,
            0.3931421231577459,
            0.3812680273055011,
            0.3702922798429102,
            0.3548912622044887,
            0.34945094267886295,
            0.3422441151980002,
            0.33894527281162695,
            0.3307312282246559,
            0.32685036528796824,
            0.3262110798376173,
            0.2487928137290443,
            0.27172894059951014,
            0.16777624085420254,
            0.1210227975484654,
            0.09789621043769396,
            0.2664258887101763
        ],
        "y_sigma": 0.105726905,
        "y_chi2": 0.011217327,
        "y_quality": 0.7395833
    }
}