{
    "x": {
        "x_gains": [
            0.38494000748477347,
            0.3837621632458235,
            0.38059270996738437,
            0.3773077604697904,
            0.36333346243782366,
            0.3472418148593454,
            0.3406872841298903,
            0.33084526664639685,
            0.3211049297698564,
            0.3132316307815981,
            0.3003355288461163,
            0.29368579936649036,
            0.29173277452892815,
            0.2857565776877835,
            0.28627913899373225,
            0.2635544262424094,
            0.2884581990031577,
            0.2743495364535362,
            0.3582461786059251,
            0.2435596970662942,
            0.42355198060741844,
            0.5565971033462228,
            0.4871141264558015,
            0.22156687663821012
        ],
        "x_sigma": 0.48541975,
        "x_chi2": 0.23646942,
        "x_quality": 0.7239583
    },
    "y": {
        "y_gains": [
            0.40891814489212985,
            0.40957705844214093,
            0.4054558134254529,
            0.39621516258372225,
            0.39300524548031196,
            0.3706967207797383,
            0.3755334687632199,
            0.36659307677243536,
            0.35781531992017285,
            0.34834891323847794,
            0.33670957637389715,
            0.3316528593501017,
            0.3287400891437925,
            0.32326410891052304,
            0.3178198877828827,
            0.31300890356956296,
            0.3109102092248489,
            0.3012045471043249,
            0.24963796254481938,
            0.24498534595654628,
            0.13097120135809803,
            0.11404126195323487,
            0.07350345315547752,
            0.24481272438616267
        ],
        "y_sigma": 0.13122839,
        "y_chi2": 0.017298717,
        "y_quality": 0.7578125
    }
}