{
    "x": {
        "x_gains": [
            1.2893364628451782,
            1.2504559474998571,
            1.2290239864555657,
            1.2177211055787334,
            1.194305646223259,
            1.197759495043761,
            1.1733101049220829,
            1.1495352199198818,
            1.1095321728603194,
            1.086361148596606,
            1.0582421112759781,
            1.0626795496725379,
            1.027745426635626,
            1.0364618360345152,
            1.0066372627922204,
            0.9845063316063452,
            0.9989130826747415,
            0.9916326040867164,
            0.4814178487400525,
            0.5099464285978366,
            0.5149898083516927,
            0.47035425342056897,
            0.24247361887026692,
            0.8268943073619062
        ],
        "x_sigma": 0.5235818,
        "x_chi2": 0.27525008,
        "x_quality": 0.72786456
    },
    "y": {
        "y_gains": [
            1.2812148294517927,
            1.2475680220869443,
            1.2764318725549149,
            1.317771332411772,
            1.2141058705175514,
            1.3100191839209294,
            1.237090649796709,
            1.2221603483176546,
            1.1700989725875766,
            1.156690968551134,
            1.1206903237221586,
            1.1047740656939538,
            1.0720068042415878,
            1.0811150923775006,
            1.0759972557765989,
            1.0549919290479948,
            1.0340182704824283,
            1.0256564893850193,
            0.2928728427242669,
            0.7520918117583387,
            0.26673761887328695,
            0.1317652217819507,
            0.09512181108884415,
            0.837778165389809
        ],
        "y_sigma": 0.21394508,
        "y_chi2": 0.045931946,
        "y_quality": 0.7421875
    }
}