{
    "x": {
        "x_gains": [
            0.3505609255257152,
            0.34775137181830534,
            0.3350658246864571,
            0.33827899478908274,
            0.3265760396384934,
            0.3270063383965578,
            0.3195333994362728,
            0.30427994387739005,
            0.2979984013577761,
            0.2912722427863662,
            0.27799023954029756,
            0.26622194113918074,
            0.2670814334495565,
            0.2665303594870868,
            0.27466128770000836,
            0.24659744840688186,
            0.2545111917860687,
            0.255437817737505,
            0.3215497152838046,
            0.30476613085225257,
            0.42017039758371766,
            0.4721222660697908,
            0.5093243018589929,
            0.2100731018682074
        ],
        "x_sigma": 0.5405756,
        "x_chi2": 0.29390645,
        "x_quality": 0.72526044
    },
    "y": {
        "y_gains": [
            0.38976814953439465,
            0.3869164960687349,
            0.36533697403805865,
            0.36267395883106557,
            0.3568743601688815,
            0.36687675252438723,
            0.36260853326661335,
            0.33946763802389235,
            0.33346353973014664,
            0.32485840559104706,
            0.31527891764243127,
            0.3091855789043916,
            0.30159271110735797,
            0.2973022967970018,
            0.2989310077696653,
            0.29411388413118833,
            0.28837788391942343,
            0.2777451735804569,
            0.20526350641056404,
            0.2358521716324555,
            0.1280449685734752,
            0.08587001958179927,
            0.06627578533988907,
            0.22367076379316092
        ],
        "y_sigma": 0.13836788,
        "y_chi2": 0.01921117,
        "y_quality": 0.7526042
    }
}