{
    "x": {
        "x_gains": [
            1.540256529725026,
            1.4944538724557745,
            1.4580921709636399,
            1.4598000339637076,
            1.4403768809485584,
            1.3811970981656696,
            1.3653667860575243,
            1.336308222698705,
            1.3377063846852952,
            1.3023536395444575,
            1.2830723115176397,
            1.2484947367144958,
            1.2245296306169633,
            1.2376239155475144,
            1.2313004402994931,
            1.1832914420552711,
            1.1882016330643244,
            1.1756378217265158,
            1.9311049720854914,
            1.8006390107721426,
            1.905146345150105,
            1.9777370100255445,
            1.9254183799360314,
            0.9653967066070592
        ],
        "x_sigma": 0.4733562,
        "x_chi2": 0.22537574,
        "x_quality": 0.7239583
    },
    "y": {
        "y_gains": [
            1.4130116670677737,
            1.3865722155858564,
            1.3575021200789361,
            1.3961006016690998,
            1.4017861587270224,
            1.3146581238779476,
            1.3155852117697515,
            1.2808668086806394,
            1.2749803716771781,
            1.240070199877987,
            1.208314800805076,
            1.1714847491429419,
            1.163082956077684,
            1.1609605648398218,
            1.1280205146322873,
            1.118786483627231,
            1.1176925817849193,
            1.0874738992670752,
            0.9903069743656068,
            1.0458412072103223,
            0.6800024208086181,
            0.46972387704639323,
            0.41731200490625375,
            0.9176715552559869
        ],
        "y_sigma": 0.07831143,
        "y_chi2": 0.00616002,
        "y_quality": 0.72005206
    }
}