{
    "x": {
        "x_gains": [
            0.4108123847773964,
            0.4031749218747795,
            0.39316725633891775,
            0.3840189736094481,
            0.3825713061267494,
            0.3807797027968726,
            0.3684383479032892,
            0.3535043504896654,
            0.3295151208063393,
            0.3121586447669897,
            0.30885729841532733,
            0.31560072783839854,
            0.30263192936328664,
            0.2970386111876563,
            0.2921122534809922,
            0.2954802717130206,
            0.2866712763407902,
            0.3004711086512543,
            0.48578779234709346,
            0.3839916934916864,
            0.5431137252985089,
            0.617740201327709,
            0.49351233617981377,
            0.23863857836507898
        ],
        "x_sigma": 0.49941146,
        "x_chi2": 0.25906014,
        "x_quality": 0.7057292
    },
    "y": {
        "y_gains": [
            0.4123165722111247,
            0.4101704721804543,
            0.4054190417296603,
            0.38427116632831587,
            0.39662110547821006,
            0.38377687642234903,
            0.38557470932197424,
            0.37307015472338523,
            0.3602166890697433,
            0.35317007222681146,
            0.34949637572258374,
            0.34972741196329343,
            0.3399275077395545,
            0.33744440729931396,
            0.33310868483627976,
            0.3261526160065332,
            0.3157849031132444,
            0.30465027625839375,
            0.2279378395276581,
            0.2661667628992598,
            0.15206024140171562,
            0.10050751268530445,
            0.07639691374803717,
            0.24271069988906907
        ],
        "y_sigma": 0.09817046,
        "y_chi2": 0.009670331,
        "y_quality": 0.73567706
    }
}