{
    "x": {
        "x_gains": [
            1.575510516611474,
            1.5592218335463335,
            1.5449637919195798,
            1.5490518098966441,
            1.544300181069196,
            1.4950979476042925,
            1.4649590010714124,
            1.388676267122656,
            1.408873564727667,
            1.411172557954599,
            1.3682142218480005,
            1.3410788684459298,
            1.3413856535263098,
            1.3342882211464242,
            1.3764099168958102,
            1.330514947869759,
            1.2923199236187233,
            1.355953438999621,
            1.1615774435413542,
            1.6550474063503837,
            1.9116233582022788,
            2.298525240921647,
            2.443152722453942,
            1.084823193346302
        ],
        "x_sigma": 0.5525401,
        "x_chi2": 0.30691478,
        "x_quality": 0.71875
    },
    "y": {
        "y_gains": [
            1.5942198689057059,
            1.573381159924912,
            1.520884905589929,
            1.4938619453458657,
            1.599079953358036,
            1.5714517009526785,
            1.5488031112852516,
            1.4806799400739215,
            1.4880124231181182,
            1.4596567585019933,
            1.4233511053901253,
            1.3865539897432442,
            1.3857157921853112,
            1.3592103422858628,
            1.3548551165358307,
            1.3342263755206818,
            1.3362204603413108,
            1.310034629455395,
            0.9874863751567389,
            1.0625472362014774,
            0.44805531224907497,
            0.26785322072069656,
            0.22480072146644345,
            1.0587367678020023
        ],
        "y_sigma": 0.15974113,
        "y_chi2": 0.025663322,
        "y_quality": 0.7473958
    }
}