{
    "x": {
        "x_gains": [
            0.412566171488245,
            0.40094073526596924,
            0.3879361177836123,
            0.3775995130476679,
            0.36796204515659653,
            0.3585181969675312,
            0.36076301088191115,
            0.351637408383071,
            0.33435932607069213,
            0.322356482622713,
            0.3128099751347351,
            0.30888147285064677,
            0.30441400304414,
            0.30343960627861455,
            0.2829640369686855,
            0.27133522435895696,
            0.28726154203949145,
            0.30090482079613395,
            0.494542452043353,
            0.40213378621104157,
            0.5512568242149483,
            0.6770924458691673,
            0.6061341870773768,
            0.2392888106829245
        ],
        "x_sigma": 0.48706323,
        "x_chi2": 0.23810521,
        "x_quality": 0.73046875
    },
    "y": {
        "y_gains": [
            0.4300736389287519,
            0.41824176515423755,
            0.4136263920441114,
            0.39181489285273213,
            0.3955714353752573,
            0.39478769699412597,
            0.4040594560559684,
            0.3888248019209812,
            0.37509771295422456,
            0.36057462614721325,
            0.34330367304032827,
            0.333648052419579,
            0.3303652220566359,
            0.34268289937284574,
            0.3308140520017194,
            0.3241302176294555,
            0.31862308943638606,
            0.31864705011696737,
            0.24714638604018352,
            0.27489167481216514,
            0.14473015785718316,
            0.10075501780139653,
            0.09015345741213779,
            0.25348272591267723
        ],
        "y_sigma": 0.08452537,
        "y_chi2": 0.0071864896,
        "y_quality": 0.73046875
    }
}