{
    "x": {
        "x_gains": [
            1.337234223862236,
            1.2618204182228066,
            1.2547704805206294,
            1.183101440324257,
            1.126749073713671,
            1.2096691760447278,
            1.2394025504623987,
            1.2289054236475099,
            1.1248498142709853,
            1.146841861287642,
            1.067802352774348,
            1.0414150998316136,
            0.9710795044154014,
            0.9417907397483724,
            0.9550728023345034,
            0.955735858311012,
            1.0745593769274908,
            1.0077742730747807,
            2.0795089430945706,
            1.260634317151264,
            2.198513791485873,
            2.6729483090287487,
            1.5115646638142635,
            0.7928448605576173
        ],
        "x_sigma": 0.51655006,
        "x_chi2": 0.26935193,
        "x_quality": 0.72005206
    },
    "y": {
        "y_gains": [
            1.6000384009216222,
            1.5056078774367736,
            1.5399570499818933,
            1.4575489594339348,
            1.412464211334929,
            1.580864857649285,
            1.6259377392669003,
            1.572140908474201,
            1.4559523810390447,
            1.4011864406067194,
            1.344384532694625,
            1.3070193053547903,
            1.35117916730341,
            1.2893632112312818,
            1.2723134354326697,
            1.2673932294079333,
            1.2308057989562913,
            1.1603016617237043,
            0.9248235020587496,
            0.9367118155517017,
            0.42518080601185254,
            0.35628941674353615,
            0.26612710283656893,
            1.0028996235074696
        ],
        "y_sigma": 0.09129892,
        "y_chi2": 0.008370337,
        "y_quality": 0.734375
    }
}