{
    "x": {
        "x_gains": [
            1.2581781580271767,
            1.1851474009302696,
            1.2014024162629424,
            1.1901059825080602,
            1.1814762948005473,
            1.1611455164978457,
            1.1594083261053885,
            1.144126534902953,
            1.1401829252476121,
            1.1217640053077387,
            1.0925530057553507,
            1.0383574000004194,
            0.9953182221466665,
            0.9315961549300301,
            0.919986730111405,
            1.0347091529833625,
            0.944170357035188,
            0.45295338516297734,
            0.3743934218177242,
            0.386904894327568,
            0.16076093940011896,
            0.2153375459099648,
            0.09971590937419293,
            0.79197827381841
        ],
        "x_sigma": 0.55857503,
        "x_chi2": 0.31463128,
        "x_quality": 0.7265625
    },
    "y": {
        "y_gains": [
            1.8384412738890508,
            1.7610987170853731,
            1.7654323058223074,
            1.7064116677877224,
            1.6936156769060922,
            1.638905922129188,
            1.7638083217993497,
            1.7474516475760487,
            1.71606061126079,
            1.6472596419213346,
            1.6059287291399493,
            1.5582427104821663,
            1.5869279035642956,
            1.5761556649162407,
            1.4103916017160179,
            1.4233777265867886,
            1.4958775857552962,
            1.486813746247282,
            0.9671768234257191,
            1.3843669120526236,
            0.21128036428960412,
            0.17654123588398343,
            0.09125117497294175,
            1.170999211519391
        ],
        "y_sigma": 0.4223146,
        "y_chi2": 0.17899506,
        "y_quality": 0.7291667
    }
}