{
    "x": {
        "x_gains": [
            0.3242231491762057,
            0.3171241960148461,
            0.3155459253743984,
            0.3107952878461638,
            0.29082372621389097,
            0.29093893383798436,
            0.29143828348446643,
            0.2801711240398255,
            0.2659290998980747,
            0.2636457086783467,
            0.2556374643555097,
            0.2465355590563605,
            0.24050911932415014,
            0.23571396581676068,
            0.22848922467665347,
            0.22999965017053212,
            0.23896855436689943,
            0.23580167381460138,
            0.3189926874435323,
            0.28829005023396465,
            0.37926704822448787,
            0.46678981826845434,
            0.36825069210876327,
            0.18785786335914093
        ],
        "x_sigma": 0.50175124,
        "x_chi2": 0.25519815,
        "x_quality": 0.71875
    },
    "y": {
        "y_gains": [
            0.3272359459524022,
            0.3221642426814271,
            0.31963435875018875,
            0.3144710851070079,
            0.27271244708696746,
            0.2911757104483512,
            0.3055550488434329,
            0.29344195380695454,
            0.2860723420310673,
            0.27998426376443936,
            0.2689171518425101,
            0.2596277094423223,
            0.2550940756339649,
            0.2539962112909139,
            0.25049505337398303,
            0.25064381623858123,
            0.24812588041265518,
            0.23699570217773927,
            0.19603591848512852,
            0.19973960347374334,
            0.11184611406335143,
            0.08382458732736535,
            0.0669910731715356,
            0.19533657370664237
        ],
        "y_sigma": 0.1347526,
        "y_chi2": 0.018222673,
        "y_quality": 0.73828125
    }
}