{
    "x": {
        "x_gains": [
            0.2319252694107709,
            0.22151553842895863,
            0.2166132061663628,
            0.2115402392900879,
            0.2071202301453719,
            0.20232612729947186,
            0.20124259251172288,
            0.1973299676734047,
            0.19122106390275231,
            0.1848535271485595,
            0.18006886193418087,
            0.1730594720260093,
            0.1729843731106863,
            0.1724994033676886,
            0.1627077829234114,
            0.14774803334070302,
            0.15550388507018864,
            0.17027400663421582,
            0.21934572241842695,
            0.2858367218323917,
            0.34349942790170285,
            0.39053898988964847,
            0.38822663894728465,
            0.13838600376135926
        ],
        "x_sigma": 0.54181814,
        "x_chi2": 0.2949514,
        "x_quality": 0.71744794
    },
    "y": {
        "y_gains": [
            0.2126796773742873,
            0.20611979142243617,
            0.20052883464271978,
            0.19395013666114527,
            0.18628075751442605,
            0.1846244601857721,
            0.1901703241491209,
            0.18525922025876268,
            0.1779718699442085,
            0.17328547881550363,
            0.16765317989043696,
            0.1614190412483761,
            0.16131057486314088,
            0.16071163110252198,
            0.1624582401093799,
            0.15672124118207936,
            0.1522413728505859,
            0.14606614725252573,
            0.1121399452689783,
            0.13072637574705712,
            0.06963587297567211,
            0.05392495479740664,
            0.04633838485057331,
            0.1191802638436517
        ],
        "y_sigma": 0.11267479,
        "y_chi2": 0.012741164,
        "y_quality": 0.72786456
    }
}