{
    "x": {
        "x_gains": [
            0.3764678103457571,
            0.36857375079667215,
            0.35877005874429185,
            0.3462759030823611,
            0.34283434731162676,
            0.33390591519671264,
            0.32420455439964385,
            0.3233586878880506,
            0.31754842454700133,
            0.3119420623768706,
            0.30230313573903544,
            0.2956513121537406,
            0.293380924413368,
            0.27449911460310583,
            0.28347949536114153,
            0.25528655699028585,
            0.25496154529744974,
            0.25886136154294004,
            0.38378821767869,
            0.42155038051877425,
            0.5977020150626885,
            0.6275656846330564,
            0.5370225782013621,
            0.2256092691116996
        ],
        "x_sigma": 0.6692098,
        "x_chi2": 0.45663676,
        "x_quality": 0.70182294
    },
    "y": {
        "y_gains": [
            0.41097154289196974,
            0.4035419685665019,
            0.4031784329857371,
            0.3865930758396647,
            0.39054858367751405,
            0.38649849447241447,
            0.374430220173207,
            0.3648729512383788,
            0.3552402285402486,
            0.3413656441832557,
            0.3297400787557799,
            0.32525058524777184,
            0.3255239910855906,
            0.3135932940206508,
            0.314166969942515,
            0.31224992683984215,
            0.3044559595777476,
            0.2961764918084098,
            0.24288289954771317,
            0.24779239279336465,
            0.15125728076920983,
            0.09436446007958699,
            0.06860893531213395,
            0.23763467945458086
        ],
        "y_sigma": 0.0800465,
        "y_chi2": 0.0064327084,
        "y_quality": 0.7421875
    }
}