{
    "x": {
        "x_gains": [
            0.35765801241574025,
            0.3463029322300399,
            0.3420096624569837,
            0.3302584619235937,
            0.3292099241648479,
            0.3166137024711383,
            0.31677791748739864,
            0.3034540075850757,
            0.28623695439300734,
            0.2760567175089525,
            0.26539038660479175,
            0.2609418801540914,
            0.25912757446484325,
            0.24604070074163067,
            0.23471831220633807,
            0.24947261489211808,
            0.21902256536925585,
            0.24765286992528313,
            0.2885094143795516,
            0.33555736279294324,
            0.45844549202295676,
            0.4969360167546947,
            0.43250971373566083,
            0.19404921685811108
        ],
        "x_sigma": 0.5591812,
        "x_chi2": 0.31489202,
        "x_quality": 0.7239583
    },
    "y": {
        "y_gains": [
            0.3250827335556899,
            0.3180504474445012,
            0.31289044816800765,
            0.2981791540866124,
            0.30569492526859576,
            0.28066358413852205,
            0.29824273887043845,
            0.2891461865868438,
            0.27483270108986557,
            0.2606698966099776,
            0.2517000070173962,
            0.24645371586893294,
            0.24599985781208217,
            0.24071449840273895,
            0.24010552157462164,
            0.23560424490052873,
            0.23389594820645546,
            0.2232842763636825,
            0.17432599903179338,
            0.19812368941179453,
            0.1272150315551161,
            0.08103649567722969,
            0.06609413721869922,
            0.18328616066868508
        ],
        "y_sigma": 0.13499211,
        "y_chi2": 0.018287024,
        "y_quality": 0.75651044
    }
}