{
    "x": {
        "x_gains": [
            0.25227131214533494,
            0.2569496200164782,
            0.25884481132762877,
            0.2674683084156737,
            0.2656223387961932,
            0.26922194910552893,
            0.26799099239396,
            0.26951843039797035,
            0.2779636582530218,
            0.2812771546723103,
            0.2860106172289307,
            0.2955937378584872,
            0.30263302840029394,
            0.3065768114558435,
            0.3104486715963432,
            0.312627395663733,
            0.3109117752082992,
            0.3111722377855017,
            0.3061153427305642,
            0.30374573468848887,
            0.3099093803278265,
            0.31237099078080754,
            0.3161852377539086,
            0.3124443165644573
        ],
        "x_sigma": 0.021637624,
        "x_chi2": 0.0004696098,
        "x_quality": 0.8411458
    },
    "y": {
        "y_gains": [
            0.3321377040263792,
            0.3400789581721926,
            0.34178253949211795,
            0.35132565710194275,
            0.3487250941845452,
            0.35320996509861696,
            0.3504475565745013,
            0.35255676102155015,
            0.35787033083895325,
            0.35881001662653855,
            0.36639463574804004,
            0.37932057994323465,
            0.38890403886178054,
            0.3934369987366738,
            0.3986914627240227,
            0.40407746488263774,
            0.4009219922872231,
            0.3997840206806675,
            0.38997347010482875,
            0.3887319664325282,
            0.3935505254725971,
            0.40064266288267686,
            0.4041356820890905,
            0.4023848869386992
        ],
        "y_sigma": 0.020633895,
        "y_chi2": 0.00042703905,
        "y_quality": 0.82942706
    }
}