{
    "x": {
        "x_gains": [
            0.4286260110323192,
            0.4432243168461718,
            0.4533870095191323,
            0.4509162550665514,
            0.4656537517909043,
            0.4626754829788398,
            0.46138115186019196,
            0.4642776640426467,
            0.4778986224094311,
            0.48715434876597713,
            0.49094108152258314,
            0.5032901080946363,
            0.5091359870655021,
            0.5075287319628095,
            0.5213660499566692,
            0.5233295060502124,
            0.521330416454898,
            0.5275338373391615,
            0.5187298836551119,
            0.5213054949248304,
            0.5285384326721317,
            0.5391455814916929,
            0.5489527217213181,
            0.5732351465601764
        ],
        "x_sigma": 0.033910003,
        "x_chi2": 0.0011536147,
        "x_quality": 0.85026044
    },
    "y": {
        "y_gains": [
            0.4441741891267047,
            0.454987536981387,
            0.4667689450779121,
            0.4659096907678178,
            0.48437345833010215,
            0.48313298211175976,
            0.4803071198998348,
            0.4865103570514106,
            0.4948014918264979,
            0.5026121507392143,
            0.5131933016983876,
            0.5242450216382133,
            0.5291024607444333,
            0.5301178786018396,
            0.5363370208827646,
            0.5327511712667689,
            0.5330413972209034,
            0.5340926849490866,
            0.5263449323615181,
            0.5256824804222703,
            0.5316474579781861,
            0.5419703168277177,
            0.5456338705062412,
            0.5685416792219621
        ],
        "y_sigma": 0.032218624,
        "y_chi2": 0.0010413452,
        "y_quality": 0.8385417
    }
}