{
    "x": {
        "x_gains": [
            0.3811028476157215,
            0.3907176122840367,
            0.39300774763683455,
            0.40249830699149625,
            0.4088606146328025,
            0.41347915585418676,
            0.4059657478579218,
            0.41430933287704064,
            0.416467890013329,
            0.42812540752187234,
            0.4399386901441415,
            0.44469900992212436,
            0.44908146000873467,
            0.45293143338259567,
            0.46958736231463744,
            0.4650146679576713,
            0.4582609090155043,
            0.4653823045824799,
            0.45767484792494567,
            0.46078269285460594,
            0.4688784287321199,
            0.47843694268076636,
            0.4899679071020848,
            0.500164078826059
        ],
        "x_sigma": 0.030056123,
        "x_chi2": 0.00090614846,
        "x_quality": 0.83463544
    },
    "y": {
        "y_gains": [
            0.3846319533764531,
            0.3952216438548686,
            0.399523735745093,
            0.41295139458847846,
            0.4194790112628017,
            0.42329285778807635,
            0.41697147281329316,
            0.4263003439391175,
            0.4270921643536067,
            0.43414999552391353,
            0.44839454128072603,
            0.4548928893281537,
            0.4604132540452599,
            0.46593215878669775,
            0.48018861808918545,
            0.46771282488677496,
            0.4582056428758049,
            0.46194546391958785,
            0.4507930734922989,
            0.4574554115923044,
            0.46301861094046304,
            0.4742471018996726,
            0.4860592614144821,
            0.49391906602670554
        ],
        "y_sigma": 0.029240929,
        "y_chi2": 0.00085767324,
        "y_quality": 0.828125
    }
}