{
    "x": {
        "x_gains": [
            0.23856921832986472,
            0.2426120388460692,
            0.24408821396870473,
            0.24346412640092605,
            0.24926181114629026,
            0.2574369081992085,
            0.25258148379699885,
            0.2566760806897194,
            0.2592496382171299,
            0.26424485901057,
            0.2638934978621328,
            0.2676390671997002,
            0.2718190954762942,
            0.27501384282177843,
            0.2818562534234965,
            0.28187089551933797,
            0.2847231886992683,
            0.28412765196226514,
            0.28360833178884964,
            0.28514568891654674,
            0.29196513410761515,
            0.29698577847961455,
            0.29993074599075076,
            0.29929512705332545
        ],
        "x_sigma": 0.025382726,
        "x_chi2": 0.000646423,
        "x_quality": 0.828125
    },
    "y": {
        "y_gains": [
            0.47411929732865066,
            0.4790742292941244,
            0.4848993845899461,
            0.4846943931570458,
            0.500186719702465,
            0.5124550666586177,
            0.5056518732480427,
            0.5146198084060161,
            0.51949296032492,
            0.5254841692901902,
            0.5241157996122906,
            0.536356122014367,
            0.539146395391204,
            0.5522481109386931,
            0.5593292881147672,
            0.564753890420125,
            0.565544964783515,
            0.5648887095806594,
            0.5651827529735395,
            0.5727458869685992,
            0.5819943292800532,
            0.5927744821492484,
            0.6009838225371698,
            0.6042748822268255
        ],
        "y_sigma": 0.025977248,
        "y_chi2": 0.00067697215,
        "y_quality": 0.81901044
    }
}