{
    "x": {
        "x_gains": [
            0.34497011834337893,
            0.35248770311398914,
            0.35889681149612523,
            0.3594398187934475,
            0.36318782007515593,
            0.36225954026800977,
            0.36697778309161605,
            0.3680598406411308,
            0.36920064700198185,
            0.37818889347716056,
            0.3786247546227622,
            0.3941709992629002,
            0.4050149436338678,
            0.4054583779945736,
            0.4163699510303137,
            0.41662111609130736,
            0.4176211746631238,
            0.399817171603769,
            0.3940794294675652,
            0.3979855563081905,
            0.4124660437329497,
            0.414469408904038,
            0.4262019406167722,
            0.4255603459465164
        ],
        "x_sigma": 0.022989443,
        "x_chi2": 0.0005300976,
        "x_quality": 0.8307292
    },
    "y": {
        "y_gains": [
            0.3542380544905979,
            0.3561677461754885,
            0.36843343393408245,
            0.3678439364715865,
            0.37727363958898297,
            0.3756002561593747,
            0.38263407593679344,
            0.3785271395442193,
            0.3719479393396057,
            0.38591045557616876,
            0.3881768173351693,
            0.4076576034869401,
            0.4156000637364258,
            0.4129299943263419,
            0.42207032755274254,
            0.4265906402515486,
            0.42897162845995107,
            0.4101080142487929,
            0.4092263351060336,
            0.4130233361902158,
            0.42595175832246907,
            0.4246009366866504,
            0.42298722375550396,
            0.4247569413354596
        ],
        "y_sigma": 0.02249473,
        "y_chi2": 0.0005076054,
        "y_quality": 0.8333333
    }
}