{
    "x": {
        "x_gains": [
            0.45462383582769517,
            0.45868845375663553,
            0.4654448398294927,
            0.47526953961400126,
            0.488143864197596,
            0.4765147785340385,
            0.48209685132904456,
            0.4827467983870271,
            0.484835250315349,
            0.49045671770964167,
            0.4903832654160684,
            0.5078138845862947,
            0.518864028153147,
            0.5347717409713284,
            0.5350226352026275,
            0.5292934551646894,
            0.5368397702927044,
            0.5363839994507428,
            0.533564544636009,
            0.5348594942828602,
            0.5372970091899281,
            0.550490825877715,
            0.557650275875168,
            0.5648108919939807
        ],
        "x_sigma": 0.03152867,
        "x_chi2": 0.0009973237,
        "x_quality": 0.84765625
    },
    "y": {
        "y_gains": [
            0.4723969040996493,
            0.4834799728090864,
            0.4870987511859637,
            0.49856135136450264,
            0.5114926255039225,
            0.5047963732197851,
            0.5112443072946382,
            0.5086653947658025,
            0.5082285247528637,
            0.5132299387141865,
            0.5224353595953926,
            0.5369286072877321,
            0.5450494547897556,
            0.5566619521110403,
            0.559641310214327,
            0.5565276547774365,
            0.5652521420229921,
            0.5600178399283088,
            0.5584406148944936,
            0.5555770070011036,
            0.55773792207375,
            0.5659872028029498,
            0.5748033568975885,
            0.584471128149094
        ],
        "y_sigma": 0.027729455,
        "y_chi2": 0.0007712991,
        "y_quality": 0.83723956
    }
}