{
    "x": {
        "x_gains": [
            0.36085557123833867,
            0.36546712802262327,
            0.36893062543665245,
            0.36720541331282663,
            0.37254742715021333,
            0.3758368900970625,
            0.3847317511727393,
            0.3913351510068427,
            0.39070291165484367,
            0.3936592517010016,
            0.4034134750508735,
            0.41554935832945833,
            0.4307975441093605,
            0.4268981342502422,
            0.426621105807879,
            0.4262846247022135,
            0.4275968620205645,
            0.4257687691540064,
            0.43636185918079173,
            0.4550616392366887,
            0.453507643531201,
            0.464089561860006,
            0.48155671490869734,
            0.4763610588172527
        ],
        "x_sigma": 0.028215328,
        "x_chi2": 0.00079883926,
        "x_quality": 0.83984375
    },
    "y": {
        "y_gains": [
            0.3436142723624169,
            0.3502780577277855,
            0.35646778354677316,
            0.35272742779907645,
            0.35671516839577805,
            0.361847521073095,
            0.3696611412430122,
            0.3746900751043774,
            0.37283155574704185,
            0.37631659063189954,
            0.38583444337902695,
            0.39102566383547144,
            0.4067065089919759,
            0.40516423960456943,
            0.4037821466108747,
            0.4047574543573233,
            0.40630492607749125,
            0.4049692316526867,
            0.40800967048200587,
            0.4253100297461835,
            0.4229277597093641,
            0.43560605565599175,
            0.4525034299759992,
            0.4481967877915498
        ],
        "y_sigma": 0.029414052,
        "y_chi2": 0.00086819154,
        "y_quality": 0.83723956
    }
}