{
    "x": {
        "x_gains": [
            0.4101377521465379,
            0.4251723095819042,
            0.4380833764662924,
            0.44044268012894394,
            0.4560350515837208,
            0.45173088367505115,
            0.4615135540069622,
            0.459494164929549,
            0.4639054211894739,
            0.46397989519436533,
            0.46976401498659953,
            0.48097942802888377,
            0.49605595828685295,
            0.497098436426578,
            0.5088859113408788,
            0.5185188488342296,
            0.5142645412798862,
            0.5076612169573467,
            0.49787871306119585,
            0.5010304442631939,
            0.5142217539147573,
            0.5262848494643763,
            0.5365222786852306,
            0.546108246955392
        ],
        "x_sigma": 0.03233545,
        "x_chi2": 0.0010489048,
        "x_quality": 0.85286456
    },
    "y": {
        "y_gains": [
            0.4300241114519291,
            0.44444924449628503,
            0.45834148035314665,
            0.4573031588855925,
            0.4759768305902312,
            0.4753989821612712,
            0.4862040571200306,
            0.4851414514801544,
            0.4890568397019863,
            0.49191875863317414,
            0.49777625922833624,
            0.5094968687850935,
            0.523990649910843,
            0.5203630010666401,
            0.5362483795244282,
            0.5460055544053039,
            0.5508499201129904,
            0.5408330581394456,
            0.5329521375404503,
            0.5399553165377352,
            0.5519634388249538,
            0.5585843862928307,
            0.5638394216902034,
            0.570635746426365
        ],
        "y_sigma": 0.025338978,
        "y_chi2": 0.0006440763,
        "y_quality": 0.84244794
    }
}