{
    "x": {
        "x_gains": [
            0.45632728815279444,
            0.46471588850610757,
            0.47675140827598494,
            0.48090964251245083,
            0.4942757920522429,
            0.4977433560594654,
            0.49739734353011156,
            0.5073117317968687,
            0.5098779158515844,
            0.5079551103814393,
            0.5192787965277696,
            0.5232719988781048,
            0.5291781698976257,
            0.542130977000798,
            0.547129667487963,
            0.5460947372795559,
            0.5398829339441353,
            0.5415298423828656,
            0.5326574691281053,
            0.5293835111964877,
            0.5378648808118317,
            0.5568215822263443,
            0.5686989788156788,
            0.5693243810490359
        ],
        "x_sigma": 0.030053275,
        "x_chi2": 0.0009061348,
        "x_quality": 0.84244794
    },
    "y": {
        "y_gains": [
            0.4546605870059186,
            0.46318089386223715,
            0.4762984825416125,
            0.4829161412740265,
            0.4932690235488112,
            0.495128112666204,
            0.4953405788450936,
            0.5031414390458989,
            0.5114656795788223,
            0.5171280034535877,
            0.5253029224965442,
            0.5285387120251542,
            0.5334885144724231,
            0.5410871555594731,
            0.5482227714196118,
            0.5464622715616935,
            0.5415278775843742,
            0.5470251840548286,
            0.5388329643135777,
            0.5371492415452709,
            0.5406410413265471,
            0.5530399917044001,
            0.5684600729277428,
            0.5656888979197979
        ],
        "y_sigma": 0.025261495,
        "y_chi2": 0.00064017985,
        "y_quality": 0.83203125
    }
}