{
    "x": {
        "x_gains": [
            2.1243326886833356,
            2.084234330465774,
            2.2112160662360045,
            2.241428273959019,
            2.289770660234304,
            2.2543969758617206,
            2.2475351619009705,
            2.248323357822371,
            2.271222175086791,
            2.271150216986827,
            2.3161388742045688,
            2.344213971224586,
            2.3995792289830393,
            2.373013802278829,
            2.4055336125452236,
            2.3875975766362116,
            2.3658590451937043,
            2.3420070344523287,
            2.3174267478785695,
            2.318448123564011,
            2.301704317677363,
            2.340372768957745,
            2.3365037352516964,
            2.3613952492741954
        ],
        "x_sigma": 0.026296463,
        "x_chi2": 0.0006936385,
        "x_quality": 0.83723956
    },
    "y": {
        "y_gains": [
            2.351609667410904,
            2.321194338049923,
            2.4623601776474673,
            2.4732548404688797,
            2.542981278851553,
            2.5118027728443875,
            2.525443208969566,
            2.5425977935234645,
            2.5638417096434907,
            2.553864709834233,
            2.5848394719048886,
            2.5827456166545355,
            2.6306548952225937,
            2.5989542068167193,
            2.6354583420479156,
            2.6262092478964787,
            2.6183596762136423,
            2.599010135801658,
            2.5988104776657837,
            2.595117411156545,
            2.5772482483345693,
            2.6182098168415613,
            2.602663221989839,
            2.640117155726809
        ],
        "y_sigma": 0.027975688,
        "y_chi2": 0.00078503386,
        "y_quality": 0.8515625
    }
}