{
    "x": {
        "x_gains": [
            1.4771131000242055,
            1.5202633546128141,
            1.5549093697750187,
            1.5652761640215327,
            1.6222654242319798,
            1.6084885473846087,
            1.6149796468152562,
            1.5967167926098327,
            1.636427397525689,
            1.6518129043059855,
            1.663983576348983,
            1.6933811657066609,
            1.739193045732255,
            1.7440154980193214,
            1.7434704937843186,
            1.7257422762678682,
            1.7415546788956313,
            1.7147296822965992,
            1.7600110838458018,
            1.759294829594351,
            1.7421425538109507,
            1.7476719916775858,
            1.8005831152407046,
            1.7924388119643857
        ],
        "x_sigma": 0.031653404,
        "x_chi2": 0.0010049541,
        "x_quality": 0.8359375
    },
    "y": {
        "y_gains": [
            1.5013296375802265,
            1.520293562605765,
            1.5599381671709298,
            1.5646376862388238,
            1.626154813841049,
            1.6079263307326948,
            1.6066158383756033,
            1.5997430172817038,
            1.645955471802026,
            1.6365898547402125,
            1.6604114815129372,
            1.682650160541652,
            1.7093380109937784,
            1.7152686612439592,
            1.6974536667290765,
            1.6772453325197574,
            1.6811870794720671,
            1.6546340027353748,
            1.6773478781759008,
            1.673664649086248,
            1.6671267936617173,
            1.657685327561936,
            1.6789890471149511,
            1.6828512076813407
        ],
        "y_sigma": 0.034067143,
        "y_chi2": 0.0011641693,
        "y_quality": 0.8359375
    }
}