{
    "x": {
        "x_gains": [
            1.7041081958742859,
            1.7576290371706376,
            1.868327210980757,
            1.948313578732521,
            2.0000989648967833,
            2.0453600312269207,
            2.113699354759453,
            2.1317760339897194,
            2.2247509235608507,
            2.2598318504316732,
            2.3645269691680104,
            2.4394483782717944,
            2.543506940569129,
            2.6261666942501707,
            2.6098907551927693,
            2.603484472376014,
            2.565936616644245,
            2.5798009838329032,
            2.5868462489823996,
            2.5302793468883436,
            2.6044480013101414,
            2.679352723040909,
            2.6323475928655378,
            2.654470260642435
        ],
        "x_sigma": 0.03310399,
        "x_chi2": 0.0010995474,
        "x_quality": 0.84765625
    },
    "y": {
        "y_gains": [
            1.8012724548875816,
            1.8641235150345477,
            1.9771000410643675,
            2.0576389950573453,
            2.12687159116985,
            2.143925767342119,
            2.212418895765357,
            2.2475470833019613,
            2.3392937368100384,
            2.3990139285069376,
            2.5199795317182514,
            2.561780539946484,
            2.6449755396629557,
            2.747506363224737,
            2.7069550364211326,
            2.718046589927876,
            2.7321550386512508,
            2.734139767857863,
            2.71994738968961,
            2.647788289203087,
            2.721384788623784,
            2.784035283749572,
            2.7048638889499736,
            2.757915424110855
        ],
        "y_sigma": 0.032116376,
        "y_chi2": 0.0010349529,
        "y_quality": 0.84375
    }
}