{
    "x": {
        "x_gains": [
            1.14463919564647,
            1.185860721725508,
            1.3186245163944585,
            1.373735951712522,
            1.3901346039534317,
            1.4116061409948915,
            1.4334399229703787,
            1.4667207730181695,
            1.4906861926682091,
            1.5604004081071228,
            1.6476398045853058,
            1.723461769438559,
            1.7808275993801084,
            1.8688511293747705,
            1.8705951109415353,
            1.875955306790542,
            1.896144380017672,
            1.855604089499051,
            1.8370678780047311,
            1.8491052457081807,
            1.9056230648993284,
            1.935387476185057,
            1.9652940856243255,
            2.0220551622714433
        ],
        "x_sigma": 0.029844968,
        "x_chi2": 0.00089354,
        "x_quality": 0.828125
    },
    "y": {
        "y_gains": [
            1.135139749324819,
            1.1809493037359096,
            1.2955674220606397,
            1.3280089029716855,
            1.3432849975510572,
            1.3727460248123569,
            1.3869540879362179,
            1.4241237476950022,
            1.4717016208556366,
            1.5205119186543152,
            1.572558328783136,
            1.6352156376848788,
            1.6429304292895066,
            1.7262350089436236,
            1.7189640271366662,
            1.7274713550699903,
            1.7682298708734225,
            1.7367536496575382,
            1.731190742422881,
            1.7237698764456915,
            1.7705775863114523,
            1.8020599347113684,
            1.802201858142204,
            1.8434742853771933
        ],
        "y_sigma": 0.031284448,
        "y_chi2": 0.000981675,
        "y_quality": 0.83463544
    }
}