{
    "x": {
        "x_gains": [
            1.9103211211598246,
            1.9868604941798893,
            2.041515858188959,
            2.0631905756755606,
            2.088704087777706,
            2.1083589834530296,
            2.153528120813272,
            2.138857997838128,
            2.1309401795440697,
            2.1168124868228424,
            2.1084702521203305,
            2.188269518652919,
            2.218275958586917,
            2.2593057641396843,
            2.2368237103313295,
            2.2092665919787273,
            2.2124241332109422,
            2.153524549803001,
            2.1270051809592196,
            2.128170063602065,
            2.1063904093516994,
            2.1237324768178674,
            2.165586832885562,
            2.134147382510918
        ],
        "x_sigma": 0.03701294,
        "x_chi2": 0.001374358,
        "x_quality": 0.8515625
    },
    "y": {
        "y_gains": [
            2.0806418497139076,
            2.157610979201968,
            2.2035208914493607,
            2.242926225625728,
            2.2779839277299576,
            2.3094800228823282,
            2.336812878867472,
            2.3349004718320177,
            2.327619957385934,
            2.317460850844164,
            2.314197856094707,
            2.379116213046526,
            2.440046531687359,
            2.471758796285105,
            2.461496775143845,
            2.4340022125566914,
            2.423883101935313,
            2.3758031105439805,
            2.3444729402105478,
            2.342640832773208,
            2.3229432341200407,
            2.3239994543249285,
            2.400686596366561,
            2.3886265261323025
        ],
        "y_sigma": 0.034217227,
        "y_chi2": 0.0011744827,
        "y_quality": 0.8489583
    }
}