{
    "x": {
        "x_gains": [
            0.33074462820285244,
            0.33255679105576536,
            0.3424009669403307,
            0.3429357398094416,
            0.3469983239633954,
            0.34702665824085943,
            0.35399078413312773,
            0.34722051023220646,
            0.34770122895694777,
            0.35350205114262645,
            0.3572892181189938,
            0.36329267555464617,
            0.37330780505239264,
            0.37134119378469904,
            0.38027888893156464,
            0.38574532168073866,
            0.3840934901991632,
            0.37990349995217015,
            0.38357127410179687,
            0.37827298334634274,
            0.382081741803678,
            0.39562282901972573,
            0.40012203722135253,
            0.40010764496080026
        ],
        "x_sigma": 0.020622091,
        "x_chi2": 0.00042656958,
        "x_quality": 0.83203125
    },
    "y": {
        "y_gains": [
            0.34306440080406064,
            0.34785323765792364,
            0.35829046149101285,
            0.35893004675925294,
            0.3686068867635589,
            0.365001136066036,
            0.36588186713614673,
            0.3582652766642694,
            0.3615886280665744,
            0.37360667593285946,
            0.38441291728887106,
            0.38687622978281544,
            0.39814217306635086,
            0.39686880041325157,
            0.4066049394286721,
            0.41007185689148307,
            0.4046729528293377,
            0.4011910881979291,
            0.40375485555589297,
            0.39887961099345715,
            0.40479676065440257,
            0.412925578134005,
            0.4152406610299131,
            0.4128311215217946
        ],
        "y_sigma": 0.015783733,
        "y_chi2": 0.00024987143,
        "y_quality": 0.8359375
    }
}