{
    "x": {
        "x_gains": [
            2.191752479255611,
            2.2108595342112496,
            2.2699061920407826,
            2.357383263088027,
            2.3980479505994445,
            2.394828702692554,
            2.4006047603512277,
            2.418335237369277,
            2.3444405109942537,
            2.4210782950088747,
            2.4907843469945545,
            2.503925842730671,
            2.5708997593843494,
            2.5846320312362088,
            2.6136855187446995,
            2.670763261407898,
            2.617331434825804,
            2.6184845949838005,
            2.550675546418469,
            2.5220622438908844,
            2.559190886209416,
            2.5679997341606673,
            2.6004807560783374,
            2.6490318848073784
        ],
        "x_sigma": 0.03147363,
        "x_chi2": 0.0009938008,
        "x_quality": 0.8333333
    },
    "y": {
        "y_gains": [
            2.15764952565154,
            2.149465813681251,
            2.2516330531626325,
            2.335600142266076,
            2.397323244757833,
            2.395441494000449,
            2.3959478197066515,
            2.417680400058411,
            2.339685235594137,
            2.4109104692485235,
            2.4425398604186173,
            2.4830331859371726,
            2.542772743144252,
            2.5512315355893227,
            2.5706598559947196,
            2.6189322613170614,
            2.5667861060689448,
            2.535279298790423,
            2.4724146516281222,
            2.436242201649619,
            2.4919591952646396,
            2.4994851060681498,
            2.513353257354832,
            2.556709085879347
        ],
        "y_sigma": 0.031708762,
        "y_chi2": 0.0010086317,
        "y_quality": 0.83984375
    }
}