{
    "x": {
        "x_gains": [
            0.9620879617781694,
            0.9703065809782455,
            1.0057828490690073,
            0.9985487093058949,
            1.0056236182291525,
            1.0350645291314462,
            1.046726937203711,
            1.0346642530018972,
            1.0588484123494548,
            1.0589479246473836,
            1.0829924163456046,
            1.1216208228457112,
            1.1433602867181725,
            1.17363632554653,
            1.1720969154898315,
            1.1632121591962856,
            1.172753030115301,
            1.1496133218111422,
            1.1919436575861497,
            1.1821516754032797,
            1.2049538544847116,
            1.259583001947542,
            1.3143383403928637,
            1.306244675093582
        ],
        "x_sigma": 0.029640432,
        "x_chi2": 0.00088135566,
        "x_quality": 0.83723956
    },
    "y": {
        "y_gains": [
            1.1969359397491175,
            1.196778368374605,
            1.2574140907030122,
            1.249531987793972,
            1.2588172279208178,
            1.2865474354542368,
            1.2933047411245573,
            1.2988042753259852,
            1.3156468991070915,
            1.3295620748268229,
            1.3638336545729854,
            1.4063904412704713,
            1.4152607796309329,
            1.4607185040606512,
            1.4673826515751254,
            1.4437954263159725,
            1.4703350349520692,
            1.4473962643860334,
            1.491092956225984,
            1.458611958605176,
            1.482041363774463,
            1.5392190710474278,
            1.6049951042834334,
            1.585606573874116
        ],
        "y_sigma": 0.027626954,
        "y_chi2": 0.0007655872,
        "y_quality": 0.83984375
    }
}