{
    "x": {
        "x_gains": [
            1.315880892777814,
            1.3493792518096863,
            1.4202418319619858,
            1.4202477622221197,
            1.4158608412676996,
            1.416822729690342,
            1.407000898792174,
            1.4619168112319652,
            1.4522779997019926,
            1.487824241536958,
            1.5304333559786456,
            1.605497995776577,
            1.6137108620653207,
            1.656393438495544,
            1.6702221241764719,
            1.6492573806329356,
            1.669738707598864,
            1.6616749949817415,
            1.7082512824653795,
            1.6759363825275184,
            1.7185042001961157,
            1.7539265592363265,
            1.8054890007172668,
            1.797221639123646
        ],
        "x_sigma": 0.03355361,
        "x_chi2": 0.0011294119,
        "x_quality": 0.82942706
    },
    "y": {
        "y_gains": [
            1.5651217256205763,
            1.6120581953008504,
            1.698787626234785,
            1.7176005065959639,
            1.74011882227366,
            1.7574031486337771,
            1.7316170238040196,
            1.771375318825415,
            1.8112353682973243,
            1.8473785615080167,
            1.880378941485804,
            1.955374062080389,
            1.9559162682416331,
            2.0253017709765264,
            2.0611062348772773,
            2.050398171947006,
            2.0740396911049728,
            2.065488587710818,
            2.100337314172656,
            2.059552156562212,
            2.11753070424815,
            2.1344705336983165,
            2.125274428717201,
            2.1565700012917857
        ],
        "y_sigma": 0.02947556,
        "y_chi2": 0.00087170553,
        "y_quality": 0.8307292
    }
}