{
    "x": {
        "x_gains": [
            1.2687075688683016,
            1.2786972264392236,
            1.3073521326560795,
            1.3484312687726914,
            1.340025528022319,
            1.3057486104876161,
            1.3161365181029314,
            1.337972888120179,
            1.3101331977048511,
            1.3590875901372372,
            1.384307868076457,
            1.4237139200638735,
            1.4951478862735497,
            1.5222059016379468,
            1.4852388056065982,
            1.5061043917100398,
            1.4927188904321944,
            1.4619064458817583,
            1.5138017086279885,
            1.5424600695649493,
            1.6361117346514722,
            1.6366504965597606,
            1.639415348419616,
            1.734094022577904
        ],
        "x_sigma": 0.034298413,
        "x_chi2": 0.0011800884,
        "x_quality": 0.84375
    },
    "y": {
        "y_gains": [
            1.0803266626943056,
            1.073711127899181,
            1.1109225011575812,
            1.1376039607911599,
            1.136355501091299,
            1.1067336107693149,
            1.120889627679697,
            1.1339947471095324,
            1.135832195967764,
            1.176857345095034,
            1.188922382153419,
            1.2115891409142385,
            1.2642275376949985,
            1.2839100546026403,
            1.2814488368096693,
            1.2952891370317465,
            1.2676682851832777,
            1.2658058005803972,
            1.314382047223644,
            1.330885090356517,
            1.4083491443997278,
            1.4048601981471018,
            1.4079546679146027,
            1.4363275975984604
        ],
        "y_sigma": 0.03236069,
        "y_chi2": 0.0010503755,
        "y_quality": 0.828125
    }
}