{
    "x": {
        "x_gains": [
            2.170321821396578,
            2.2068053817451116,
            2.322736475303609,
            2.3150638985416765,
            2.392751837848759,
            2.3906897170912775,
            2.400182989951154,
            2.3819261350413967,
            2.4134293247495053,
            2.4182786851925195,
            2.4974455502550605,
            2.5453748705931414,
            2.5882764020369735,
            2.6399322487787673,
            2.634798046550189,
            2.635200683971608,
            2.6764381639741255,
            2.6767849136402266,
            2.689595214844328,
            2.7682680082062534,
            2.7958925207470604,
            2.852978323926588,
            2.804104423727098,
            2.820944974816578
        ],
        "x_sigma": 0.02586134,
        "x_chi2": 0.0006709324,
        "x_quality": 0.84765625
    },
    "y": {
        "y_gains": [
            1.3078927271616754,
            1.3486313987418215,
            1.3933622784839617,
            1.3946398412342005,
            1.424636501147459,
            1.4198493951548066,
            1.4503936999422902,
            1.4418949498782896,
            1.4738722393893948,
            1.4689251959538867,
            1.5037035466502222,
            1.5134833812865407,
            1.5537197838402887,
            1.5795878081410535,
            1.5922162280588623,
            1.61762538740106,
            1.635415779112895,
            1.6506905408020411,
            1.651500115357283,
            1.6565004473379459,
            1.671906421391307,
            1.7072453272268584,
            1.6896922151283684,
            1.7212942342495554
        ],
        "y_sigma": 0.024448466,
        "y_chi2": 0.0005995165,
        "y_quality": 0.8333333
    }
}