{
    "x": {
        "x_gains": [
            1.9481590968022724,
            2.035398759652421,
            1.9990800233732435,
            2.032532305576598,
            2.029494851628198,
            2.022504161100061,
            2.0458298622420004,
            2.0516353113190404,
            2.10929137154077,
            2.140765614851433,
            2.184905158838563,
            2.145809930593778,
            2.2223990264114346,
            2.270171884702147,
            2.2422288831368244,
            2.3436874162219636,
            2.3625775465874894,
            2.3356402919625103,
            2.3586229604397606,
            2.4075477585248857,
            2.374224450679844,
            2.444788904335337,
            2.5690419754740756,
            2.4965294495856587
        ],
        "x_sigma": 0.02991734,
        "x_chi2": 0.0008977521,
        "x_quality": 0.82942706
    },
    "y": {
        "y_gains": [
            1.2852926913501987,
            1.334974818370001,
            1.3292283218146839,
            1.3545090047081378,
            1.3704713715725454,
            1.3530895228383921,
            1.3593932647229428,
            1.3788005309540237,
            1.3905961740277157,
            1.3972763506897599,
            1.4490107603539064,
            1.433579125252955,
            1.4523469709198018,
            1.4678822591089618,
            1.4970656017140802,
            1.5321720898919235,
            1.542914389389316,
            1.5369865043363,
            1.5388705465778874,
            1.561841244647531,
            1.53050744418159,
            1.5448317114402665,
            1.5838662818990867,
            1.6124040827167812
        ],
        "y_sigma": 0.026652813,
        "y_chi2": 0.00071250217,
        "y_quality": 0.84505206
    }
}