{
    "x": {
        "x_gains": [
            1.1809348833213897,
            1.2135899501645355,
            1.2022478427916676,
            1.200723839556543,
            1.180545693080078,
            1.2199823793065028,
            1.2412847843683519,
            1.2928426061348794,
            1.3018171049550726,
            1.3169138755445275,
            1.3538433378520112,
            1.3808079786840806,
            1.3873331489105134,
            1.3496635423755212,
            1.3876968187744276,
            1.3886951273437598,
            1.3729028462829602,
            1.4023034797880392,
            1.4251878290669624,
            1.4491117597013323,
            1.4561583484834475,
            1.4787101377084306,
            1.481512867605936,
            1.4783350151365244
        ],
        "x_sigma": 0.029098881,
        "x_chi2": 0.0008493322,
        "x_quality": 0.8411458
    },
    "y": {
        "y_gains": [
            1.639875743335176,
            1.6642414231154745,
            1.740682609033269,
            1.78051549840813,
            1.780137147818334,
            1.7634466776929112,
            1.7893719537060844,
            1.8401637451306967,
            1.8347810489722145,
            1.8364059772076309,
            1.9095671030473065,
            1.9183121308687883,
            1.9653437570973475,
            1.9501946040689564,
            2.0070149185432924,
            2.022346401931276,
            1.9760081000524035,
            2.0104633358033888,
            2.0165403089065506,
            2.071349840900654,
            2.0595367591063654,
            2.0973685742709254,
            2.105913375274985,
            2.1051423448835336
        ],
        "y_sigma": 0.025255369,
        "y_chi2": 0.0006397594,
        "y_quality": 0.83203125
    }
}