{
    "x": {
        "x_gains": [
            0.4701869279852767,
            0.4789396582487753,
            0.4842283438799881,
            0.4851655302311008,
            0.48576443048249524,
            0.4892884962403072,
            0.4930795301780451,
            0.4934106731537671,
            0.4939112351618569,
            0.4993528885916741,
            0.506329626662913,
            0.5128649348140976,
            0.5233906418171955,
            0.534987457486553,
            0.5209715264575129,
            0.5136897021395946,
            0.5253767752678252,
            0.5241121736320737,
            0.5241172280425149,
            0.5236677395222202,
            0.531006759078835,
            0.5341605272036205,
            0.5407188316147487,
            0.5390526968213464
        ],
        "x_sigma": 0.029463686,
        "x_chi2": 0.00087085256,
        "x_quality": 0.84244794
    },
    "y": {
        "y_gains": [
            0.4025431063285412,
            0.4095486429933353,
            0.4203918287263153,
            0.41858595302561463,
            0.4198086017019293,
            0.42293096146883247,
            0.41869496464037287,
            0.41186239479695885,
            0.41703000405770196,
            0.42703799613274396,
            0.4291753027466962,
            0.43312969163374915,
            0.4471314860781588,
            0.45245036257562254,
            0.44801582750315405,
            0.44137219968649327,
            0.43993207096878584,
            0.4367929959369516,
            0.44122970365424674,
            0.4378883987993275,
            0.4472790605815782,
            0.45493680359127114,
            0.459738408845367,
            0.4632773910441068
        ],
        "y_sigma": 0.029283442,
        "y_chi2": 0.0008602033,
        "y_quality": 0.8411458
    }
}