{
    "x": {
        "x_gains": [
            1.9146383753573484,
            1.9368299052735232,
            1.9866921821517003,
            2.0785412564665497,
            2.116769919175374,
            2.0901739501286167,
            2.0996794692312655,
            2.0676362267814015,
            2.092678888469423,
            2.126135632825561,
            2.2031707681187442,
            2.229452584671265,
            2.2840802938277434,
            2.283627754608852,
            2.298402729619856,
            2.2845486698192525,
            2.257974845392511,
            2.215410327777712,
            2.230246251747788,
            2.210094451701535,
            2.2596782471260055,
            2.3014223480537677,
            2.334017239284731,
            2.3404692289733706
        ],
        "x_sigma": 0.027365608,
        "x_chi2": 0.0007513676,
        "x_quality": 0.84765625
    },
    "y": {
        "y_gains": [
            1.920628269773598,
            1.9336433543723397,
            2.0089397013132557,
            2.0874761036173037,
            2.135534106583183,
            2.1116799977024923,
            2.122991252214545,
            2.0922472656315874,
            2.13343409969273,
            2.1490813429437385,
            2.198135879659798,
            2.216138184193882,
            2.2848668220817845,
            2.297279446815109,
            2.335952153719854,
            2.3221387975798113,
            2.2804902689199733,
            2.2371159459163796,
            2.253957594537687,
            2.212716098832823,
            2.258703649114183,
            2.3061771138488614,
            2.31796542346609,
            2.326075497060236
        ],
        "y_sigma": 0.02520195,
        "y_chi2": 0.0006371236,
        "y_quality": 0.85546875
    }
}