{
    "x": {
        "x_gains": [
            1.8172718605992564,
            1.8495272700774048,
            1.9008741645064025,
            1.9718614192358195,
            1.987080163741764,
            2.016880279499269,
            2.011977584235818,
            1.9794830540414707,
            2.0323826436717205,
            2.0403905095234616,
            2.0868873895113125,
            2.1184503552598875,
            2.176837435282351,
            2.199347735043523,
            2.215827344505978,
            2.2046084782892805,
            2.1387245160280295,
            2.111610614948311,
            2.1119584217900718,
            2.119446943036896,
            2.0766733984803776,
            2.1442612663989884,
            2.1651870572219534,
            2.15900091800719
        ],
        "x_sigma": 0.03141555,
        "x_chi2": 0.0009900539,
        "x_quality": 0.85026044
    },
    "y": {
        "y_gains": [
            2.0641061842272563,
            2.099631416003815,
            2.147306976428582,
            2.2239849032346393,
            2.2453117105624356,
            2.2674438194311137,
            2.2471105192321876,
            2.2112672113430576,
            2.2602067546730904,
            2.263085704685058,
            2.3375445132757804,
            2.339623051164187,
            2.393234231099313,
            2.3983631842808975,
            2.4215230391935125,
            2.395514714904284,
            2.331383612760539,
            2.2870528520075086,
            2.278768287457322,
            2.2736354350629826,
            2.2405682439557593,
            2.3174185847978914,
            2.337432722842655,
            2.3338610659975765
        ],
        "y_sigma": 0.034381066,
        "y_chi2": 0.0011857278,
        "y_quality": 0.8515625
    }
}