{
    "x": {
        "x_gains": [
            0.5137251960632211,
            0.5247334970396897,
            0.5044699314985325,
            0.5007564176066157,
            0.510600604683872,
            0.501114980832352,
            0.4941619704807405,
            0.4954310113555265,
            0.4951237244870172,
            null,
            0.008623699772446435,
            0.014345880910251883,
            0.01941951949117752,
            0.016567014692705485,
            0.37200354861625096,
            0.43479149356530333,
            0.41180276130223564,
            0.3970332090487045,
            0.43139376682597463,
            0.43564230142509053,
            0.4343417518175573,
            0.42571502670169786,
            0.4141948038516306,
            0.39231224916535573
        ],
        "x_sigma": 0.778169,
        "x_chi2": 0.6078092,
        "x_quality": 0.74348956
    },
    "y": {
        "y_gains": [
            0.5239136179609324,
            0.5320286288861433,
            0.5237762739928162,
            0.5202712236321341,
            0.5230613294116288,
            0.517391842210389,
            0.5116810646895856,
            0.5059747522646418,
            0.5170238905365291,
            null,
            0.0031910527985213938,
            0.004386620981471351,
            0.00295604275738486,
            0.004787920727162588,
            0.23903007332964588,
            0.4671877242501077,
            0.4680005337078086,
            0.46278609725773784,
            0.47118396704200083,
            0.466459291304667,
            0.45132484150599883,
            0.44457550530340784,
            0.42920094372703504,
            0.4112075438491164
        ],
        "y_sigma": 0.7352197,
        "y_chi2": 0.54266244,
        "y_quality": 0.7552083
    }
}