{
    "x": {
        "x_gains": [
            0.48772667523992613,
            0.49011960535765425,
            0.49161617440811384,
            0.48159790331536817,
            0.4806958091064648,
            0.47809328747462526,
            0.47718438309125766,
            0.4786172021531648,
            0.47488037169836456,
            null,
            0.016139907171323905,
            0.009724935546774047,
            0.01632424655031941,
            0.019133445122399808,
            0.35778028104714416,
            0.42581144651852937,
            0.436001232139482,
            0.41433327974622913,
            0.4033143241881676,
            0.4130579514523076,
            0.41881466236627773,
            0.4133488019477657,
            0.38783839627271793,
            0.3882394807095061
        ],
        "x_sigma": 0.75982594,
        "x_chi2": 0.5792484,
        "x_quality": 0.74348956
    },
    "y": {
        "y_gains": [
            0.5221105462571147,
            0.5197034114994982,
            0.5196599033796342,
            0.5160431893058511,
            0.5183298541305758,
            0.5153431306590152,
            0.507186811763346,
            0.5117198428017112,
            0.5093822868727957,
            null,
            0.0050771585945937605,
            0.00217965339761974,
            0.0026069190708304345,
            0.005476319300082583,
            0.3345051830407344,
            0.45478580884542935,
            0.45252192050122053,
            0.4497715790058861,
            0.4474798694468531,
            0.4443719624399043,
            0.44093985448102924,
            0.4384488608813602,
            0.4191460552991127,
            0.4123610503050379
        ],
        "y_sigma": 0.7454079,
        "y_chi2": 0.5574769,
        "y_quality": 0.74088544
    }
}