{
    "x": {
        "x_gains": [
            0.4974392078300513,
            0.4921654640603553,
            0.49373182758292106,
            0.49089567696158354,
            0.47264710834026474,
            0.46443394999170284,
            0.4848246726112313,
            0.47218312545943414,
            0.46233168757122506,
            null,
            0.018998075684913875,
            0.010263725397721924,
            0.017104589777202455,
            0.013221790780498175,
            0.24320556609986796,
            0.41561889144134306,
            0.41761943059595213,
            0.4089977208193009,
            0.400941040697801,
            0.40472832772892525,
            0.4079330079360511,
            0.3987588550883604,
            0.3835755555430254,
            0.37336207922653714
        ],
        "x_sigma": 0.7444213,
        "x_chi2": 0.5561507,
        "x_quality": 0.75390625
    },
    "y": {
        "y_gains": [
            0.4799399499134668,
            0.4871136518959194,
            0.49886478329912454,
            0.4832275580423949,
            0.4648757761275411,
            0.4551604590821216,
            0.46011002519010363,
            0.4528190612915957,
            0.4699100169308579,
            null,
            0.006186089958120171,
            0.00444895687310227,
            0.003495648162732769,
            0.003970305765554953,
            0.19761544165480166,
            0.4011279718568615,
            0.3913649855766348,
            0.3987792887436411,
            0.40971600535089103,
            0.41364225239788416,
            0.40004693350623893,
            0.3880374721578263,
            0.3690099809081616,
            0.3562336344041894
        ],
        "y_sigma": 0.76829267,
        "y_chi2": 0.59223056,
        "y_quality": 0.74348956
    }
}