{
    "x": {
        "x_gains": [
            0.4963153548059208,
            0.5083149653720597,
            0.4924974174666672,
            0.49453213131034746,
            0.48413365710255785,
            0.4661918161145541,
            0.483002350337737,
            0.4850639590784522,
            0.4840865502215834,
            null,
            0.01218646807273323,
            0.012996103508246157,
            0.014887117685791602,
            0.013409116294986076,
            0.36212742474639037,
            0.4137889712659973,
            0.42891959486142317,
            0.40817549391071556,
            0.4360141971454761,
            0.44160619237867205,
            0.420988428627853,
            0.4104595266794177,
            0.3964052858742126,
            0.38311451875299596
        ],
        "x_sigma": 0.67071897,
        "x_chi2": 0.45129514,
        "x_quality": 0.76171875
    },
    "y": {
        "y_gains": [
            0.4709950198399588,
            0.4848054693813834,
            0.4692007699772316,
            0.4678997384440462,
            0.45739550673864793,
            0.4416741659259423,
            0.45888799507704964,
            0.45893436908089397,
            0.46576553456143277,
            null,
            0.003619878315618493,
            0.004042574290286668,
            0.0022508857010144923,
            0.0032575183931704173,
            0.2605735061314379,
            0.3987883215637607,
            0.40450493914688374,
            0.41010458323039706,
            0.4111575833390724,
            0.41425804954136874,
            0.39612333109774533,
            0.38944188771518023,
            0.37725798334481453,
            0.3684050522184689
        ],
        "y_sigma": 0.74378484,
        "y_chi2": 0.5560808,
        "y_quality": 0.7421875
    }
}