{
    "x": {
        "x_gains": [
            0.4009334211163694,
            0.39442158508411157,
            0.3851174444530668,
            0.3841468289082628,
            0.3949346939939358,
            0.389960315688474,
            0.3988711467900466,
            0.39704850026840477,
            0.41771701610365936,
            null,
            0.01988115641132005,
            0.013587334973324665,
            0.023602524053922328,
            0.010120605228385626,
            0.3807281936880063,
            0.38271914373786703,
            0.3801957262806722,
            0.35359828688701966,
            0.3799117844836429,
            0.36756999074789576,
            0.3530001233382431,
            0.3445513866866792,
            0.33913154448000166,
            0.32727289388438235
        ],
        "x_sigma": 0.72511405,
        "x_chi2": 0.52767795,
        "x_quality": 0.74869794
    },
    "y": {
        "y_gains": [
            0.3542505280989748,
            0.34553053829995245,
            0.330980809997421,
            0.3295499135804784,
            0.3319453921946427,
            0.3285392556608053,
            0.32561760705574283,
            0.3348178711315478,
            0.34265209984059825,
            null,
            0.005430415846040325,
            0.0036002947057234315,
            0.0029628659565368305,
            0.002278756655678502,
            0.32198949322524445,
            0.3104522569133992,
            0.30686716548947307,
            0.3061181820669724,
            0.3076181575185846,
            0.29534855559788886,
            0.289478356238839,
            0.28574284367049024,
            0.28060975377055325,
            0.2719717845591827
        ],
        "y_sigma": 0.68464905,
        "y_chi2": 0.4710059,
        "y_quality": 0.74348956
    }
}