{
    "x": {
        "x_gains": [
            0.3976383463334563,
            0.3915667792864933,
            0.39252052146351274,
            0.38922411248047506,
            0.3812049201356632,
            0.3773965150451008,
            0.38520133510782745,
            0.3978925224655092,
            0.395425136788429,
            null,
            0.013347495916333626,
            0.012992929832267124,
            0.011008266988342907,
            0.011082168181876111,
            0.36779171455008297,
            0.3427965755993284,
            0.33466527883206637,
            0.3515912810425216,
            0.34528508894975496,
            0.34848776522184105,
            0.3427051541004569,
            0.3286911190946532,
            0.3128861993469314,
            0.31150179250591475
        ],
        "x_sigma": 0.75717217,
        "x_chi2": 0.5761644,
        "x_quality": 0.73828125
    },
    "y": {
        "y_gains": [
            0.40822706536462366,
            0.40861955157926966,
            0.40483207565501833,
            0.39711052848819306,
            0.3937546418750344,
            0.392936757457586,
            0.39689456987900434,
            0.4034277480671172,
            0.4037190273827275,
            null,
            0.003927333336737023,
            0.0045891105454777415,
            0.0021909649425890503,
            0.003228132998304778,
            0.37512022603244344,
            0.36168065768010793,
            0.36007496040525716,
            0.35724367641182164,
            0.3579666022171664,
            0.3549690520231994,
            0.34948896151347175,
            0.334380389793908,
            0.3226837165858591,
            0.32342766047146376
        ],
        "y_sigma": 0.73117596,
        "y_chi2": 0.5365548,
        "y_quality": 0.74869794
    }
}