{
    "x": {
        "x_gains": [
            0.42123437425823257,
            0.433691873633464,
            0.42519454563838416,
            0.42258596919923,
            0.4140916035225282,
            0.41652844864312527,
            0.41437002082623725,
            0.4285996487968758,
            0.4412424168629791,
            null,
            0.015345128826960042,
            0.010289992570625364,
            0.011956876806385163,
            0.011525015391658055,
            0.36675594973507014,
            0.38543389797086786,
            0.37785837580902315,
            0.3775489034375261,
            0.3631000714326771,
            0.3868451002586446,
            0.37470209310088015,
            0.3627484214549005,
            0.36198780535481323,
            0.3528914229316187
        ],
        "x_sigma": 0.7125822,
        "x_chi2": 0.51009077,
        "x_quality": 0.7473958
    },
    "y": {
        "y_gains": [
            0.38702470270310435,
            0.39775573486207305,
            0.3893613096183224,
            0.3893133485814395,
            0.381413477153676,
            0.38527185822550414,
            0.3827085539648147,
            0.3966179278759817,
            0.39802539601039244,
            null,
            0.005120563933850712,
            0.004277419757744054,
            0.0022175309123809188,
            0.0037975356044596285,
            0.35061961673980063,
            0.3596367582428925,
            0.3489035253142417,
            0.3502678130184949,
            0.34456498016580606,
            0.35039987458487687,
            0.34397145312116256,
            0.3348128714121034,
            0.33225494453502086,
            0.32904305067657835
        ],
        "y_sigma": 0.70487344,
        "y_chi2": 0.49914557,
        "y_quality": 0.75
    }
}