{
    "x": {
        "x_gains": [
            0.5183653741882658,
            0.5025474633464495,
            0.4906421057770409,
            0.48987506618212145,
            0.48210521849972715,
            0.479858123227854,
            0.47020348714190946,
            0.4874010009364435,
            0.49303348614413206,
            null,
            0.017901141305165052,
            0.015792849863030194,
            0.014648308039855703,
            0.02038872324183962,
            0.4406054588725206,
            0.42663044289786173,
            0.416573701302326,
            0.4060237356603582,
            0.42904589203574983,
            0.4318060941916769,
            0.42853343602137217,
            0.4121717618652916,
            0.4020448483440597,
            0.3972881744870593
        ],
        "x_sigma": 0.7140837,
        "x_chi2": 0.5120779,
        "x_quality": 0.7447917
    },
    "y": {
        "y_gains": [
            0.49241479328279253,
            0.4801523273655521,
            0.4679065034839616,
            0.4650027535138049,
            0.45713986875422935,
            0.45521285867074657,
            0.4462475025200712,
            0.46291716416760065,
            0.46459118298852925,
            null,
            0.004085654938657976,
            0.00487384562357175,
            0.002429695426501689,
            0.004793633364608595,
            0.4090490652308499,
            0.4062219389501235,
            0.405601420513519,
            0.403817023883879,
            0.406367353812189,
            0.4112636899400789,
            0.40022476622871406,
            0.3876759069735995,
            0.38281890384247586,
            0.37745543251598884
        ],
        "y_sigma": 0.6961298,
        "y_chi2": 0.48661238,
        "y_quality": 0.7395833
    }
}