{
    "x": {
        "x_gains": [
            2.1745779916093473,
            2.0981818163506776,
            2.035746238205599,
            1.9737910549526323,
            1.9446413123684148,
            1.897829945327315,
            1.874751419678947,
            1.88977280282069,
            1.8631608934452697,
            null,
            0.06711403089956829,
            0.051720468452970965,
            0.09887461897429646,
            0.053334852309927114,
            1.4202994019545307,
            1.5278302842118785,
            1.3658357441017135,
            1.613205571753932,
            1.514803110436115,
            1.5049785442733834,
            1.4800747745616707,
            1.4072667370243745,
            1.3505263440083661,
            1.3306104430884873
        ],
        "x_sigma": 0.68472743,
        "x_chi2": 0.47044894,
        "x_quality": 0.75
    },
    "y": {
        "y_gains": [
            2.026898976314672,
            1.954827609031194,
            1.8944357863466688,
            1.8445557797818055,
            1.8317796178614634,
            1.784187849288225,
            1.7731008892632891,
            1.7858839446890313,
            1.7313055359533296,
            null,
            0.022563287878988217,
            0.015184111527906536,
            0.012760016600271196,
            0.01442368507556785,
            0.8898520647637892,
            1.4787307356135322,
            1.4583996601345433,
            1.4414335460216579,
            1.4397954568982112,
            1.4111123403467498,
            1.4053926885007537,
            1.371721790678547,
            1.3197183098219798,
            1.292055151580874
        ],
        "y_sigma": 0.76469916,
        "y_chi2": 0.58693457,
        "y_quality": 0.74348956
    }
}