{
    "x": {
        "x_gains": [
            2.4306834111909588,
            2.363382098099075,
            2.3302936827183043,
            2.2590867018499843,
            2.1956634768067675,
            2.2163573957862654,
            2.258451906198904,
            2.199750838622011,
            2.1740934459713754,
            null,
            0.06010425202722626,
            0.04843001045022765,
            0.04980112419065703,
            0.03567799609540011,
            1.7323528678062314,
            1.6870859458773042,
            1.8245015598576084,
            2.0053785053665334,
            2.001239968284349,
            1.759932221490286,
            1.6272266522021406,
            1.5995408677893097,
            1.5458436553822914,
            1.5256685960373444
        ],
        "x_sigma": 0.7638999,
        "x_chi2": 0.58770853,
        "x_quality": 0.74869794
    },
    "y": {
        "y_gains": [
            2.1905582383565694,
            2.125624853996143,
            2.086316069874564,
            2.0090724891837564,
            1.9710266959797758,
            1.944081603214111,
            1.945914096065498,
            1.9283336347318805,
            1.9239815644086498,
            null,
            0.013635189150752696,
            0.008729736100077694,
            0.023740647668609047,
            0.010527480017948091,
            1.53277400366241,
            1.6295679233242666,
            1.5902625046316394,
            1.600957910752488,
            1.5376494230047424,
            1.521366990839545,
            1.4685431809335514,
            1.454940351810397,
            1.3884006924953902,
            1.3637690211684228
        ],
        "y_sigma": 0.727888,
        "y_chi2": 0.53156745,
        "y_quality": 0.7447917
    }
}