{
    "x": {
        "x_gains": [
            2.1367682081711386,
            2.1440361789810525,
            2.042560423022434,
            2.048846130836036,
            1.9796021791460787,
            1.970350830620111,
            1.9390617651864845,
            1.9141250754404546,
            1.8104365730202658,
            null,
            0.05645182232127635,
            0.06721623557085875,
            0.047969761397447415,
            0.07615186936847407,
            1.656322737930637,
            1.6001518224049098,
            1.5467700734019738,
            1.5568447614041991,
            1.5648702894665765,
            1.5122738413373702,
            1.507180585102575,
            1.4473738487045642,
            1.3957052613831453,
            1.3170477741958468
        ],
        "x_sigma": 0.7107948,
        "x_chi2": 0.50758326,
        "x_quality": 0.75130206
    },
    "y": {
        "y_gains": [
            2.2281851427555885,
            2.242644088144614,
            2.149752165821563,
            2.1017817224017143,
            2.0704212375528863,
            2.03976014705202,
            2.000770696872435,
            1.998878868820056,
            2.0442306924148697,
            null,
            0.02020784986052542,
            0.02567319613063857,
            0.025527274795446118,
            0.026944570814481563,
            1.5043800174646484,
            1.6331800517639683,
            1.6129647786236487,
            1.5913519569252852,
            1.5930286517354215,
            1.561689873378185,
            1.5573239418809195,
            1.5116809704943457,
            1.4965959924152517,
            1.443939274267457
        ],
        "y_sigma": 0.8122984,
        "y_chi2": 0.6619289,
        "y_quality": 0.7473958
    }
}