{
    "x": {
        "x_gains": [
            0.5016909996835334,
            0.5041207332859526,
            0.49071390187086145,
            0.48713144852433277,
            0.4776495134924763,
            0.4867391093462817,
            0.48719616802674787,
            0.4796429921280992,
            0.49178171285111677,
            null,
            0.016663567798508402,
            0.013951467031637046,
            0.02748581731826378,
            0.01045244123559144,
            0.35956588172835413,
            0.4201738048943946,
            0.40071497168107223,
            0.37936051198494697,
            0.41266910664153783,
            0.41423224104571765,
            0.4106774325481824,
            0.4015816534369607,
            0.38220803262160846,
            0.3623511108344359
        ],
        "x_sigma": 0.67531157,
        "x_chi2": 0.45810556,
        "x_quality": 0.75651044
    },
    "y": {
        "y_gains": [
            0.519606142700682,
            0.5254507040277531,
            0.5106097298011598,
            0.5061482844407588,
            0.49845702627516525,
            0.5034097452273484,
            0.5024553990440485,
            0.4991157914197104,
            0.5144202807520701,
            null,
            0.004237915562583715,
            0.0040391710732340085,
            0.0033292577669502914,
            0.0027304405098857376,
            0.2850817869713233,
            0.44707863174267226,
            0.43140843205036783,
            0.43323713880315723,
            0.43315745841049486,
            0.44270647719419715,
            0.4251042238653256,
            0.4243334527690558,
            0.41076586103569107,
            0.39187778429165737
        ],
        "y_sigma": 0.75180465,
        "y_chi2": 0.56836706,
        "y_quality": 0.74609375
    }
}