{
    "x": {
        "x_gains": [
            0.5835382233291813,
            0.5681658062363697,
            0.5641320233661228,
            0.5559160362208205,
            0.5654854486174191,
            0.5568823897248962,
            0.5609532345629317,
            0.5717272417396562,
            0.5730737843958885,
            null,
            0.011711884731068307,
            0.016808527840216792,
            0.02172805951611003,
            0.022778560727529006,
            0.36860069114841193,
            0.509935116875599,
            0.5283498250686565,
            0.5364636200146636,
            0.5001021208530781,
            0.49404864066962956,
            0.4882928851039029,
            0.48715994956725334,
            0.4652094291438355,
            0.4472886035783983
        ],
        "x_sigma": 0.75057644,
        "x_chi2": 0.56549567,
        "x_quality": 0.7473958
    },
    "y": {
        "y_gains": [
            0.5541588597228307,
            0.543549838111834,
            0.5357612030882133,
            0.5248481483094903,
            0.5275227615521155,
            0.5224245514462801,
            0.5207838317451596,
            0.527286746389259,
            0.526379065778223,
            null,
            0.0037349660612971424,
            0.003637076767924824,
            0.003969796990536599,
            0.006696670428856113,
            0.260677799294413,
            0.4676503348516693,
            0.4643147853660795,
            0.4610336651392621,
            0.4574520215170792,
            0.46016352831305657,
            0.4545302691023732,
            0.458999460124835,
            0.44181663690589806,
            0.42543991124983094
        ],
        "y_sigma": 0.67729896,
        "y_chi2": 0.46073222,
        "y_quality": 0.76171875
    }
}