{
    "x": {
        "x_gains": [
            0.46401854069602694,
            0.4572105765608255,
            0.4523872588747636,
            0.4380067190230698,
            0.4339696891266811,
            0.41413476748755496,
            0.417461983928799,
            0.42406560430599605,
            0.4326965784907482,
            null,
            0.01340396687718937,
            0.009668651447435795,
            0.012482346840980143,
            0.01634847466933003,
            0.28879352605776765,
            0.3702290936906557,
            0.3604543382752224,
            0.3552910800337214,
            0.35745681912688526,
            0.3585251765700642,
            0.3603619186821709,
            0.3494390978321148,
            0.33291099135267027,
            0.32092949397249476
        ],
        "x_sigma": 0.71199924,
        "x_chi2": 0.510574,
        "x_quality": 0.74869794
    },
    "y": {
        "y_gains": [
            0.5002031825327448,
            0.496374332959762,
            0.49385364568193635,
            0.47915468680125767,
            0.4764584273346105,
            0.45726127474840916,
            0.45922615891805946,
            0.46913638512494255,
            0.4802337009282197,
            null,
            0.004623732230419072,
            0.0032141179488077796,
            0.002283944763618112,
            0.005260834820834379,
            0.18984382971957695,
            0.4165866126059442,
            0.41625078010599326,
            0.41192184194970843,
            0.41091459850952233,
            0.4110722812234267,
            0.4059682529578441,
            0.4006962016364193,
            0.3786079396280866,
            0.37308527042936596
        ],
        "y_sigma": 0.70088804,
        "y_chi2": 0.49363968,
        "y_quality": 0.75
    }
}