{
    "x": {
        "x_gains": [
            0.5522617742900605,
            0.5603512281498043,
            0.5433459679382411,
            0.5344734292948308,
            0.5398098714059526,
            0.5157954357365051,
            0.5101932530411599,
            0.5200873601140531,
            0.5304082239158628,
            null,
            0.015888447338345057,
            0.0168558207202772,
            0.022012819649805095,
            0.01592221881469048,
            0.4070551117614586,
            0.4734542712298316,
            0.4318898853548299,
            0.4377568237205364,
            0.47645166245419873,
            0.4513845928987183,
            0.45989381051915107,
            0.4586119668555628,
            0.4440151114326964,
            0.424777149164234
        ],
        "x_sigma": 0.75597805,
        "x_chi2": 0.57401675,
        "x_quality": 0.74869794
    },
    "y": {
        "y_gains": [
            0.5639765081225306,
            0.5750952472748536,
            0.5556223845812566,
            0.5494426398916675,
            0.5487202088824193,
            0.5356490513119652,
            0.52878829220418,
            0.5402770897499116,
            0.553004790238094,
            null,
            0.0051396137528868565,
            0.005214695533482908,
            0.003620210651369298,
            0.0043934320124523925,
            0.3987381214418354,
            0.48981786220757384,
            0.48342464983256345,
            0.48674228402745945,
            0.49063211569890297,
            0.4787824676754805,
            0.47187782743295725,
            0.46958129830494766,
            0.45242809107920384,
            0.43351397716257034
        ],
        "y_sigma": 0.73532104,
        "y_chi2": 0.54277176,
        "y_quality": 0.7473958
    }
}