{
    "x": {
        "x_gains": [
            0.443411748336164,
            0.4430110771818772,
            0.44090855380230715,
            0.42417077794193186,
            0.40946831603780115,
            0.4147565915917143,
            0.41739519519695,
            0.4218329425965091,
            0.42469185632980283,
            null,
            0.018297064404349313,
            0.014566440814001847,
            0.0125646665694329,
            0.016353967095458416,
            0.32143388312349,
            0.3618848410058951,
            0.34589784183959543,
            0.343099312154499,
            0.3687036387435848,
            0.37102902934835913,
            0.3598685918244837,
            0.3524516004650951,
            0.33937161408940625,
            0.32459492419880803
        ],
        "x_sigma": 0.6779148,
        "x_chi2": 0.46103153,
        "x_quality": 0.7526042
    },
    "y": {
        "y_gains": [
            0.488338238690941,
            0.48759908744855585,
            0.4824181964670296,
            0.46561528872012503,
            0.44956072522416896,
            0.45064335422500906,
            0.45424018449419334,
            0.45414188754992724,
            0.4597417060757257,
            null,
            0.005265319169694971,
            0.004629350368355095,
            0.002129312056537494,
            0.005058034368938894,
            0.1977643765604598,
            0.4047724616132012,
            0.3998066854714408,
            0.3971136193689785,
            0.3993390937997614,
            0.39708586624480263,
            0.38788977103642597,
            0.3843193109308483,
            0.3744143784706341,
            0.36110569552874955
        ],
        "y_sigma": 0.7672751,
        "y_chi2": 0.5906457,
        "y_quality": 0.7421875
    }
}