{
    "x": {
        "x_gains": [
            0.4608593958538877,
            0.46784015324197786,
            0.4621459915490136,
            0.4416305122167586,
            0.43995196780396306,
            0.4510465023080275,
            0.43697630574637825,
            0.44419423476749137,
            0.4570721076042812,
            null,
            0.017018521767795544,
            0.011354693252394051,
            0.017257269685255358,
            0.020032407226466542,
            0.29671697502978295,
            0.3867735213609601,
            0.35533933236145654,
            0.3666194864049612,
            0.39988163503602936,
            0.38125616586534244,
            0.39682075150310736,
            0.3903669156231671,
            0.3682564420020041,
            0.35106178989415276
        ],
        "x_sigma": 0.79446256,
        "x_chi2": 0.6332448,
        "x_quality": 0.7421875
    },
    "y": {
        "y_gains": [
            0.49938819951677194,
            0.5098886270667443,
            0.5061276879176186,
            0.4846230558255713,
            0.4825620182673852,
            0.49347807045139674,
            0.48241975574508866,
            0.491175974500501,
            0.5041966556534991,
            null,
            0.005674571818090252,
            0.00384703274517332,
            0.0038666587374384825,
            0.005328781559175906,
            0.18297883319155525,
            0.44097771285409904,
            0.4375546505758569,
            0.4413803818337545,
            0.44351648967697627,
            0.4331583590142095,
            0.4354041955112875,
            0.42884754512655504,
            0.4117374827687863,
            0.39480145967574876
        ],
        "y_sigma": 0.7316538,
        "y_chi2": 0.5386526,
        "y_quality": 0.74869794
    }
}