{
    "x": {
        "x_gains": [
            0.4766371532941347,
            0.47329443263285603,
            0.46677365118751885,
            0.4638878823810419,
            0.4545333680899849,
            0.4531742933256717,
            0.43949995277573006,
            0.45346131099836856,
            0.4498948100944518,
            null,
            0.015013004264293731,
            0.009190614221247641,
            0.022820091895140858,
            0.015041013836529447,
            0.29595548711091657,
            0.3831903292570568,
            0.3797148144291933,
            0.3782067011571007,
            0.3831706250363533,
            0.3810810629539819,
            0.3815021800942081,
            0.37634495808966095,
            0.3672559582321268,
            0.3500331463887973
        ],
        "x_sigma": 0.7967935,
        "x_chi2": 0.6369372,
        "x_quality": 0.7421875
    },
    "y": {
        "y_gains": [
            0.5451513719088622,
            0.5385812112066686,
            0.5313583240363339,
            0.5314229599057851,
            0.5213500672802261,
            0.5201681141731559,
            0.5095769639822338,
            0.5206756120125279,
            0.5129592222553309,
            null,
            0.005759947616732395,
            0.003053341882690605,
            0.004107529368321542,
            0.0043962100097657405,
            0.29735266918623493,
            0.4521771561366816,
            0.4450737193404293,
            0.43976528319586927,
            0.4437314961192796,
            0.44081471728700755,
            0.4333513434151657,
            0.4311538677778709,
            0.4217747988292375,
            0.4029991519285847
        ],
        "y_sigma": 0.73957497,
        "y_chi2": 0.5490194,
        "y_quality": 0.7526042
    }
}