{
    "x": {
        "x_gains": [
            0.527632259731834,
            0.5238343036665363,
            0.5042431048789352,
            0.508705864997094,
            0.5014095877034312,
            0.5036143901164266,
            0.49054804665484736,
            0.49180323837678375,
            0.5003757571748505,
            null,
            0.009509934077136977,
            0.010195003398249507,
            0.015730939025684787,
            0.009748651493410546,
            0.45768224220361187,
            0.43453802046900036,
            0.42485348715068866,
            0.45111045349231665,
            0.4356385057738656,
            0.44696163303690095,
            0.44385403966430603,
            0.42372190114695163,
            0.413833339464964,
            0.4031771163119615
        ],
        "x_sigma": 0.7412274,
        "x_chi2": 0.55155635,
        "x_quality": 0.74348956
    },
    "y": {
        "y_gains": [
            0.5493465358152516,
            0.542850707749753,
            0.5220410154052737,
            0.5255619400236072,
            0.5208867784871677,
            0.5196471575014678,
            0.5106961217123681,
            0.5096469543039329,
            0.5200473035027267,
            null,
            0.004538365000455878,
            0.004949489225085694,
            0.0035583455515058424,
            0.004345160991908137,
            0.2933247729431598,
            0.4657153840042227,
            0.4565117752647312,
            0.45845936381244534,
            0.4640307708084739,
            0.46583118911236987,
            0.463150152816393,
            0.4459740561728406,
            0.43733302078600117,
            0.4268141736450784
        ],
        "y_sigma": 0.76681554,
        "y_chi2": 0.5898775,
        "y_quality": 0.7473958
    }
}