{
    "x": {
        "x_gains": [
            0.4275043289088345,
            0.4229659335623722,
            0.41281825449295906,
            0.4022345577728691,
            0.39565699972426666,
            0.39472852683721754,
            0.4023808067574223,
            0.40264213770763746,
            0.4107630939054135,
            null,
            0.013459711046923244,
            0.013148697568911008,
            0.018717021894217645,
            0.012008789473191218,
            0.15393512835034034,
            0.3472767494951811,
            0.3476591621887008,
            0.33525861178796096,
            0.3420249511990249,
            0.34789818356096197,
            0.3459394714549948,
            0.32570062601614524,
            0.31637925456934696,
            0.3084469111972089
        ],
        "x_sigma": 0.7958019,
        "x_chi2": 0.6353298,
        "x_quality": 0.7473958
    },
    "y": {
        "y_gains": [
            0.4979643218522679,
            0.4939137722372945,
            0.4816064155368541,
            0.46477115946228764,
            0.4629043926988312,
            0.4639597676359575,
            0.4730284387535549,
            0.46328535380338054,
            0.47242692087014426,
            null,
            0.004545240092762896,
            0.0050307552708103356,
            0.002973203556962343,
            0.003505804051426359,
            0.17084170770910906,
            0.4173101937612961,
            0.4198479419914572,
            0.4205401569169898,
            0.4101538675828082,
            0.40560717853319145,
            0.4086362325570049,
            0.38868866240259653,
            0.37672655664543386,
            0.3686967058129165
        ],
        "y_sigma": 0.7723922,
        "y_chi2": 0.5985353,
        "y_quality": 0.74348956
    }
}