{
    "x": {
        "x_gains": [
            0.25866034942219673,
            0.2686240405085053,
            0.2501190691828845,
            0.28364035605487353,
            0.2828673470946412,
            0.2937809568010967,
            0.293126293932743,
            0.3129617555101455,
            0.31917484366018223,
            0.3232926189385463,
            0.3300170143571922,
            0.3310878294563942,
            0.3313627851227653,
            0.3298459817172969,
            0.34336310703507056,
            0.3487026344135327,
            0.3659984376990688,
            0.3746847964150159,
            0.3853740824291269,
            0.3847176751264673,
            0.3875688680810915,
            0.3946329601710371,
            0.3918678947492994,
            0.3999299002870777
        ],
        "x_sigma": 0.062025186,
        "x_chi2": 0.003858728,
        "x_quality": 0.85546875
    },
    "y": {
        "y_gains": [
            0.19883886058970038,
            0.2039742214931186,
            0.20295160639240734,
            0.2112090590775816,
            0.21160596058441164,
            0.22010437789808682,
            0.2178436614465516,
            0.2324293304431521,
            0.23488069446517265,
            0.234286931908369,
            0.2412881408688424,
            0.24387402472643616,
            0.2465283690178628,
            0.24498200300960393,
            0.2573720624067541,
            0.26028132715470575,
            0.2709884335632833,
            0.2718705443816158,
            0.28078819379989906,
            0.28193268236956526,
            0.28774661539482377,
            0.2907858230977693,
            0.2906459157883686,
            0.29830794364819757
        ],
        "y_sigma": 0.046422694,
        "y_chi2": 0.002161548,
        "y_quality": 0.83723956
    }
}