{
    "x": {
        "x_gains": [
            0.2283028921866988,
            0.24147686866512602,
            0.2172362637708783,
            0.24886263553992366,
            0.2565511622024199,
            0.2608271978082169,
            0.2590788684005002,
            0.2643685426496385,
            0.2647186340052581,
            0.26528346453413426,
            0.2717731020725417,
            0.2644538858007727,
            0.27931895892796266,
            0.2745239822778298,
            0.2951196651218136,
            0.2980383236751034,
            0.3072980679094927,
            0.3116136830440743,
            0.31392717178427604,
            0.3153195976963381,
            0.321363672035004,
            0.32589500790442044,
            0.34043984487518025,
            0.33150175299784496
        ],
        "x_sigma": 0.067867085,
        "x_chi2": 0.0046198512,
        "x_quality": 0.859375
    },
    "y": {
        "y_gains": [
            0.22776379637060215,
            0.24067921600189462,
            0.2401940768140658,
            0.2501546831483248,
            0.2595321621338942,
            0.2572868591277003,
            0.2568377661648296,
            0.26009118016503047,
            0.2649688171447543,
            0.26865025838647527,
            0.27524070832095326,
            0.2739571860805422,
            0.28976459871717736,
            0.28488544001510574,
            0.29861120110920925,
            0.3056772830424916,
            0.3102861374982752,
            0.31166612753621037,
            0.3134059979765255,
            0.3217479200283962,
            0.3316959054396006,
            0.3351998377632785,
            0.3485068207838176,
            0.34691250644563437
        ],
        "y_sigma": 0.045415655,
        "y_chi2": 0.0020687853,
        "y_quality": 0.8359375
    }
}