{
    "x": {
        "x_gains": [
            1.0900436438214376,
            1.1928079880919593,
            1.1634527022620058,
            1.1607162547865038,
            1.1911960132098873,
            1.2347569257515965,
            1.2618763065940481,
            1.2650886490629412,
            1.291573440357586,
            1.3181133421936913,
            1.3743883284744125,
            1.427179642983591,
            1.4230333892016243,
            1.4251226318024666,
            1.4670783366723548,
            1.422225256302769,
            1.4823672343357401,
            1.6270252803934016,
            1.629562612358342,
            1.605108611279291,
            1.6396084811699985,
            1.6960116251420834,
            1.7334131859007638,
            1.7794759514502017
        ],
        "x_sigma": 0.084495336,
        "x_chi2": 0.0071620774,
        "x_quality": 0.86588544
    },
    "y": {
        "y_gains": [
            1.0915558873885454,
            1.167477304533069,
            1.1780114271820483,
            1.1800028225667516,
            1.1872303873992116,
            1.2235151786846037,
            1.2378493481640063,
            1.2355158927498073,
            1.251270039089676,
            1.290633998138906,
            1.3507117710748857,
            1.3958703733353026,
            1.409455387847591,
            1.394971487689523,
            1.4454359492640418,
            1.405263250494189,
            1.4455403583809676,
            1.5611215784312944,
            1.5892520789006446,
            1.5824482436565188,
            1.592753760396063,
            1.6475096984777173,
            1.6989530032222344,
            1.759868108444481
        ],
        "y_sigma": 0.051103946,
        "y_chi2": 0.0026194677,
        "y_quality": 0.83203125
    }
}