{
    "x": {
        "x_gains": [
            0.23403979650146076,
            0.25098262836286916,
            0.23167359359127826,
            0.25412883757733995,
            0.26022405343045174,
            0.26372688549229173,
            0.2771758135054691,
            0.2882051190416834,
            0.2829031658674841,
            0.2801250859353732,
            0.3018356557977257,
            0.2993032877927418,
            0.3050905890231457,
            0.31725358897881334,
            0.3206553477039089,
            0.32952531680399194,
            0.3358080821886252,
            0.3387657814039267,
            0.35168050529454997,
            0.3591424210516071,
            0.3540553177444665,
            0.364210704050613,
            0.37028482086249853,
            0.3688861092910681
        ],
        "x_sigma": 0.05384854,
        "x_chi2": 0.0029083877,
        "x_quality": 0.8385417
    },
    "y": {
        "y_gains": [
            0.24174471999313446,
            0.25336293051524167,
            0.2468392237400092,
            0.26044379622877384,
            0.26212771213386293,
            0.2653566750617558,
            0.2756820580878637,
            0.28835422632715607,
            0.2851955313396664,
            0.2868595108414249,
            0.3018262722988495,
            0.30138528733470527,
            0.3042783328845735,
            0.3168465404476788,
            0.3215350856673967,
            0.3279796450584603,
            0.3375225507254203,
            0.33401753485172364,
            0.3514720192949703,
            0.3616527182035292,
            0.3563628425168097,
            0.36337655600566604,
            0.37290508912897763,
            0.3698885973221471
        ],
        "y_sigma": 0.04732222,
        "y_chi2": 0.0022461277,
        "y_quality": 0.83203125
    }
}