{
    "x": {
        "x_gains": [
            0.21941255666905235,
            0.2236692629449145,
            0.23117878710847214,
            0.21026282769356563,
            0.21434733914571868,
            0.19897009101488874,
            0.22391685984907153,
            0.21780205060630645,
            0.24089913191997814,
            0.25874932375864235,
            0.27434831712273144,
            0.27141848784400735,
            0.2864517762731421,
            0.29186232387203237,
            0.28122461508435403,
            0.278191278202684,
            0.28687448810833527,
            0.29141851166154886,
            0.304236045795435,
            0.3046791063286512,
            0.3106684927346445,
            0.3100645110919843,
            0.2998803597316814,
            0.2820546030634289
        ],
        "x_sigma": 0.10010758,
        "x_chi2": 0.010054189,
        "x_quality": 0.8645833
    },
    "y": {
        "y_gains": [
            0.244422140109419,
            0.24402345680358994,
            0.26582881676882203,
            0.26182150266691384,
            0.26432085083401685,
            0.2677854170113846,
            0.2552219690987449,
            0.26281404405714764,
            0.26348839933037055,
            0.26848976947924824,
            0.287153911337784,
            0.2882179859494308,
            0.29914877515179333,
            0.2919077508455254,
            0.2942235242593916,
            0.3042493286738563,
            0.3146321836505539,
            0.32664390568379337,
            0.3336714314724633,
            0.3256879180204428,
            0.3303137918262729,
            0.3228735956653316,
            0.3336990675113257,
            0.3384845835334765
        ],
        "y_sigma": 0.07423368,
        "y_chi2": 0.0055274065,
        "y_quality": 0.86067706
    }
}