{
    "x": {
        "x_gains": [
            0.007073732127243142,
            0.005115778770398017,
            0.0053970525185021755,
            0.007040994075707585,
            0.006859913635059317,
            0.0067312530395814505,
            0.008983160974920901,
            0.005733882815146097,
            0.005623470205224046,
            0.006027877971156122,
            0.00623311915504834,
            0.006898913531501406,
            0.0036288363740623404,
            0.0063218002413536895,
            0.007036904482606672,
            0.006442599083630477,
            0.006316395980675113,
            0.007575869492011435,
            0.005684572292496484,
            0.007177233528159337,
            0.006965502027762123,
            0.007812840896221918,
            0.005725721780193319,
            0.00940406974283819
        ],
        "x_sigma": 1.6821598,
        "x_chi2": 2.839202,
        "x_quality": 0.0
    },
    "y": {
        "y_gains": [
            0.009809984523768415,
            0.0054525986785409,
            0.006404073195482669,
            0.007272718281002853,
            0.0076954557256576185,
            0.007671010606552946,
            0.007987027406190646,
            0.008011768326259076,
            0.006832563121267884,
            0.007323287247886682,
            0.006683763734299004,
            0.007835158298404197,
            0.005303773353641128,
            0.005944454658999033,
            0.00836589688981888,
            0.006297860988196107,
            0.006722042855712023,
            0.010121414463622726,
            0.0061212269828092684,
            0.00864093887602901,
            0.007128025757833878,
            0.005303422595592602,
            0.008865730811943133,
            0.009649271185722707
        ],
        "y_sigma": 1.6939112,
        "y_chi2": 2.8803732,
        "y_quality": 0.86848956
    }
}