{
    "x": {
        "x_gains": [
            0.22428927215439715,
            0.2306183176901085,
            0.2387457064569015,
            0.24065662679307234,
            0.24232264314876953,
            0.25396359716273903,
            0.2514767469008257,
            0.2589993399919819,
            0.2694591254757974,
            0.25956568327784946,
            0.2769207541969971,
            0.2653996135250828,
            0.2845404668614782,
            0.28791875623704005,
            0.285816281295811,
            0.29183867881594977,
            0.30070885798383673,
            0.30745012213609824,
            0.3094407909801723,
            0.3234699161333079,
            0.3145914234450265,
            0.32334188583399426,
            0.3190167139236759,
            0.31794769595068806
        ],
        "x_sigma": 0.070198566,
        "x_chi2": 0.0049427664,
        "x_quality": 0.8619792
    },
    "y": {
        "y_gains": [
            0.216882069962382,
            0.2286601225663989,
            0.23214050257490243,
            0.2331332738998907,
            0.23186703557021185,
            0.24199495803504933,
            0.23981813152177914,
            0.24644011098676838,
            0.25800584393556747,
            0.24648518291295698,
            0.2623757732705993,
            0.2528493402515947,
            0.27209793740784216,
            0.2751102779549182,
            0.2735962991394685,
            0.28178277197039137,
            0.2874772605486906,
            0.28787723072467625,
            0.29411069220598435,
            0.30939677930947407,
            0.3038623702796348,
            0.31346466792399436,
            0.31444402067871924,
            0.312288327068309
        ],
        "y_sigma": 0.055297226,
        "y_chi2": 0.0030669833,
        "y_quality": 0.85026044
    }
}