{
    "x": {
        "x_gains": [
            0.23404996311372578,
            0.24054600093476175,
            0.2565544926616949,
            0.23630912371567175,
            0.2631290751786607,
            0.2651550495478006,
            0.2717157983173184,
            0.27197094131916894,
            0.27232292270032143,
            0.28351823447525026,
            0.2898552068893713,
            0.2871873681899726,
            0.31502628437555,
            0.31021040486025253,
            0.32087277394513075,
            0.31814258686255004,
            0.3285279117642363,
            0.341883637989262,
            0.33491384759912823,
            0.3395284832142211,
            0.34892517090354874,
            0.35697352420184114,
            0.34457913277013025,
            0.3504661883714407
        ],
        "x_sigma": 0.14454554,
        "x_chi2": 0.020987485,
        "x_quality": 0.86588544
    },
    "y": {
        "y_gains": [
            0.24018793841504396,
            0.2479486280196579,
            0.2598820675967811,
            0.2518743862136051,
            0.2627929859290649,
            0.26912722874013983,
            0.27087804006085764,
            0.2774684621021921,
            0.2788207999201457,
            0.2899531354546227,
            0.298129070151231,
            0.2921272637233793,
            0.31865131468362784,
            0.31268441540537334,
            0.3269793400065893,
            0.3226460382276834,
            0.33560831019873383,
            0.34374396299664983,
            0.33932258047221625,
            0.34622168962555017,
            0.3577483846140004,
            0.36819276923893746,
            0.35408507956291735,
            0.35969557812197683
        ],
        "y_sigma": 0.04785953,
        "y_chi2": 0.0022974238,
        "y_quality": 0.8333333
    }
}