{
    "x": {
        "x_gains": [
            0.2558106101031889,
            0.26618696226906285,
            0.2756989084501247,
            0.2827379197891182,
            0.27418159672285,
            0.2859000635755971,
            0.28728329574614453,
            0.31312864489570874,
            0.31349520031010947,
            0.30686660048576986,
            0.3190468615392135,
            0.3266501795432712,
            0.3317045864162925,
            0.33834237948075274,
            0.34143203286652063,
            0.3477485662413551,
            0.3639047930446149,
            0.3681582845002049,
            0.35988254009703297,
            0.3820621806198959,
            0.37989626932366116,
            0.38358173511126537,
            0.3898746436058414,
            0.3921337960512127
        ],
        "x_sigma": 0.0935741,
        "x_chi2": 0.0087842485,
        "x_quality": 0.86588544
    },
    "y": {
        "y_gains": [
            0.24757359310735313,
            0.26117049039852397,
            0.26062637587921655,
            0.2669387163696591,
            0.2630564933811829,
            0.2733715597897773,
            0.2727202563788586,
            0.29826036955115964,
            0.30027881187961836,
            0.2939817064591485,
            0.30324012681987284,
            0.31011503127866724,
            0.3189284514317416,
            0.3205530951324654,
            0.32556643594967094,
            0.3316100993447484,
            0.3487888412125546,
            0.3490548084464003,
            0.34152694031102926,
            0.36432274769301726,
            0.3653600659986423,
            0.3720330549881225,
            0.3740509205991637,
            0.3768096850338277
        ],
        "y_sigma": 0.04910607,
        "y_chi2": 0.002418659,
        "y_quality": 0.83984375
    }
}