{
    "x": {
        "x_gains": [
            0.2410946565347441,
            0.24794435533599807,
            0.2461820487693532,
            0.26191634234875577,
            0.269846013991192,
            0.275305064165076,
            0.27394186871363335,
            0.2824838408649881,
            0.28855781688698057,
            0.2870068827120543,
            0.285703510610457,
            0.29782624959555193,
            0.31264080560282337,
            0.3113163363745619,
            0.3271291116449131,
            0.3431092242238681,
            0.3364676642125388,
            0.34379847880862274,
            0.34143420119078594,
            0.359539276304244,
            0.36560424510401074,
            0.3648146486214749,
            0.3630627245316037,
            0.36724264636079246
        ],
        "x_sigma": 0.12727275,
        "x_chi2": 0.016264305,
        "x_quality": 0.86588544
    },
    "y": {
        "y_gains": [
            0.2348819412898495,
            0.23583872753497567,
            0.23190138940702743,
            0.2550376763333682,
            0.25957262302081063,
            0.26271861538462343,
            0.2621108584245942,
            0.26704144330986546,
            0.27552596529144313,
            0.27464458656020124,
            0.2766045136324534,
            0.2879539255290102,
            0.30128100162676674,
            0.294828443751008,
            0.3097424788641025,
            0.32300592935524397,
            0.3182477533299854,
            0.32140916061105024,
            0.3247513038277722,
            0.3432732685210518,
            0.3466292454976674,
            0.3487449297718385,
            0.3525346252458224,
            0.3565831870955968
        ],
        "y_sigma": 0.041831836,
        "y_chi2": 0.0017551655,
        "y_quality": 0.82421875
    }
}