{
    "x": {
        "x_gains": [
            1.3327865354440585,
            1.3485241886132235,
            1.3835865815622561,
            1.391636017043088,
            1.3892168212374134,
            1.3944158886662659,
            1.4049551362701111,
            1.4186451683286332,
            1.4959162980978227,
            1.4670494100774265,
            1.4845820806429737,
            1.510211362084244,
            1.500843181203416,
            1.535941743327055,
            1.539553318618796,
            1.5747014759676936,
            1.5717005878946049,
            1.5497931491083885,
            1.6054303617769894,
            1.6894878746637878,
            1.721404755793775,
            1.7314955931705658,
            1.75990806240282,
            1.792481640103493
        ],
        "x_sigma": 0.10214991,
        "x_chi2": 0.010469622,
        "x_quality": 0.86588544
    },
    "y": {
        "y_gains": [
            1.3893477595794832,
            1.3884910476345458,
            1.3965996708493895,
            1.432192276625303,
            1.4390650912165799,
            1.4398369183112845,
            1.4266418954078894,
            1.4386955290090653,
            1.5238538752137396,
            1.5047648303113568,
            1.5380065251464836,
            1.5485582094591293,
            1.5593778331946007,
            1.5985464736624284,
            1.5870200801683194,
            1.6188159510677267,
            1.6149611290968435,
            1.598890395647667,
            1.6479693556802373,
            1.7130228933861147,
            1.7345716787462238,
            1.7758784560370633,
            1.8127579146642034,
            1.8436641054177636
        ],
        "y_sigma": 0.04564614,
        "y_chi2": 0.0020898364,
        "y_quality": 0.8255208
    }
}