{
    "x": {
        "x_gains": [
            0.23322383629701743,
            0.23149532297266756,
            0.23505787066011186,
            0.23593639202058406,
            0.24367835597426105,
            0.23967144879113916,
            0.25155070950380715,
            0.24711200203224912,
            0.24817947942865115,
            0.24139808112665315,
            0.2471334374753639,
            0.2471179009884568,
            0.2626890638865057,
            0.2689006357832852,
            0.27587015862009967,
            0.2699400387590705,
            0.2842972022482905,
            0.28083530980543786,
            0.2783462536097334,
            0.2735412319640589,
            0.28803847641010966,
            0.29120788078415294,
            0.29570451926991026,
            0.301771413284551
        ],
        "x_sigma": 0.12872528,
        "x_chi2": 0.016634371,
        "x_quality": 0.86588544
    },
    "y": {
        "y_gains": [
            0.24292499180735466,
            0.2377152502676852,
            0.24500890521617347,
            0.24443273883217373,
            0.2544300598734994,
            0.24812091825581908,
            0.2581056931456781,
            0.2556388563290199,
            0.25778831341428815,
            0.24975151597297057,
            0.2591684735028744,
            0.2601718950507162,
            0.27280961162823686,
            0.27558353573566113,
            0.27937295076448454,
            0.2773692513939816,
            0.28895672693860924,
            0.2853361582373895,
            0.2868480732128074,
            0.2827238589137828,
            0.29627693953624656,
            0.2993117625332311,
            0.3052823897212396,
            0.3108480659515151
        ],
        "y_sigma": 0.041478395,
        "y_chi2": 0.0017256315,
        "y_quality": 0.82942706
    }
}