{
    "x": {
        "x_gains": [
            1.232882261987826,
            1.220391919101684,
            1.2353950058168575,
            1.2120710544172149,
            1.2274993236478728,
            1.2590717060726313,
            1.231533994433097,
            1.302142438392451,
            1.323184683237526,
            1.3849129193069685,
            1.396476293711698,
            1.3867610965918764,
            1.413127159964864,
            1.4540387088368911,
            1.4584111456446667,
            1.5118971793804319,
            1.5060665112104814,
            1.5369139843034973,
            1.586488700710176,
            1.6342140892035435,
            1.6722303162814616,
            1.7596888025546458,
            1.7577697333250624,
            1.8067129685043857
        ],
        "x_sigma": 0.13577986,
        "x_chi2": 0.01850761,
        "x_quality": 0.86588544
    },
    "y": {
        "y_gains": [
            1.2489988649597914,
            1.2370525441779299,
            1.2678662963989935,
            1.247247014028286,
            1.2798432243243931,
            1.3125123376159737,
            1.2747169204266886,
            1.343838386770395,
            1.3653364557667853,
            1.413562424683627,
            1.438738251874899,
            1.4233605057598417,
            1.4524773380854519,
            1.4943626662777338,
            1.512229704062696,
            1.5570231709960214,
            1.5452332975462453,
            1.568460886585064,
            1.6077272516441221,
            1.6709805815346621,
            1.7049272226241114,
            1.809545024284999,
            1.8187433138448923,
            1.849259464047622
        ],
        "y_sigma": 0.04546254,
        "y_chi2": 0.0020730589,
        "y_quality": 0.83463544
    }
}