{
    "x": {
        "x_gains": [
            1.269675043178474,
            1.1946696230757607,
            1.2501677412566832,
            1.2587553356750545,
            1.2696851993304188,
            1.321426575130567,
            1.389947101949173,
            1.4346847226521293,
            1.375434654543769,
            1.4365952233496142,
            1.4745683989906047,
            1.4902131369888114,
            1.4549149500367657,
            1.4961245511719854,
            1.5391593696403585,
            1.484474181431247,
            1.5846976523655099,
            1.6225956175314966,
            1.634606048500069,
            1.7132745885742402,
            1.727868637750094,
            1.7403895688010804,
            1.7828062739947896,
            1.7855634693712477
        ],
        "x_sigma": 0.07962375,
        "x_chi2": 0.0063595953,
        "x_quality": 0.86328125
    },
    "y": {
        "y_gains": [
            1.3271523424902423,
            1.2528770755944683,
            1.306313441602159,
            1.3400594490573385,
            1.344635442438846,
            1.375952072837399,
            1.4604474679601558,
            1.4955186633700253,
            1.4395519193113875,
            1.4831835169662846,
            1.5282616848596031,
            1.5604086622903652,
            1.502144626905279,
            1.5638979781770548,
            1.6026612895884582,
            1.579676164490668,
            1.655330275221005,
            1.6862699767134546,
            1.7260189941486228,
            1.7838966224771686,
            1.8102455044091608,
            1.8548457102241322,
            1.8838417878834086,
            1.8830680994253932
        ],
        "y_sigma": 0.05203575,
        "y_chi2": 0.002715863,
        "y_quality": 0.83723956
    }
}