{
    "x": {
        "x_gains": [
            0.9340724212502222,
            0.9155715743958213,
            0.875740175596414,
            0.9479619150612852,
            0.9341971168995418,
            0.9043894814800479,
            0.9377077901856316,
            0.9812087726736497,
            0.9825957723816893,
            1.0138914278420061,
            1.0033726364428754,
            0.9970537062978897,
            1.0161963405143863,
            1.010929768282766,
            1.038138229475597,
            1.105876139218305,
            1.0468242388383937,
            1.107438966546816,
            1.1286244787588922,
            1.1431748801495456,
            1.1238915058078216,
            1.1460741402237755,
            1.1838933207935354,
            1.188247095508212
        ],
        "x_sigma": 0.10217011,
        "x_chi2": 0.010474854,
        "x_quality": 0.8645833
    },
    "y": {
        "y_gains": [
            1.2920789744510763,
            1.2615696980041842,
            1.265383008153521,
            1.3450846021897493,
            1.3681855806921652,
            1.313161664409298,
            1.3169768322703574,
            1.388910301256033,
            1.4154586199165218,
            1.4491774903318124,
            1.479602386450689,
            1.4786569181773364,
            1.4867119764937753,
            1.4758359171530653,
            1.4949247305398172,
            1.5867542830068295,
            1.4974632971745865,
            1.573302689592414,
            1.5802389226436702,
            1.6329716573274295,
            1.6200345132152696,
            1.6610040271042636,
            1.7138245485828985,
            1.713388192596484
        ],
        "y_sigma": 0.051086158,
        "y_chi2": 0.0026176444,
        "y_quality": 0.83984375
    }
}