{
    "x": {
        "x_gains": [
            0.2559892066758811,
            0.2630643684311183,
            0.2746949148999274,
            0.2780993997335696,
            0.28163586049133854,
            0.28202324604807877,
            0.29223782723513353,
            0.2970089946797967,
            0.29754353709104836,
            0.304185294593876,
            0.3064372632369943,
            0.3258787270994427,
            0.322266425001223,
            0.3386639261078662,
            0.33637646392718984,
            0.34274929630141976,
            0.3409062590627798,
            0.3598892102659549,
            0.35208189368514015,
            0.3602110836950453,
            0.3525915922771864,
            0.37548015463474305,
            0.3725000774800161,
            0.3806358079634492
        ],
        "x_sigma": 0.078387484,
        "x_chi2": 0.0061634933,
        "x_quality": 0.8645833
    },
    "y": {
        "y_gains": [
            0.2831486194437817,
            0.2897839536018798,
            0.3012686936847846,
            0.30422775268388963,
            0.3102336462660123,
            0.3098043343980895,
            0.32831544758325687,
            0.3250186836990324,
            0.3298527491148567,
            0.33547237227342314,
            0.33794590060639323,
            0.356260285902442,
            0.36099769365793477,
            0.3696087982861092,
            0.3722545297792456,
            0.3812393343530723,
            0.37532922002534524,
            0.38509946946001394,
            0.380061950097866,
            0.3889297221882773,
            0.3851339230041802,
            0.4069113071700214,
            0.4048473998574532,
            0.41312417847675087
        ],
        "y_sigma": 0.052388836,
        "y_chi2": 0.0027528447,
        "y_quality": 0.82682294
    }
}