{
    "x": {
        "x_gains": [
            0.2460258218861619,
            0.24706523559893803,
            0.2491176874305429,
            0.2551128961303762,
            0.2727408601810345,
            0.2645381363864985,
            0.2696413282283759,
            0.2885231825491946,
            0.28023796350623537,
            0.28884390113035013,
            0.29266235766219906,
            0.29590070992498324,
            0.28849966757625806,
            0.28865942837754843,
            0.3063354771711144,
            0.2996491707508849,
            0.31356663610855273,
            0.3232120033180944,
            0.32708422565998646,
            0.3345282347349832,
            0.33636559064771804,
            0.3536935867571462,
            0.3450440716166574,
            0.35486757300317967
        ],
        "x_sigma": 0.09579357,
        "x_chi2": 0.009204755,
        "x_quality": 0.8619792
    },
    "y": {
        "y_gains": [
            0.2728851889053178,
            0.2760327752484281,
            0.2865461044945387,
            0.2880060734720774,
            0.3056363157070323,
            0.3006630281228771,
            0.2998616738098715,
            0.3175014414565442,
            0.3102810348753711,
            0.32226781667292514,
            0.3315194797531108,
            0.334120275681303,
            0.3287650768376587,
            0.3280737102889329,
            0.3527214559015467,
            0.34646421145958095,
            0.35914848336803123,
            0.36707118890540547,
            0.37250954090061633,
            0.3815965886791358,
            0.3834921655618513,
            0.4030630534912234,
            0.40113392538026493,
            0.40828010007271875
        ],
        "y_sigma": 0.05122576,
        "y_chi2": 0.0026319704,
        "y_quality": 0.82942706
    }
}