{
    "x": {
        "x_gains": [
            0.2837189310038118,
            0.2927204064645311,
            0.28974488542328247,
            0.2835190865332573,
            0.2981964482417443,
            0.31148753895657844,
            0.3052613192576118,
            0.32392609833379216,
            0.3234323991678473,
            0.3232818539309134,
            0.33616518888449637,
            0.33565575789928903,
            0.3435050680050723,
            0.359446317519205,
            0.3592671266770859,
            0.36579115285812386,
            0.37665315423475854,
            0.378083226175095,
            0.3837465381745108,
            0.39048488304157736,
            0.39745924969550644,
            0.40570561659667026,
            0.41503740275569895,
            0.404136041405839
        ],
        "x_sigma": 0.097913675,
        "x_chi2": 0.009619585,
        "x_quality": 0.8645833
    },
    "y": {
        "y_gains": [
            0.26545206420170536,
            0.2698666882847875,
            0.26888313849433726,
            0.27234668556534786,
            0.28251259469398404,
            0.29289397050815463,
            0.28899635121876843,
            0.3022906801788182,
            0.3011619127756799,
            0.308281666353658,
            0.3214698837529538,
            0.3241443908968715,
            0.32209871275504137,
            0.34134003270037516,
            0.34043619408675946,
            0.34930043854670056,
            0.35609205492392343,
            0.35882482286971445,
            0.35921436943689194,
            0.3689013505404663,
            0.3770065656070407,
            0.3869816733606111,
            0.39409099955270666,
            0.3905549747135182
        ],
        "y_sigma": 0.047781993,
        "y_chi2": 0.002289985,
        "y_quality": 0.8255208
    }
}