{
    "x": {
        "x_gains": [
            0.24421470027920578,
            0.26170454608798943,
            0.24323268891670122,
            0.267542694195597,
            0.2715598419043775,
            0.28661852621900297,
            0.2897581924420342,
            0.28854887443720706,
            0.30793146147751244,
            0.2988321639034653,
            0.3048624524635599,
            0.3199931188679718,
            0.3240746292019111,
            0.33356807630756685,
            0.3289555923108604,
            0.32761550363053676,
            0.35522398790647036,
            0.3480549194465175,
            0.37070403145824066,
            0.3640870371907627,
            0.3597161508630831,
            0.372154271194102,
            0.3703091870635744,
            0.39034846251108984
        ],
        "x_sigma": 0.09291912,
        "x_chi2": 0.008660489,
        "x_quality": 0.86328125
    },
    "y": {
        "y_gains": [
            0.23633758981271544,
            0.24769929464158064,
            0.2513744273879075,
            0.2564987024243642,
            0.25664543575854204,
            0.2706648996940242,
            0.27715717666635903,
            0.27355497048834265,
            0.28917938178769076,
            0.2853247277873701,
            0.2885776771026455,
            0.2982954325122692,
            0.30704645201376723,
            0.3128144763032086,
            0.30998130502749377,
            0.3087874675765439,
            0.33173184257466376,
            0.321541692092576,
            0.34399154441264507,
            0.3391196413416414,
            0.33646046417951053,
            0.34927750202318997,
            0.3462666465093309,
            0.36875913877335664
        ],
        "y_sigma": 0.053835854,
        "y_chi2": 0.002907016,
        "y_quality": 0.8385417
    }
}