{
    "x": {
        "x_gains": [
            0.25072050806003754,
            0.27895014324089856,
            0.2824359068902584,
            0.278219118310816,
            0.26825359052736486,
            0.2752068867771347,
            0.2888488903783222,
            0.3087903948400878,
            0.30236265879217544,
            0.31768938663614815,
            0.3153404786332387,
            0.3209045297471439,
            0.324971544679119,
            0.32508188812761935,
            0.3229058113132828,
            0.32947243259677683,
            0.34032265310095194,
            0.34856480185659555,
            0.34914799161346527,
            0.34532144350164784,
            0.3550183008383899,
            0.34476624159287517,
            0.3509920967109584,
            0.3580424387702674
        ],
        "x_sigma": 0.09433617,
        "x_chi2": 0.008928172,
        "x_quality": 0.86588544
    },
    "y": {
        "y_gains": [
            0.2857348014730315,
            0.3160765843449417,
            0.31181956099610014,
            0.3205237820152375,
            0.3119539149233668,
            0.3171077238721073,
            0.3314395100687677,
            0.34918473744240897,
            0.34740575620071507,
            0.36058309026126734,
            0.35978021314603076,
            0.369760347965194,
            0.3741778937496426,
            0.3802534389170382,
            0.3807359053947422,
            0.3847493069703108,
            0.39573135666048326,
            0.4103200414259114,
            0.4116426199455586,
            0.40690422060589015,
            0.4232351527944503,
            0.41286717051599936,
            0.42101882598310947,
            0.4300051764023135
        ],
        "y_sigma": 0.048909362,
        "y_chi2": 0.0023993202,
        "y_quality": 0.8385417
    }
}