{
    "x": {
        "x_gains": [
            0.0677150009684938,
            0.07711028289526596,
            0.0854982925990968,
            0.09292322720137913,
            0.10755839748743583,
            0.11403410942667526,
            0.12421747647973137,
            0.13767567932966263,
            0.14009483299435052,
            0.1472492514584302,
            0.15529189752101333,
            0.16645852138291212,
            0.16827749173782755,
            0.1758960960653011,
            0.18175344454584266,
            0.1921368383191562,
            0.19068096367108145,
            0.20097080151496616,
            0.20324834761125876,
            0.20764430033007136,
            0.21972455461667983,
            0.2281201417538561,
            0.24138495292619272,
            0.24541015521946904
        ],
        "x_sigma": 0.12679,
        "x_chi2": 0.016147675,
        "x_quality": 0.87109375
    },
    "y": {
        "y_gains": [
            0.06530636128367229,
            0.07666971300993025,
            0.0832073712411694,
            0.09040977416452102,
            0.10542126760218905,
            0.11364421541851984,
            0.12366445480422802,
            0.13475942222382856,
            0.13737079469705324,
            0.1437606373886628,
            0.15039137927738838,
            0.16022949991732158,
            0.16264244265788588,
            0.16978461107260867,
            0.17636467502330702,
            0.18654716256449144,
            0.1882813783108174,
            0.19703356898351151,
            0.19780342070554383,
            0.2078127364519292,
            0.21457459299491202,
            0.22667700978750524,
            0.23982210571770915,
            0.2441383600445113
        ],
        "y_sigma": 0.07588663,
        "y_chi2": 0.0057794214,
        "y_quality": 0.86848956
    }
}