{
    "x": {
        "x_gains": [
            0.20204734575453068,
            0.21367985710287765,
            0.21465252478592703,
            0.21947163783387288,
            0.2256913235566109,
            0.23203196657997177,
            0.23521948388846506,
            0.23686753112261708,
            0.24388304734794258,
            0.23855176938379835,
            0.24066111533671916,
            0.24344693792806646,
            0.24445114240574634,
            0.24508604321499267,
            0.24439798873163968,
            0.24920646431600174,
            0.24710711698149762,
            0.23963814257050828,
            0.23872914924689909,
            0.2443322432776076,
            0.2509291782004172,
            0.24803155953563533,
            0.2448510876897443,
            0.24774271700825098
        ],
        "x_sigma": 0.062071387,
        "x_chi2": 0.003867422,
        "x_quality": 0.85546875
    },
    "y": {
        "y_gains": [
            0.20472750615385293,
            0.2101257056021194,
            0.22445190248238192,
            0.22802027100209207,
            0.23100618625326538,
            0.23357467826255945,
            0.2395829340284433,
            0.24687889528606966,
            0.2434805466225925,
            0.24186317848365815,
            0.24248257344427365,
            0.24343095482627428,
            0.24086269309058872,
            0.24580938023343535,
            0.2462154591103339,
            0.24741721172678408,
            0.24580560994277792,
            0.24296607148887905,
            0.2432473324281289,
            0.24475376425170572,
            0.25114312817652107,
            0.2489536292248458,
            0.24792116860518706,
            0.24628572192760842
        ],
        "y_sigma": 0.06812062,
        "y_chi2": 0.0046569216,
        "y_quality": 0.8697917
    }
}