{
    "x": {
        "x_gains": [
            0.08162377106229991,
            0.09213558303857625,
            0.10511576346472488,
            0.11541926335963545,
            0.12489577447619961,
            0.1343911583949379,
            0.14495798791354794,
            0.153769813048199,
            0.16612474835630775,
            0.1698360219621074,
            0.17632349295428953,
            0.18443603334160835,
            0.1898166625394197,
            0.19543537235617472,
            0.2049780350662074,
            0.21589832052696464,
            0.2107661632460653,
            0.22342557748753158,
            0.22630037115297574,
            0.23900366256382624,
            0.2450346965454788,
            0.25687996471907815,
            0.26800277843840464,
            0.2704903690145925
        ],
        "x_sigma": 0.10112116,
        "x_chi2": 0.010259088,
        "x_quality": 0.86848956
    },
    "y": {
        "y_gains": [
            0.08586012526992276,
            0.09324013670868844,
            0.11024850232922011,
            0.1173748871733897,
            0.12837761010777518,
            0.14442614725632202,
            0.15319099132801117,
            0.160100012556644,
            0.17010091049404058,
            0.1740070829583118,
            0.17679350781709288,
            0.1843052063253473,
            0.18918234896901484,
            0.19750705021166434,
            0.20765877543246344,
            0.21830140766205194,
            0.2186425289979027,
            0.23205953533791002,
            0.23539386926083267,
            0.24732970484167682,
            0.2564636666128264,
            0.26246367830771816,
            0.2693319759001748,
            0.27151169512190687
        ],
        "y_sigma": 0.06277575,
        "y_chi2": 0.003952593,
        "y_quality": 0.85286456
    }
}