{
    "x": {
        "x_gains": [
            0.06823164123639282,
            0.07473514797746138,
            0.0856448742142297,
            0.0922311319545271,
            0.10399935769996685,
            0.11408332394997994,
            0.12245342790003391,
            0.13242535447618886,
            0.1447815649401711,
            0.1490140344845,
            0.15694168861378474,
            0.16246907766662042,
            0.1653472042441585,
            0.17625080969621976,
            0.18065826705689092,
            0.18434171940683258,
            0.19495186570202666,
            0.19948473093998204,
            0.20881194771849976,
            0.21789710985631427,
            0.22959927762556878,
            0.23771374149923774,
            0.24464457131494452,
            0.2529584630567572
        ],
        "x_sigma": 0.05863368,
        "x_chi2": 0.0034503802,
        "x_quality": 0.8515625
    },
    "y": {
        "y_gains": [
            0.07533153029826616,
            0.08610243796470024,
            0.09646264720320541,
            0.10775771496748196,
            0.1195114658105184,
            0.1320079384293854,
            0.14169520774196542,
            0.15148425790740253,
            0.16329781371824761,
            0.17088598401703392,
            0.17830543507061072,
            0.1829254863275272,
            0.18995134586227083,
            0.19685120745577886,
            0.201430620697379,
            0.20878448180109185,
            0.21784940375707437,
            0.2243415519365275,
            0.23247472976439987,
            0.23938760628600256,
            0.2528825576986959,
            0.26257391652680667,
            0.2728916155006258,
            0.28007058338842555
        ],
        "y_sigma": 0.053628076,
        "y_chi2": 0.0028846755,
        "y_quality": 0.85807294
    }
}