{
    "x": {
        "x_gains": [
            0.06877776343379312,
            0.07725407497863346,
            0.0849224013065821,
            0.09486163908200873,
            0.10455415962973609,
            0.1173305424308307,
            0.1265134647647982,
            0.13853652508557054,
            0.14400779807986916,
            0.1523688557449382,
            0.15966549440260677,
            0.16976244038261398,
            0.17237105696897906,
            0.1779389192630624,
            0.18967572279727687,
            0.18232940030583933,
            0.19062567731685973,
            0.1958672135462078,
            0.2067511272588336,
            0.21281158515624723,
            0.2239985556573131,
            0.23400806438591487,
            0.23924200477144256,
            0.2492660361565371
        ],
        "x_sigma": 0.12959059,
        "x_chi2": 0.016859986,
        "x_quality": 0.8723958
    },
    "y": {
        "y_gains": [
            0.07133957021903958,
            0.08583443430301066,
            0.09468505336781005,
            0.10499462585007585,
            0.11950245392314009,
            0.12775982624459215,
            0.13753104299128258,
            0.14643230859027564,
            0.1548694117889384,
            0.1597478463314538,
            0.16849801543037426,
            0.18128640944916977,
            0.1850867259020692,
            0.19307963955892887,
            0.20738221369438908,
            0.20128139763361513,
            0.20882805569845195,
            0.21704351570559438,
            0.22704445986883598,
            0.2359355681669408,
            0.25343069126769074,
            0.2631755344233204,
            0.27091071785109283,
            0.28037351471780114
        ],
        "y_sigma": 0.106102414,
        "y_chi2": 0.011301186,
        "y_quality": 0.87109375
    }
}