{
    "x": {
        "x_gains": [
            0.06684947770503069,
            0.07647665328376219,
            0.08603834298755239,
            0.09087932379966816,
            0.1057816662177998,
            0.11581632966238034,
            0.12617871900765182,
            0.13552554760927105,
            0.14285470004177214,
            0.14600545856007374,
            0.15066671528179348,
            0.16041702523213827,
            0.16629272974837248,
            0.1664523869605195,
            0.1770549967876912,
            0.1833781631816258,
            0.19087373137683178,
            0.19721150815923172,
            0.19907521599163247,
            0.2101797625473115,
            0.2144018894809716,
            0.22201540254056668,
            0.23464352017840417,
            0.24475969493151625
        ],
        "x_sigma": 0.05271645,
        "x_chi2": 0.0027877875,
        "x_quality": 0.8411458
    },
    "y": {
        "y_gains": [
            0.06939765404006425,
            0.0814875520022999,
            0.09227962794330488,
            0.09807251226568393,
            0.1131209306866203,
            0.12496764899986515,
            0.13376575879355698,
            0.14162518582994696,
            0.14967057506428352,
            0.1521384489095659,
            0.15307558079248024,
            0.1632987390397969,
            0.1694687045956269,
            0.17104167028348533,
            0.18019444963254297,
            0.1867479299038657,
            0.19528506092327574,
            0.19792542486671702,
            0.20062828754527678,
            0.21423437454809935,
            0.21894366251148087,
            0.23128216123003253,
            0.24245557062282228,
            0.25113670752242334
        ],
        "y_sigma": 0.0547355,
        "y_chi2": 0.00300696,
        "y_quality": 0.8333333
    }
}