{
    "x": {
        "x_gains": [
            0.07029013236194244,
            0.08312708119038645,
            0.0890761943514291,
            0.10060033248409886,
            0.11213185989079254,
            0.128116950892414,
            0.13656073695821064,
            0.1470073385328359,
            0.15304998780956847,
            0.15844575112190684,
            0.16628370697531716,
            0.17178042682282652,
            0.17363784108918295,
            0.1908217413895983,
            0.19292763930557238,
            0.19714523837570067,
            0.20353346303842487,
            0.20736386406801036,
            0.21940254843080884,
            0.23544608840228357,
            0.2406767831141169,
            0.2449457465991671,
            0.2592340665086255,
            0.2732884083628439
        ],
        "x_sigma": 0.063033566,
        "x_chi2": 0.003985112,
        "x_quality": 0.84505206
    },
    "y": {
        "y_gains": [
            0.07329737168818654,
            0.08867226058578315,
            0.09757179894003852,
            0.10807500794621495,
            0.11978241285140716,
            0.13615456484047994,
            0.1455987676520306,
            0.15232151855536566,
            0.15950721203883875,
            0.1647895081815931,
            0.1717591420177412,
            0.17608222335501786,
            0.17719205173157387,
            0.19651429236657525,
            0.19811016375271048,
            0.202609386021634,
            0.21177299891299037,
            0.21524832014829748,
            0.22974944192137436,
            0.2412687842827863,
            0.24886851927710663,
            0.25722985007332466,
            0.2711929272450666,
            0.2837732120812018
        ],
        "y_sigma": 0.05145071,
        "y_chi2": 0.0026560898,
        "y_quality": 0.8411458
    }
}