{
    "x": {
        "x_gains": [
            0.077417506807902,
            0.08784230058282488,
            0.09679669721925352,
            0.10453926748394421,
            0.11869422113445562,
            0.1295230501486698,
            0.13975931768383032,
            0.15161908639887794,
            0.1596671514693609,
            0.1631899589870995,
            0.17300964727744667,
            0.17504125284726477,
            0.17802416321967382,
            0.1903704895281953,
            0.19419778574519506,
            0.19933235620612322,
            0.2021560222794535,
            0.20310416278229956,
            0.21560431950317865,
            0.2251111486296359,
            0.22863272827206013,
            0.23755135860373014,
            0.23586196225831227,
            0.2505354882892823
        ],
        "x_sigma": 0.06392211,
        "x_chi2": 0.0040984824,
        "x_quality": 0.84375
    },
    "y": {
        "y_gains": [
            0.0782637040724127,
            0.08775208981601897,
            0.10089855205532873,
            0.10837692388683216,
            0.12307137918464227,
            0.13374051077640914,
            0.1446544537804429,
            0.1533620417873837,
            0.15704305515956715,
            0.16438262488805544,
            0.17408126956216508,
            0.18012507164474725,
            0.1824316996240174,
            0.19566515587077649,
            0.19757609692767195,
            0.2048061867852904,
            0.20874954513474114,
            0.21454269045544624,
            0.22080465632859267,
            0.2342895227623166,
            0.23919620125815289,
            0.2520385126945246,
            0.2536271085987148,
            0.26274006198195704
        ],
        "y_sigma": 0.12011621,
        "y_chi2": 0.014483326,
        "y_quality": 0.8697917
    }
}