{
    "x": {
        "x_gains": [
            0.06336530873542741,
            0.0754369288057195,
            0.08464050722008919,
            0.09143718219864362,
            0.10411998620618422,
            0.11064083837431433,
            0.12107614902778881,
            0.1304542259602866,
            0.13876441335554193,
            0.1416037814893356,
            0.15160973761448507,
            0.1605482968370396,
            0.16273860164187628,
            0.17087656396483933,
            0.17733169949363112,
            0.18359825030867455,
            0.1878990141258157,
            0.19194355323986323,
            0.2047350298769829,
            0.21512320428594262,
            0.22011767711136052,
            0.23021077131336212,
            0.23162190225972643,
            0.2444053955228402
        ],
        "x_sigma": 0.05714249,
        "x_chi2": 0.0032752352,
        "x_quality": 0.83984375
    },
    "y": {
        "y_gains": [
            0.07354710633322958,
            0.08518809467412977,
            0.09683840990943576,
            0.1058458672481133,
            0.12235418256761232,
            0.128148496427284,
            0.13550858948296157,
            0.14617427569550087,
            0.15432444090184116,
            0.1590515438338102,
            0.16495987087205244,
            0.17810404856327472,
            0.1802586950215036,
            0.18454936477739545,
            0.19204293158144087,
            0.19800812930295178,
            0.2028918170686799,
            0.21404570941843717,
            0.22523800900411467,
            0.23540999475506533,
            0.24017900252843644,
            0.25352744137925826,
            0.257976264945339,
            0.2719265380668057
        ],
        "y_sigma": 0.054571647,
        "y_chi2": 0.0029913005,
        "y_quality": 0.83463544
    }
}