{
    "x": {
        "x_gains": [
            0.11183647002944766,
            0.1371467348688236,
            0.1592314445925686,
            0.18794835667824208,
            0.21309666533552282,
            0.2482136313167763,
            0.2960953725563767,
            0.33352157290908324,
            0.37620078588344175,
            0.4061038546443844,
            0.43987924083177293,
            0.4643966802138918,
            0.4897724012958007,
            0.5296051391187964,
            0.585332389777521,
            0.6004935937241693,
            0.6401810124616355,
            0.6468915792247147,
            0.6486466571281013,
            0.6865874051857123,
            0.6984356159699259,
            0.7345768789429791,
            0.7689631109171615,
            0.7920252561013665
        ],
        "x_sigma": 0.109099135,
        "x_chi2": 0.011938639,
        "x_quality": 0.86588544
    },
    "y": {
        "y_gains": [
            0.1246921506665232,
            0.15029906357370834,
            0.1785764350893409,
            0.20654134192429652,
            0.23979343234564016,
            0.26893521770144513,
            0.3137341025047746,
            0.35484558681382444,
            0.39410786669254116,
            0.4285172395056557,
            0.4538305682571386,
            0.4818342001771511,
            0.506996475309804,
            0.5362309825682032,
            0.597351724757529,
            0.6084568566668527,
            0.6536163875746479,
            0.6608157598743551,
            0.6702159067032649,
            0.6985027453951904,
            0.726110897029415,
            0.7512859009480627,
            0.7880560957242282,
            0.8209915722752131
        ],
        "y_sigma": 0.09125795,
        "y_chi2": 0.008361851,
        "y_quality": 0.8489583
    }
}