{
    "x": {
        "x_gains": [
            0.25969677907953387,
            0.32267526187517565,
            0.3792880649234966,
            0.4617060963672964,
            0.5300483902377383,
            0.5784536430142756,
            0.6433064924421137,
            0.6935901244418594,
            0.7447219692236199,
            0.7959915774539207,
            0.8312627962516698,
            0.8547800497071695,
            0.9054532916486784,
            0.9553230745009654,
            0.9959473904734246,
            1.0201680073884647,
            1.0627604015389365,
            1.059720663991296,
            1.0828571541188572,
            1.1002023602201152,
            1.1302403920722544,
            1.117916077436392,
            1.1817579819922537,
            1.2008916957090314
        ],
        "x_sigma": 0.09765886,
        "x_chi2": 0.009572903,
        "x_quality": 0.859375
    },
    "y": {
        "y_gains": [
            0.28527770486555104,
            0.3445610860289783,
            0.40787354190817027,
            0.48656333456255446,
            0.5542455653703824,
            0.6117506658447185,
            0.6778759327064426,
            0.7232804820230445,
            0.7776439193377958,
            0.8233337392368668,
            0.8648645656684746,
            0.8851830797608377,
            0.9433573351740121,
            1.010422610267167,
            1.0445865035663229,
            1.0693761635882038,
            1.1018818709910094,
            1.1085200563314421,
            1.1529676412828964,
            1.1599613361687429,
            1.1932883734095256,
            1.185704717077219,
            1.2361423803627412,
            1.2571543080226686
        ],
        "y_sigma": 0.10118971,
        "y_chi2": 0.010275948,
        "y_quality": 0.85807294
    }
}