{
    "x": {
        "x_gains": [
            0.518841199311809,
            0.5835557945281374,
            0.6682826185905933,
            0.7731171100016537,
            0.7991701417248329,
            0.9000546873228018,
            0.9913208865065466,
            0.9971273757432213,
            1.0282918037122568,
            1.077453963355144,
            1.1323864763023839,
            1.1866096793412797,
            1.1995571235100002,
            1.2477325580089582,
            1.238123455518372,
            1.2905035841801296,
            1.2681367330388296,
            1.2524504192452532,
            1.284183520612237,
            1.24612299981682,
            1.2556713968226743,
            1.29456323572456,
            1.3070499529658075,
            1.3025787542371259
        ],
        "x_sigma": 0.07862951,
        "x_chi2": 0.006209703,
        "x_quality": 0.83723956
    },
    "y": {
        "y_gains": [
            0.5658218587960997,
            0.6568833094096432,
            0.767495167466678,
            0.858476684631722,
            0.8976845215220313,
            1.0070771338504205,
            1.1006774592714395,
            1.1009600999618925,
            1.1042304060663768,
            1.1399442270887454,
            1.215985244748646,
            1.255492308038051,
            1.2821575367476608,
            1.3303391832781686,
            1.3234833350816548,
            1.3834404392921433,
            1.3558125242097274,
            1.348058081891293,
            1.3716303500098894,
            1.331267561083215,
            1.340243090611289,
            1.3968353298766316,
            1.3951578952508477,
            1.4010821958881041
        ],
        "y_sigma": 0.08515527,
        "y_chi2": 0.00728796,
        "y_quality": 0.84375
    }
}