{
    "x": {
        "x_gains": [
            0.2610680109580687,
            0.31751051436068306,
            0.3650163910610406,
            0.40189853653470703,
            0.45078240498904326,
            0.4638744978268639,
            0.488338238690941,
            0.5208017597266499,
            0.5514388804996654,
            0.5723341676057716,
            0.6024245177139917,
            0.6180323420032764,
            0.6567689829551373,
            0.6585095768364778,
            0.6657431920934741,
            0.6751134612560824,
            0.7067115833703415,
            0.688933265376956,
            0.7074827621824994,
            0.6998473632900665,
            0.6976672310096899,
            0.7105046622250178,
            0.7091046412246067,
            0.718656531980611
        ],
        "x_sigma": 0.13557936,
        "x_chi2": 0.018436717,
        "x_quality": 0.86588544
    },
    "y": {
        "y_gains": [
            0.44043629795850286,
            0.5174574891855266,
            0.595556363394676,
            0.6401365897849819,
            0.7147801379182571,
            0.7443122264745606,
            0.786187070540399,
            0.8158171277379537,
            0.8567466485356229,
            0.8933847184399787,
            0.9093795130800146,
            0.9227432307325907,
            0.9654787287657435,
            0.9724587052704248,
            0.9733283693586496,
            0.9980896563976549,
            1.0319332784963988,
            1.0154233670646822,
            1.0128234590979854,
            1.0069751152281625,
            1.0325011219415317,
            1.032114340929454,
            1.046032326164595,
            1.0413198203898253
        ],
        "y_sigma": 0.09202834,
        "y_chi2": 0.008511951,
        "y_quality": 0.84765625
    }
}