{
    "x": {
        "x_gains": [
            0.2484435817047836,
            0.28433601966422417,
            0.3225918422200719,
            0.3482872071043903,
            0.38091616126710387,
            0.4213572329403095,
            0.4448209013156823,
            0.475855066347996,
            0.4898558207362827,
            0.49771115084505135,
            0.5198881928452467,
            0.537263610055791,
            0.5433475031117512,
            0.5724635855913205,
            0.5962050831014493,
            0.5988217224496049,
            0.5918281785493533,
            0.6026785203085183,
            0.5972971705734381,
            0.5879289831174429,
            0.6057351977701191,
            0.6114069709443511,
            0.607712405209019,
            0.6322126773562029
        ],
        "x_sigma": 0.10042818,
        "x_chi2": 0.010132165,
        "x_quality": 0.85026044
    },
    "y": {
        "y_gains": [
            0.33570492074594305,
            0.38830219447431996,
            0.4340264026073182,
            0.4733990673186256,
            0.5299654102176059,
            0.5748272787734106,
            0.5958074104976618,
            0.6361145107897743,
            0.6507829211393621,
            0.6646796290715449,
            0.6920603446169851,
            0.7156106162266138,
            0.71854086194581,
            0.7628594841818798,
            0.7835276782327627,
            0.7897115120669499,
            0.795253418635396,
            0.8008152940345508,
            0.8012204831375538,
            0.783734192473205,
            0.814621146180099,
            0.8149386070075103,
            0.8106503896715359,
            0.8431853925213503
        ],
        "y_sigma": 0.12218426,
        "y_chi2": 0.015016757,
        "y_quality": 0.859375
    }
}