{
    "x": {
        "x_gains": [
            0.1558174701799642,
            0.1850863833317422,
            0.21261240605295614,
            0.2470472907805904,
            0.27725736570235443,
            0.29666164280063306,
            0.33490208166426505,
            0.3485696618211998,
            0.3816295735442167,
            0.403882278009135,
            0.41407630879790414,
            0.41971424678878727,
            0.4395998586246855,
            0.4633764191539979,
            0.4683911392012563,
            0.4714240868385796,
            0.4853777053982543,
            0.49935229014445365,
            0.5240864635751261,
            0.49929920859577537,
            0.4881314260671749,
            0.49378575564379834,
            0.4985187015302729,
            0.4996291752261472
        ],
        "x_sigma": 0.12587202,
        "x_chi2": 0.015894476,
        "x_quality": 0.86588544
    },
    "y": {
        "y_gains": [
            0.5263407491060498,
            0.6172146092229145,
            0.7014688266201248,
            0.7642321034036605,
            0.8680315942667555,
            0.9165324023074987,
            0.9797204720332423,
            1.0296149168138073,
            1.0495968078822202,
            1.1083143414434975,
            1.1627141207816265,
            1.1835776797891187,
            1.2311287961394755,
            1.2921660096842413,
            1.2880611939325157,
            1.305096662180049,
            1.3140374813423104,
            1.3403749484458285,
            1.4158038309782806,
            1.3465447325526516,
            1.3715229322063074,
            1.3981939668349788,
            1.4173651323925336,
            1.4012706722455923
        ],
        "y_sigma": 0.123904124,
        "y_chi2": 0.015402423,
        "y_quality": 0.86588544
    }
}