{
    "x": {
        "x_gains": [
            0.2702339712746693,
            0.30823679613742305,
            0.35588460171317154,
            0.41312276190743735,
            0.46354638759690786,
            0.4774828631400419,
            0.49988677564531636,
            0.5579250944274274,
            0.5800474803665528,
            0.620039028976718,
            0.6102603437755184,
            0.6257397417008921,
            0.669345342102739,
            0.6981553339765671,
            0.7076593939095436,
            0.7148809548064413,
            0.7128558273326319,
            0.703125999757281,
            0.7292621012476872,
            0.7610356447025944,
            0.752412667649769,
            0.7621481266894442,
            0.7592987329506113,
            0.7869974175466741
        ],
        "x_sigma": 0.10959354,
        "x_chi2": 0.012063801,
        "x_quality": 0.84244794
    },
    "y": {
        "y_gains": [
            0.4538191788341639,
            0.5298687546886761,
            0.5861318736930359,
            0.6568416295715356,
            0.7410047579915511,
            0.7784083837073832,
            0.8284573783946766,
            0.8695979596449154,
            0.8993388869907842,
            0.9451920913887328,
            0.9676599341081643,
            0.979587646498557,
            1.0075547462428032,
            1.052918892804823,
            1.0486196704691713,
            1.0661044912892652,
            1.1002548960517684,
            1.0970014780997914,
            1.1214867325315825,
            1.1238541183409396,
            1.1297092636724475,
            1.1571147404117799,
            1.16575256316639,
            1.172290613656623
        ],
        "y_sigma": 0.1063462,
        "y_chi2": 0.01137417,
        "y_quality": 0.8359375
    }
}