{
    "x": {
        "x_gains": [
            0.3845881084433858,
            0.42723478183298585,
            0.4748381146286749,
            0.544177588220166,
            0.5864065679881241,
            0.6258439113992774,
            0.662901694396618,
            0.7095675462536927,
            0.7454900090919963,
            0.7813241647547013,
            0.8105157611679142,
            0.8769237514798088,
            0.8872945979552828,
            0.9119274178729567,
            0.8996405126475513,
            0.9231646379200584,
            0.949705586519651,
            0.9502049829699513,
            0.9540732966810176,
            0.9767489789310362,
            0.9669447986685556,
            0.9806012556599079,
            0.9639223155727433,
            1.0223763420478649
        ],
        "x_sigma": 0.11415065,
        "x_chi2": 0.01307229,
        "x_quality": 0.86067706
    },
    "y": {
        "y_gains": [
            0.2583471712689837,
            0.2844794822018257,
            0.3216392589277087,
            0.3650241722657116,
            0.39067085804407903,
            0.4110664683791641,
            0.429895611457939,
            0.4513884233945773,
            0.4848744388548119,
            0.4942952153458892,
            0.5080647660641188,
            0.5534149159155212,
            0.5546040091325533,
            0.565514581510727,
            0.5694429401660108,
            0.5804565952842429,
            0.5910642667723648,
            0.5869617597348342,
            0.6105057912274103,
            0.6232859636000997,
            0.6063269489530917,
            0.606881772269557,
            0.6003575369275419,
            0.6303168407360159
        ],
        "y_sigma": 0.101104036,
        "y_chi2": 0.010266711,
        "y_quality": 0.84244794
    }
}