{
    "x": {
        "x_gains": [
            0.3139126067302863,
            0.34565851351561083,
            0.39897374377730627,
            0.41910911233318676,
            0.46380709187016667,
            0.4861917176462992,
            0.5378790568183163,
            0.5755741524843278,
            0.5925546339816691,
            0.6236607664616195,
            0.6500401139754334,
            0.6704353626227324,
            0.6735580637361054,
            0.7094374692946595,
            0.7419457155417224,
            0.7596287694203843,
            0.7696673482327591,
            0.7675042389259116,
            0.7998391363528967,
            0.8085744468643281,
            0.8162836840482577,
            0.8181029158742317,
            0.8208526787788404,
            0.8403923489335925
        ],
        "x_sigma": 0.092721894,
        "x_chi2": 0.00862822,
        "x_quality": 0.85026044
    },
    "y": {
        "y_gains": [
            0.3822601183010969,
            0.4376727330149935,
            0.4985254613902998,
            0.5510153118338914,
            0.5961792067001004,
            0.6307813475937016,
            0.6637766274823835,
            0.7275803217753076,
            0.7316276945665084,
            0.7643519694063537,
            0.8003614432277617,
            0.8322932442091533,
            0.8388624856921517,
            0.8764274922333187,
            0.8980431818675741,
            0.9261225554647852,
            0.9197026049656584,
            0.9484856572844362,
            0.9888061214218321,
            0.9876799762798778,
            0.9981042008808468,
            0.9973353194933777,
            0.996810207336523,
            1.0149469203059618
        ],
        "y_sigma": 0.090088286,
        "y_chi2": 0.008146714,
        "y_quality": 0.8541667
    }
}