{
    "x": {
        "x_gains": [
            0.07747792615144981,
            0.08582637495998345,
            0.09715804933063933,
            0.10767978701799566,
            0.117719629512782,
            0.12803545496361834,
            0.14413398464598315,
            0.15210363124604057,
            0.1612846958258537,
            0.16811639033935974,
            0.177290338086115,
            0.18328536449868796,
            0.19123771727951344,
            0.20013761462381532,
            0.201244111219973,
            0.2045710752128879,
            0.21357349245412813,
            0.21398723266575023,
            0.22566417253596613,
            0.22705436805490356,
            0.23663247753304775,
            0.24989742960002068,
            0.2594116020853269,
            0.2685616664315857
        ],
        "x_sigma": 0.06899422,
        "x_chi2": 0.0047784275,
        "x_quality": 0.859375
    },
    "y": {
        "y_gains": [
            0.0863126220730203,
            0.09703570477274967,
            0.10849312381430577,
            0.122409388898056,
            0.1345316515980006,
            0.1452850553806291,
            0.15651982550543772,
            0.1655244376969327,
            0.17175807408083751,
            0.1809124845806028,
            0.18934394972236498,
            0.20010566379471018,
            0.20662535950229735,
            0.21512931315449058,
            0.21893800617098663,
            0.2214784483751455,
            0.23289234546672954,
            0.23584074099274094,
            0.2433886515173457,
            0.25145637244510893,
            0.26160395348451493,
            0.2750128293484891,
            0.28547363959249894,
            0.2955430337255977
        ],
        "y_sigma": 0.06349602,
        "y_chi2": 0.004044202,
        "y_quality": 0.8567708
    }
}