{
    "x": {
        "x_gains": [
            0.08139366796332205,
            0.09557385072683436,
            0.10207304224415341,
            0.11201399368420299,
            0.12310799932389087,
            0.13072414903807944,
            0.14234249340491642,
            0.15331762083249167,
            0.164086569448656,
            0.1710052815665233,
            0.17969621133539515,
            0.18851608994253466,
            0.18998366596433505,
            0.19412974933578506,
            0.19709866041501253,
            0.205180626147665,
            0.21611243552015347,
            0.23017479197492827,
            0.23352974819865074,
            0.2331689880582503,
            0.23624850602351002,
            0.25139080707057765,
            0.26156265849879723,
            0.2724913323913308
        ],
        "x_sigma": 0.0724285,
        "x_chi2": 0.0052620163,
        "x_quality": 0.859375
    },
    "y": {
        "y_gains": [
            0.08430941149332877,
            0.09796652836405302,
            0.10824512888801618,
            0.1187976207687703,
            0.13432745139841393,
            0.14323841076639485,
            0.15625246585922686,
            0.17067852222439173,
            0.17560899883729283,
            0.1813932269582986,
            0.18947878856963904,
            0.19738819103829186,
            0.20514269346243263,
            0.21214178215983498,
            0.21691845512498376,
            0.22418111682100417,
            0.2331388450231676,
            0.2447553217761502,
            0.24732362449605955,
            0.2537427048972342,
            0.2666631111585179,
            0.2811079306872175,
            0.29045981822443656,
            0.29378509960754423
        ],
        "y_sigma": 0.05782733,
        "y_chi2": 0.003354438,
        "y_quality": 0.8515625
    }
}