{
    "x": {
        "x_gains": [
            0.07103272129409685,
            0.08082956350984921,
            0.09164514304111394,
            0.09928022827304325,
            0.11137315978128094,
            0.12054763343296997,
            0.12745730352399307,
            0.1389800559450317,
            0.1440480747196954,
            0.1531774611742621,
            0.15530979333857658,
            0.1641633129469859,
            0.1709734011550621,
            0.17491112284842483,
            0.18147892840903085,
            0.18238663120584192,
            0.18799745301050663,
            0.19721774669415726,
            0.2016493302015848,
            0.20594357269674252,
            0.21361941701381246,
            0.21221320976299604,
            0.21831036249868088,
            0.23398293234898274
        ],
        "x_sigma": 0.06496439,
        "x_chi2": 0.0042339675,
        "x_quality": 0.86328125
    },
    "y": {
        "y_gains": [
            0.06788151037989751,
            0.07610472283839566,
            0.08636932299838014,
            0.09432301823094162,
            0.10510599677009272,
            0.11271122223936686,
            0.11930314081027592,
            0.12840904506122505,
            0.1339503084540728,
            0.14123275233851074,
            0.14502449246140933,
            0.14738745420303329,
            0.156484408754176,
            0.15855699184406616,
            0.16141889272870358,
            0.1619387750623938,
            0.16494397801494706,
            0.17097357654666545,
            0.1763633282088029,
            0.17712911050684893,
            0.1863860081067476,
            0.18628735084670395,
            0.19221024910409842,
            0.20730226369925914
        ],
        "y_sigma": 0.0571884,
        "y_chi2": 0.0032814206,
        "y_quality": 0.82682294
    }
}