{
    "x": {
        "x_gains": [
            0.07094885580780239,
            0.0833832660124638,
            0.0923295388970498,
            0.10254119643837509,
            0.11350749393501083,
            0.12406633107137667,
            0.1354521242231973,
            0.14553505015210594,
            0.15286641184651098,
            0.15679760583854074,
            0.1621869469577159,
            0.16926553012085185,
            0.1777189014803718,
            0.17925995646098328,
            0.18915163543246694,
            0.2015625410368736,
            0.2054941322178016,
            0.212645970826674,
            0.21882860391836687,
            0.2265131360630431,
            0.2265975181680225,
            0.2377932010976439,
            0.2509350026399617,
            0.2622726761414769
        ],
        "x_sigma": 0.059591427,
        "x_chi2": 0.0035618532,
        "x_quality": 0.8567708
    },
    "y": {
        "y_gains": [
            0.08176328743360413,
            0.09392120808971542,
            0.10897218092781967,
            0.1204376269788956,
            0.1313689920624753,
            0.14164166313601215,
            0.15429315297903817,
            0.16712354623196318,
            0.17669946809572715,
            0.17682010124860453,
            0.18505507433319984,
            0.19007359649656347,
            0.2008494324195889,
            0.2039323333756085,
            0.21237100611634868,
            0.22094927941369608,
            0.22441042332557842,
            0.22942792102008058,
            0.2403428442604807,
            0.24874087369734407,
            0.2579499464121884,
            0.2613858841637611,
            0.2741914074828974,
            0.28728656403832975
        ],
        "y_sigma": 0.053177487,
        "y_chi2": 0.0028376516,
        "y_quality": 0.85026044
    }
}