{
    "x": {
        "x_gains": [
            0.06240825596321808,
            0.07363335390649241,
            0.08292001850111454,
            0.09358712914930235,
            0.10329453797076228,
            0.11063630924353086,
            0.11721806827436718,
            0.12891264875053285,
            0.13416843344132104,
            0.14021054857236917,
            0.14335307692255866,
            0.15057047237149276,
            0.15714140919701525,
            0.16505450504140004,
            0.17007230794244482,
            0.17389204639168526,
            0.1849295201236143,
            0.1863927165927635,
            0.19317489154485476,
            0.20313807701370776,
            0.2120473605235161,
            0.22471278896660207,
            0.2313941730319347,
            0.24214235936734982
        ],
        "x_sigma": 0.086544715,
        "x_chi2": 0.007523578,
        "x_quality": 0.86328125
    },
    "y": {
        "y_gains": [
            0.06604674749159406,
            0.07806100217524789,
            0.08628275843562802,
            0.09695486111313101,
            0.10621502339279676,
            0.11586320170810167,
            0.124668024633903,
            0.1338286868347836,
            0.14033400953743608,
            0.1465467503917561,
            0.15042010681211448,
            0.15929274023336387,
            0.16494663069290616,
            0.17100703907724601,
            0.17845236260577854,
            0.17997756759597483,
            0.1907664971146758,
            0.19287106125951362,
            0.2002111186203628,
            0.20856170840403576,
            0.21188751239462492,
            0.22770466750165966,
            0.23536380748596245,
            0.24622827527927213
        ],
        "y_sigma": 0.05475988,
        "y_chi2": 0.0030087463,
        "y_quality": 0.84244794
    }
}