{
    "x": {
        "x_gains": [
            0.21604249469453643,
            0.26606842423130905,
            0.3320691240401708,
            0.39885544441670184,
            0.4586033857587323,
            0.5165232161173425,
            0.5647918476589209,
            0.6069275560951276,
            0.6620534780317415,
            0.7121084934319385,
            0.786400616852644,
            0.8182928382028849,
            0.8394385700533313,
            0.8776047638492833,
            0.9170705904082119,
            0.9728683554429016,
            1.0068792406229539,
            0.9719152454916983,
            1.018427218404365,
            1.0526203879306126,
            1.093506985158595,
            1.0905925811130959,
            1.108213993462424,
            1.0911153791665222
        ],
        "x_sigma": 0.090609424,
        "x_chi2": 0.008238666,
        "x_quality": 0.859375
    },
    "y": {
        "y_gains": [
            0.27418785898902276,
            0.3290407120756888,
            0.39416434950584406,
            0.4560120930758987,
            0.48712629923281997,
            0.5601709283163827,
            0.6109652126183378,
            0.6596314770863814,
            0.7056471316961237,
            0.7437704760012043,
            0.8052949106730646,
            0.8422180317196155,
            0.8866988609289093,
            0.925750633329152,
            0.961695384333386,
            1.0078614808081403,
            1.0303533864830825,
            1.0215046547004751,
            1.0675413103792024,
            1.0757479298844712,
            1.1245523859796656,
            1.1209917189539242,
            1.1549955521121287,
            1.1465683553096089
        ],
        "y_sigma": 0.11682628,
        "y_chi2": 0.013706743,
        "y_quality": 0.86588544
    }
}