{
    "x": {
        "x_gains": [
            0.22653256814558378,
            0.27816564886782963,
            0.32614193625314514,
            0.3921161441745187,
            0.45123132455074727,
            0.5070179138048252,
            0.5513408609738885,
            0.6056650884043905,
            0.6644223366032657,
            0.7077772474953357,
            0.7612498260544147,
            0.8102692881362963,
            0.8374286385185686,
            0.8760973996027424,
            0.8942173912227019,
            0.9143599498638153,
            0.9368890897579097,
            0.9907532012969751,
            1.0359595010280345,
            1.0435543477782196,
            1.0974303011041466,
            1.096495796802662,
            1.091628454212627,
            1.1122327360346946
        ],
        "x_sigma": 0.08144156,
        "x_chi2": 0.006658244,
        "x_quality": 0.84505206
    },
    "y": {
        "y_gains": [
            0.25563416419719803,
            0.31210951198681547,
            0.3726460646805501,
            0.44201442593641643,
            0.5153102010240553,
            0.5991132883686828,
            0.6294974048654736,
            0.7028400642452046,
            0.7427336877856553,
            0.7816782741981994,
            0.844272359223705,
            0.8943744651081714,
            0.9337940050424877,
            0.9906575053302328,
            1.0171578250561777,
            1.051933648653951,
            1.069684946762315,
            1.117432101696691,
            1.1617011300796254,
            1.1676428783872852,
            1.2304109351049282,
            1.2264399355334112,
            1.2541221427178457,
            1.2619626168814002
        ],
        "y_sigma": 0.080451004,
        "y_chi2": 0.0065029725,
        "y_quality": 0.84765625
    }
}