{
    "x": {
        "x_gains": [
            0.08271483316831725,
            0.09018185622216482,
            0.10398498539998813,
            0.11406402596279733,
            0.12101786187335893,
            0.1325577063794576,
            0.1437538671587189,
            0.1529942723228282,
            0.16089274622454713,
            0.17019746991249127,
            0.18057185843563558,
            0.1854505511868557,
            0.19453345430720412,
            0.20093088465829806,
            0.20556706023028526,
            0.21224516200949134,
            0.22162862688322,
            0.22481785426061193,
            0.2205670089631374,
            0.2384712845995006,
            0.2483403723342368,
            0.254716359960575,
            0.2626300980868264,
            0.28177078284940144
        ],
        "x_sigma": 0.08012494,
        "x_chi2": 0.006442952,
        "x_quality": 0.86588544
    },
    "y": {
        "y_gains": [
            0.08673960484385179,
            0.09658244001819999,
            0.11073566798080375,
            0.12163350389999586,
            0.13192427652067135,
            0.14397805313740414,
            0.15697318034727176,
            0.1665523173972856,
            0.1754112077237063,
            0.18552016245184338,
            0.19538718217099776,
            0.20270345599257295,
            0.20988281067336367,
            0.21797794935064368,
            0.22445374131840984,
            0.23210397143821368,
            0.24190392906409186,
            0.2479254835166742,
            0.24511849579603395,
            0.26013780435993045,
            0.27263185157922,
            0.28194939132483454,
            0.28754680507176206,
            0.30779409756802034
        ],
        "y_sigma": 0.05644846,
        "y_chi2": 0.0031972365,
        "y_quality": 0.8515625
    }
}