{
    "x": {
        "x_gains": [
            0.07377817985246282,
            0.08625997618189538,
            0.09687484651391505,
            0.10536999197502141,
            0.11543940914416338,
            0.12773499790770074,
            0.13501726870866784,
            0.14637638667840214,
            0.15020493209910943,
            0.15848836837223237,
            0.1676975594638776,
            0.17446775992817512,
            0.18130868134794373,
            0.18073298539462404,
            0.1924181366177621,
            0.19720956355945907,
            0.20208285587048577,
            0.211597578646588,
            0.21974002425885922,
            0.22990013046372604,
            0.23926656185196146,
            0.249393213841064,
            0.2530432371436702,
            0.25825250395817156
        ],
        "x_sigma": 0.05708243,
        "x_chi2": 0.0032681704,
        "x_quality": 0.85286456
    },
    "y": {
        "y_gains": [
            0.07951948601148866,
            0.08968958166716251,
            0.09999424033175688,
            0.11216467389298794,
            0.12204863516062515,
            0.13135514240276663,
            0.13927176437813493,
            0.14998645322354484,
            0.15556662498518228,
            0.16083318538020555,
            0.17145944392616064,
            0.18110632201602342,
            0.19038734304943408,
            0.18771569706816238,
            0.19994557481453548,
            0.20445003910618123,
            0.2091809519825125,
            0.21914737033893816,
            0.227041433971901,
            0.23803164964026277,
            0.2484285959697677,
            0.2556312169991283,
            0.26140291809305527,
            0.26735842629408096
        ],
        "y_sigma": 0.052959293,
        "y_chi2": 0.002813137,
        "y_quality": 0.8463542
    }
}