{
    "x": {
        "x_gains": [
            0.05853302313172395,
            0.06775339957763886,
            0.07993404482093736,
            0.08541752813802858,
            0.09297263545717853,
            0.1045126470754226,
            0.11223446588010508,
            0.12494888028935162,
            0.13183062243432891,
            0.14106823639876492,
            0.14790092353773684,
            0.1530848511058467,
            0.15776225723208612,
            0.16585831470537138,
            0.16648400596478896,
            0.17508241129099467,
            0.16888762335763122,
            0.18814886074453704,
            0.1987951424009364,
            0.20992554423774637,
            0.212752798459891,
            0.21864845214278433,
            0.23527160353855078,
            0.2422648468377412
        ],
        "x_sigma": 0.2528267,
        "x_chi2": 0.06422047,
        "x_quality": 0.85026044
    },
    "y": {
        "y_gains": [
            0.07033136199214426,
            0.07799747412979778,
            0.09268319041121956,
            0.09932112027867122,
            0.10675748169776424,
            0.11687414944837739,
            0.12720060221853113,
            0.14033704242265296,
            0.14451754623658244,
            0.15354732712490307,
            0.1566661935347622,
            0.16933475301332462,
            0.173818888053805,
            0.1807843582480694,
            0.18453897412385278,
            0.1936072811826307,
            0.2017099964952888,
            0.21648599286916786,
            0.22502978381703712,
            0.2263410099376605,
            0.23941527129461176,
            0.24480821149412252,
            0.2554128039204844,
            0.2645330629029467
        ],
        "y_sigma": 0.13393846,
        "y_chi2": 0.01799399,
        "y_quality": 0.85286456
    }
}