{
    "x": {
        "x_gains": [
            0.058965066382282084,
            0.07258924230332633,
            0.08068963168894856,
            0.08848644467305408,
            0.10007065989295041,
            0.10511138811465592,
            0.11520627164509832,
            0.12627444695391055,
            0.13465813054413614,
            0.14354395969170777,
            0.14947557987556456,
            0.1626847142581276,
            0.1725001919064635,
            0.17480667343354953,
            0.18367243857304882,
            0.18089389950519008,
            0.18898620880700678,
            0.2052779717255459,
            0.2215137523268912,
            0.23342941210125617,
            0.23455282035693312,
            0.2156352366089979,
            0.24791876535066507,
            0.24786745377141858
        ],
        "x_sigma": 0.2508057,
        "x_chi2": 0.06320165,
        "x_quality": 0.85286456
    },
    "y": {
        "y_gains": [
            0.06703562628469588,
            0.07754908896105779,
            0.08595472317765673,
            0.09804761702130163,
            0.11107708449756001,
            0.11874280344396876,
            0.12863495034755235,
            0.13760774170146195,
            0.1480777070344759,
            0.1513098652942741,
            0.15985928035156638,
            0.16819060529999208,
            0.17735188102952057,
            0.1818324176434613,
            0.1899583459339036,
            0.185037360893538,
            0.20111781280356222,
            0.21653106408778172,
            0.2330427057749614,
            0.2321307490371797,
            0.2418297808538526,
            0.24065720595058634,
            0.2545356600132572,
            0.25378182503392743
        ],
        "y_sigma": 0.17662689,
        "y_chi2": 0.031301256,
        "y_quality": 0.85807294
    }
}