{
    "x": {
        "x_gains": [
            0.06060909473407578,
            0.07145726151907134,
            0.08701435223427187,
            0.09048848398308589,
            0.1020580412245087,
            0.1115813894739473,
            0.11980291940546124,
            0.12762535729516433,
            0.13176376338390428,
            0.14056479214613904,
            0.15268892448746335,
            0.15716879897576236,
            0.1675479268750477,
            0.1706780415616392,
            0.1790107561297982,
            0.18502834625013137,
            0.18317563315665067,
            0.19755576110134968,
            0.20761343375179897,
            0.216552385115549,
            0.2411626373574961,
            0.2318886984335478,
            0.2431789283318626,
            0.24670738160821143
        ],
        "x_sigma": 0.2741275,
        "x_chi2": 0.07542024,
        "x_quality": 0.8515625
    },
    "y": {
        "y_gains": [
            0.06754520462819742,
            0.07496991457328174,
            0.09041902799725741,
            0.09542704077883733,
            0.10578149837165249,
            0.11608943901868203,
            0.12368120279474994,
            0.12941085578493056,
            0.13497090837040984,
            0.143720306486428,
            0.15555830029534298,
            0.15703791319226829,
            0.16726977456584127,
            0.17245366558026606,
            0.18024004260730417,
            0.18385450078391882,
            0.19005531750071178,
            0.207518800425123,
            0.2236250969973858,
            0.21996395978504507,
            0.21974520543429893,
            0.23194771249106855,
            0.24518691947399557,
            0.24532644535179246
        ],
        "y_sigma": 0.1749021,
        "y_chi2": 0.030697232,
        "y_quality": 0.8541667
    }
}