{
    "x": {
        "x_gains": [
            0.16343056711191253,
            0.19335586702607654,
            0.20694107259834282,
            0.20339236084733664,
            0.2190834717447937,
            0.22529631534635142,
            0.21973815561900129,
            0.23182161530705145,
            0.24108631565142005,
            0.22842617562957682,
            0.2368822318664875,
            0.24084507527335858,
            0.24197099701753808,
            0.23741201718378682,
            0.22928940576325801,
            0.23190198096933498,
            0.24216320516563175,
            0.23122094578754396,
            0.24469367092968716,
            0.2364038250138887,
            0.22684217052206865,
            0.24017059797915657,
            0.23855878052568336,
            0.2325339397818483
        ],
        "x_sigma": 0.24315979,
        "x_chi2": 0.059512015,
        "x_quality": 0.8463542
    },
    "y": {
        "y_gains": [
            0.18105174042322292,
            0.19792935806204676,
            0.21732369778010363,
            0.21242728056564625,
            0.22524287939685364,
            0.23365164007796674,
            0.23468395592757343,
            0.23272992669472767,
            0.24113753255055267,
            0.2350497046682728,
            0.24028139835123707,
            0.24493372950547637,
            0.24835999204651962,
            0.24553178194076913,
            0.23573260803124493,
            0.2374390301090498,
            0.25124771499625,
            0.24297041635945082,
            0.2568742107539875,
            0.24621572584765303,
            0.24255150993651067,
            0.24226903753731005,
            0.2506314659785329,
            0.24268039525841337
        ],
        "y_sigma": 0.20178354,
        "y_chi2": 0.04090469,
        "y_quality": 0.85546875
    }
}