{
    "x": {
        "x_gains": [
            0.176861065216156,
            0.18904387524971988,
            0.19944060897993307,
            0.2192461746475563,
            0.23227474274178594,
            0.24120959859828278,
            0.2360841942340213,
            0.2373046745224006,
            0.24074327656992062,
            0.24981245330068452,
            0.2549148669740787,
            0.24817033319721193,
            0.24833331098333536,
            0.254346301391465,
            0.2513677863886606,
            0.25625326514707286,
            0.2594197382309566,
            0.26196666337985824,
            0.25907353232253205,
            0.25468108287238395,
            0.2516646547335844,
            0.24471285638145057,
            0.26839237236392727,
            0.2549389969221215
        ],
        "x_sigma": 0.2384987,
        "x_chi2": 0.057130974,
        "x_quality": 0.8515625
    },
    "y": {
        "y_gains": [
            0.20795082079540647,
            0.2030750311674481,
            0.20973220343604268,
            0.23652930148639742,
            0.24565612417032712,
            0.2513409289902559,
            0.24592384908991205,
            0.2419730872692877,
            0.24465590162758072,
            0.2496234181114371,
            0.25590071216144594,
            0.248061430925,
            0.2496932518401144,
            0.2575604686302424,
            0.252059134081092,
            0.25893656771345314,
            0.2636676753713034,
            0.2655544185400535,
            0.27577922868907045,
            0.2653266749781132,
            0.24779458483095218,
            0.23802725864363258,
            0.272601202105877,
            0.25616537544801404
        ],
        "y_sigma": 0.20700155,
        "y_chi2": 0.043039568,
        "y_quality": 0.85026044
    }
}