{
    "x": {
        "x_gains": [
            0.06457488384431331,
            0.07315406685403862,
            0.08533780457915832,
            0.09263919525442753,
            0.10477885897918149,
            0.11653558355776143,
            0.11848970182303514,
            0.12894973023716436,
            0.14452626638431051,
            0.15085698079364349,
            0.16058550760757784,
            0.1725371571708254,
            0.17827960396113035,
            0.18345881396408506,
            0.18851194271227628,
            0.1909230814053634,
            0.19877711128474954,
            0.21041747458209512,
            0.22141332553958426,
            0.22450539217050916,
            0.22395136063104837,
            0.24237980318905408,
            0.2476508214552983,
            0.2500401501971179
        ],
        "x_sigma": 0.23812692,
        "x_chi2": 0.056886584,
        "x_quality": 0.85026044
    },
    "y": {
        "y_gains": [
            0.07339942462191039,
            0.08113545499302723,
            0.09586989611442188,
            0.10588110229850932,
            0.11831482771113104,
            0.13242779209101496,
            0.13393890326031,
            0.14105445881325468,
            0.15893322241065874,
            0.16060837166319045,
            0.1719770810271565,
            0.18308612983054903,
            0.1898339478796089,
            0.19905706667515977,
            0.20750741060840133,
            0.2084922869842122,
            0.22072243778220743,
            0.23329684415159574,
            0.24721208426065674,
            0.24083438517751063,
            0.2477772829114822,
            0.26792277436819256,
            0.2715824391753106,
            0.2747576040334636
        ],
        "y_sigma": 0.21130754,
        "y_chi2": 0.04478585,
        "y_quality": 0.8567708
    }
}