{
    "x": {
        "x_gains": [
            0.056171633549743916,
            0.06749183078880132,
            0.07712951704195962,
            0.0878634405320026,
            0.09849477332560609,
            0.10320322159176522,
            0.115569873892465,
            0.12532173692869533,
            0.13079274187128995,
            0.13930350448751613,
            0.14659151994443595,
            0.15404513275917633,
            0.16127808625616533,
            0.16634112045981478,
            0.17378293295193772,
            0.17361403481968357,
            0.18929416559415746,
            0.19699098244229224,
            0.20604524382672995,
            0.20920707797754498,
            0.2164618829023469,
            0.24242312580863265,
            0.2273418081812587,
            0.24742137443563186
        ],
        "x_sigma": 0.22421654,
        "x_chi2": 0.050460078,
        "x_quality": 0.85026044
    },
    "y": {
        "y_gains": [
            0.07221032557108438,
            0.08308452288214228,
            0.09372167848028423,
            0.10516402696195323,
            0.11873937727846022,
            0.12337986810692099,
            0.13560249646908049,
            0.1503291343650071,
            0.15451624802472225,
            0.16216657922914993,
            0.17221158107728127,
            0.18134185611042355,
            0.18610153882337713,
            0.19262428142715715,
            0.2039967866426168,
            0.20512500728193775,
            0.21375838761193192,
            0.22809867776898968,
            0.24438435304741177,
            0.2417696182143428,
            0.2527618146053764,
            0.2502503379255438,
            0.2571693477899882,
            0.2797102649191861
        ],
        "y_sigma": 0.16991943,
        "y_chi2": 0.028961167,
        "y_quality": 0.85286456
    }
}