{
    "x": {
        "x_gains": [
            0.0705629903466301,
            0.08116367938333785,
            0.09176381242669218,
            0.10366958182075094,
            0.11230423126406049,
            0.11852682066382368,
            0.13607260921514192,
            0.14254305940738576,
            0.1547455660250044,
            0.16363612562018093,
            0.1705294427609399,
            0.1761451424700664,
            0.1795052855869857,
            0.1908922155166241,
            0.19885003434338944,
            0.20559156845951493,
            0.19574248353756776,
            0.20533455055654903,
            0.2247122486624397,
            0.2334947794069746,
            0.23039452066535174,
            0.231662199447254,
            0.23738374813413407,
            0.259762592576141
        ],
        "x_sigma": 0.24576798,
        "x_chi2": 0.060616404,
        "x_quality": 0.84505206
    },
    "y": {
        "y_gains": [
            0.07682916803998804,
            0.08484541293032215,
            0.0981350031462082,
            0.11084916222420176,
            0.11844674154790703,
            0.12889313663381394,
            0.14242799712836673,
            0.14997074145819522,
            0.15932374336105928,
            0.16654954070216788,
            0.17438422358484892,
            0.18276200802592046,
            0.18660408115068136,
            0.1996256420334946,
            0.2063685201497088,
            0.21132289186924608,
            0.21075655068241916,
            0.22271117718803263,
            0.24164576229451348,
            0.2430725537542799,
            0.25014726795032405,
            0.24409750269703331,
            0.2528320540073539,
            0.27208582544676696
        ],
        "y_sigma": 0.19509923,
        "y_chi2": 0.03819096,
        "y_quality": 0.85026044
    }
}