{
    "x": {
        "x_gains": [
            0.05569894009929896,
            0.07045996830992465,
            0.07999861122410916,
            0.08805492654986356,
            0.09595493342214921,
            0.10778521855069839,
            0.11980456999324421,
            0.12754875902072654,
            0.1337579094730214,
            0.14473274483551954,
            0.15277746373521345,
            0.16522438719224833,
            0.17234743933930263,
            0.17557838769105605,
            0.17927246072391367,
            0.19129421555368886,
            0.2016428650789442,
            0.20079513669359844,
            0.21679931496619653,
            0.21867129200183508,
            0.23196390196314762,
            0.22644607558081606,
            0.23942775043765593,
            0.24905944568283717
        ],
        "x_sigma": 0.26815426,
        "x_chi2": 0.07222276,
        "x_quality": 0.85286456
    },
    "y": {
        "y_gains": [
            0.06311591268923335,
            0.07349113693214042,
            0.08344824852557375,
            0.09146533317528123,
            0.1003203227906706,
            0.11352271192136056,
            0.1216836786533608,
            0.1292550537498093,
            0.1340787324260994,
            0.13895982981200555,
            0.14881410117183216,
            0.15719488865100062,
            0.16491514414944147,
            0.1667547409623516,
            0.1685719340945772,
            0.1840383197227794,
            0.19099604168343454,
            0.20258687228964087,
            0.21775549568053668,
            0.21127087884460183,
            0.2170599576038491,
            0.22160373113315696,
            0.23705863149797565,
            0.23683966643785584
        ],
        "y_sigma": 0.14018849,
        "y_chi2": 0.019715367,
        "y_quality": 0.85286456
    }
}