{
    "x": {
        "x_gains": [
            0.056829166637778504,
            0.06952126060955269,
            0.08242583179409961,
            0.09071174338808906,
            0.09830336260414259,
            0.1053489230074252,
            0.11885504557496722,
            0.12372417180585946,
            0.13568408728231693,
            0.14576314989502503,
            0.15490262789829787,
            0.16197832551828406,
            0.16585363280904622,
            0.17445264827406579,
            0.18057580713232543,
            0.1940203848681484,
            0.1823849679768473,
            0.1540712234597103,
            0.20815068111065874,
            0.2167320149813838,
            0.22446653843641548,
            0.23334195142940614,
            0.24141191010969587,
            0.2521571730961913
        ],
        "x_sigma": 0.23961003,
        "x_chi2": 0.057600986,
        "x_quality": 0.8489583
    },
    "y": {
        "y_gains": [
            0.06580820737587602,
            0.07700626738609002,
            0.09180437552506364,
            0.10290486013480124,
            0.11018725221641658,
            0.11673257582452011,
            0.12848533330283948,
            0.1340643954191805,
            0.1433215599926923,
            0.1520598483233425,
            0.16150816322822517,
            0.17018466738257684,
            0.17414245723714286,
            0.18136894742349993,
            0.18327128989266167,
            0.20066055447929038,
            0.20106168612742728,
            0.2048277239076312,
            0.2277068711231482,
            0.2207787072536822,
            0.2377363693852613,
            0.23984344554872633,
            0.24245008025582557,
            0.2633051585403805
        ],
        "y_sigma": 0.23006718,
        "y_chi2": 0.053141028,
        "y_quality": 0.85026044
    }
}