{
    "x": {
        "x_gains": [
            0.05638211739658956,
            0.06948292543960978,
            0.08524188492993373,
            0.09261840568528822,
            0.10031293623588144,
            0.11147590983293328,
            0.12155492082277122,
            0.12951520270819397,
            0.14560512763017464,
            0.1497293791201782,
            0.15749274820703563,
            0.16473426238405467,
            0.16658003394368034,
            0.17542850165815022,
            0.18531119679900854,
            0.19477777414192599,
            0.20342675211919312,
            0.21080241369606892,
            0.21166153457999157,
            0.23062578507900064,
            0.2261344844844947,
            0.24139192765117012,
            0.24421925095855443,
            0.2659323388350302
        ],
        "x_sigma": 0.25623715,
        "x_chi2": 0.065858625,
        "x_quality": 0.8489583
    },
    "y": {
        "y_gains": [
            0.06979482902674809,
            0.07864309208909477,
            0.09537737345401623,
            0.10368717827164672,
            0.10717496752866422,
            0.11996517410995589,
            0.12725511979160703,
            0.13652391544036335,
            0.15342419011589203,
            0.15610105763930088,
            0.16564107236030248,
            0.1739010669873866,
            0.17959565940997832,
            0.18662594787085643,
            0.19523880878945593,
            0.20477972254804952,
            0.20958584453852613,
            0.22727368285525745,
            0.2285515981287658,
            0.2338488218813278,
            0.23237295990193116,
            0.2506614642715295,
            0.2553790228197501,
            0.2792476598906477
        ],
        "y_sigma": 0.17221528,
        "y_chi2": 0.02976052,
        "y_quality": 0.8515625
    }
}