{
    "x": {
        "x_gains": [
            0.08956364948226837,
            0.11937471999167243,
            0.15555516908737993,
            0.19633396194886824,
            0.2152071390233814,
            0.25373417412380833,
            0.28921130486501134,
            0.33869332454085466,
            0.38163855981361994,
            0.42325442784445283,
            0.48738667650537904,
            0.49995387925463874,
            0.5258205771890411,
            0.5674569242030195,
            0.6086354660650427,
            0.6549293717616199,
            0.6098035804373304,
            0.6783159747753282,
            0.8060940711781065,
            0.768230060934472,
            0.7969494051888419,
            0.7158372916152904,
            0.8769851985069151,
            0.9111379046397602
        ],
        "x_sigma": 0.24980687,
        "x_chi2": 0.06260474,
        "x_quality": 0.8489583
    },
    "y": {
        "y_gains": [
            0.09907451523087384,
            0.12944129925099052,
            0.1645347894004056,
            0.21181626794266484,
            0.2379506547450216,
            0.27674470516809113,
            0.3109351895086238,
            0.3638722454734566,
            0.4040749830631971,
            0.45142565186541267,
            0.5082552081546499,
            0.5191838699539936,
            0.5459876974776078,
            0.586737560210275,
            0.6164272689177522,
            0.6745560038654758,
            0.6988372675658512,
            0.7484230539148252,
            0.8304329079966704,
            0.7995404880906846,
            0.7807363608675886,
            0.8163837107937846,
            0.8233137423083973,
            0.8666806780042944
        ],
        "y_sigma": 0.16728853,
        "y_chi2": 0.028069837,
        "y_quality": 0.8541667
    }
}