{
    "x": {
        "x_gains": [
            0.06306761643133406,
            0.07434017334790302,
            0.08461124517292846,
            0.09466663334401174,
            0.10662635905957257,
            0.11245241857039241,
            0.12910343987078296,
            0.13036967429287977,
            0.1411985759728257,
            0.14907634162185368,
            0.15813726197317698,
            0.16695578678523912,
            0.1664571803052525,
            0.17643549417764634,
            0.18084431872147405,
            0.18670565030856937,
            0.19185969990840618,
            0.1948751803033887,
            0.21827277998957223,
            0.22737483924598864,
            0.2201174590785135,
            0.2386897232664765,
            0.24270966899498053,
            0.2581318635649198
        ],
        "x_sigma": 0.13622537,
        "x_chi2": 0.01861329,
        "x_quality": 0.85286456
    },
    "y": {
        "y_gains": [
            0.060277787773844245,
            0.06903721596104534,
            0.07983339090651374,
            0.09066280539822663,
            0.10515659552156988,
            0.11210079924506837,
            0.12630504211117463,
            0.12378627556805522,
            0.13524588323703557,
            0.1404154919682128,
            0.1505525821755137,
            0.15977896816659706,
            0.16162759505427965,
            0.17031616453856335,
            0.17537533829902757,
            0.17797031476506156,
            0.1854454853973456,
            0.1948242369767206,
            0.20822658684119996,
            0.21197905061917705,
            0.20760035271299923,
            0.2101065229566064,
            0.22504774669255767,
            0.24398763236451051
        ],
        "y_sigma": 0.12237101,
        "y_chi2": 0.0150297815,
        "y_quality": 0.8567708
    }
}