{
    "x": {
        "x_gains": [
            0.2397367096381134,
            0.2967900229878712,
            0.34310657545567214,
            0.4379938654579204,
            0.4936758397068118,
            0.5404877772472589,
            0.609408103238608,
            0.6579939986999355,
            0.677611171260396,
            0.7452856583041144,
            0.8103199759108077,
            0.8668292029210757,
            0.9091467802930435,
            0.9467205552629663,
            0.9994201364368395,
            1.024886814062472,
            0.830043111609174,
            1.0801830694266066,
            0.9663504220487151,
            1.0221056930878263,
            1.1548143813146046,
            1.1429144453219613,
            1.200921447812163,
            1.199485698915847
        ],
        "x_sigma": 0.24731493,
        "x_chi2": 0.061349522,
        "x_quality": 0.8463542
    },
    "y": {
        "y_gains": [
            0.38550649771201895,
            0.4595541773015162,
            0.5400663039401348,
            0.6546709132986576,
            0.7101578709353403,
            0.7724444948421564,
            0.8441502749566275,
            0.9111323425194304,
            0.9301789971349558,
            1.0097212936993492,
            1.0963213703841719,
            1.1991989351113457,
            1.2160472908144506,
            1.2621156794650243,
            1.306787086225471,
            1.3478118880512837,
            1.3249388739450505,
            1.4315200531265722,
            1.4082443270109501,
            1.4628211711650563,
            1.5377529891995918,
            1.5070780296431698,
            1.5503821885892646,
            1.5720275925427099
        ],
        "y_sigma": 0.19725795,
        "y_chi2": 0.039034896,
        "y_quality": 0.85026044
    }
}