{
    "x": {
        "x_gains": [
            0.28174096532794257,
            0.36795323108379113,
            0.43020218986681114,
            0.4793830072242539,
            0.5244398130581842,
            0.6075337834348623,
            0.665926378509224,
            0.7129211323155243,
            0.760663532885044,
            0.8025319562205977,
            0.8625795977670575,
            0.8993465707555519,
            0.9612440805387966,
            0.975372811873018,
            1.0128287933451476,
            1.047457579539215,
            0.893824947780512,
            0.9945739031565488,
            0.845939881928787,
            0.9093134428898418,
            1.0606740562413932,
            0.9880732640516122,
            1.1493215842018853,
            1.169571943802957
        ],
        "x_sigma": 0.23094292,
        "x_chi2": 0.05350763,
        "x_quality": 0.84765625
    },
    "y": {
        "y_gains": [
            0.3316502965185806,
            0.40945777022482877,
            0.48795823975310876,
            0.5440207145679444,
            0.6104426594422813,
            0.681032827144334,
            0.7309265627118545,
            0.7817187258766487,
            0.8501859314122703,
            0.882480978784363,
            0.9487298783880092,
            0.9846670599426904,
            1.0344711119028263,
            1.0626340526140299,
            1.100295523973602,
            1.1195846752861849,
            1.0749873554612315,
            1.111521830777826,
            0.9988576065553826,
            1.167613211777014,
            1.1052900397119658,
            1.1644751922825105,
            1.208589289380196,
            1.2228464500082763
        ],
        "y_sigma": 0.21144721,
        "y_chi2": 0.04489689,
        "y_quality": 0.85286456
    }
}