{
    "x": {
        "x_gains": [
            0.16915516467931904,
            0.18450906197807002,
            0.20582181408671252,
            0.21303460768505303,
            0.22295910702558863,
            0.22922219431059968,
            0.23178449141557164,
            0.24480091810136323,
            0.24025301333137544,
            0.2399291709892906,
            0.23835839711605405,
            0.2413993048665617,
            0.2440092079314705,
            0.2544484782161696,
            0.2508913542588431,
            0.25103780282878435,
            0.24432380820678787,
            0.24297100670711744,
            0.2729130644984997,
            0.25320571090288596,
            0.23581418502499749,
            0.26228448739382065,
            0.25776873066815076,
            0.2559033970817698
        ],
        "x_sigma": 0.21918395,
        "x_chi2": 0.04818657,
        "x_quality": 0.84505206
    },
    "y": {
        "y_gains": [
            0.20122847164742147,
            0.20371442285483518,
            0.22862891241226366,
            0.23625196650230615,
            0.24508899254846134,
            0.2542474580339146,
            0.25238180915710356,
            0.26731842462836725,
            0.25662929280178187,
            0.25477948478900236,
            0.2524475101670079,
            0.2565307206055685,
            0.2568232809276868,
            0.26571526430564485,
            0.26233988445869405,
            0.25710268007433146,
            0.24976692375092877,
            0.25168703301358675,
            0.2828112844417481,
            0.262314113071128,
            0.23502950207824838,
            0.24425796542933967,
            0.26180298848634964,
            0.2676149011937685
        ],
        "y_sigma": 0.2569262,
        "y_chi2": 0.0662254,
        "y_quality": 0.8515625
    }
}