{
    "x": {
        "x_gains": [
            0.261861192566672,
            0.3154974625170085,
            0.3571129106744906,
            0.37298499518662864,
            0.40194218463616194,
            0.4177884984163309,
            0.4652163979662042,
            0.46119292161103914,
            0.4868519544063145,
            0.5321323885783955,
            0.5558358821187708,
            0.5649552815296458,
            0.6227362757954491,
            0.6087034859231232,
            0.6249055220963781,
            0.6603254295020723,
            0.5718461171248355,
            0.6745544112789276,
            0.6225451488418294,
            0.6389866183422387,
            0.6303398452061836,
            0.6659443390402543,
            0.6809661847854858,
            0.6697044011834749
        ],
        "x_sigma": 0.260379,
        "x_chi2": 0.068010546,
        "x_quality": 0.85026044
    },
    "y": {
        "y_gains": [
            0.3034233005670557,
            0.36031255240295684,
            0.4074717939874766,
            0.44303751482182,
            0.48727303735556926,
            0.5267413410307801,
            0.5403918013485153,
            0.5560349812727419,
            0.576146287690698,
            0.6127164145011839,
            0.632796447733861,
            0.6602792135916099,
            0.706740002720949,
            0.7032906194464217,
            0.7194782919009768,
            0.7254977640158914,
            0.7227149974130417,
            0.7585134986199984,
            0.7547369175789549,
            0.7505867712083922,
            0.7494331662247259,
            0.7186390758129012,
            0.8003544609836805,
            0.7764342876487164
        ],
        "y_sigma": 0.23483728,
        "y_chi2": 0.055416115,
        "y_quality": 0.85026044
    }
}