{
    "x": {
        "x_gains": [
            0.34460820149599936,
            0.4076350368510226,
            0.46916913664668397,
            0.5036893989247743,
            0.5661717476334728,
            0.5717822269042292,
            0.6497346678536886,
            0.6642075489180557,
            0.6998532407754094,
            0.7836819241961716,
            0.7806918663071424,
            0.8192409552316768,
            0.8324602906035629,
            0.8889736772227254,
            0.879863445193306,
            0.8936044195529941,
            0.8534186114725576,
            0.9096728516233521,
            0.8573818952152431,
            0.8854628952086541,
            0.8963971914441756,
            0.9379127109025693,
            0.9598169744207816,
            0.9476829719944518
        ],
        "x_sigma": 0.3044563,
        "x_chi2": 0.092990175,
        "x_quality": 0.84765625
    },
    "y": {
        "y_gains": [
            0.36441199137014096,
            0.4042430972459322,
            0.49928891273048925,
            0.5219938180272131,
            0.5781189604634849,
            0.6169260954000941,
            0.6673927900222109,
            0.7040108766864405,
            0.729288906122796,
            0.804352188823285,
            0.8192589426005065,
            0.8473998890245105,
            0.8602873549028592,
            0.8929640593574641,
            0.9027982412045783,
            0.91621027942123,
            0.9318169069232319,
            0.9541233633802683,
            0.980879615565814,
            0.9764201371811708,
            0.9563048076215964,
            0.9312529514898232,
            1.0101372321936797,
            0.9697542380927029
        ],
        "y_sigma": 0.18443953,
        "y_chi2": 0.03412042,
        "y_quality": 0.85026044
    }
}