{
    "x": {
        "x_gains": [
            0.22688501172655184,
            0.27816620597706854,
            0.31023303029977756,
            0.34220739855817756,
            0.38026525250582444,
            0.4007494656206251,
            0.4481894557783341,
            0.47954171924242195,
            0.48678663912817294,
            0.5172335494645444,
            0.5293804004741555,
            0.5418212302029359,
            0.594260112880897,
            0.5979664595829088,
            0.6180081264360577,
            0.6465290538195999,
            0.6152715190137049,
            0.6617177239239543,
            0.6430007249190173,
            0.5968624136638518,
            0.6490585729928026,
            0.6282448058918306,
            0.6601659683651109,
            0.6888168585446388
        ],
        "x_sigma": 0.23911199,
        "x_chi2": 0.057351355,
        "x_quality": 0.8489583
    },
    "y": {
        "y_gains": [
            0.32215550381738167,
            0.3699961261405593,
            0.43537911594354844,
            0.46527105202623675,
            0.5047757336940528,
            0.5615676993447404,
            0.6026114044690385,
            0.6224823700543153,
            0.6377662873551673,
            0.6601446139197037,
            0.6944478202324594,
            0.6800797896812446,
            0.74994152330972,
            0.7456710069690412,
            0.7963801020290331,
            0.8239156343347066,
            0.854265763274927,
            0.8752884622538415,
            0.8562871815949633,
            0.8215067847423846,
            0.846252506176797,
            0.8446650784710751,
            0.8844067156539547,
            0.8657238126338191
        ],
        "y_sigma": 0.2032695,
        "y_chi2": 0.041503195,
        "y_quality": 0.85286456
    }
}