{
    "x": {
        "x_gains": [
            0.20677039468932573,
            0.24315840396173122,
            0.2585123195079911,
            0.29945058005374064,
            0.3320244376626608,
            0.3507307598136483,
            0.388078236572493,
            0.4022492814419961,
            0.40935130303683404,
            0.43645161866157134,
            0.4552043628606954,
            0.48547196030470546,
            0.5133356385525741,
            0.5271293164708882,
            0.5381973746301507,
            0.5510123363947946,
            0.44729394543362755,
            0.5499488272616233,
            0.47463473653239363,
            0.539079431305701,
            0.5927732874542616,
            0.17076394838352285,
            0.5939242146762831,
            0.5907297373054394
        ],
        "x_sigma": 0.2277693,
        "x_chi2": 0.0520629,
        "x_quality": 0.85026044
    },
    "y": {
        "y_gains": [
            0.27232404993355563,
            0.3256994803464791,
            0.3641818948719038,
            0.4022218250952069,
            0.4320888167204545,
            0.47160379244905737,
            0.4901979286882602,
            0.5126994894487215,
            0.539639226353778,
            0.5705552957944083,
            0.6038496015951291,
            0.6506951376155147,
            0.6561386594207962,
            0.6978871118744445,
            0.6881297548475817,
            0.7195412435284461,
            0.6818388539325261,
            0.7321045105544579,
            0.6577336786347449,
            0.7544929678991913,
            0.7705021570593138,
            0.4210677722895805,
            0.7645156483738714,
            0.7888849891674258
        ],
        "y_sigma": 0.273112,
        "y_chi2": 0.07481487,
        "y_quality": 0.8515625
    }
}