{
    "x": {
        "x_gains": [
            0.21374257912483102,
            0.1947635862208658,
            0.28990459152921394,
            0.3011722981117852,
            0.3368018081676594,
            0.360207372825365,
            0.34848380620146446,
            0.3364040858967465,
            0.3752882729957983,
            0.40198273966512427,
            0.4560165223906393,
            0.4490387091574035,
            0.4774387739677845,
            0.4622000760596445,
            0.5159186705807697,
            0.5330502339077731,
            0.4834812818287815,
            0.47560186226665185,
            0.47900813892309,
            0.5248567154288297,
            0.5432276380750207,
            0.5206540873168144,
            0.5469783276247029,
            0.5678676196091049
        ],
        "x_sigma": 0.29419917,
        "x_chi2": 0.0868394,
        "x_quality": 0.82942706
    },
    "y": {
        "y_gains": [
            0.40977387734967924,
            0.3377716186249027,
            0.48759651973108076,
            0.4944438601766164,
            0.7259055962675676,
            0.6213637405550381,
            0.604458096063382,
            0.6355059863710657,
            0.7234805317176759,
            0.7357427584335066,
            0.7374626373773056,
            0.7541810287873916,
            0.8128036736125075,
            0.8250398948041132,
            0.729794898441742,
            0.8078532382716271,
            0.8101844725229177,
            0.8121969896081019,
            0.8786686833870287,
            0.8940768392881683,
            0.8219541993968829,
            0.8631470808667827,
            0.8850152753636529,
            0.767028335867595
        ],
        "y_sigma": 0.39529777,
        "y_chi2": 0.15682147,
        "y_quality": 0.84244794
    }
}