{
    "x": {
        "x_gains": [
            0.22863471466044658,
            0.2798676114250915,
            0.3166934568218241,
            0.3945166758450971,
            0.4432066176066488,
            0.4064122423072056,
            0.437111462548727,
            0.48469232579370186,
            0.5139837503009375,
            0.537975878667933,
            0.5336422196805436,
            0.6083127272466251,
            0.6369407683938781,
            0.679260795797495,
            0.6747979823540328,
            0.6970535060362394,
            0.6149409118651311,
            0.6449162221581606,
            0.665388145524646,
            0.5992167158933185,
            0.7209854717822508,
            0.6019178426686678,
            0.7406756710114207,
            0.782452592957911
        ],
        "x_sigma": 0.24488452,
        "x_chi2": 0.060171485,
        "x_quality": 0.84765625
    },
    "y": {
        "y_gains": [
            0.17400567502108513,
            0.19967941071251283,
            0.23503193261352454,
            0.2511946882170274,
            0.280776557201527,
            0.29658943210924055,
            0.2768439447017509,
            0.30867854037771514,
            0.33197092465853467,
            0.3448401074701092,
            0.348071613646078,
            0.3875418021964939,
            0.3958564909380532,
            0.4146402850403176,
            0.41403903692532623,
            0.4284550724153341,
            0.4296166182925515,
            0.43523703400585284,
            0.4616106148284101,
            0.4779480048012744,
            0.46226896028499437,
            0.3984587138796678,
            0.4713898642599888,
            0.46812155412798245
        ],
        "y_sigma": 0.20480283,
        "y_chi2": 0.04207264,
        "y_quality": 0.85026044
    }
}