{
    "x": {
        "x_gains": [
            0.3503092372307116,
            0.43364269403125527,
            0.4330174975875513,
            0.45110485729410615,
            0.4510881712727656,
            0.4562128294894513,
            0.4737050136559682,
            0.4988145671810941,
            0.4770718323241355,
            0.5181779949703571,
            0.5398013045378126,
            0.5361719563515278,
            0.550314119299296,
            0.5493941308994148,
            0.5502983112115247,
            0.5524980619749231,
            0.5941777355541875,
            0.5829688563462718,
            0.6061903675380693,
            0.597650182916815,
            0.5974070026973524,
            0.5566470166558807,
            0.6304513950029539,
            0.6562525942485365
        ],
        "x_sigma": 0.25348526,
        "x_chi2": 0.06447468,
        "x_quality": 0.8489583
    },
    "y": {
        "y_gains": [
            0.4427522845685819,
            0.5357630114467374,
            0.5271934833824397,
            0.5549018811395732,
            0.5261836896736977,
            0.5753140121409667,
            0.5782847484510498,
            0.5932433849803114,
            0.6079415403414807,
            0.62995697393868,
            0.6576095419670627,
            0.6279182500671873,
            0.6603557785621043,
            0.6683160260645924,
            0.6667063134687742,
            0.6380095734612518,
            0.6921837914090301,
            0.6944111223551702,
            0.7341484142687911,
            0.6965573835465763,
            0.7095288302849609,
            0.6534094250389105,
            0.7609277017479956,
            0.7661094624861094
        ],
        "y_sigma": 0.22810848,
        "y_chi2": 0.0522353,
        "y_quality": 0.85286456
    }
}