{
    "x": {
        "x_gains": [
            0.6617972507353891,
            0.6597471070584165,
            0.7063961273103833,
            0.7013568519794079,
            0.7238094962358288,
            0.8019506004845706,
            0.7571551349541955,
            0.7917865761454025,
            0.812184917937242,
            0.8238431409250424,
            0.8521998302929259,
            0.8992428105762105,
            0.8857549697054085,
            0.8898124746903965,
            0.8584015927126512,
            0.8696952179199656,
            0.7889980222186577,
            0.9094345926910742,
            0.9604079505643452,
            0.8483216211222583,
            1.024124271335581,
            0.9061144056424106,
            0.9844174591555352,
            1.040395498441727
        ],
        "x_sigma": 0.24728677,
        "x_chi2": 0.061403286,
        "x_quality": 0.84765625
    },
    "y": {
        "y_gains": [
            0.317468884080999,
            0.3192319025040231,
            0.3441877530425337,
            0.34336465150874257,
            0.33402546750454953,
            0.380219983115191,
            0.37112572117614046,
            0.40150574289724295,
            0.3990189878771647,
            0.4036968946827467,
            0.4042229658307902,
            0.4320345682955061,
            0.42753684437705897,
            0.4233016197170847,
            0.40087556032882543,
            0.40674748522266047,
            0.4394387874512805,
            0.447291144444937,
            0.4590492914734853,
            0.4452817720789627,
            0.4531624439630651,
            0.4059476197667262,
            0.4694438086088859,
            0.4867262925844134
        ],
        "y_sigma": 0.21031074,
        "y_chi2": 0.044386316,
        "y_quality": 0.85286456
    }
}