{
    "x": {
        "x_gains": [
            0.0783568689942888,
            0.09375467308448655,
            0.10364509432221808,
            0.11541931664608547,
            0.13005330911151142,
            0.14190886121927837,
            0.1480704605131989,
            0.16427835238603547,
            0.1747688332642414,
            0.18533170019039127,
            0.1841906002858233,
            0.193552345554422,
            0.19792752855831983,
            0.200151674939269,
            0.21264437463235117,
            0.21565525144475,
            0.19991303782854458,
            0.23032967316449707,
            0.25451011003235585,
            0.25888405955058247,
            0.26327553733220793,
            0.2725375766634576,
            0.2778626957049485,
            0.28801276749077775
        ],
        "x_sigma": 0.30449906,
        "x_chi2": 0.09316281,
        "x_quality": 0.85026044
    },
    "y": {
        "y_gains": [
            0.08301804463614602,
            0.0946615478119149,
            0.10610885665160345,
            0.11713948653780308,
            0.13340078610682038,
            0.1440728148616641,
            0.15113382484572072,
            0.1649868394122872,
            0.17384510783351273,
            0.18278701948948317,
            0.18394642185212856,
            0.19139255982476863,
            0.19369531811686158,
            0.19903058174549224,
            0.2080270568311197,
            0.21092896808802908,
            0.21481028406812702,
            0.23156699509890769,
            0.26245553609535244,
            0.25842408239552095,
            0.26346062486115623,
            0.25256656246528,
            0.26968799930204745,
            0.2896545139991185
        ],
        "y_sigma": 0.20201355,
        "y_chi2": 0.040932868,
        "y_quality": 0.8489583
    }
}