{
    "x": {
        "x_gains": [
            0.07263881186148215,
            0.08327569267472032,
            0.09690299951606643,
            0.11053353653818691,
            0.12684874594856205,
            0.13972255515778406,
            0.15079351316465067,
            0.15824830520021338,
            0.16919636093820464,
            0.17565920287785985,
            0.17902205265253393,
            0.1963212807968948,
            0.20133841726259483,
            0.20836957227477812,
            0.21462239550357495,
            0.2119864786544455,
            0.23159738739619226,
            0.2245581560038744,
            0.2415624063190793,
            0.2468673154833452,
            0.2500196140387213,
            0.2513404741507884,
            0.2786849592501279,
            0.2835060972238799
        ],
        "x_sigma": 0.16840887,
        "x_chi2": 0.028452627,
        "x_quality": 0.85026044
    },
    "y": {
        "y_gains": [
            0.07828975712403516,
            0.0855786533291765,
            0.1003407068701777,
            0.11250351714120464,
            0.13087268260469095,
            0.1393801361144595,
            0.15025319090072084,
            0.16085220786544777,
            0.16656708730963674,
            0.17391411115967373,
            0.1743540105450003,
            0.1909767861032304,
            0.19805078418207994,
            0.20279321698870162,
            0.2106300788177755,
            0.2114649262370159,
            0.22044521821695795,
            0.23314483495712107,
            0.24348121651981097,
            0.24465771529328467,
            0.22658581178558912,
            0.260958481714326,
            0.2746334007988591,
            0.2756369059294239
        ],
        "y_sigma": 0.1349783,
        "y_chi2": 0.018274989,
        "y_quality": 0.8515625
    }
}