{
    "x": {
        "x_gains": [
            0.06054878512495574,
            0.0722412911136927,
            0.08273108550216321,
            0.0958260932727112,
            0.10821764776605769,
            0.12155465486257518,
            0.1337202877532221,
            0.14409691151325676,
            0.15355905275378448,
            0.1595573928979377,
            0.1673504774525857,
            0.17753588710421925,
            0.1841421155815129,
            0.18984783392354493,
            0.1961530233673566,
            0.20768732191850584,
            0.22363369873588815,
            0.21623046171279653,
            0.23303135576710662,
            0.24167239228842732,
            0.24364387938555934,
            0.2302239895238876,
            0.2699393246582393,
            0.2744944279278097
        ],
        "x_sigma": 0.24682216,
        "x_chi2": 0.06110829,
        "x_quality": 0.8489583
    },
    "y": {
        "y_gains": [
            0.07327103439210467,
            0.08059596525314507,
            0.09393284027359255,
            0.10773643487855035,
            0.12173104961015023,
            0.13440339943830132,
            0.14139390580388897,
            0.15189181098692403,
            0.16375814729534424,
            0.1661518865840576,
            0.17338363539363374,
            0.18399355433780443,
            0.18797686087552443,
            0.1964322173508342,
            0.20442469065944746,
            0.21305082907025727,
            0.22523532023169507,
            0.2284469967558242,
            0.2510171906863887,
            0.25611173519849606,
            0.2490317644996255,
            0.23929753729332467,
            0.2688086053161203,
            0.2767662739260984
        ],
        "y_sigma": 0.1808805,
        "y_chi2": 0.032816432,
        "y_quality": 0.8541667
    }
}