{
    "x": {
        "x_gains": [
            0.23984270348009123,
            0.307964387121459,
            0.370319746289498,
            0.4140437341146946,
            0.46595135057862774,
            0.5407894498467808,
            0.5781551589218447,
            0.6183444495176171,
            0.6777076538608158,
            0.7375835553091042,
            0.7953286214354267,
            0.8519074719441313,
            0.9105873352053188,
            0.9437567236768083,
            0.9695278370347805,
            1.0689725687742209,
            1.038198650590922,
            1.127044731041651,
            1.1900326199841464,
            1.1991540687537383,
            1.226153310607808,
            1.1960214585386004,
            1.21664289123406,
            1.264952049462661
        ],
        "x_sigma": 0.31659707,
        "x_chi2": 0.10055167,
        "x_quality": 0.8463542
    },
    "y": {
        "y_gains": [
            0.2886711275785801,
            0.3614532647796252,
            0.42591707079453,
            0.4910574750855852,
            0.5578593597503915,
            0.6537145761876882,
            0.6846635501694748,
            0.7314974308347235,
            0.79295934568801,
            0.8427240177440598,
            0.9100197082968225,
            0.9606467227440989,
            1.0231039691451487,
            1.0575061815201958,
            1.0806572297913855,
            1.1726308430289383,
            1.2145614648505183,
            1.2562705803816816,
            1.3152360881001426,
            1.2984502087843013,
            1.359727326808573,
            1.2307762745965254,
            1.345167109168355,
            1.3690753265244655
        ],
        "y_sigma": 0.2024574,
        "y_chi2": 0.041116346,
        "y_quality": 0.8515625
    }
}