{
    "x": {
        "x_gains": [
            0.06093337623855466,
            0.07223880182989553,
            0.08353416338447016,
            0.0968579194085933,
            0.10811494564791393,
            0.11820156321567353,
            0.12489307591538193,
            0.13560105302353737,
            0.1460976812603251,
            0.15534406255419567,
            0.1646184130370145,
            0.17645813444295855,
            0.17334456374980348,
            0.18050979757541044,
            0.19571773509956847,
            0.1992830195522549,
            0.2037037414266188,
            0.20707851089759982,
            0.23304109824252986,
            0.22677000394330357,
            0.2345991521586641,
            0.2601571463633179,
            0.259387169797539,
            0.26677079264245085
        ],
        "x_sigma": 0.33632007,
        "x_chi2": 0.11346729,
        "x_quality": 0.84765625
    },
    "y": {
        "y_gains": [
            0.06694888747016757,
            0.07556588457235566,
            0.0868457820393196,
            0.10015016515763736,
            0.11263454336998724,
            0.12596567490783658,
            0.1291867053548122,
            0.1388493939501653,
            0.14806936427825107,
            0.1541272036163544,
            0.16418752533721367,
            0.17327087749899708,
            0.17016766790486335,
            0.17824096345942608,
            0.18828083592925537,
            0.19319449217958357,
            0.19936091270934592,
            0.21105635605713804,
            0.24232141002951355,
            0.23177936088231915,
            0.22731519388394833,
            0.23588145692464926,
            0.24257280282952445,
            0.2598071010217044
        ],
        "y_sigma": 0.19232662,
        "y_chi2": 0.03713834,
        "y_quality": 0.8515625
    }
}