{
    "x": {
        "x_gains": [
            0.05722341790553935,
            0.06872054036335298,
            0.08147395509856271,
            0.09321635674869178,
            0.09721785822058655,
            0.11483533588933824,
            0.12259488752348151,
            0.12962592808923865,
            0.13781423454287603,
            0.14903693820898734,
            0.14882661450869292,
            0.15676274890691294,
            0.16210182523413177,
            0.1698484547544268,
            0.17512962175171548,
            0.18320353362975667,
            0.16385044616066863,
            0.18521180080693075,
            0.20548762933648249,
            0.21518236382560674,
            0.20889724273604748,
            0.21873272079859665,
            0.2392850430911684,
            0.23875083652324347
        ],
        "x_sigma": 0.2599666,
        "x_chi2": 0.06779351,
        "x_quality": 0.8489583
    },
    "y": {
        "y_gains": [
            0.06570404977423432,
            0.07417547469522225,
            0.08754933733468824,
            0.10191309218385693,
            0.10911147362792048,
            0.12238373407581099,
            0.1316802545326648,
            0.1364514360401564,
            0.14238179107750268,
            0.1560490454035153,
            0.1562250186431126,
            0.16600552200768406,
            0.17088385813645887,
            0.17981939766867389,
            0.18423175175287299,
            0.19074308546778027,
            0.18909695689292824,
            0.19795230220506987,
            0.22741949037338982,
            0.21967014331280152,
            0.2270966551069927,
            0.22631846574909917,
            0.25578354082536797,
            0.24787312465390712
        ],
        "y_sigma": 0.2314686,
        "y_chi2": 0.053740025,
        "y_quality": 0.85286456
    }
}