{
    "x": {
        "x_gains": [
            0.05895430392948122,
            0.06655550123147644,
            0.07809510421791657,
            0.09253223244651984,
            0.10147546338516666,
            0.11001884402760505,
            0.12400100143208756,
            0.12416429668065376,
            0.13743621671080086,
            0.14245629120459188,
            0.15005184141068897,
            0.1503443607514139,
            0.16221701869679292,
            0.165779580133373,
            0.16885120730301734,
            0.1785821435000386,
            0.17830579750958866,
            0.18418838493309542,
            0.20369479545131597,
            0.20610236114986982,
            0.21180858265321595,
            0.22370475339268953,
            0.2317746334715946,
            0.24035087381963685
        ],
        "x_sigma": 0.29383424,
        "x_chi2": 0.0866978,
        "x_quality": 0.8489583
    },
    "y": {
        "y_gains": [
            0.06612941367545694,
            0.06936379939378814,
            0.08257589219948486,
            0.09857027755221612,
            0.10636977302924201,
            0.11572510981444983,
            0.12744517264067187,
            0.12899130540555478,
            0.14104358430111563,
            0.1481468312874256,
            0.1552347333120838,
            0.1570519095038628,
            0.16855302787816515,
            0.17445263305720388,
            0.17054830341532357,
            0.18093495605451787,
            0.1897773399403682,
            0.1966736700193824,
            0.2222181976037545,
            0.2134588357442797,
            0.21611612524534582,
            0.2135727489544386,
            0.22010145664684722,
            0.23601404377966106
        ],
        "y_sigma": 0.24419469,
        "y_chi2": 0.05982631,
        "y_quality": 0.8567708
    }
}