{
    "x": {
        "x_gains": [
            0.28277633652962963,
            0.3552434844170847,
            0.4291875886674734,
            0.4962380195736124,
            0.5836174723632324,
            0.6277437502303035,
            0.683535269018634,
            0.7538199638211647,
            0.826410014568782,
            0.900750856906809,
            0.9674344161697762,
            0.9977414127639262,
            1.0481503829988665,
            1.0637181647236507,
            1.0970314438831665,
            1.1601195359326957,
            1.16088050929221,
            1.2064986796621375,
            1.2430859559132108,
            1.2518796973655943,
            1.2760552945384451,
            1.0989426413482004,
            1.2861655277027835,
            1.3030738051621114
        ],
        "x_sigma": 0.27377686,
        "x_chi2": 0.075338215,
        "x_quality": 0.85026044
    },
    "y": {
        "y_gains": [
            0.32157649661701526,
            0.3798745502285325,
            0.45954319568176455,
            0.5288836028735727,
            0.6090502306260055,
            0.6636192386402655,
            0.7071962736979703,
            0.7547391960970926,
            0.8199388128860271,
            0.900358657871363,
            0.9389509138997035,
            0.9715896498886414,
            1.0029602974956764,
            1.0222813895973157,
            1.0615724325095772,
            1.1266786808169997,
            1.1362662790029128,
            1.162992869109223,
            1.2453272209352457,
            1.1979328949138524,
            1.1791735314219087,
            0.9512581959217088,
            1.2602250406539146,
            1.2491598463163638
        ],
        "y_sigma": 0.21339728,
        "y_chi2": 0.045681503,
        "y_quality": 0.8515625
    }
}