{
    "x": {
        "x_gains": [
            0.18281555701889254,
            0.23143926524513583,
            0.2763222503241951,
            0.32624614691066267,
            0.3672823960151917,
            0.42288894893911966,
            0.474520998337136,
            0.5271887585643132,
            0.5742336206319844,
            0.655377097100212,
            0.6949998168675483,
            0.7305659592206849,
            0.7538821349007246,
            0.7986442853527281,
            0.8259627173644786,
            0.8816384510035603,
            0.666430972246149,
            0.8570427790332026,
            0.9585110412803868,
            0.7990114630179542,
            1.002197016299131,
            1.1421329652924066,
            1.0686668005492435,
            1.1318812579592474
        ],
        "x_sigma": 0.24943383,
        "x_chi2": 0.062426955,
        "x_quality": 0.8515625
    },
    "y": {
        "y_gains": [
            0.2429219526989661,
            0.29364142975186713,
            0.35720846868408723,
            0.4136955911178398,
            0.4577247063272614,
            0.5274041851631709,
            0.5746231147549368,
            0.6457613067315837,
            0.6855401350157585,
            0.7645372164484372,
            0.8209778223514004,
            0.8672731276375402,
            0.8831581736288968,
            0.9310537042018174,
            0.9788761464230349,
            1.0523219415238798,
            1.0191643667524124,
            1.051105219269273,
            1.1701187157984538,
            1.0867699989317052,
            1.1699600085439839,
            1.1247087145018029,
            1.2611933272531204,
            1.3093715545524256
        ],
        "y_sigma": 0.16121994,
        "y_chi2": 0.0260711,
        "y_quality": 0.85286456
    }
}