{
    "x": {
        "x_gains": [
            0.06712489701362676,
            0.07878789550046268,
            0.092676507737886,
            0.10259383899374322,
            0.10979945897414584,
            0.1261176801046232,
            0.13223450689606922,
            0.14428773513850757,
            0.15133334971769066,
            0.1676727028839705,
            0.17563823862246228,
            0.18424407328271164,
            0.1934354582282898,
            0.19603330527443288,
            0.19822721437638907,
            0.20041394699095194,
            0.2103546354073508,
            0.2277537016809134,
            0.23204885705147632,
            0.2522523358818555,
            0.23499205609354376,
            0.270779797346775,
            0.255265625708761,
            0.2821148787020278
        ],
        "x_sigma": 0.27665183,
        "x_chi2": 0.07681872,
        "x_quality": 0.85026044
    },
    "y": {
        "y_gains": [
            0.08326466080433495,
            0.09220238016756306,
            0.10717061433196912,
            0.12107238167051312,
            0.1293269666874685,
            0.1465957469671209,
            0.15073157115867147,
            0.16159713298244993,
            0.1692130409106369,
            0.18609771879555323,
            0.19296518406370014,
            0.20617834014065484,
            0.21294777860330535,
            0.21772456492644504,
            0.2222538958718717,
            0.2236446118936262,
            0.23607558894839514,
            0.2520134615510622,
            0.2695907195012356,
            0.27437114750327335,
            0.27266787574873913,
            0.2878585274360985,
            0.2714617894321391,
            0.312741817837461
        ],
        "y_sigma": 0.17812783,
        "y_chi2": 0.031836405,
        "y_quality": 0.8541667
    }
}