{
    "x": {
        "x_gains": [
            0.06608267206606153,
            0.08209080688039172,
            0.09144318561723053,
            0.10083185270160296,
            0.10845165951644875,
            0.11691121960732093,
            0.12972119645906796,
            0.14042932051868975,
            0.14343514551208641,
            0.1489230333000838,
            0.16061460656857848,
            0.16791332797600264,
            0.1730110301625181,
            0.17366737210353214,
            0.181746187196719,
            0.18502648728176033,
            0.17692189413216777,
            0.1916642790089109,
            0.2133683826463227,
            0.20898462521010794,
            0.1916655574022532,
            0.2106494237474364,
            0.21301690949529264,
            0.24012124970528118
        ],
        "x_sigma": 0.31147927,
        "x_chi2": 0.09731693,
        "x_quality": 0.8463542
    },
    "y": {
        "y_gains": [
            0.0809653269226067,
            0.08990019011193202,
            0.10374141332321923,
            0.11576463059448495,
            0.12962139147008286,
            0.13791864273050006,
            0.1504544702956987,
            0.16092201879891022,
            0.16866534538732833,
            0.1707502907792077,
            0.18322572181315044,
            0.18945483046350314,
            0.1942249465162765,
            0.19654192347325744,
            0.2065889735118642,
            0.21135513940667963,
            0.21429215988775205,
            0.22483846255819043,
            0.2515916632083296,
            0.23831959897484442,
            0.21400300866829886,
            0.2256689595234738,
            0.25079449816058536,
            0.26928331054747723
        ],
        "y_sigma": 0.26424095,
        "y_chi2": 0.070045985,
        "y_quality": 0.84765625
    }
}