{
    "x": {
        "x_gains": [
            0.06609660547663254,
            0.07777461926407321,
            0.09312421979364603,
            0.10219245741997973,
            0.11562095796357269,
            0.12575285088000587,
            0.14045317441449917,
            0.14650324229988115,
            0.15673323796011315,
            0.16414311401745096,
            0.16778904675116277,
            0.17906530667521262,
            0.17980057419313367,
            0.1949388038360058,
            0.19418486243555974,
            0.20357265945897307,
            0.16016598321172199,
            0.19455628782867343,
            0.22648577157496666,
            0.2260055909715106,
            0.23875632593838936,
            0.23806176207698032,
            0.2502701353273189,
            0.2633808882451977
        ],
        "x_sigma": 0.25782377,
        "x_chi2": 0.06667917,
        "x_quality": 0.85026044
    },
    "y": {
        "y_gains": [
            0.08183906789229946,
            0.09088526244573696,
            0.10482433014632428,
            0.11780493129086285,
            0.1324014390447607,
            0.1411153281388593,
            0.15278034873153504,
            0.16144033189549192,
            0.16955052325834735,
            0.17728650348164987,
            0.1785689413611739,
            0.1886641521508468,
            0.1918314964412476,
            0.20836648530933977,
            0.2089849440349814,
            0.21814159763066812,
            0.20841474534323304,
            0.22673952865840263,
            0.25359801696494655,
            0.2576234315724471,
            0.2602443225749198,
            0.2484038500112713,
            0.2738734830490116,
            0.2902404781677049
        ],
        "y_sigma": 0.20922801,
        "y_chi2": 0.043964222,
        "y_quality": 0.8541667
    }
}