{
    "x": {
        "x_gains": [
            0.14778548475796668,
            0.15087578110277824,
            0.1598240145810645,
            0.1716842534293071,
            0.17639495111787212,
            0.19062753058046844,
            0.18769838663664068,
            0.16307789301405293,
            0.13167655087917404,
            0.10341706530498106,
            0.0883966335733243,
            0.06737749020466048,
            0.03388789288606375,
            0.019140722071872913,
            0.024376894282748036,
            0.03782109208932903,
            0.051247439549801495,
            0.06297044828347281,
            0.07385300740524106,
            0.08594453603744638,
            0.10094886889316126,
            0.10920995986097135,
            0.1221252927343267,
            0.12982084852724088
        ],
        "x_sigma": 0.32116145,
        "x_chi2": 0.10561783,
        "x_quality": 0.8151042
    },
    "y": {
        "y_gains": [
            0.11205374456161157,
            0.11626874077698214,
            0.12427760534950466,
            0.13168853302082065,
            0.13446685304668946,
            0.14197160511109136,
            0.13274768594233866,
            0.11603585322207197,
            0.09935190763610814,
            0.0809815875403673,
            0.06385404090081194,
            0.04644562759004042,
            0.024683369754879576,
            0.013668557438217094,
            0.022675060823016277,
            0.032636763623637675,
            0.042913739949602105,
            0.051521141081989304,
            0.05971510758184209,
            0.0698684781793057,
            0.07804859164828558,
            0.08481772839802722,
            0.09275705600606111,
            0.10077512192782002
        ],
        "y_sigma": 0.36393943,
        "y_chi2": 0.13631932,
        "y_quality": 0.796875
    }
}