{
    "x": {
        "x_gains": [
            0.13547400321615283,
            0.1428505839746158,
            0.154192512929659,
            0.16435329542162996,
            0.17175844579217572,
            0.1811995664981571,
            0.17862093208689264,
            0.15904744576164004,
            0.13232480133449034,
            0.10654235021131077,
            0.08947489777269242,
            0.06674199613296875,
            0.031948213224291956,
            0.018092155105854938,
            0.02300630628162116,
            0.03581366864477496,
            0.04770198547112007,
            0.06094108143117936,
            0.06768798357564616,
            0.08031884009314094,
            0.09358466806126539,
            0.10520966708505045,
            0.11453638534621485,
            0.12271555785388161
        ],
        "x_sigma": 0.3216025,
        "x_chi2": 0.1061438,
        "x_quality": 0.7994792
    },
    "y": {
        "y_gains": [
            0.13571082411890764,
            0.14185497796779412,
            0.1573799387792038,
            0.16507934621315407,
            0.1686446065017926,
            0.17388381587686175,
            0.16743467837405657,
            0.14751317277881595,
            0.12371374816037657,
            0.10406042747399245,
            0.08696108908676595,
            0.06325340738198891,
            0.032890062991048644,
            0.017664227413503136,
            0.026850193106588826,
            0.039907674393444253,
            0.05287769959163611,
            0.0644872262734889,
            0.07187493014655226,
            0.08183127259003424,
            0.09386403747240105,
            0.10639059583734027,
            0.11559493592457107,
            0.12427881006519169
        ],
        "y_sigma": 0.35824358,
        "y_chi2": 0.13191226,
        "y_quality": 0.80859375
    }
}