{
    "x": {
        "x_gains": [
            0.10919860671313722,
            0.11345225512167442,
            0.1280046794414654,
            0.1351670893656941,
            0.13999128134299796,
            0.15295510798171758,
            0.14763823848093244,
            0.12683513636667004,
            0.10899213447362358,
            0.08605306927203234,
            0.07378533838103753,
            0.05408486781117458,
            0.026079750573265517,
            0.014017336361264884,
            0.020330703285787274,
            0.03135765966497163,
            0.043021499736364245,
            0.052346845170804616,
            0.05793683679702918,
            0.06674706573224334,
            0.08064988321090412,
            0.0912192945592343,
            0.09375891002641844,
            0.10128671605474465
        ],
        "x_sigma": 0.33006537,
        "x_chi2": 0.11172312,
        "x_quality": 0.80338544
    },
    "y": {
        "y_gains": [
            0.134234557304162,
            0.1403631444393042,
            0.1558792023474161,
            0.16675980201609267,
            0.17352647778922686,
            0.18658423872557742,
            0.17744106561167308,
            0.15690273006670846,
            0.1374382416107388,
            0.11413930291018698,
            0.0941529333628848,
            0.06617912067272928,
            0.03418485295146209,
            0.019163630189463144,
            0.02626792654647164,
            0.03846230326964578,
            0.05320189202952663,
            0.06458283268183249,
            0.07363641196862676,
            0.08454739160305744,
            0.09626205766501555,
            0.10835586232304134,
            0.11217572102346883,
            0.1267571005905309
        ],
        "y_sigma": 0.3373634,
        "y_chi2": 0.11677975,
        "y_quality": 0.7994792
    }
}