{
    "x": {
        "x_gains": [
            0.1125777490079086,
            0.11669984054133789,
            0.12615879375237432,
            0.13312640697139327,
            0.13560765450966644,
            0.14418639725342217,
            0.1370195914996553,
            0.1208743616171684,
            0.09966107262421955,
            0.08074621778659921,
            0.06867798383691122,
            0.05048817521497108,
            0.02401743646673536,
            0.013746601066969935,
            0.02063851180149318,
            0.03108832903091585,
            0.0426602269063341,
            0.05156660107566899,
            0.06212202243710782,
            0.07006724493631027,
            0.08195742524847648,
            0.08796431745055483,
            0.09789057556525933,
            0.10409550221031186
        ],
        "x_sigma": 0.3638335,
        "x_chi2": 0.13591623,
        "x_quality": 0.8046875
    },
    "y": {
        "y_gains": [
            0.11634951534027639,
            0.12150353824378544,
            0.13510874511078605,
            0.14372518755310557,
            0.1475717220705021,
            0.15591026908756025,
            0.14387411705353578,
            0.12778353101828932,
            0.10805447804230355,
            0.09171332505651145,
            0.07584213399135992,
            0.054747818408932045,
            0.028088465070153893,
            0.015614957630373965,
            0.02324464571208345,
            0.03389190468471191,
            0.04450946188817238,
            0.05307150541517759,
            0.06210714127784698,
            0.07216023758036622,
            0.08395172171548963,
            0.0902911546631499,
            0.09902698069310568,
            0.10761326161268157
        ],
        "y_sigma": 0.36716992,
        "y_chi2": 0.13861085,
        "y_quality": 0.81380206
    }
}