{
    "x": {
        "x_gains": [
            0.14058689545965483,
            0.15027631682064604,
            0.16110036186846585,
            0.16905653436471346,
            0.17631523895254997,
            0.18880240857498246,
            0.1782476321985596,
            0.15305218972533102,
            0.13047771545002285,
            0.10367610589228633,
            0.08967004651005972,
            0.06659712594775202,
            0.03289746819768852,
            0.018609696381314763,
            0.0242521468546069,
            0.037427624798391415,
            0.052358120749764106,
            0.06434317871903412,
            0.07250333497215038,
            0.08564213099546301,
            0.099611415866704,
            0.10621510236427384,
            0.12026569578575773,
            0.13112360340250015
        ],
        "x_sigma": 0.36964515,
        "x_chi2": 0.14032495,
        "x_quality": 0.8020833
    },
    "y": {
        "y_gains": [
            0.1351908081714624,
            0.14405819720674037,
            0.15682053270053112,
            0.16340574969602037,
            0.16929525770124126,
            0.18044480004099706,
            0.1672169497788974,
            0.14693846364081187,
            0.12708269474279227,
            0.10798024782114755,
            0.08986254355749815,
            0.06493112268833029,
            0.03490761925463785,
            0.018622415387984897,
            0.026561116331846088,
            0.038803360246826624,
            0.0515332693633683,
            0.061876309998828066,
            0.06967072916688438,
            0.08076630423326084,
            0.09433592930088115,
            0.10166856414096875,
            0.1159438437587139,
            0.12591041096528588
        ],
        "y_sigma": 0.35980132,
        "y_chi2": 0.13290648,
        "y_quality": 0.7994792
    }
}