{
    "x": {
        "x_gains": [
            0.13106896148845268,
            0.13695497807789056,
            0.15237799653806336,
            0.16036973563289636,
            0.16678723437861173,
            0.18111999387959316,
            0.17849751147694376,
            0.15445750377490278,
            0.1280635687064888,
            0.10423180068461531,
            0.08506434309443835,
            0.06292705841487369,
            0.030576252280988418,
            0.017234521159511008,
            0.02322363679458261,
            0.035820093152301447,
            0.05001340859484428,
            0.060136189225014104,
            0.06950888014173695,
            0.0808385806329677,
            0.09513271537024083,
            0.10384834983933622,
            0.11137776184828277,
            0.12049840550484917
        ],
        "x_sigma": 0.34589535,
        "x_chi2": 0.122853376,
        "x_quality": 0.80078125
    },
    "y": {
        "y_gains": [
            0.13916880567961257,
            0.1455059434448954,
            0.16026999724816415,
            0.1695763308341965,
            0.18035123764233318,
            0.19228753909446028,
            0.18792206120433613,
            0.16345136848595831,
            0.14189379547385753,
            0.12108453480472033,
            0.09584664842960539,
            0.06877249892302266,
            0.03655310105543424,
            0.01929084537500053,
            0.02695961487435283,
            0.040035444179440945,
            0.0539009171780067,
            0.06407061914899097,
            0.07302916200497182,
            0.08509284054367518,
            0.10042945644163571,
            0.1099998317002575,
            0.11942303388485277,
            0.12955897799991384
        ],
        "y_sigma": 0.33709356,
        "y_chi2": 0.11667376,
        "y_quality": 0.8098958
    }
}