{
    "x": {
        "x_gains": [
            0.14355103575230418,
            0.15487986975222473,
            0.16715823445868044,
            0.1764580161206397,
            0.17849088455977097,
            0.19200704251110806,
            0.18169501242103445,
            0.16204624216384886,
            0.13536371689274213,
            0.11227772028846617,
            0.09329912614172474,
            0.06869889918257928,
            0.03378953599567169,
            0.019461548388425183,
            0.024732597340701667,
            0.03625973310950925,
            0.05099625779261066,
            0.06279384773509185,
            0.07371866274935522,
            0.08274909712460128,
            0.09955862674007324,
            0.10552216482519937,
            0.11746711302603388,
            0.13046241227870475
        ],
        "x_sigma": 0.34721586,
        "x_chi2": 0.12382726,
        "x_quality": 0.80598956
    },
    "y": {
        "y_gains": [
            0.14471579604896065,
            0.15617332865646272,
            0.16773919105426766,
            0.17924709409092238,
            0.18262860121686167,
            0.19305263415975626,
            0.18085100053193703,
            0.1622525745589521,
            0.14103963161463706,
            0.12224645962028292,
            0.09579956278995534,
            0.06873105428488636,
            0.03490505319407939,
            0.019865392103109333,
            0.025921264418541326,
            0.03781051983944443,
            0.05274146718217584,
            0.06389137444083068,
            0.07367747640497238,
            0.08307092612286555,
            0.09882405306298234,
            0.10658525258733036,
            0.11802929321816663,
            0.13124888233373638
        ],
        "y_sigma": 0.3824006,
        "y_chi2": 0.1507511,
        "y_quality": 0.796875
    }
}