{
    "x": {
        "x_gains": [
            0.13665041091598465,
            0.14154309718377361,
            0.15069257554256485,
            0.15714071778422786,
            0.16844563221823222,
            0.18121240522138177,
            0.17237514243573487,
            0.15517308665571197,
            0.13135366373674875,
            0.10516095251846284,
            0.08729479285687661,
            0.06337429995956086,
            0.030699196927427896,
            0.018019490746126566,
            0.02306517225877924,
            0.03433025887555631,
            0.04560435160371351,
            0.05885561610882921,
            0.06619909802404961,
            0.08062837238246036,
            0.09207736856139793,
            0.10301409984888861,
            0.1108381045442736,
            0.12515536474090524
        ],
        "x_sigma": 0.33493593,
        "x_chi2": 0.1152778,
        "x_quality": 0.796875
    },
    "y": {
        "y_gains": [
            0.13498527411898317,
            0.14070980272007244,
            0.15440967790450008,
            0.16108631455775685,
            0.16852565916915668,
            0.1798232876552212,
            0.16729586642027333,
            0.14706045849568564,
            0.12466777596053716,
            0.1033405771633239,
            0.084797381321189,
            0.06234303970821463,
            0.03262270852386354,
            0.017678047504908884,
            0.026095667028474392,
            0.038107133327637585,
            0.04927085296468881,
            0.060171708393941294,
            0.06757972050176456,
            0.08037322754930616,
            0.0909049588655061,
            0.10367221499626884,
            0.11265403326786257,
            0.12575673486420863
        ],
        "y_sigma": 0.37219837,
        "y_chi2": 0.1427006,
        "y_quality": 0.796875
    }
}