{
    "x": {
        "x_gains": [
            0.13322873989060321,
            0.1381796243918542,
            0.15256461111280628,
            0.16534842633768942,
            0.1708502190299808,
            0.18416518290917636,
            0.17600260765463502,
            0.1551442722270622,
            0.12794343958306714,
            0.1040202256926837,
            0.08723106444753165,
            0.06461181287436892,
            0.030243679373447744,
            0.017677107827175867,
            0.022667555567302385,
            0.03421999273646434,
            0.048659667038442746,
            0.05876236125031261,
            0.06655442484764194,
            0.07944622170056068,
            0.09425479332751466,
            0.10161648455129665,
            0.10893017172950505,
            0.12100172487958816
        ],
        "x_sigma": 0.32225585,
        "x_chi2": 0.10655587,
        "x_quality": 0.79817706
    },
    "y": {
        "y_gains": [
            0.14186798454836333,
            0.14818142859937133,
            0.16190391229470785,
            0.17399563542388277,
            0.17949546803559963,
            0.18859724818132373,
            0.17562784319524655,
            0.15592052045022362,
            0.13184321668759633,
            0.11107110083234462,
            0.09219698217150077,
            0.06764154822575204,
            0.034617407203972446,
            0.01922186285454582,
            0.027351297355455023,
            0.03927554220082386,
            0.05268218434455118,
            0.06331750817745618,
            0.07302306393311642,
            0.0845741989322169,
            0.09900087328670326,
            0.10882013294338,
            0.11749786418257382,
            0.13203041669208804
        ],
        "y_sigma": 0.3477414,
        "y_chi2": 0.124167204,
        "y_quality": 0.8046875
    }
}