{
    "x": {
        "x_gains": [
            0.5766148762717097,
            0.6503781623825173,
            0.7202797278351021,
            0.7660243093218417,
            0.7661882944510652,
            0.7485138071231119,
            0.6761770061005367,
            0.5702139505465985,
            0.49166026197232077,
            0.4254083292483498,
            0.353426839000892,
            0.2694734954088857,
            0.09176028433208744,
            0.04769341528015946,
            0.08815779045545577,
            0.15733381611739256,
            0.23862369868355598,
            0.31586092807584504,
            0.3633282348693228,
            0.40186271405217466,
            0.43224439443857077,
            0.45636125374301795,
            0.49860224340096193,
            0.5201670859906936
        ],
        "x_sigma": 0.5217644,
        "x_chi2": 0.31210405,
        "x_quality": 0.0
    },
    "y": {
        "y_gains": [
            0.562815310242372,
            0.6119711345455258,
            0.6921035962810228,
            0.7238786052683451,
            0.7030779487054014,
            0.6870377953231963,
            0.621520804228032,
            0.5153086608699595,
            0.4524808256725313,
            0.408033194316424,
            0.33412785596202543,
            0.24327676086334737,
            0.09125465569846541,
            0.047272119783013405,
            0.10476286558704342,
            0.17626506317163598,
            0.26266952297008206,
            0.32554914932705087,
            0.36973401704547765,
            0.3933918354199623,
            0.418563386653286,
            0.43881127780088847,
            0.4823368719817167,
            0.500300105017995
        ],
        "y_sigma": 0.5326441,
        "y_chi2": 0.3304629,
        "y_quality": 0.0
    }
}