{
    "x": {
        "x_gains": [
            0.4433764982523207,
            0.5138172920174219,
            0.6606721678635844,
            0.7834147954151434,
            0.7904540344260121,
            0.7327844387069051,
            0.6339876466239079,
            0.48576933864739086,
            0.3702401007053074,
            0.3297990092705842,
            0.2930896952945739,
            0.2229313768400115,
            0.05493922897187276,
            0.04825671646631121,
            0.035879207052302124,
            0.06407405525528673,
            0.13066453119010052,
            0.1672662884329842,
            0.21588599699521235,
            0.24473166152240713,
            0.27600622416115983,
            0.2922824570900125,
            0.32775041098262786,
            0.3710173146360395
        ],
        "x_sigma": 0.50507647,
        "x_chi2": 0.2851988,
        "x_quality": 0.0
    },
    "y": {
        "y_gains": [
            0.4157384266944646,
            0.4770749276706703,
            0.6094679381468054,
            0.7034885221978417,
            0.6912386332719145,
            0.6421528250518201,
            0.5480177540215735,
            0.41387507925707767,
            0.3278503638483338,
            0.3109755782793012,
            0.2675614635505032,
            0.19537982972100776,
            0.054910669401144786,
            0.043568246346715404,
            0.04432769514602873,
            0.07524147057046503,
            0.1401524881495465,
            0.1704318092701713,
            0.21230845531161785,
            0.2353252913268275,
            0.25665092917389093,
            0.2782253960691537,
            0.31191761083087743,
            0.3478025210674421
        ],
        "y_sigma": 0.5310741,
        "y_chi2": 0.3183772,
        "y_quality": 0.0
    }
}