{
    "x": {
        "x_gains": [
            0.5898168359205058,
            0.6380978761741718,
            0.6867987055492718,
            0.7410407799187434,
            0.7648815351478362,
            0.7408090597984777,
            0.6675141426221397,
            0.5361457394240562,
            0.4303344658445471,
            0.3471174361461856,
            0.27743564568083334,
            0.19797666658886184,
            0.0639430262520652,
            0.03230116364619024,
            0.10908738259334089,
            0.18663819812018007,
            0.27873898594255186,
            0.3635736967519053,
            0.40845585307026055,
            0.455386470559037,
            0.4829056937816765,
            0.48852104990794554,
            0.5243485716194343,
            0.5504647959597646
        ],
        "x_sigma": 0.6354365,
        "x_chi2": 0.44763848,
        "x_quality": 0.0
    },
    "y": {
        "y_gains": [
            0.5578525132789818,
            0.5939163838189382,
            0.6401690865805003,
            0.6821916662510982,
            0.6862265008597046,
            0.6672192131377065,
            0.5934686402268474,
            0.4778791874581945,
            0.39997936106496906,
            0.3336019941392802,
            0.2569814140762084,
            0.17739429074214677,
            0.06483162901785917,
            0.03066465015927219,
            0.11484795738313874,
            0.19210007645583044,
            0.27709076202120864,
            0.3534283254424569,
            0.3976409868924409,
            0.43545980549229774,
            0.4517451683821388,
            0.4604507564262004,
            0.4967751098580897,
            0.5283341371056672
        ],
        "y_sigma": 0.6606101,
        "y_chi2": 0.4570963,
        "y_quality": 0.0
    }
}