{
    "x": {
        "x_gains": [
            0.5777586270051546,
            0.6474346212426536,
            0.723358489812653,
            0.7914659706831507,
            0.7699307547377111,
            0.75168375281421,
            0.6818369013403822,
            0.5543710801460369,
            0.4593468822289715,
            0.3838855885818299,
            0.3260895475158613,
            0.24384611651894064,
            0.08228842124561958,
            0.04544287283298276,
            0.09977742649471824,
            0.16988346673715699,
            0.2551511378834963,
            0.33920252062749884,
            0.36872159760578743,
            0.4032772568242174,
            0.4405579790160472,
            0.46029968179022696,
            0.4856176089606938,
            0.5167983227620514
        ],
        "x_sigma": 0.6174304,
        "x_chi2": 0.42506295,
        "x_quality": 0.0
    },
    "y": {
        "y_gains": [
            0.6215096407021692,
            0.6915963163367084,
            0.7729667553955205,
            0.8231145039525136,
            0.8004166008324012,
            0.7785504371833198,
            0.696989618200239,
            0.5628085633123896,
            0.49988934949248987,
            0.45141277301331656,
            0.3582471026586449,
            0.2623889569934004,
            0.09741641914778168,
            0.05178218754886944,
            0.12339416377687819,
            0.1983437385450293,
            0.28641721083311233,
            0.3630557384953082,
            0.3958931313412677,
            0.42404751401508833,
            0.46311639170829,
            0.48649854639099327,
            0.5211516701451804,
            0.5565172482782051
        ],
        "y_sigma": 0.6092174,
        "y_chi2": 0.420094,
        "y_quality": 0.0
    }
}