{
    "x": {
        "x_gains": [
            0.2884493958513939,
            0.31788737644432924,
            0.36748502764938973,
            0.40621512389276926,
            0.4147417465355585,
            0.412793630429165,
            0.41925920838914194,
            0.35644340061974816,
            0.3030670935386884,
            0.26399506477066115,
            0.21842787281198342,
            0.17179913725909252,
            0.0770647812716552,
            0.042581973279300786,
            0.07749354866207389,
            0.11770456789064117,
            0.16789347266611157,
            0.20832083408328833,
            0.21998495566885173,
            0.2346970042898857,
            0.24706427725533428,
            0.259971384429773,
            0.26760635747071315,
            0.26664396993194606
        ],
        "x_sigma": 0.64971143,
        "x_chi2": 0.4843783,
        "x_quality": 0.0
    },
    "y": {
        "y_gains": [
            0.43321236455669576,
            0.46160912324271175,
            0.537702719974586,
            0.5914144949187146,
            0.608545796448612,
            0.6145962680239575,
            0.617368095602166,
            0.5387085238880059,
            0.4706479023740704,
            0.4217400234234409,
            0.3452538795056365,
            0.27126359356120056,
            0.1384410129839673,
            0.06865380529162936,
            0.1427114670690293,
            0.20979681032062678,
            0.2699659602620365,
            0.31422193621043315,
            0.33721474246201966,
            0.3399149478414109,
            0.35649450821992557,
            0.3670713101725775,
            0.3880530570975059,
            0.40372944265190813
        ],
        "y_sigma": 0.63820404,
        "y_chi2": 0.46481967,
        "y_quality": 0.0
    }
}