{
    "x": {
        "x_gains": [
            0.4416990980548588,
            0.5028034560899479,
            0.5543635507295868,
            0.61831260141486,
            0.6465864084821275,
            0.6570680846721588,
            0.6680551524956135,
            0.6102333819262176,
            0.4986829782544301,
            0.4390790545152651,
            0.35190661243081955,
            0.2676738340796972,
            0.10968869252175402,
            0.06487618768836802,
            0.09470595600074931,
            0.15884414074715486,
            0.21494154546453245,
            0.2730660459110858,
            0.29460218099886637,
            0.32437143708386185,
            0.3498233776748458,
            0.36683653888551687,
            0.37247273061956404,
            0.3994173299989975
        ],
        "x_sigma": 0.43469375,
        "x_chi2": 0.19564423,
        "x_quality": 0.81380206
    },
    "y": {
        "y_gains": [
            0.4652003396892881,
            0.5289778286348817,
            0.5904877269192667,
            0.6618605004565514,
            0.7085909208953896,
            0.709001777254755,
            0.7169473814393077,
            0.6509305084164339,
            0.5799952672386194,
            0.5295188209522126,
            0.40304053781729365,
            0.2870896502027929,
            0.1423839197296414,
            0.07368982801825798,
            0.1252085755754079,
            0.19927015313712,
            0.25494744640813466,
            0.3095561212865648,
            0.3262622834894939,
            0.35735123119827766,
            0.37109991156318006,
            0.39261707153993447,
            0.4052754708034485,
            0.43485407601771076
        ],
        "y_sigma": 0.42378932,
        "y_chi2": 0.20303605,
        "y_quality": 0.0
    }
}