{
    "x": {
        "x_gains": [
            0.17593779684005162,
            0.20332052508908185,
            0.2338212637524899,
            0.27704771088497737,
            0.29016799130772764,
            0.2964753410489262,
            0.2990685957189228,
            0.2514135096043732,
            0.20718239198287014,
            0.1838805357580066,
            0.15012530959591971,
            0.12052110433005812,
            0.05177494075264092,
            0.029080004617904734,
            0.034906996590843085,
            0.039862701693810045,
            0.08987924229461886,
            0.10422991033621963,
            0.1257311676022365,
            0.12761025989041724,
            0.13798010401409372,
            0.14490718622268844,
            0.15192371120457118,
            0.15119109859383206
        ],
        "x_sigma": 0.23819707,
        "x_chi2": 0.05829177,
        "x_quality": 0.8046875
    },
    "y": {
        "y_gains": [
            0.5110557717207902,
            0.5442114675152012,
            0.583456442642731,
            0.6930972366906271,
            0.793360965037931,
            0.832292066600344,
            0.8135690297050324,
            0.7218224689186854,
            0.64187814572444,
            0.587070580619262,
            0.4594478888231674,
            0.3531239284895795,
            0.17888737882101877,
            0.09242220199408295,
            0.1920105191042786,
            0.25286205072893175,
            0.3110897910907617,
            0.3598228951709968,
            0.3882743778165181,
            0.39838835972955006,
            0.41569421932293055,
            0.44365070404039353,
            0.4650945386041257,
            0.4870530344743444
        ],
        "y_sigma": 0.24941723,
        "y_chi2": 0.06412161,
        "y_quality": 0.8098958
    }
}