{
    "x": {
        "x_gains": [
            0.19326050375669432,
            0.22282195990630782,
            0.24924133430251658,
            0.291252866729154,
            0.3095157554816865,
            0.29997348234416077,
            0.31124255091531294,
            0.2737496655121274,
            0.22538037727999016,
            0.20354989800827036,
            0.16003765622035804,
            0.11317129392022306,
            0.04262273910344347,
            0.026455670349648724,
            0.05639160177920015,
            0.07243901287067404,
            0.09270067471259083,
            0.13504497254171088,
            0.13495923947553437,
            0.14675697249347272,
            0.1551315331570305,
            0.1797717840346908,
            0.17709337877077186,
            0.16611219523312484
        ],
        "x_sigma": 0.37031582,
        "x_chi2": 0.13915132,
        "x_quality": 0.82161456
    },
    "y": {
        "y_gains": [
            0.023561847280870934,
            0.015117135121488857,
            0.008252848119782498,
            0.029109238384431448,
            0.037238608244255476,
            0.01854925325714685,
            0.02460743149352591,
            0.036450999468179916,
            0.012675933077969055,
            0.013140744336437749,
            0.013511908517893616,
            0.007130322036716596,
            0.005545955506573677,
            0.0032195540775942152,
            0.01910619682745423,
            0.022973464729299068,
            0.012888710623700173,
            0.007872271451034394,
            0.019970032968527427,
            0.027033832977140057,
            0.028243223751602202,
            0.008219156239502597,
            0.009539287153491595,
            0.01736215103161561
        ],
        "y_sigma": 1.0745018,
        "y_chi2": 1.1594721,
        "y_quality": 0.7890625
    }
}