{
    "x": {
        "x_gains": [
            0.5650416952742568,
            0.6029078729036441,
            0.630282873474747,
            0.6994954329593435,
            0.7765297908665497,
            0.8761846015813379,
            0.8334059090979172,
            0.7847961135012949,
            0.6641477755366479,
            0.599022598786464,
            0.4926695209311139,
            0.3865655333918207,
            0.1955764135627549,
            0.10154903919884306,
            0.36105521274366037,
            0.40922350494693926,
            0.43449612462044046,
            0.4525053751982256,
            0.41720773294533015,
            0.43219051787833873,
            0.4602838128401325,
            0.5042369518351855,
            0.4930222560106808,
            0.5225189467982704
        ],
        "x_sigma": 0.26122534,
        "x_chi2": 0.06929961,
        "x_quality": 0.8307292
    },
    "y": {
        "y_gains": [
            0.37131687082658404,
            0.3986880611185608,
            0.44110848798596924,
            0.4688031652089545,
            0.5078921616951896,
            0.5434487551463918,
            0.5275047017812832,
            0.48640084050065235,
            0.4274280037064847,
            0.38150724508963935,
            0.3102432421808698,
            0.23710532337016765,
            0.1300449051559749,
            0.06069735310375611,
            0.24984578269063423,
            0.2803438742816959,
            0.29640086652200526,
            0.2926907452415656,
            0.2847046417105966,
            0.2919619375061312,
            0.29321176929757864,
            0.31378902570578526,
            0.33490320326206435,
            0.36052218610270614
        ],
        "y_sigma": 0.22922572,
        "y_chi2": 0.053248677,
        "y_quality": 0.82161456
    }
}