{
    "x": {
        "x_gains": [
            0.40748829836228007,
            0.4340654570709263,
            0.4954526611579927,
            0.5383793983308731,
            0.5635210825916221,
            0.6080091833707056,
            0.6055222050745062,
            0.5444462804382901,
            0.45650187633683725,
            0.3941452715416551,
            0.3203112605455676,
            0.24920460121407498,
            0.11526331847473895,
            0.06186411040863039,
            0.218624407792937,
            0.24312133760497523,
            0.2677818100957813,
            0.27300104810562387,
            0.26959235479216587,
            0.28127005015973183,
            0.31012261938247765,
            0.31719269745015455,
            0.33603560848370284,
            0.37154007485120655
        ],
        "x_sigma": 0.27813578,
        "x_chi2": 0.07855177,
        "x_quality": 0.81901044
    },
    "y": {
        "y_gains": [
            0.5518868874710915,
            0.5833728130884591,
            0.6595614312219232,
            0.7118934978851423,
            0.7509483539024345,
            0.8136120551270983,
            0.8024661389381849,
            0.7284387590608675,
            0.669024934960741,
            0.6027418727792729,
            0.47519679443647195,
            0.35203928082458585,
            0.19830890101569854,
            0.09424090973388911,
            0.30799028118188315,
            0.3205483274044715,
            0.35226611027408766,
            0.3701808103746578,
            0.36246315607326407,
            0.36757613825097274,
            0.3942373382104172,
            0.41171910678033846,
            0.4621774752261319,
            0.5027738283496967
        ],
        "y_sigma": 0.2737047,
        "y_chi2": 0.076129645,
        "y_quality": 0.8125
    }
}