{
    "x": {
        "x_gains": [
            0.13035373545705292,
            0.13638182163971727,
            0.15182031033893278,
            0.1657134415226679,
            0.1755799630042483,
            0.19122896237596937,
            0.18465550770043934,
            0.16643086187386838,
            0.1351945476579708,
            0.1117537448121118,
            0.09431766264232064,
            0.07094281331742748,
            0.033922602867749,
            0.019631867153510795,
            0.022784473147108544,
            0.035033708383195056,
            0.05107284120973583,
            0.0608343627521417,
            0.07146645886126202,
            0.08381869948246982,
            0.09296935088706242,
            0.10520895866908142,
            0.11324312687827881,
            0.12285635622544484
        ],
        "x_sigma": 0.3267455,
        "x_chi2": 0.10951861,
        "x_quality": 0.8098958
    },
    "y": {
        "y_gains": [
            0.12755363167830158,
            0.13325825918366282,
            0.15061691785853348,
            0.15812530184143556,
            0.16131664321230219,
            0.1737546577976729,
            0.16402173419195432,
            0.1431698729010885,
            0.12293274755059573,
            0.10593565976517029,
            0.08559308346258603,
            0.062157195298280565,
            0.031884465999760546,
            0.018016748729954343,
            0.02469183479048904,
            0.036994342825095186,
            0.05139575186357142,
            0.05951050821676465,
            0.07019296467145972,
            0.08044886605714315,
            0.09106764796307171,
            0.1033696436434905,
            0.1120223381504059,
            0.1198571542435725
        ],
        "y_sigma": 0.35665408,
        "y_chi2": 0.1306405,
        "y_quality": 0.8125
    }
}