{
    "x": {
        "x_gains": [
            0.1491434987155762,
            0.15341357476948075,
            0.16761504375858902,
            0.18019287484938126,
            0.18912362871657717,
            0.2048016819297168,
            0.2029758286234484,
            0.17671669221695507,
            0.15442027894046811,
            0.12254645153882192,
            0.10221887534909024,
            0.07845988887255179,
            0.036887236602998315,
            0.02115673966348344,
            0.024670056496896384,
            0.03725186439993542,
            0.05301412328052667,
            0.06788704030969525,
            0.07851077002892179,
            0.089781234554822,
            0.10738471820961325,
            0.11729504948033015,
            0.12508006374880562,
            0.1374424030429748
        ],
        "x_sigma": 0.33702248,
        "x_chi2": 0.11647282,
        "x_quality": 0.8177083
    },
    "y": {
        "y_gains": [
            0.1448531153197379,
            0.15157265726269484,
            0.16573699262934447,
            0.1784134371009672,
            0.18324152535889549,
            0.1949002669022725,
            0.18584723153136168,
            0.16525748851914912,
            0.13712167615342985,
            0.12109736494555826,
            0.09558685069047161,
            0.07138550047696222,
            0.03666581601973501,
            0.020386107577122736,
            0.026959613420711237,
            0.03741808899682927,
            0.053152600318224615,
            0.06483344062187199,
            0.07740735520044674,
            0.08539112422453117,
            0.10129618599600487,
            0.11070786386741095,
            0.12218053150974818,
            0.13333729789565743
        ],
        "y_sigma": 0.34672552,
        "y_chi2": 0.12331268,
        "y_quality": 0.80859375
    }
}