{
    "x": {
        "x_gains": [
            0.542368645364885,
            0.5895301798184954,
            0.6272484504767903,
            0.6678622737090606,
            0.6800327558177822,
            0.6912198558156853,
            0.6774041088759108,
            0.5657675338147939,
            0.4633576321164666,
            0.389697276920132,
            0.32797853708453323,
            0.25634952129290395,
            0.1011714950931319,
            0.05555977809869105,
            0.1991346801608291,
            0.28280016734982705,
            0.3638771576914789,
            0.4111432652554092,
            0.43216541494275884,
            0.4695948819041659,
            0.4848224866099301,
            0.49312619074564873,
            0.5048935800458787,
            0.5055655691242613
        ],
        "x_sigma": 0.49388835,
        "x_chi2": 0.25319156,
        "x_quality": 0.8229167
    },
    "y": {
        "y_gains": [
            0.581070793772339,
            0.6281271703756635,
            0.6782802719198479,
            0.7186987298293608,
            0.7306396743042137,
            0.73922172223729,
            0.7095076364661667,
            0.5894343075169556,
            0.5144566167738065,
            0.4523266279529352,
            0.37185119199502553,
            0.2830806409274084,
            0.12192389071815365,
            0.06322181132259651,
            0.23140576572919946,
            0.32605231346343366,
            0.41509363474665795,
            0.4489978816279945,
            0.4803148252340886,
            0.5108716031508517,
            0.5153029517583683,
            0.5235580713335307,
            0.5410418670099614,
            0.5518913648207225
        ],
        "y_sigma": 0.5010884,
        "y_chi2": 0.26050732,
        "y_quality": 0.8229167
    }
}