{
    "x": {
        "x_gains": [
            0.14676515724132755,
            0.15192050303916965,
            0.16915200867249114,
            0.18248458233385006,
            0.18937991523733755,
            0.19760928336795777,
            0.1946709603293677,
            0.17330900883624645,
            0.15122109522180655,
            0.12408881582539412,
            0.10484975187830467,
            0.07786857513200086,
            0.03666942738562311,
            0.020602520718409897,
            0.023311075297011073,
            0.035600214996818404,
            0.05066359942480603,
            0.06389082336104066,
            0.07312118051513579,
            0.08458316948868544,
            0.09909141103394753,
            0.11498639538463007,
            0.12107173669899848,
            0.1360456944836804
        ],
        "x_sigma": 0.34348625,
        "x_chi2": 0.12112716,
        "x_quality": 0.80338544
    },
    "y": {
        "y_gains": [
            0.14861081655208846,
            0.15410543743005636,
            0.17434722568059316,
            0.18758641637236234,
            0.19194790073299145,
            0.19881810588773977,
            0.19386470550545715,
            0.17114996861965326,
            0.15628102910995156,
            0.13308882786233778,
            0.10773125834311265,
            0.0782188565169722,
            0.03944640442670706,
            0.022710227669123974,
            0.026468297014947812,
            0.03868147986832051,
            0.05268946525777846,
            0.06413412137921198,
            0.07362612726202472,
            0.08328717835532809,
            0.09731374174159095,
            0.11683292576167181,
            0.12456792059642124,
            0.13750538797674614
        ],
        "y_sigma": 0.3560495,
        "y_chi2": 0.13029383,
        "y_quality": 0.796875
    }
}