{
    "x": {
        "x_gains": [
            0.14250483020121968,
            0.15171290699073353,
            0.16552084859228658,
            0.17809767920379938,
            0.18634066987607414,
            0.19720929131855117,
            0.18908796069390743,
            0.1667179685642267,
            0.14248464727925567,
            0.11754943747304444,
            0.10245443953528305,
            0.07523428143324015,
            0.035058028223605854,
            0.019841808404640823,
            0.023721777519284202,
            0.03684320629329123,
            0.048183438590857997,
            0.05947532297479388,
            0.07038515177361432,
            0.083105610110695,
            0.10049299855229787,
            0.11035741898717051,
            0.1211346097448675,
            0.13043419338640466
        ],
        "x_sigma": 0.33386478,
        "x_chi2": 0.114378676,
        "x_quality": 0.8020833
    },
    "y": {
        "y_gains": [
            0.13966951343862347,
            0.14711709704424833,
            0.16245779143506278,
            0.1768284807590101,
            0.18321831284625859,
            0.19686101179473067,
            0.1912880900018115,
            0.16400077126282708,
            0.1439673843618337,
            0.11838139953568448,
            0.10041666892604172,
            0.07261730108650732,
            0.03658838216418817,
            0.020926491096196567,
            0.025504202136104447,
            0.03980797904762754,
            0.0517002559783074,
            0.06315684699799086,
            0.07245378734422163,
            0.08516083517912347,
            0.10070027981586752,
            0.11080492018167575,
            0.1220998984739344,
            0.13254062552415677
        ],
        "y_sigma": 0.32651654,
        "y_chi2": 0.109156825,
        "y_quality": 0.8151042
    }
}