{
    "x": {
        "x_gains": [
            0.5432015528176869,
            0.5876146348010302,
            0.6654972991790359,
            0.6944063485406008,
            0.6890144365060794,
            0.6708956799484108,
            0.6181433606736081,
            0.502303185682149,
            0.4076305171771423,
            0.35875276015404844,
            0.312544918565015,
            0.2326164288842146,
            0.07245083721651709,
            0.033695855814085136,
            0.09019590369891597,
            0.16195016501912066,
            0.23973942242697568,
            0.3062598596533567,
            0.35437950699856996,
            0.38237880685346715,
            0.4131167031965111,
            0.4340468426824998,
            0.45649768765661297,
            0.49650993238329133
        ],
        "x_sigma": 0.49402738,
        "x_chi2": 0.24527435,
        "x_quality": 0.80859375
    },
    "y": {
        "y_gains": [
            0.5988132599052546,
            0.6544758754302034,
            0.7465617100443905,
            0.792415191962184,
            0.8066703897194054,
            0.7962823171178403,
            0.7242553478109564,
            0.6015626673096168,
            0.5123814150857693,
            0.4614277543718549,
            0.3759431426598586,
            0.26654615937104065,
            0.09816478962500265,
            0.046059253202638054,
            0.10113335089682526,
            0.177731362245131,
            0.25858238156700664,
            0.33345682351030664,
            0.38318311980262393,
            0.41420451422446647,
            0.44311690558348565,
            0.4711363497806719,
            0.5066059644645299,
            0.5545110723384647
        ],
        "y_sigma": 0.49706542,
        "y_chi2": 0.24843141,
        "y_quality": 0.80859375
    }
}