{
    "x": {
        "x_gains": [
            0.15132727640865265,
            0.15130527962978382,
            0.1660929263347975,
            0.1699804785919361,
            0.17011813105091053,
            0.18022198193826108,
            0.1649680592967791,
            0.14611863605851408,
            0.12070623771210501,
            0.09621767362791914,
            0.0787728575200666,
            0.05795744069215094,
            0.026067958646833124,
            0.01328410774367836,
            0.02902355165439033,
            0.042663632201605114,
            0.05792967453370957,
            0.07092891773394591,
            0.07891434380651624,
            0.09416213589856101,
            0.10796175864954523,
            0.11783355468366581,
            0.12697776922737697,
            0.139238966592896
        ],
        "x_sigma": 0.3490289,
        "x_chi2": 0.12508558,
        "x_quality": 0.8020833
    },
    "y": {
        "y_gains": [
            0.1319481521875209,
            0.1316911274156433,
            0.1458494952805291,
            0.14739744748892233,
            0.14406884416159568,
            0.1499547586493155,
            0.13634677894369424,
            0.11481268482689519,
            0.09933897856880744,
            0.08100226368926107,
            0.06276963087251482,
            0.04392786254268965,
            0.022078872444348436,
            0.012272393731379097,
            0.030429483248036956,
            0.04231039643022108,
            0.056407223147990106,
            0.06521250178437708,
            0.07363527329878955,
            0.085611439469031,
            0.09619891164399323,
            0.10446977047051201,
            0.11172697502566926,
            0.12309142135264424
        ],
        "y_sigma": 0.38725945,
        "y_chi2": 0.15432031,
        "y_quality": 0.80078125
    }
}