{
    "x": {
        "x_gains": [
            0.3233424399498121,
            0.31757991906602795,
            0.3121924514113034,
            0.30699606894603676,
            0.2993305054183611,
            0.2926216618452371,
            0.28446155765175274,
            0.2759723360914745,
            0.26741736783277664,
            0.2585489735192073,
            0.24669357830466157,
            0.24480969779344453,
            0.24628919760309384,
            0.2480572343449033,
            0.2466153705051913,
            0.24401409034963312,
            0.24104737979087693,
            0.23779267522466652,
            0.22401791498148255,
            0.21966133230836427,
            0.2152756825772977,
            0.20808384946798159,
            0.20175791672845503,
            0.19321748656896948
        ],
        "x_sigma": 0.031979423,
        "x_chi2": 0.001033259,
        "x_quality": 0.8307292
    },
    "y": {
        "y_gains": [
            0.34864331902303586,
            0.3431482423741137,
            0.33861009765108885,
            0.333049408712406,
            0.3292262035217788,
            0.32725415113709366,
            0.32047935507247355,
            0.3111266480845239,
            0.29922573844049827,
            0.2900418762460924,
            0.28223939460778813,
            0.27605823404277813,
            0.2728507749098433,
            0.2721382937141252,
            0.26680690037350296,
            0.25951837490008867,
            0.25457289287470836,
            0.2530662455306919,
            0.2406317256567321,
            0.2333032449915043,
            0.225688873534021,
            0.21722739211347264,
            0.214701468343342,
            0.20508505523258422
        ],
        "y_sigma": 0.02316542,
        "y_chi2": 0.0005384482,
        "y_quality": 0.82682294
    }
}