{
    "x": {
        "x_gains": [
            0.329708898365089,
            0.32101969208625786,
            0.31716124950495095,
            0.3106274310673466,
            0.30279463704673004,
            0.2913333400534224,
            0.27969583860699837,
            0.2736613485691917,
            0.2691418023376849,
            0.2593029133849182,
            0.2507613050531086,
            0.24928449118916432,
            0.24369871878322982,
            0.24295243574393982,
            0.24074391410218623,
            0.23649152711163696,
            0.23640052774053816,
            0.2310142498136812,
            0.22282349905533977,
            0.21687161395638233,
            0.20984020458580585,
            0.1978227118000239,
            0.1886188409889037,
            0.18349223148939542
        ],
        "x_sigma": 0.029033625,
        "x_chi2": 0.0008498454,
        "x_quality": 0.8307292
    },
    "y": {
        "y_gains": [
            0.37199091434511167,
            0.3620846269259236,
            0.35939700801272034,
            0.3543255011925356,
            0.3496572083109742,
            0.34383763024354536,
            0.3332085578353759,
            0.32927353335229725,
            0.32404737767089975,
            0.3131727145641785,
            0.30660289571718063,
            0.30568686079922136,
            0.30098693012413846,
            0.29927036090389464,
            0.29526527370352706,
            0.2875184392763069,
            0.28380629652649475,
            0.27936736255027983,
            0.26895005261335403,
            0.25735136395322167,
            0.24680992008047975,
            0.2370478084894548,
            0.23291422747241944,
            0.2232647196196998
        ],
        "y_sigma": 0.021953998,
        "y_chi2": 0.000483419,
        "y_quality": 0.828125
    }
}