{
    "x": {
        "x_gains": [
            0.35509317058892526,
            0.3450210002207099,
            0.34452527122149057,
            0.3423397208219577,
            0.3338616805715605,
            0.327107667554197,
            0.3183115431574907,
            0.30679132293511185,
            0.30038377632030233,
            0.29181701322368797,
            0.27821511648449604,
            0.26848617960678317,
            0.2702576777233407,
            0.27123395718951715,
            0.2693860941443518,
            0.2670816189141647,
            0.26475120931733637,
            0.25901876129872214,
            0.25162367726465334,
            0.24146505541864488,
            0.22889737843832478,
            0.22154958291850943,
            0.2176870084872246,
            0.21135293268256922
        ],
        "x_sigma": 0.028158106,
        "x_chi2": 0.0007986352,
        "x_quality": 0.83984375
    },
    "y": {
        "y_gains": [
            0.38726517208127925,
            0.3753414762915932,
            0.3706834880856581,
            0.37077091281425806,
            0.3652550411587643,
            0.36207666901050967,
            0.35855254488943405,
            0.348195113220864,
            0.33767804539250634,
            0.3316036005253662,
            0.3142989687222238,
            0.30517252165580505,
            0.3039775615923135,
            0.30403305933874025,
            0.29383383813986724,
            0.29045570117778047,
            0.2856887533022763,
            0.27875949127284877,
            0.2731901860468878,
            0.26409106049911574,
            0.2463778149589276,
            0.24067578101035836,
            0.23576766671373375,
            0.2291501597394306
        ],
        "y_sigma": 0.024450663,
        "y_chi2": 0.0005996975,
        "y_quality": 0.83723956
    }
}