{
    "x": {
        "x_gains": [
            0.3060666511552088,
            0.2977683571810055,
            0.29136661489858895,
            0.29118521496588345,
            0.29115228670860405,
            0.28154267592912036,
            0.2741309603095377,
            0.2700740869936182,
            0.2599372651807977,
            0.252483261243471,
            0.24498849693260927,
            0.23940195094395472,
            0.24094057417584472,
            0.23956433787770912,
            0.23623251099851325,
            0.2373916769908307,
            0.22749006818173081,
            0.22247946781487432,
            0.21257076773142583,
            0.20421847570267798,
            0.19703643798788437,
            0.1835816201312961,
            0.17639871924651498,
            0.17577231719591124
        ],
        "x_sigma": 0.023829902,
        "x_chi2": 0.0005696087,
        "x_quality": 0.83203125
    },
    "y": {
        "y_gains": [
            0.25775614000901115,
            0.24984217469824313,
            0.2438842964120962,
            0.2474822823103154,
            0.248384322080944,
            0.24290074006997486,
            0.2414233742731044,
            0.24256682467388768,
            0.23220718267901608,
            0.2256984294323391,
            0.22314462275237018,
            0.21998182950088324,
            0.2183042289043837,
            0.21738114414217594,
            0.2087630939082992,
            0.2080813641414717,
            0.20223448886749698,
            0.19711870407540752,
            0.19085851097457432,
            0.18317612974702313,
            0.17588345821352006,
            0.16667746181027657,
            0.16260149381992373,
            0.15804074985910668
        ],
        "y_sigma": 0.023857817,
        "y_chi2": 0.0005709228,
        "y_quality": 0.83723956
    }
}