{
    "x": {
        "x_gains": [
            0.3591461745042418,
            0.3486933205981234,
            0.34462255955103677,
            0.3390302507538931,
            0.3347916522915501,
            0.32615600942121203,
            0.3178486982983334,
            0.30666090798369594,
            0.30589858427993905,
            0.29680065514589415,
            0.2852613477463341,
            0.28082032559544157,
            0.2761081136660898,
            0.27204544769485556,
            0.2720111859704029,
            0.2723297455704886,
            0.2699537094177239,
            0.26450014946903444,
            0.2616256565397741,
            0.2549123002271422,
            0.24035197142695763,
            0.23354385755132537,
            0.2188025809952454,
            0.2137806650994406
        ],
        "x_sigma": 0.033882048,
        "x_chi2": 0.0011542207,
        "x_quality": 0.84765625
    },
    "y": {
        "y_gains": [
            0.41720618379667973,
            0.4072745257970332,
            0.40028171827332076,
            0.3930201507719623,
            0.3890451877930848,
            0.3833358831558495,
            0.3777140406318325,
            0.3652444486131011,
            0.36039224371020934,
            0.35141624083510836,
            0.34495573131356694,
            0.33957686142282567,
            0.3305299217665423,
            0.3236673321267015,
            0.31826038365079856,
            0.31112916489945297,
            0.30539948115071347,
            0.30028607052794914,
            0.2927815299357403,
            0.283724243867797,
            0.266367035715531,
            0.26101516628623705,
            0.25299023068104615,
            0.24585452394450963
        ],
        "y_sigma": 0.026528556,
        "y_chi2": 0.00070633483,
        "y_quality": 0.83203125
    }
}