{
    "x": {
        "x_gains": [
            0.004491091717479252,
            0.004955159768225375,
            0.003764823096798157,
            0.006160904085566579,
            0.004587226875938403,
            0.005294074453639604,
            0.005226679249722738,
            0.005427627874234264,
            0.005448667531079608,
            0.006208885536090699,
            0.004612124694694641,
            0.0038100190394271434,
            0.004804617814273654,
            0.004086835277774634,
            0.007167042840855241,
            0.005162208729470477,
            0.005455690653610836,
            0.005169029059402637,
            0.003136076229232119,
            0.0034963975043134183,
            0.004285803063063449,
            0.005603230957447607,
            0.0043513415925858015,
            0.0037590586264662916
        ],
        "x_sigma": 1.6939293,
        "x_chi2": 2.8782086,
        "x_quality": 0.87369794
    },
    "y": {
        "y_gains": [
            0.005175437497845724,
            0.005397530845539399,
            0.003270078675476869,
            0.005044176646864406,
            0.0072328236531270865,
            0.004595641034478797,
            0.006572058381171893,
            0.00477775827390678,
            0.006307371456558137,
            0.005942488124531731,
            0.004604465585694699,
            0.0063969266094043645,
            0.003060012225360843,
            0.005474189034476771,
            0.0057831153619322265,
            0.006252707031350385,
            0.005464739180294587,
            0.00641724462510842,
            0.0035733373716810082,
            0.005022704634027659,
            0.0034600044419537024,
            0.005384872160173237,
            0.004970765684319098,
            0.003427576021322539
        ],
        "y_sigma": 1.679748,
        "y_chi2": 2.830459,
        "y_quality": 0.87369794
    }
}