{
    "x": {
        "x_gains": [
            0.2617541828252977,
            0.25748441536953315,
            0.2586801883284896,
            0.25711902808595993,
            0.2523094196567961,
            0.2469620579842216,
            0.24314696361719038,
            0.23938348029444262,
            0.22701902319526007,
            0.2198866352463324,
            0.2218867541041006,
            0.2239171757237059,
            0.22205551281233663,
            0.21581550398725619,
            0.2112224427055956,
            0.20710127061599956,
            0.20281094756458834,
            0.20001296884089964,
            0.1903024642627672,
            0.18217005155321375,
            0.17327109666569232,
            0.1654169799802115,
            0.16232920329963327,
            0.1596438970460978
        ],
        "x_sigma": 0.026189925,
        "x_chi2": 0.00068814337,
        "x_quality": 0.82682294
    },
    "y": {
        "y_gains": [
            0.27868000429167206,
            0.2710548789092144,
            0.2662615373121079,
            0.2643103225207064,
            0.27259912883315607,
            0.2736556869619758,
            0.2702877293965745,
            0.27706925013424005,
            0.27192211628499136,
            0.2609588358313183,
            0.25654107920469804,
            0.25108317280749154,
            0.2420579105154507,
            0.23281526504504624,
            0.226088690523696,
            0.22407006832366932,
            0.21981778204957,
            0.21649464002570223,
            0.21152292273913725,
            0.1995682142117315,
            0.18494881375125502,
            0.18119380772336433,
            0.17526424239297103,
            0.17359158205812958
        ],
        "y_sigma": 0.031826824,
        "y_chi2": 0.0010193847,
        "y_quality": 0.83723956
    }
}