{
    "x": {
        "x_gains": [
            1.0994977999818671,
            1.0830895389038724,
            1.069191212445728,
            1.0509445364020915,
            1.0471863861078412,
            1.0317304575291253,
            0.9919348751109356,
            0.9678063102132792,
            0.9471041391197481,
            0.9315916420206335,
            0.9050755004931756,
            0.8833699077920824,
            0.8830971843152756,
            0.8898056655528376,
            0.879439332801038,
            0.8774165697486948,
            0.8730657555585258,
            0.8598079670494073,
            0.8375204470148133,
            0.8133697159029721,
            0.7743468790607234,
            0.7591222967275453,
            0.7355879201163288,
            0.727860097137297
        ],
        "x_sigma": 0.027186297,
        "x_chi2": 0.00074396806,
        "x_quality": 0.8333333
    },
    "y": {
        "y_gains": [
            1.0808587163094987,
            1.0608336094152802,
            1.0614541624818836,
            1.0483037397187611,
            1.0641783169538908,
            1.058593533153731,
            1.0155637170769476,
            0.994212589097604,
            0.9706124749133073,
            0.9607368005812074,
            0.9326447679188107,
            0.9163362968870956,
            0.8952430455058308,
            0.9184597833555433,
            0.910890746397541,
            0.8873572708013848,
            0.8830519547149766,
            0.873494117977959,
            0.8590806977453428,
            0.8332522301162687,
            0.7897775615191309,
            0.7688004184119398,
            0.7387643545607913,
            0.7284958585738937
        ],
        "y_sigma": 0.024176968,
        "y_chi2": 0.0005863075,
        "y_quality": 0.84375
    }
}