{
    "x": {
        "x_gains": [
            1.5991843648000523,
            1.5826306664191854,
            1.5618772014659155,
            1.5449683509370888,
            1.5387491661902954,
            1.493476197275063,
            1.4641963721606488,
            1.443033801941244,
            1.4223162847391861,
            1.3963270454864705,
            1.3807160089464874,
            1.3453181448708533,
            1.352906370964627,
            1.3312361925846152,
            1.3199913883761822,
            1.2999997790000375,
            1.2953875627301144,
            1.262746111900545,
            1.2303057726918796,
            1.1966189770128297,
            1.1617018048547751,
            1.1419718080049392,
            1.0916686620550362,
            1.079880802325087
        ],
        "x_sigma": 0.028079698,
        "x_chi2": 0.0007962389,
        "x_quality": 0.8333333
    },
    "y": {
        "y_gains": [
            1.5330766656379722,
            1.5202149827219964,
            1.5047213793191034,
            1.4812071838548417,
            1.513979007227645,
            1.5026314081219032,
            1.4697479933346929,
            1.4552259711268614,
            1.4315079626556793,
            1.3862967065887772,
            1.357100690085701,
            1.3258157810791769,
            1.32471386180585,
            1.3086885639752535,
            1.2815798906786722,
            1.286065289676561,
            1.2695066037194513,
            1.2429181630365584,
            1.2029401396777102,
            1.174287380767263,
            1.1353456957341657,
            1.0995752593675372,
            1.0663356192192281,
            1.0397295854658446
        ],
        "y_sigma": 0.021312773,
        "y_chi2": 0.00045591715,
        "y_quality": 0.8333333
    }
}