{
    "x": {
        "x_gains": [
            1.5093509422666624,
            1.4591146588349173,
            1.4217072229977634,
            1.4085783293576444,
            1.382448407371049,
            1.3283498958640099,
            1.2968247259553232,
            1.2461237762285688,
            1.2699886691610938,
            1.2168090538089147,
            1.196593060238888,
            1.1681506073215007,
            1.1411738136670857,
            1.141610243531722,
            1.121351165358592,
            1.1173508326861545,
            1.1155145427957673,
            1.0620787132024243,
            1.0244802212516662,
            1.001197432128826,
            0.9667055959010136,
            0.9373762370437029,
            0.8828574422719383,
            0.8768269456636479
        ],
        "x_sigma": 0.02434649,
        "x_chi2": 0.0005951625,
        "x_quality": 0.83203125
    },
    "y": {
        "y_gains": [
            1.5189044980291,
            1.4556211744728937,
            1.4466133840380968,
            1.463989003451559,
            1.461135120808113,
            1.4451486252265,
            1.4126109429319305,
            1.341380723420038,
            1.3475247452706598,
            1.2760691353840445,
            1.2483430274867533,
            1.2228452836337054,
            1.2114837513982037,
            1.2006489747838502,
            1.1897500180544565,
            1.18691220398558,
            1.1813291169334492,
            1.1451155725068287,
            1.0960960085400786,
            1.0562891190073418,
            1.0084453262290378,
            0.9813612029447117,
            0.9212221485756295,
            0.9097409603589475
        ],
        "y_sigma": 0.026790906,
        "y_chi2": 0.0007212363,
        "y_quality": 0.8229167
    }
}