{
    "x": {
        "x_gains": [
            0.32397549553023963,
            0.3126270047206678,
            0.3110996336086285,
            0.3114004256345578,
            0.3075835461503889,
            0.3011032150807666,
            0.29204456015898905,
            0.2869369486470665,
            0.27372762026927844,
            0.26167795440690794,
            0.2547059341031939,
            0.24652666121744132,
            0.24381965927665536,
            0.24771792953886443,
            0.24730018065030898,
            0.23998605968976477,
            0.23831232927900511,
            0.2387603562304515,
            0.22931568507590816,
            0.21786000647131362,
            0.20985278113903638,
            0.20567896064662175,
            0.20049755473182249,
            0.1979444890017489
        ],
        "x_sigma": 0.027008772,
        "x_chi2": 0.00073204597,
        "x_quality": 0.8411458
    },
    "y": {
        "y_gains": [
            0.39008109590943413,
            0.38097280109451964,
            0.3817422893688246,
            0.3806655404042211,
            0.37500217501261507,
            0.36899982302768486,
            0.35810343122890387,
            0.34933465372516853,
            0.3380632437898458,
            0.3292322734677012,
            0.3278025718537501,
            0.3239069186096736,
            0.3134768329962203,
            0.3082399124943877,
            0.3027983961616791,
            0.2957129838167521,
            0.2949699105618785,
            0.2910659320511821,
            0.28323500830020193,
            0.27362492666167904,
            0.263020335101584,
            0.2573220341512657,
            0.2522690847364792,
            0.24854501746774382
        ],
        "y_sigma": 0.026120327,
        "y_chi2": 0.00068434566,
        "y_quality": 0.8359375
    }
}