{
    "x": {
        "x_gains": [
            1.435026794102786,
            1.4128484437474391,
            1.4188722207663016,
            1.3636007240719845,
            1.3341332084513498,
            1.2992232996262407,
            1.2413444157252518,
            1.2500537523113493,
            1.2431350199401965,
            1.2291889098643147,
            1.2024270268079904,
            1.1766189806526188,
            1.1331637364941047,
            1.1192057041885601,
            1.1046157861857082,
            1.0833601898324392,
            1.104152252879132,
            1.079308098750215,
            1.052407914570577,
            1.031421960603188,
            0.9898388096990345,
            0.9305175994841955,
            0.9045906528286006,
            0.8948914228236688
        ],
        "x_sigma": 0.032285206,
        "x_chi2": 0.0010470203,
        "x_quality": 0.83203125
    },
    "y": {
        "y_gains": [
            1.2511402579525914,
            1.222074677072877,
            1.1830734883961727,
            1.146590309867178,
            1.1601999442175865,
            1.1695658293284865,
            1.1427480006281,
            1.1386236749693965,
            1.1216640505348239,
            1.0878709245499505,
            1.0585295944233273,
            1.0160235550836916,
            0.9886758061835542,
            1.0030106367272005,
            0.9841865820922331,
            0.9663385625134079,
            0.9718853964403142,
            0.9572151624413274,
            0.9402946733058993,
            0.9160517364035479,
            0.8678529811921506,
            0.8197499401992419,
            0.7962902430158378,
            0.7873901049472902
        ],
        "y_sigma": 0.02916435,
        "y_chi2": 0.0008546572,
        "y_quality": 0.83723956
    }
}