{
    "x": {
        "x_gains": [
            0.8485816382207959,
            0.8082492504902637,
            0.7628204370274565,
            0.7634352969881638,
            0.7552886633966193,
            0.7112237942480771,
            0.7315460200970323,
            0.7341831797311994,
            0.724184383716917,
            0.728679794707584,
            0.7040296120487065,
            0.6525833097641995,
            0.6242969635818864,
            0.6260536874843917,
            0.6222084617364195,
            0.6157130082857115,
            0.6258219388889883,
            0.6202932150839431,
            0.609804324159051,
            0.567904706498897,
            0.5619467634114215,
            0.5318439150860133,
            0.5149511960153489,
            0.501213387489774
        ],
        "x_sigma": 0.041277107,
        "x_chi2": 0.0017089016,
        "x_quality": 0.8411458
    },
    "y": {
        "y_gains": [
            1.1394652348359224,
            1.1041378061146159,
            1.0599820074414128,
            1.0741876992618182,
            1.0843757075551492,
            1.0612345381709456,
            1.0751571742706243,
            1.0750916582831915,
            1.062145574634723,
            1.0296614576093526,
            1.0083212314619132,
            0.9131283475855927,
            0.8807582765075432,
            0.9176558078619611,
            0.905168976491947,
            0.8862497552842863,
            0.8985693159065998,
            0.8928642379390336,
            0.8682065119482146,
            0.8079194200560502,
            0.7941404505682909,
            0.7609413666522163,
            0.7324942660348855,
            0.7159124207153841
        ],
        "y_sigma": 0.03673106,
        "y_chi2": 0.0013532778,
        "y_quality": 0.8385417
    }
}