{
    "x": {
        "x_gains": [
            1.3728303960025376,
            1.273550495767737,
            1.2462256498412494,
            1.2314465036118203,
            1.2487751856881872,
            1.2494514907955407,
            1.2306114095890717,
            1.17239094360823,
            1.1856001838913308,
            1.150108835374146,
            1.0783940030250676,
            1.0497850040311745,
            1.0351867641517225,
            1.039780169676527,
            1.0656639195449316,
            0.9926090331392451,
            0.9841619796772518,
            0.995392328909478,
            1.0065981502148433,
            0.9601532558220812,
            0.8896654679907262,
            0.8476724186891423,
            0.8259787497143146,
            0.8115440518284494
        ],
        "x_sigma": 0.09185536,
        "x_chi2": 0.008463002,
        "x_quality": 0.8203125
    },
    "y": {
        "y_gains": [
            0.11287254996021243,
            0.10619778785759981,
            0.09780599632914534,
            0.10427312300818783,
            0.10906690643935378,
            0.0981696080244623,
            0.09297801228072182,
            0.10463144827921027,
            0.1127326957848456,
            0.11325184787377582,
            0.11276426022473016,
            0.09807000197512984,
            0.09833449876103448,
            0.10119328129232726,
            0.10712566729917232,
            0.10100079669428433,
            0.10394342650337016,
            0.10394377224006937,
            0.1061153085021389,
            0.10584082598180596,
            0.09146451332372713,
            0.08985424293981518,
            0.08281317001030361,
            0.08340822001353548
        ],
        "y_sigma": 0.16160025,
        "y_chi2": 0.026197568,
        "y_quality": 0.8359375
    }
}