{
    "x": {
        "x_gains": [
            1.3786605678399575,
            1.3474765368963668,
            1.2958547937685971,
            1.2622423943142744,
            1.2295783935533695,
            1.229153857859173,
            1.2343132212732453,
            1.201986643524417,
            1.1745606972680915,
            1.1447662728411208,
            1.124978040428651,
            1.0565769484916625,
            1.0345658485282003,
            1.0203143568127053,
            1.0106043114643681,
            0.9936181890950802,
            1.0012758256570522,
            0.9748388250228648,
            0.9501752788336864,
            0.9217750363778519,
            0.8805580272330181,
            0.8282581127260948,
            0.8005711594880252,
            0.7573003182706048
        ],
        "x_sigma": 0.04022179,
        "x_chi2": 0.0016259735,
        "x_quality": 0.83723956
    },
    "y": {
        "y_gains": [
            0.8296894066003285,
            0.778176991220685,
            0.7533424296920578,
            0.7376317594730358,
            0.7262040190309026,
            0.730247889948722,
            0.7274136074499374,
            0.7183577250501612,
            0.706065946700635,
            0.6970870336165342,
            0.6740749753372818,
            0.6273048749367363,
            0.6052724679409871,
            0.60443968199703,
            0.5926900571797732,
            0.5898317257273038,
            0.6036054682550906,
            0.5835269524388771,
            0.5869242090095801,
            0.5634976161796845,
            0.5211380362288909,
            0.5050085230288431,
            0.48357877696544066,
            0.4651585111355226
        ],
        "y_sigma": 0.038644053,
        "y_chi2": 0.0014994276,
        "y_quality": 0.8307292
    }
}