{
    "x": {
        "x_gains": [
            1.3020967272970647,
            1.259455202500875,
            1.212913649038584,
            1.1899181188784365,
            1.1907792296141841,
            1.1278235004943702,
            1.116950840368681,
            1.1130515309467284,
            1.105893566701943,
            1.0833062506770663,
            1.0424302902888987,
            1.012391776584573,
            0.9896137072582127,
            0.975618703234937,
            0.9564572822266325,
            0.9550285644268477,
            0.9771650214790644,
            0.9636187662056586,
            0.9342962688971931,
            0.8824728796228453,
            0.8499562102560475,
            0.8231438415052996,
            0.7851041252197113,
            0.7464762216717873
        ],
        "x_sigma": 0.030195655,
        "x_chi2": 0.0009156523,
        "x_quality": 0.8359375
    },
    "y": {
        "y_gains": [
            1.6039424906419981,
            1.5780634037470485,
            1.5528621609977673,
            1.5177708196417756,
            1.5223821383166383,
            1.4746709050674707,
            1.482782024103037,
            1.4569603000172648,
            1.4381073127181607,
            1.406410220889383,
            1.3532823389482371,
            1.3297593479987795,
            1.2880500116845457,
            1.2614674805099806,
            1.281505984825175,
            1.2311585950924244,
            1.2600458732300608,
            1.240908699571611,
            1.2295354127900184,
            1.1649203345930783,
            1.0918658830563597,
            1.0705247808823115,
            1.0388590418914714,
            0.9716533731529841
        ],
        "y_sigma": 0.030704554,
        "y_chi2": 0.0009476085,
        "y_quality": 0.83203125
    }
}