{
    "x": {
        "x_gains": [
            1.2160003268608879,
            1.1239070425476365,
            1.1052261502696419,
            1.064555610309199,
            1.0311207396707507,
            0.9884984254208581,
            0.9784824852124389,
            1.007473945464428,
            0.9647470804582664,
            0.9406583780867235,
            0.9473682914127601,
            0.9097305323579324,
            0.8510787508274613,
            0.8218964389117663,
            0.8086527134180068,
            0.8113931279221308,
            0.8227999850579523,
            0.8130766797168184,
            0.7899724686694944,
            0.7527962428240639,
            0.7111309848517011,
            0.667285418192109,
            0.6287121918422204,
            0.6342836128134931
        ],
        "x_sigma": 0.03345065,
        "x_chi2": 0.0011228761,
        "x_quality": 0.83723956
    },
    "y": {
        "y_gains": [
            1.0652183106340638,
            0.9868261667221099,
            0.9697604449260923,
            0.9467549736589097,
            0.9085327396132448,
            0.8818986855388282,
            0.8714852889361543,
            0.9087217202392956,
            0.8825476467617165,
            0.8691394146554635,
            0.8480743496605455,
            0.8179902225628697,
            0.7543115884663042,
            0.7268527385448916,
            0.7377605161490612,
            0.7131810986469242,
            0.7247566883083846,
            0.7275241596222927,
            0.7027387626976989,
            0.6716386283285487,
            0.6405042459346715,
            0.6073699115383945,
            0.5828679715448519,
            0.5764358888292662
        ],
        "y_sigma": 0.03670687,
        "y_chi2": 0.0013515062,
        "y_quality": 0.83723956
    }
}