{
    "x": {
        "x_gains": [
            1.886014347363784,
            1.8922127498051966,
            1.8504124365775765,
            1.867350515323385,
            1.847391086596642,
            1.836570901737947,
            1.7564286606300554,
            1.7294289399698786,
            1.694177999658623,
            1.6756686378673964,
            1.6198722296621155,
            1.5951347115190897,
            1.5735967089420766,
            1.6111797831738697,
            1.591435707835512,
            1.5937695087348929,
            1.558685118173271,
            1.5045105225465947,
            1.4286727827005556,
            1.393778418445063,
            1.3364293947645378,
            1.3018848298000396,
            1.2815186960249956,
            1.2481736099652185
        ],
        "x_sigma": 0.028300425,
        "x_chi2": 0.0008033092,
        "x_quality": 0.8307292
    },
    "y": {
        "y_gains": [
            1.2405089436042924,
            1.245259065252509,
            1.2330579380632531,
            1.2515500447303987,
            1.2647314336476991,
            1.2774318265292546,
            1.25290715178697,
            1.225620027690188,
            1.1678532055234785,
            1.1388904200637868,
            1.0965803853460234,
            1.0679165676085056,
            1.0545219927732343,
            1.0955310047544293,
            1.0878982632356966,
            1.1001748837995287,
            1.0502806087216352,
            0.9892946447898006,
            0.9656732142529504,
            0.9339476716591152,
            0.8908707397336278,
            0.8729633982160468,
            0.858103565377409,
            0.8434526565806598
        ],
        "y_sigma": 0.03158608,
        "y_chi2": 0.0010037724,
        "y_quality": 0.8411458
    }
}