{
    "x": {
        "x_gains": [
            0.3410829657027435,
            0.33537247624246536,
            0.32790807241469405,
            0.3202102218531693,
            0.31350757415488706,
            0.3013370445200171,
            0.29551910294585265,
            0.29951818007961495,
            0.29040260342449137,
            0.2827033576423354,
            0.275372134460358,
            0.2655948392160554,
            0.25913079756572527,
            0.25851149083576763,
            0.2581204499979002,
            0.25165817571981786,
            0.24459745374050657,
            0.23709183159367203,
            0.23022430754283899,
            0.22411511341109994,
            0.21792935296993032,
            0.21015690861204936,
            0.20164126309377706,
            0.19417343765624895
        ],
        "x_sigma": 0.02293954,
        "x_chi2": 0.0005296643,
        "x_quality": 0.83463544
    },
    "y": {
        "y_gains": [
            0.32185599158745687,
            0.317715478291105,
            0.31199939696756557,
            0.30701243102543596,
            0.30375752616225604,
            0.2998652525501141,
            0.2925907193617871,
            0.283727737586798,
            0.26720901546116793,
            0.251868359490702,
            0.24628206438552008,
            0.24433124632098224,
            0.24079648735716103,
            0.23908459291066364,
            0.2366593637531335,
            0.233320065198959,
            0.23129114814082394,
            0.2306374764496073,
            0.2291180387495883,
            0.21605115780303108,
            0.20333659078551772,
            0.1957061675428758,
            0.1885030980295658,
            0.17943399341118377
        ],
        "y_sigma": 0.033655766,
        "y_chi2": 0.0011362523,
        "y_quality": 0.828125
    }
}