{
    "x": {
        "x_gains": [
            0.22086707998259567,
            0.21414506992221993,
            0.21187495563868117,
            0.20789860868014112,
            0.20241494387428316,
            0.19699753301959375,
            0.19714857704268698,
            0.1961693616413569,
            0.1865721765659376,
            0.18149123361043415,
            0.17392432587366102,
            0.1713045841072446,
            0.16908873885231762,
            0.16852534675986006,
            0.16724417753611664,
            0.16709632702221647,
            0.16397738292752756,
            0.1606239817644236,
            0.15829241738164715,
            0.15304257203591431,
            0.14893838210618532,
            0.1467324624810596,
            0.13974659526286431,
            0.13702846108542435
        ],
        "x_sigma": 0.03233223,
        "x_chi2": 0.0010508114,
        "x_quality": 0.82682294
    },
    "y": {
        "y_gains": [
            0.20660476595047675,
            0.200590659255243,
            0.1962185814562099,
            0.1947620158133513,
            0.192468810910364,
            0.18957647856382925,
            0.19025397383475148,
            0.18686707537610503,
            0.1769532448650867,
            0.17354088128571582,
            0.16733166221433368,
            0.16144816941428042,
            0.1585870150696518,
            0.15806752960999998,
            0.1572655026670971,
            0.1550706152814338,
            0.151238774112943,
            0.1483023100472457,
            0.14586842988534887,
            0.1401542088729387,
            0.13316163826792768,
            0.1293331403510435,
            0.1225533450200203,
            0.1193017175033157
        ],
        "y_sigma": 0.02689956,
        "y_chi2": 0.00072638853,
        "y_quality": 0.83463544
    }
}