{
    "x": {
        "x_gains": [
            0.37623891713021806,
            0.364438074390849,
            0.3577892801465734,
            0.34973634076742227,
            0.3486258163901477,
            0.3441286490541624,
            0.33509012148290246,
            0.3233978297483121,
            0.30639674910598025,
            0.29628342662212065,
            0.2848318765607007,
            0.2809756948437616,
            0.28141942328717584,
            0.2812068373867752,
            0.28735696591503856,
            0.2808014319974467,
            0.27518185737021633,
            0.2719785898454074,
            0.25983169350087143,
            0.2561574749594541,
            0.2418080627223032,
            0.24173741515016725,
            0.2300698538090135,
            0.2241836799661393
        ],
        "x_sigma": 0.025319118,
        "x_chi2": 0.0006432683,
        "x_quality": 0.8359375
    },
    "y": {
        "y_gains": [
            0.43911017309371736,
            0.43376785594534806,
            0.429818430081307,
            0.42205917607295884,
            0.4214297890596405,
            0.41493391990605233,
            0.4066549737095526,
            0.3930134162203868,
            0.37656002700086016,
            0.364419202341029,
            0.3483364270833105,
            0.34295040577034636,
            0.33806950682014664,
            0.33974698634230704,
            0.341900972827933,
            0.3346968100415202,
            0.32451039332152415,
            0.3200321056208359,
            0.30861099990828084,
            0.29770771312753774,
            0.2853655689889812,
            0.27748888102053754,
            0.2692191513889285,
            0.2574057102934253
        ],
        "y_sigma": 0.024897955,
        "y_chi2": 0.0006218496,
        "y_quality": 0.82942706
    }
}