{
    "x": {
        "x_gains": [
            0.42919923054878745,
            0.406656478566357,
            0.3926541014212979,
            0.3919051827736039,
            0.3857904727190968,
            0.37018980001236435,
            0.35132553367226876,
            0.3295764257410262,
            0.31389716609557783,
            0.32086363141650254,
            0.33497999449225896,
            0.32498251756546753,
            0.3140635260062815,
            0.3142578306373416,
            0.30686368133311404,
            0.3047617747302142,
            0.300109563999625,
            0.2928668300551187,
            0.2843518665538965,
            0.27078495196031244,
            0.26239329448688076,
            0.2521797471671073,
            0.2417568002501119,
            0.23990926631547949
        ],
        "x_sigma": 0.03565568,
        "x_chi2": 0.0012762509,
        "x_quality": 0.83984375
    },
    "y": {
        "y_gains": [
            0.40577334312599667,
            0.39371535796994056,
            0.3948974510554226,
            0.3941081307384361,
            0.3990823818976551,
            0.41057201591229325,
            0.39789598966998346,
            0.38465723828181153,
            0.3661175087094779,
            0.3494641805505291,
            0.3381926659267913,
            0.32642172328734353,
            0.31499680246745815,
            0.3147227688956718,
            0.3084916998611448,
            0.3053340018112413,
            0.30013460436736666,
            0.2960308158606325,
            0.2898122306557581,
            0.27748410709776594,
            0.26812963917901705,
            0.2617928242796299,
            0.25238744006019137,
            0.24620277156861226
        ],
        "y_sigma": 0.035966627,
        "y_chi2": 0.0012978776,
        "y_quality": 0.85546875
    }
}