{
    "x": {
        "x_gains": [
            1.1585803359025626,
            1.1255605572965477,
            1.1319905510484725,
            1.1087144400631745,
            1.1077276922640307,
            1.0957152166026276,
            1.0736473787704484,
            1.0402694547552485,
            1.0184940803188913,
            0.9949657716850054,
            0.9907675327461054,
            0.9747822848136427,
            0.958973208206509,
            0.9495526420115323,
            0.937982122811125,
            0.9335548845785415,
            0.9414921030466872,
            0.9166166652275785,
            0.894695582512137,
            0.8516327204444909,
            0.8303702953294991,
            0.7961997703441382,
            0.7789866785488101,
            0.7543287722341234
        ],
        "x_sigma": 0.026934667,
        "x_chi2": 0.00073272735,
        "x_quality": 0.8177083
    },
    "y": {
        "y_gains": [
            1.2625177689907103,
            1.258236019786768,
            1.264762465593718,
            1.2502034706148426,
            1.2501608019331487,
            1.2257101930329308,
            1.211161751802557,
            1.1828287799748034,
            1.1537023404121047,
            1.1285683072739388,
            1.109531631193461,
            1.0932733840517432,
            1.0726975726570247,
            1.0660170500899024,
            1.0555865546140428,
            1.03770647608952,
            1.0329942495276117,
            1.0157571976250297,
            0.9959678242634694,
            0.9490153823056272,
            0.9162301746114817,
            0.8757088863434951,
            0.8636739098967011,
            0.8350181912888063
        ],
        "y_sigma": 0.023883441,
        "y_chi2": 0.0005725411,
        "y_quality": 0.82942706
    }
}