{
    "x": {
        "x_gains": [
            0.4330181538530821,
            0.4222423237717826,
            0.41574886639835346,
            0.4010752024026009,
            0.3935809156707233,
            0.38318532225483254,
            0.371896163913383,
            0.36601127102428216,
            0.3601606950582783,
            0.35288773681237356,
            0.3432857950020129,
            0.33243597781721207,
            0.32391374876524076,
            0.32367390074598096,
            0.3236751998346408,
            0.3201219434116599,
            0.31778398296906657,
            0.31404088083693654,
            0.31456953329897813,
            0.2979724731241493,
            0.29418026419329313,
            0.2799211182288831,
            0.2714805378452964,
            0.2623975908122638
        ],
        "x_sigma": 0.031365722,
        "x_chi2": 0.0009898236,
        "x_quality": 0.83203125
    },
    "y": {
        "y_gains": [
            0.4417089117069823,
            0.4287550030885367,
            0.42708056353792856,
            0.41985920609326555,
            0.4195522420997684,
            0.41044389260719133,
            0.40188595433104657,
            0.3952593854143437,
            0.3871469834107131,
            0.37755595945653087,
            0.3665769371859054,
            0.3548602187855193,
            0.3473955098574518,
            0.34057660300041176,
            0.34337289286649,
            0.3384192329335519,
            0.3359168925483824,
            0.3317878214227699,
            0.32569410217160777,
            0.31174058046220776,
            0.2992676919577793,
            0.2852112464156433,
            0.27503729849564224,
            0.27069157610251393
        ],
        "y_sigma": 0.025882889,
        "y_chi2": 0.0006720846,
        "y_quality": 0.83203125
    }
}