{
    "x": {
        "x_gains": [
            0.4087611243318084,
            0.4018966951873996,
            0.390886176095395,
            0.38678501050276015,
            0.3892772491738758,
            0.38535054452729395,
            0.3697865185449788,
            0.36153024618076735,
            0.35056001612015175,
            0.3416750331493117,
            0.3341441005789782,
            0.32747644977672163,
            0.31830914183855363,
            0.32505762621597556,
            0.31984463227142784,
            0.32699066274892613,
            0.32109966101829884,
            0.30725675941826464,
            0.29941274382077965,
            0.2869713267146458,
            0.27988579987639123,
            0.2724863205054948,
            0.2627054675286453,
            0.2522923599187669
        ],
        "x_sigma": 0.027699126,
        "x_chi2": 0.0007736604,
        "x_quality": 0.8229167
    },
    "y": {
        "y_gains": [
            0.4156167149405481,
            0.408388595797469,
            0.40391262077492257,
            0.3998218873456253,
            0.4006221501743348,
            0.39295463770957745,
            0.3812540291402367,
            0.37064361708140764,
            0.35853943225639445,
            0.3519718005824922,
            0.3444263651218432,
            0.335143555390516,
            0.3290376156460282,
            0.33114059756241443,
            0.3282955505644418,
            0.3249339742287716,
            0.3205700813161274,
            0.30698986764592345,
            0.29997321239213337,
            0.2885219754926549,
            0.2782622323242543,
            0.27437288647135893,
            0.2651486306558059,
            0.2548440372331216
        ],
        "y_sigma": 0.024517383,
        "y_chi2": 0.0006030164,
        "y_quality": 0.82682294
    }
}