{
    "x": {
        "x_gains": [
            0.3060023274537026,
            0.2999620098114574,
            0.2896398742348909,
            0.28643092771167955,
            0.28057346635246555,
            0.27602017332079537,
            0.2741225590448342,
            0.2653738642728387,
            0.25630648514357907,
            0.24894416555782786,
            0.24070577822645334,
            0.23764710355710186,
            0.23144322905890094,
            0.23514758473801878,
            0.2301606470681193,
            0.2321217237034232,
            0.22663993826328083,
            0.21796867018600335,
            0.21145654652551518,
            0.20444078922485825,
            0.1972203760203689,
            0.18874193253279953,
            0.17676197619394451,
            0.17139476258740277
        ],
        "x_sigma": 0.025847642,
        "x_chi2": 0.00067167106,
        "x_quality": 0.8385417
    },
    "y": {
        "y_gains": [
            0.34728123591557536,
            0.34283997734924837,
            0.3360612545569906,
            0.33369933476370217,
            0.33048288539848286,
            0.32416770751514756,
            0.31600402045595144,
            0.30133842474735784,
            0.2882647866575375,
            0.27714398796951206,
            0.26284607628634243,
            0.25809761923013097,
            0.2500096566229871,
            0.2492049738322317,
            0.24362476621158372,
            0.24253166190213216,
            0.24063609746002582,
            0.23415008786482047,
            0.2267736191527556,
            0.22161111725466376,
            0.2128435094702059,
            0.20309042702808638,
            0.19352444000800417,
            0.18737353457500777
        ],
        "y_sigma": 0.03741721,
        "y_chi2": 0.0014047297,
        "y_quality": 0.84765625
    }
}