{
    "x": {
        "x_gains": [
            1.163384970950859,
            1.1501875179465197,
            1.1062356846188437,
            1.1067229545961375,
            1.0862265774790645,
            1.0697073740598744,
            1.0464821852523787,
            1.0167337394052658,
            0.992952322301997,
            0.9497422969251523,
            0.9210818880483913,
            0.9053129558250733,
            0.9030542377987439,
            0.9042143168773863,
            0.8934006814503038,
            0.894780761712546,
            0.8747926741362297,
            0.8480685958587623,
            0.8138075802432585,
            0.7714218446300862,
            0.7557539325655881,
            0.7188779580300357,
            0.703256541938493,
            0.6830105163812218
        ],
        "x_sigma": 0.028046867,
        "x_chi2": 0.0007921671,
        "x_quality": 0.8385417
    },
    "y": {
        "y_gains": [
            1.1105668099779098,
            1.103235529444275,
            1.075331660511558,
            1.08020558904853,
            1.0519659613269963,
            1.0493360011651827,
            1.029771412371653,
            0.9966016879044146,
            0.9733312114712923,
            0.9271702227044332,
            0.895195361169254,
            0.8815508595341268,
            0.8777706171201435,
            0.8724467192426325,
            0.8571121970151239,
            0.848065071693725,
            0.821587980036398,
            0.796591671012738,
            0.7601174290213746,
            0.7191800944182778,
            0.7013752495756154,
            0.6656057354979986,
            0.6542444830506845,
            0.6313371651711236
        ],
        "y_sigma": 0.023684004,
        "y_chi2": 0.0005626868,
        "y_quality": 0.83723956
    }
}