{
    "x": {
        "x_gains": [
            0.3514239840402906,
            0.34207658273703684,
            0.3305599354747006,
            0.32320468041747447,
            0.3091568168274303,
            0.3072034760687724,
            0.29789569164483315,
            0.29390579284790835,
            0.28465109759897655,
            0.2801501593648189,
            0.2677947681953758,
            0.2645028919423691,
            0.2598863496202203,
            0.25838323101099003,
            0.25557595165239055,
            0.2520030652644846,
            0.24288501148336045,
            0.24134561766437537,
            0.23496729748650316,
            0.2291036822460225,
            0.22335697492460585,
            0.21446672420093985,
            0.2083228954882573,
            0.20007763012048677
        ],
        "x_sigma": 0.030285899,
        "x_chi2": 0.0009217193,
        "x_quality": 0.83203125
    },
    "y": {
        "y_gains": [
            0.28176661468542236,
            0.2782891882730161,
            0.27355503783744894,
            0.2724348906492663,
            0.2666831441291986,
            0.2643579825827214,
            0.2576876935959326,
            0.24795191716422352,
            0.23867419349603278,
            0.23080077946039237,
            0.2233893072474193,
            0.21768165381633814,
            0.21643346862228735,
            0.21628750457772503,
            0.2161740704520375,
            0.2125464241242742,
            0.20407924617534573,
            0.20245885059291996,
            0.19794299617801767,
            0.18833047855716253,
            0.17990458580387306,
            0.17239988221640046,
            0.16439286673048398,
            0.15704767951845414
        ],
        "y_sigma": 0.031244058,
        "y_chi2": 0.0009791289,
        "y_quality": 0.8359375
    }
}