{
    "x": {
        "x_gains": [
            0.3034527828683668,
            0.2926320745120858,
            0.28960096230924565,
            0.2880786376323347,
            0.28411911921368327,
            0.2754034329809051,
            0.2695422875460951,
            0.25504421994942117,
            0.24575505451178875,
            0.24045419103599763,
            0.23512361153629296,
            0.23126098056043326,
            0.2264880491315995,
            0.2270741921778845,
            0.22881384049158368,
            0.2254798041121654,
            0.21981082421035986,
            0.21679713879808102,
            0.20669705058191007,
            0.19742818204378837,
            0.1913069362921119,
            0.18352433077485736,
            0.17522301991723271,
            0.17157962032175295
        ],
        "x_sigma": 0.02615705,
        "x_chi2": 0.0006874219,
        "x_quality": 0.8229167
    },
    "y": {
        "y_gains": [
            0.3387401569308624,
            0.331541077525079,
            0.32635586666117516,
            0.3218057887261971,
            0.32349952992283304,
            0.31471004143126224,
            0.30618034205855454,
            0.29332553009203144,
            0.2834668551985823,
            0.2758734996412817,
            0.2668112997360276,
            0.25930532052769567,
            0.2527966067010364,
            0.2507339609873001,
            0.252059146787854,
            0.24783694113699162,
            0.241038519281093,
            0.23506321919501802,
            0.2280517312547178,
            0.21653167360361975,
            0.20691413942598916,
            0.1990201164956291,
            0.19096485681378653,
            0.1854747765710562
        ],
        "y_sigma": 0.025851449,
        "y_chi2": 0.0006704868,
        "y_quality": 0.82161456
    }
}