{
    "x": {
        "x_gains": [
            0.3414011780320769,
            0.33959751513781394,
            0.33703444336975397,
            0.33047660542891105,
            0.33002161047509715,
            0.32715650938399377,
            0.33327745381357726,
            0.3381369405241129,
            0.34270616414610855,
            0.3438104289805237,
            0.34266906649236234,
            0.34279991290139816,
            0.33696869766349613,
            0.32661849261646236,
            0.319577002765907,
            0.3159873150052264,
            0.313143039231061,
            0.31018810023529936,
            0.3057055041053192,
            0.2989784653285885,
            0.2913659102759075,
            0.28768716207546724,
            0.2813729186387977,
            0.2659885519059237
        ],
        "x_sigma": 0.021628415,
        "x_chi2": 0.00046919516,
        "x_quality": 0.8307292
    },
    "y": {
        "y_gains": [
            0.32990830231727925,
            0.3299203621733768,
            0.32394636122066617,
            0.3175717397735866,
            0.31589228831110083,
            0.31395679879099003,
            0.3168810187192392,
            0.31923134200546555,
            0.3222087538963093,
            0.32083785393869535,
            0.318230971848429,
            0.31846819346687977,
            0.3110922685980602,
            0.3043969438425079,
            0.2960489046738217,
            0.2909987650885406,
            0.28855494425190614,
            0.28723112868506046,
            0.28821952274536244,
            0.2839219916378159,
            0.27928309816113867,
            0.2738339602305463,
            0.26732092572167293,
            0.25387585282928515
        ],
        "y_sigma": 0.022596696,
        "y_chi2": 0.000512168,
        "y_quality": 0.8359375
    }
}