{
    "x": {
        "x_gains": [
            0.4019765347001822,
            0.4054888593963325,
            0.3997830617193886,
            0.3893146520438007,
            0.38379777725820086,
            0.37602636396043,
            0.37286219460721953,
            0.38352371386569006,
            0.3892799010855343,
            0.3867110910055718,
            0.3894154694672181,
            0.3794234561933044,
            0.36657946352195253,
            0.35881269453478754,
            0.345770382809652,
            0.3393888678958019,
            0.3390877082570739,
            0.343250645397026,
            0.3467612705388434,
            0.3374481536220571,
            0.3297293149837211,
            0.31930157251234936,
            0.30866341026768834,
            0.293990089946856
        ],
        "x_sigma": 0.023646457,
        "x_chi2": 0.0005609115,
        "x_quality": 0.8255208
    },
    "y": {
        "y_gains": [
            0.43231773970451515,
            0.4385521551439646,
            0.4345333943476156,
            0.4284081561030212,
            0.42421246970009413,
            0.4146112830573204,
            0.41362167010255296,
            0.4258451557175206,
            0.4281952162544274,
            0.4209908035400949,
            0.42283258763987613,
            0.4104706464641771,
            0.4022663039940941,
            0.3983863123386934,
            0.38663733429642116,
            0.37909527623402806,
            0.37659713905179015,
            0.37852072058383945,
            0.3828739413966254,
            0.37672061016985164,
            0.36801608966344007,
            0.35984633122271464,
            0.35140600353261425,
            0.3374462405957951
        ],
        "y_sigma": 0.025385408,
        "y_chi2": 0.0006467011,
        "y_quality": 0.8333333
    }
}