{
    "x": {
        "x_gains": [
            0.4721204160117373,
            0.4715043293763275,
            0.46930554043348816,
            0.45908159808140614,
            0.4573383993622508,
            0.4444370569129206,
            0.4478634138406634,
            0.4490902128377736,
            0.4469373617287537,
            0.452716951356967,
            0.4449469378529263,
            0.4381759192185886,
            0.4182205301948949,
            0.4046074429804938,
            0.39317034797305744,
            0.38249796415458576,
            0.3881790775669526,
            0.389996800466249,
            0.39237962666098714,
            0.3867331950891072,
            0.3834404787453766,
            0.3727271378678174,
            0.3555721173146198,
            0.3427235824978332
        ],
        "x_sigma": 0.024402805,
        "x_chi2": 0.00059748645,
        "x_quality": 0.84244794
    },
    "y": {
        "y_gains": [
            0.5361975433251637,
            0.5348192180012448,
            0.5381059456348335,
            0.5310768938268419,
            0.529968612078981,
            0.5201336993271447,
            0.5209635742268901,
            0.5193745670688374,
            0.5186108696689395,
            0.5235510267228297,
            0.5197519514996585,
            0.508480229881878,
            0.49106757895237213,
            0.4745631989811698,
            0.46208115808628164,
            0.45324497111107204,
            0.4568337764620965,
            0.45710106504548154,
            0.46228097012065444,
            0.45459568736890876,
            0.45191367364240614,
            0.4417960245426527,
            0.42762811150231955,
            0.41138470982588676
        ],
        "y_sigma": 0.026594425,
        "y_chi2": 0.00070972054,
        "y_quality": 0.83723956
    }
}