{
    "x": {
        "x_gains": [
            0.5055341327041253,
            0.5079488664130546,
            0.49758843763699234,
            0.4831901995111661,
            0.4760602397106125,
            0.4754630629863036,
            0.48245755386686834,
            0.48758548836367477,
            0.4950200733114828,
            0.48993732427785447,
            0.48594961722963526,
            0.4773314119152899,
            0.46423860898885716,
            0.44966762367928126,
            0.44059338412023896,
            0.43781489562733683,
            0.43912874222769577,
            0.43820529690293153,
            0.4432883484317345,
            0.4398796084701986,
            0.43210311847092187,
            0.42558542999768695,
            0.41357597891159537,
            0.3950827994777006
        ],
        "x_sigma": 0.020664847,
        "x_chi2": 0.0004284091,
        "x_quality": 0.84505206
    },
    "y": {
        "y_gains": [
            0.5878451032855604,
            0.5908752203299837,
            0.5841771870162648,
            0.5693345589208605,
            0.5652912847064118,
            0.5630474017220467,
            0.5693587085122543,
            0.5742178922620235,
            0.5772171690707185,
            0.5722964999490656,
            0.5663780649478187,
            0.5587597634188811,
            0.5447349703672347,
            0.5277616341357914,
            0.5181288088944064,
            0.5141799518768699,
            0.5128525200777916,
            0.5129753261433001,
            0.5157995594659123,
            0.5153484422846076,
            0.510001954327489,
            0.500406304899263,
            0.4897744402588321,
            0.4735762226850114
        ],
        "y_sigma": 0.023589052,
        "y_chi2": 0.00055843085,
        "y_quality": 0.83984375
    }
}