{
    "x": {
        "x_gains": [
            0.37559842218614803,
            0.36861671050133715,
            0.36846404656796006,
            0.37100737629445396,
            0.366981702108842,
            0.3673809372571038,
            0.37153099190786926,
            0.375955707605411,
            0.3783757645176916,
            0.37584847323021126,
            0.3688987920999291,
            0.3701176348580046,
            0.3611571576454966,
            0.35387564965376456,
            0.34910050415000204,
            0.3457640105305887,
            0.3459098307158798,
            0.3446771168172791,
            0.3344575790395168,
            0.3278663155262143,
            0.31957284615092085,
            0.30839472649952004,
            0.30315057112961297,
            0.2962975253823275
        ],
        "x_sigma": 0.023745324,
        "x_chi2": 0.00056553684,
        "x_quality": 0.82942706
    },
    "y": {
        "y_gains": [
            0.3872326603797637,
            0.38208962523503287,
            0.3800771320930327,
            0.3816326320324876,
            0.37677434814740995,
            0.3771903206174304,
            0.3793311844980394,
            0.3846983018955316,
            0.38661395571994384,
            0.3828737948042265,
            0.37575406325413835,
            0.3744958443319642,
            0.3666709591613619,
            0.3583530281171311,
            0.3528555363562938,
            0.3503771985731239,
            0.3490193080971432,
            0.34986100022461075,
            0.34042469751223076,
            0.3387193090668046,
            0.329654738087992,
            0.3216139048871259,
            0.31522548883041035,
            0.30607113833947164
        ],
        "y_sigma": 0.023093361,
        "y_chi2": 0.0005349382,
        "y_quality": 0.82421875
    }
}