{
    "x": {
        "x_gains": [
            0.4877038163018707,
            0.48255258737459067,
            0.4732672620684335,
            0.4731326648378828,
            0.4567647081661765,
            0.45059701626371357,
            0.4527634803874406,
            0.4596723262596044,
            0.46389573702084674,
            0.4619172336700709,
            0.45096158086927174,
            0.454356029386294,
            0.4380551856666241,
            0.4298109850317895,
            0.4187853365832192,
            0.4185934698497798,
            0.4133991084386788,
            0.4140019260197602,
            0.40228559364601174,
            0.3975701624865278,
            0.3946857770362421,
            0.39444468834274343,
            0.37906662198229324,
            0.36703791083195675
        ],
        "x_sigma": 0.02461849,
        "x_chi2": 0.000608221,
        "x_quality": 0.8333333
    },
    "y": {
        "y_gains": [
            0.5466654691048457,
            0.5430365714495482,
            0.5347991107360387,
            0.5316791165534731,
            0.5157755363433754,
            0.5116511145193897,
            0.5169680280089142,
            0.5241723933811074,
            0.5264902794362953,
            0.5239542175092191,
            0.512619907563353,
            0.5127919805487746,
            0.49512541601056353,
            0.4874409380001449,
            0.46954787188461444,
            0.4716086855228396,
            0.4650982159530083,
            0.4715087757449096,
            0.46043786628120037,
            0.459668332749861,
            0.46302176243955423,
            0.4593772681752616,
            0.44396854962311955,
            0.42278324807627277
        ],
        "y_sigma": 0.02774214,
        "y_chi2": 0.00077230553,
        "y_quality": 0.8203125
    }
}