{
    "x": {
        "x_gains": [
            0.3942362191674259,
            0.3899420530511484,
            0.380108655579632,
            0.3728169470653993,
            0.3726825203326266,
            0.3748662664594406,
            0.3798958507927135,
            0.3823772423748625,
            0.3857643987140466,
            0.38072657021060535,
            0.3798599760156411,
            0.3761802655832675,
            0.3632132400233677,
            0.3568318781610398,
            0.34977658720045746,
            0.34245699262419554,
            0.3394778138687958,
            0.34025030445597243,
            0.3349281271033486,
            0.3338244335850614,
            0.3217964997551129,
            0.30612401083679,
            0.29712196081002934,
            0.2866125622400675
        ],
        "x_sigma": 0.024870506,
        "x_chi2": 0.00062044314,
        "x_quality": 0.84375
    },
    "y": {
        "y_gains": [
            0.3973583616120034,
            0.3913446920608411,
            0.38471424137871735,
            0.3773154338916193,
            0.3753357284256835,
            0.37625229462165033,
            0.3817128984605519,
            0.3888118609391051,
            0.39016944668900255,
            0.38590306894432314,
            0.3869971736048423,
            0.382380722260592,
            0.3700292445212822,
            0.3625129951845949,
            0.3565363887456009,
            0.3478920714944647,
            0.346573540045966,
            0.3469232418450488,
            0.3458552294279084,
            0.346708539812715,
            0.3393019141344254,
            0.32465316815066714,
            0.31549043524492565,
            0.30720679806864
        ],
        "y_sigma": 0.021909902,
        "y_chi2": 0.00048150442,
        "y_quality": 0.83203125
    }
}