{
    "x": {
        "x_gains": [
            0.4169188852206049,
            0.41389520711419636,
            0.41160165109886326,
            0.41047128671255184,
            0.39883298278573037,
            0.4049355652355852,
            0.4110941146533264,
            0.4146541255908562,
            0.4195892632310446,
            0.41651567973276354,
            0.4108083175374112,
            0.4080101532510616,
            0.39360942042744723,
            0.3824654287586618,
            0.38184385908205115,
            0.3785596245415359,
            0.3768242107143709,
            0.3818999292339431,
            0.3757743252718342,
            0.3729538632202149,
            0.37270493889204365,
            0.356263941276017,
            0.34578001938511943,
            0.33219768233649777
        ],
        "x_sigma": 0.023587694,
        "x_chi2": 0.0005581593,
        "x_quality": 0.83203125
    },
    "y": {
        "y_gains": [
            0.37744218302896143,
            0.37915269836529836,
            0.3748403273915394,
            0.37309996974905446,
            0.36382896807699144,
            0.36698360104420047,
            0.3709160015462746,
            0.3750915223314489,
            0.37744822353993596,
            0.36966560973107754,
            0.3671301476740635,
            0.36512041214792124,
            0.3533297851956304,
            0.3456373788299041,
            0.33893625466558464,
            0.3394081163681092,
            0.3359225685042695,
            0.33825482833398335,
            0.34035749517577285,
            0.34134005600298034,
            0.34799996589600335,
            0.33708160209627,
            0.33247823256699427,
            0.3197872723898099
        ],
        "y_sigma": 0.029419087,
        "y_chi2": 0.000868369,
        "y_quality": 0.8307292
    }
}