{
    "x": {
        "x_gains": [
            0.3298314251376007,
            0.32791895417463784,
            0.3171841557886775,
            0.31530802488246973,
            0.318864434466822,
            0.3229022975144273,
            0.3246595027950099,
            0.32683452299465526,
            0.3322721005471325,
            0.3343809153028858,
            0.32657177361783396,
            0.32718209188451,
            0.3211977025499211,
            0.31623067206038136,
            0.3092914204694072,
            0.30822451184403543,
            0.30183297734145875,
            0.29852920630636975,
            0.29463163194074415,
            0.29114028382043483,
            0.274592881728727,
            0.267282999881754,
            0.26027247977962625,
            0.24957891669123147
        ],
        "x_sigma": 0.023980785,
        "x_chi2": 0.0005769015,
        "x_quality": 0.84505206
    },
    "y": {
        "y_gains": [
            0.34171416949241507,
            0.33949036453355025,
            0.3319463508307787,
            0.3265784926508409,
            0.3255776822489448,
            0.32558981979612805,
            0.33019196403232143,
            0.33308447481937997,
            0.34229958573192637,
            0.3457460068237815,
            0.33961559929162977,
            0.3347374901570441,
            0.32708794874872016,
            0.3159468717642104,
            0.30594582770201795,
            0.3036061242455843,
            0.2984580433801006,
            0.29531849021256934,
            0.29579079639838024,
            0.29706724521106803,
            0.2836156916620957,
            0.28216177226034883,
            0.2700586610621213,
            0.25865911837281064
        ],
        "y_sigma": 0.021378908,
        "y_chi2": 0.0004584456,
        "y_quality": 0.82942706
    }
}