{
    "x": {
        "x_gains": [
            0.5126517320964072,
            0.5102717707450989,
            0.5049889117059713,
            0.496408484613819,
            0.4917428991096011,
            0.48762714390150086,
            0.4831146128546556,
            0.48450180472077237,
            0.49104320016389064,
            0.48603769241746203,
            0.4829541804948522,
            0.4728546442932024,
            0.46460126316720635,
            0.4533798561516393,
            0.44498467561774113,
            0.4441724529752403,
            0.4432227256247446,
            0.4409438791764385,
            0.44454228326163164,
            0.44314528034987916,
            0.4283694890747146,
            0.4133679901056238,
            0.4065322744143262,
            0.39170021709592834
        ],
        "x_sigma": 0.021843411,
        "x_chi2": 0.00047858275,
        "x_quality": 0.84244794
    },
    "y": {
        "y_gains": [
            0.511903103704351,
            0.509378239168059,
            0.5045756178465368,
            0.4965587978748475,
            0.4925042333201375,
            0.48651288967249895,
            0.48124401964072344,
            0.48189914525548605,
            0.48867347727634125,
            0.4846058177509948,
            0.47958470266755565,
            0.4725337847480081,
            0.4637228888470611,
            0.4474661735708758,
            0.4420593671584194,
            0.43698409657558285,
            0.43423256818949424,
            0.4339917248193878,
            0.4376338311607804,
            0.44293884609115325,
            0.4351274945315352,
            0.4212164892271145,
            0.4142568654376052,
            0.3990243057675372
        ],
        "y_sigma": 0.023097245,
        "y_chi2": 0.00053518004,
        "y_quality": 0.82942706
    }
}