{
    "x": {
        "x_gains": [
            0.48617401325028375,
            0.49273404522234227,
            0.4770758608344906,
            0.46796871161194165,
            0.45678231755451904,
            0.45515778659135203,
            0.46505519461071715,
            0.4665820628964752,
            0.4663593545064211,
            0.4646230223030666,
            0.4579751471542844,
            0.4438099934027644,
            0.43220422859973173,
            0.4268673193496437,
            0.41998406832435214,
            0.41946164446917594,
            0.42218586732809116,
            0.41580401194322175,
            0.42409090812706607,
            0.42292114170099726,
            0.4088336690879841,
            0.3983280102105809,
            0.3735245360610486,
            0.36382666482715903
        ],
        "x_sigma": 0.02484004,
        "x_chi2": 0.0006190783,
        "x_quality": 0.83984375
    },
    "y": {
        "y_gains": [
            0.46063553793041156,
            0.46338378408836467,
            0.4502113111810159,
            0.44127970408136064,
            0.4328033238256542,
            0.4311814375701236,
            0.4387111333742387,
            0.43883319169260687,
            0.44251204351840445,
            0.43825682296847907,
            0.42975686376505434,
            0.415603069145545,
            0.4026928392313673,
            0.39266600426529524,
            0.38320866980491575,
            0.3848620812094399,
            0.38725962311118955,
            0.38448839992730094,
            0.3948123239877308,
            0.39609952872078075,
            0.3846945429155615,
            0.37646538681234976,
            0.3570794372842281,
            0.34534512756012975
        ],
        "y_sigma": 0.031971674,
        "y_chi2": 0.0010257352,
        "y_quality": 0.85026044
    }
}