{
    "x": {
        "x_gains": [
            0.505070962975369,
            0.49737233223158733,
            0.48186563726031817,
            0.4699329166062216,
            0.475411164099383,
            0.4724239078622204,
            0.47357954196996876,
            0.4824800865993858,
            0.48225843554399,
            0.481362764943871,
            0.4714257314252722,
            0.46957571955435384,
            0.45755018662099467,
            0.4509625570298524,
            0.4355638587577911,
            0.43106670127844904,
            0.43729840543509446,
            0.43454225015189424,
            0.4321681791112375,
            0.4302061134697878,
            0.4228767885045174,
            0.41156248586540084,
            0.4043573385054411,
            0.39079038371160674
        ],
        "x_sigma": 0.022225318,
        "x_chi2": 0.0004954922,
        "x_quality": 0.83463544
    },
    "y": {
        "y_gains": [
            0.5005271050943749,
            0.4919303741425653,
            0.4788447812191714,
            0.4678419480190168,
            0.46964066618528494,
            0.4669842159335015,
            0.46708315537465117,
            0.4723179636974523,
            0.4720182841002529,
            0.47053270136399905,
            0.4580503097725538,
            0.45089443929923784,
            0.4354074562568987,
            0.42700435309587764,
            0.4121179491461287,
            0.4086155777333931,
            0.40880395287258975,
            0.409233050610588,
            0.41120793276026574,
            0.40729809764906727,
            0.40236987810808095,
            0.3959691136171996,
            0.38580648795338535,
            0.3665914506547928
        ],
        "y_sigma": 0.026184503,
        "y_chi2": 0.00068801426,
        "y_quality": 0.82682294
    }
}