{
    "x": {
        "x_gains": [
            0.3416609780113828,
            0.33821730394134775,
            0.33127934617383126,
            0.3285120899019326,
            0.3227154985989952,
            0.32354709075838856,
            0.3262949340753715,
            0.329696886573391,
            0.3334464828398437,
            0.3436161615050938,
            0.33685836523915413,
            0.33010072297339943,
            0.32493445990710057,
            0.3191536148263961,
            0.3128626273390001,
            0.3095103907745104,
            0.30415316277316146,
            0.3020008462063711,
            0.2986946149243959,
            0.2935617878135985,
            0.28542246978118146,
            0.28169363225910404,
            0.2727133395548337,
            0.26116394922095315
        ],
        "x_sigma": 0.020357322,
        "x_chi2": 0.00041567194,
        "x_quality": 0.82942706
    },
    "y": {
        "y_gains": [
            0.33924467173837447,
            0.3424665274928361,
            0.35106627604692353,
            0.35340489358342525,
            0.348247326923168,
            0.343573353907422,
            0.34283280760493673,
            0.35432639257535975,
            0.3622717190046657,
            0.3777743845243061,
            0.3610441975864917,
            0.34090134315129206,
            0.336353428342862,
            0.33304594798481724,
            0.3248061962628449,
            0.3187790913814056,
            0.31732640571710485,
            0.31962132288452877,
            0.3234067930303249,
            0.327068018373373,
            0.3232511514690892,
            0.31468193570550856,
            0.2979675987649362,
            0.2824245241641011
        ],
        "y_sigma": 0.02973322,
        "y_chi2": 0.0008867932,
        "y_quality": 0.8489583
    }
}