{
    "x": {
        "x_gains": [
            0.6529300628327658,
            0.6099585368485406,
            0.5830427496855797,
            0.5621725766370521,
            0.5681286529607144,
            0.5584149503317822,
            0.537575448714227,
            0.5338548027046152,
            0.5330232985549845,
            0.5256523056003732,
            0.49785335590003027,
            0.48414153258003817,
            0.45400549755256986,
            0.41994450853264254,
            0.4220669606700701,
            0.40873870266662765,
            0.39710784766116974,
            0.4000281139758502,
            0.3825021485145682,
            0.37060961946916104,
            0.35341650920194095,
            0.3371434817252387,
            0.32037248298958276,
            0.31638737254967475
        ],
        "x_sigma": 0.028656986,
        "x_chi2": 0.0008243098,
        "x_quality": 0.84244794
    },
    "y": {
        "y_gains": [
            0.7119779901972023,
            0.6656334703939212,
            0.6422044979489272,
            0.620892794166588,
            0.6168588130464405,
            0.610126451757759,
            0.5962944592676621,
            0.5830444833788594,
            0.5813653679603848,
            0.5790455013954997,
            0.5534439516518005,
            0.5353485566119589,
            0.5029907072969818,
            0.46653497939315,
            0.4679603899607522,
            0.45159518321352066,
            0.4355396144185215,
            0.43986418753345713,
            0.41702669971742273,
            0.40518702602487905,
            0.3854493784705862,
            0.3765259845100222,
            0.3496146058354034,
            0.3496267559566784
        ],
        "y_sigma": 0.032970738,
        "y_chi2": 0.0010913057,
        "y_quality": 0.83984375
    }
}