{
    "x": {
        "x_gains": [
            2.1721976212394183,
            2.0612268896529398,
            1.9728631100916407,
            1.8841134567904954,
            1.8714763609142162,
            1.8671765303378842,
            1.860179738751149,
            1.836083633609511,
            1.8023096959215175,
            1.7844820371361418,
            1.7191526846546197,
            1.6265195555632905,
            1.5294577384061367,
            1.471168914318534,
            1.4398298697025957,
            1.419749188244204,
            1.3909381271218413,
            1.3889225316791005,
            1.343862947481164,
            1.3303168133527197,
            1.265846243024048,
            1.2185051451989009,
            1.1507368628427528,
            1.1210298587423906
        ],
        "x_sigma": 0.029452672,
        "x_chi2": 0.000870824,
        "x_quality": 0.8385417
    },
    "y": {
        "y_gains": [
            2.1016333053395777,
            1.9990634387789321,
            1.9064726462164432,
            1.822215640379329,
            1.7984931253409604,
            1.7792342193712167,
            1.7741016184472649,
            1.7507116205059452,
            1.74297893226505,
            1.7433534432058597,
            1.671632809137145,
            1.577177484750468,
            1.4803682445615711,
            1.4071168565380903,
            1.3825568935295978,
            1.3490152761815366,
            1.3474736136369505,
            1.353751424569546,
            1.321213629317424,
            1.3092433088207636,
            1.2413053388195057,
            1.2051326842046814,
            1.126210921691694,
            1.0902159118102543
        ],
        "y_sigma": 0.029784452,
        "y_chi2": 0.00089039904,
        "y_quality": 0.8359375
    }
}