{
    "x": {
        "x_gains": [
            2.3007809034448767,
            2.210302502884666,
            2.122285811328749,
            2.0466513713587515,
            2.001198637936178,
            1.9742003600151774,
            1.9811183571615645,
            1.9426553020813453,
            1.933107296385905,
            1.8968597676232972,
            1.8047511879774696,
            1.7197793282352767,
            1.6353095247638436,
            1.5717238085194032,
            1.5117116839289024,
            1.5172204521316948,
            1.4809651621753854,
            1.4782456564892656,
            1.4227994766317493,
            1.4219314757855663,
            1.3570621991817187,
            1.2942281436898677,
            1.2125361199353428,
            1.2037225118679518
        ],
        "x_sigma": 0.028086247,
        "x_chi2": 0.00079219334,
        "x_quality": 0.83984375
    },
    "y": {
        "y_gains": [
            2.115741199151334,
            2.010044716057767,
            1.9327918037257656,
            1.859370768478868,
            1.80606587451895,
            1.767432406756894,
            1.761734251196878,
            1.7313839519822132,
            1.7550932366955598,
            1.7187875528224235,
            1.645350953111496,
            1.5834521898937937,
            1.4825010029119283,
            1.4148565369428097,
            1.3630847480221981,
            1.3629366815054127,
            1.3242175082874497,
            1.3139947297773782,
            1.2742658444763635,
            1.2814342221873674,
            1.2259885544160536,
            1.1883342180481586,
            1.1094993044881711,
            1.097845598775419
        ],
        "y_sigma": 0.031801913,
        "y_chi2": 0.0010155966,
        "y_quality": 0.8385417
    }
}