{
    "x": {
        "x_gains": [
            1.865045459737063,
            1.776212405731745,
            1.7570736711120043,
            1.6973666544512849,
            1.6737897579465677,
            1.6168032159380064,
            1.6055193903393328,
            1.6268855196451308,
            1.6361014823357567,
            1.6307233497405844,
            1.5767824461225264,
            1.5157141666224583,
            1.4576550408910867,
            1.40976762574662,
            1.3472974425869404,
            1.3059520462244338,
            1.3470801969377364,
            1.3175474633956987,
            1.2772164120725202,
            1.2693135094318815,
            1.2245579113274105,
            1.2006759757716554,
            1.1257550199695994,
            1.0996540598293183
        ],
        "x_sigma": 0.030751856,
        "x_chi2": 0.00094938837,
        "x_quality": 0.8385417
    },
    "y": {
        "y_gains": [
            2.0800882656334285,
            1.9899349092291192,
            1.9372662809311199,
            1.857409289238189,
            1.847386513383835,
            1.7869977330146758,
            1.7663289516364298,
            1.801457090553123,
            1.7823631247606064,
            1.7907677684007208,
            1.7424101051422531,
            1.6711188056848119,
            1.5912108134104193,
            1.5328644607520785,
            1.477754038480124,
            1.4343112347806133,
            1.4633006537324937,
            1.444196103691778,
            1.4079488002234697,
            1.3848204019496608,
            1.339402254240782,
            1.3147089040566855,
            1.252734249090421,
            1.212591403624266
        ],
        "y_sigma": 0.03662192,
        "y_chi2": 0.0013463804,
        "y_quality": 0.83723956
    }
}