{
    "x": {
        "x_gains": [
            2.490321676096062,
            2.4772629375800093,
            2.414086756291086,
            2.3660548545684272,
            2.3273815979522765,
            2.3332770313585667,
            2.3121971614219063,
            2.311622154263099,
            2.3068556289007485,
            2.2877897685923525,
            2.257286764333596,
            2.2280045376431614,
            2.1085771753479072,
            2.055289972127185,
            2.00300226002751,
            1.9688310420077666,
            1.9263975508552096,
            1.9167755235432744,
            1.9013463623726596,
            1.8680586443386333,
            1.8247707668219595,
            1.7582111537750815,
            1.6908253197371814,
            1.6598573784146171
        ],
        "x_sigma": 0.026726013,
        "x_chi2": 0.00071706285,
        "x_quality": 0.83203125
    },
    "y": {
        "y_gains": [
            2.3883565706495578,
            2.3933735909940417,
            2.30840226568759,
            2.2786782481248187,
            2.2509076897804423,
            2.246875640780847,
            2.2070850520088556,
            2.2064900462586223,
            2.217843312386247,
            2.2057477374542582,
            2.169938376788013,
            2.1210029646106836,
            2.0371538564931857,
            1.9741068252374556,
            1.9358884091972508,
            1.894802282592518,
            1.8478819853865796,
            1.8345994821659501,
            1.8337787398514558,
            1.8048003719332606,
            1.7742274304077035,
            1.7106978627704177,
            1.647242520139393,
            1.6179290876565828
        ],
        "y_sigma": 0.030356115,
        "y_chi2": 0.0009252412,
        "y_quality": 0.8385417
    }
}