{
    "x": {
        "x_gains": [
            2.366409442693065,
            2.3326273947540095,
            2.2554320049951504,
            2.231053575114989,
            2.180495437782103,
            2.1544733707629993,
            2.146662884819107,
            2.0992707343395978,
            2.11603936679638,
            2.1012084890503924,
            2.071739276087061,
            2.011368253368036,
            1.9625194117701317,
            1.8855970554516381,
            1.8097791779838193,
            1.7528216484691646,
            1.768065831455942,
            1.7675857994985005,
            1.7046310735152834,
            1.6602021163260456,
            1.6490440747100736,
            1.5724234662188405,
            1.5091430678192292,
            1.4615397139655701
        ],
        "x_sigma": 0.029252155,
        "x_chi2": 0.00085870695,
        "x_quality": 0.83463544
    },
    "y": {
        "y_gains": [
            2.119582746571008,
            2.0719110603170603,
            2.00124625609352,
            1.9646220295111374,
            1.9257366616738734,
            1.8853562737954352,
            1.869364124203095,
            1.8475972459715453,
            1.8582300544554318,
            1.8561643403358987,
            1.8420830127341359,
            1.7694840096153759,
            1.731753346232356,
            1.6554682516781898,
            1.5706701845490345,
            1.5295478044870814,
            1.5409992085428066,
            1.5373173013686123,
            1.4878574465926129,
            1.471836417510126,
            1.4587864384794018,
            1.4050678549419187,
            1.3534045025602353,
            1.2908544126631785
        ],
        "y_sigma": 0.034117203,
        "y_chi2": 0.0011681503,
        "y_quality": 0.83203125
    }
}