{
    "x": {
        "x_gains": [
            1.8469923465808737,
            1.8039958508095433,
            1.797428060188676,
            1.7456337249173817,
            1.7818803791627622,
            1.7841233255980287,
            1.80764345404222,
            1.7807455604143394,
            1.74920295380906,
            1.7355354014771522,
            1.7292810514028794,
            1.7229957037102128,
            1.6629468209229443,
            1.6483955753765966,
            1.6610702441690206,
            1.6433039243280891,
            1.6020221364214766,
            1.5822906486274562,
            1.5512186412426068,
            1.5230538570120484,
            1.4942972387329614,
            1.4794039599797557,
            1.4779059125488192,
            1.4315990560608463
        ],
        "x_sigma": 0.02864998,
        "x_chi2": 0.000824166,
        "x_quality": 0.8489583
    },
    "y": {
        "y_gains": [
            1.8837804300945753,
            1.8555595346998912,
            1.8247294783806416,
            1.7758030847475388,
            1.8571797566515078,
            1.8730907585897696,
            1.862291860019119,
            1.8366585025359572,
            1.8107232843623222,
            1.7904612460929896,
            1.7883528726383728,
            1.836627131247377,
            1.7584963730572682,
            1.691790603016767,
            1.7065358959586499,
            1.7012117561217681,
            1.706226844155663,
            1.6904954967397612,
            1.6439834488349523,
            1.5891321161534804,
            1.5124417237298324,
            1.5379108953804892,
            1.6171009067731625,
            1.5956518105206876
        ],
        "y_sigma": 0.041158434,
        "y_chi2": 0.0017009318,
        "y_quality": 0.8307292
    }
}