{
    "x": {
        "x_gains": [
            1.4462063656942497,
            1.4588481547686172,
            1.462400512893108,
            1.44073514375151,
            1.4459527305906366,
            1.4288339257755067,
            1.4323596104955865,
            1.4136899187085887,
            1.4325134189978268,
            1.3922842447416277,
            1.4143948079716477,
            1.3869955436526682,
            1.367444323136939,
            1.3355250189243895,
            1.2960082944530846,
            1.3047719790927512,
            1.280144457645294,
            1.2618091137696308,
            1.2351923595941405,
            1.2427796058375347,
            1.2268187234865304,
            1.1964533724114148,
            1.1619578036185574,
            1.1531063474237933
        ],
        "x_sigma": 0.028569058,
        "x_chi2": 0.0008192782,
        "x_quality": 0.8307292
    },
    "y": {
        "y_gains": [
            1.8099100029490673,
            1.8366312802917892,
            1.8279153009854472,
            1.8080833112717036,
            1.8084984597922868,
            1.7850447345598315,
            1.8103479488757739,
            1.778497871804984,
            1.7902615500514163,
            1.7437921522517483,
            1.758881480831868,
            1.7326450689571078,
            1.696074478022479,
            1.6864322143630732,
            1.6491436903844865,
            1.6445622967022924,
            1.6095940821020138,
            1.5740221867241742,
            1.5361495152757012,
            1.5751558108687107,
            1.5436736933149513,
            1.5182120927111395,
            1.5257552831946752,
            1.496205473299166
        ],
        "y_sigma": 0.034964204,
        "y_chi2": 0.001227219,
        "y_quality": 0.8411458
    }
}