{
    "x": {
        "x_gains": [
            0.8406573503337788,
            0.8208497140734191,
            0.8130025778685739,
            0.8096254098020215,
            0.8086652688617939,
            0.8408200652627719,
            0.8335280315893788,
            0.8418934959265404,
            0.8131209754069122,
            0.8164061052154797,
            0.8115299579530099,
            0.7954410410350533,
            0.8109905438502587,
            0.7755623408643022,
            0.7634267294325587,
            0.7437840295139453,
            0.7455797743890514,
            0.7210064731240151,
            0.7243643123667531,
            0.6941762706532192,
            0.6873299116217454,
            0.6817972010588583,
            0.665927575847819,
            0.633185906548092
        ],
        "x_sigma": 0.027306033,
        "x_chi2": 0.0007485101,
        "x_quality": 0.83463544
    },
    "y": {
        "y_gains": [
            1.726416026278538,
            1.7177728422346747,
            1.697231947078407,
            1.7236083672223466,
            1.7371269986623252,
            1.7866008864041638,
            1.7537137079908842,
            1.774576284420569,
            1.7411694805097233,
            1.724369829045975,
            1.701722142808522,
            1.6943157249256053,
            1.7320582151694353,
            1.6697448412815692,
            1.6449026850897959,
            1.6235525785229579,
            1.5891478996907598,
            1.5284307998370081,
            1.5224863005160194,
            1.4825865026214353,
            1.4867487570037017,
            1.466462945634259,
            1.4870297547218772,
            1.4193914132213188
        ],
        "y_sigma": 0.03330713,
        "y_chi2": 0.0011139747,
        "y_quality": 0.8333333
    }
}