{
    "x": {
        "x_gains": [
            1.5142926359010256,
            1.5041979909630794,
            1.5010253879681557,
            1.4908265121311683,
            1.4636266886647806,
            1.52723915022581,
            1.5067516940710646,
            1.4950694254923629,
            1.4944138064707222,
            1.4585537724654656,
            1.4513043278359474,
            1.4448658620488022,
            1.4290566953949935,
            1.403095543061395,
            1.4321358100117176,
            1.3602238710855987,
            1.4265377970461823,
            1.3712852055193132,
            1.3481637820545487,
            1.3149451404887387,
            1.3125381784542658,
            1.2903687675220787,
            1.3021910014695226,
            1.2866939377157784
        ],
        "x_sigma": 0.031883795,
        "x_chi2": 0.0010196161,
        "x_quality": 0.83984375
    },
    "y": {
        "y_gains": [
            1.9032351838755481,
            1.872002572880336,
            1.8953289428670146,
            1.8518381345323367,
            1.8261007872503103,
            1.8827188176766811,
            1.8664810538361074,
            1.829275007460698,
            1.8757348191153882,
            1.804006590396876,
            1.7829748721785312,
            1.8083120510074195,
            1.7974119065956928,
            1.7625771867801634,
            1.7593108005497493,
            1.679933239453064,
            1.7148515663068364,
            1.671701553127762,
            1.6491829906234878,
            1.62551525785833,
            1.6801086559869998,
            1.6629464890759549,
            1.653642851177931,
            1.6043713343123207
        ],
        "y_sigma": 0.031248825,
        "y_chi2": 0.0009794787,
        "y_quality": 0.83463544
    }
}