{
    "x": {
        "x_gains": [
            0.45145742420154,
            0.4411842302402848,
            0.433191477564147,
            0.42161623040348845,
            0.42009010344592773,
            0.41386326040648824,
            0.4226737410979627,
            0.422914237729228,
            0.42503155327993664,
            0.42507522131116326,
            0.41795964223490545,
            0.4163340851216686,
            0.3953530205959156,
            0.37327717651949194,
            0.37474508902182013,
            0.36795906646724263,
            0.3627713189367535,
            0.3717543982262854,
            0.36615531246504357,
            0.36255394893398624,
            0.3613672793564569,
            0.34710417064751764,
            0.3374577418542763,
            0.3227208934153578
        ],
        "x_sigma": 0.021530202,
        "x_chi2": 0.00046503337,
        "x_quality": 0.8333333
    },
    "y": {
        "y_gains": [
            0.5092260817655153,
            0.5032149649286847,
            0.4947036776914514,
            0.48127137266007064,
            0.48101868983688795,
            0.4725363079178893,
            0.4830221575788302,
            0.47995079928366385,
            0.4800174265526536,
            0.4794208136327336,
            0.47210764431976604,
            0.47009429339374614,
            0.4479473930581593,
            0.4266769524257331,
            0.4269152110103141,
            0.419701528418662,
            0.4147806590101475,
            0.42145184851520195,
            0.41802617487615035,
            0.4146586819990861,
            0.409803986655143,
            0.3930639927833451,
            0.3785116942891253,
            0.3663455757598804
        ],
        "y_sigma": 0.024047408,
        "y_chi2": 0.0005803171,
        "y_quality": 0.83984375
    }
}