{
    "x": {
        "x_gains": [
            0.5066957820818995,
            0.5130923465144533,
            0.5054859122339975,
            0.4971245569936651,
            0.49453912588330246,
            0.48782700873746954,
            0.4880365882982393,
            0.49406899811898053,
            0.49833809229600207,
            0.5039818090789904,
            0.4891171435558816,
            0.47411835321627666,
            0.4549330989032746,
            0.44594840047004747,
            0.4379354583859495,
            0.43058934246596103,
            0.4284945076859488,
            0.4309504845650343,
            0.4304040150841113,
            0.4272029692998703,
            0.4176025487786921,
            0.41246042957753737,
            0.39808650961251535,
            0.3837076209321716
        ],
        "x_sigma": 0.024859305,
        "x_chi2": 0.00062013435,
        "x_quality": 0.83463544
    },
    "y": {
        "y_gains": [
            0.5130813423254601,
            0.518685892692914,
            0.5111528961565289,
            0.5021416088546848,
            0.4973236527626578,
            0.48991557774764255,
            0.4912034307219453,
            0.49830203581296734,
            0.503642620434423,
            0.5069763494519027,
            0.5000709100550458,
            0.4840990174193834,
            0.46441313598128087,
            0.4501874760725356,
            0.4410232020542508,
            0.43524267913108844,
            0.4311702642220002,
            0.4337820808960202,
            0.431450739737394,
            0.4282096464756826,
            0.42453625993913674,
            0.42129352278060467,
            0.4053254412686881,
            0.38952724830745544
        ],
        "y_sigma": 0.028503861,
        "y_chi2": 0.0008152195,
        "y_quality": 0.8359375
    }
}