{
    "x": {
        "x_gains": [
            2.157705159731137,
            2.0911765523901416,
            2.0240905639650673,
            1.999264510571851,
            1.9348776675529566,
            1.9349417252633132,
            1.939689618625986,
            1.9040180683698618,
            1.908907907295949,
            1.900400756511533,
            1.8811104345383913,
            1.8315870371991665,
            1.7533903775514132,
            1.6922946356036963,
            1.6563428473335216,
            1.6079106631972242,
            1.5760341936378652,
            1.5983041098344355,
            1.587255481309035,
            1.561727676859803,
            1.5192765812630658,
            1.4754402639975754,
            1.4163402580710753,
            1.36575769573732
        ],
        "x_sigma": 0.025426274,
        "x_chi2": 0.00064921874,
        "x_quality": 0.83984375
    },
    "y": {
        "y_gains": [
            2.178476003542202,
            2.1292868933022855,
            2.0569598934988447,
            2.0193761157684094,
            1.9606247726900652,
            1.9534214469656819,
            1.9560236589668054,
            1.9244866095183952,
            1.917537452382751,
            1.9158837742902692,
            1.8864304717377816,
            1.8452700469676586,
            1.768204951928696,
            1.6965499807865714,
            1.648115750465387,
            1.6091344771383025,
            1.5676475175909645,
            1.5989578887897287,
            1.5991002310747806,
            1.565025559997446,
            1.5584657652604579,
            1.5297214163139894,
            1.4684038549947669,
            1.4265494577492925
        ],
        "y_sigma": 0.031890642,
        "y_chi2": 0.0010211676,
        "y_quality": 0.83723956
    }
}