{
    "x": {
        "x_gains": [
            0.4619572008664285,
            0.45908893250437793,
            0.45956545512651237,
            0.4560061458684316,
            0.44249491020229537,
            0.4395109825004307,
            0.4448302011949207,
            0.44277818159147936,
            0.4495889206183772,
            0.4511493661712325,
            0.44949505074484475,
            0.43791679826066454,
            0.43102493332690817,
            0.41384894165996305,
            0.40498327054607697,
            0.39893939568022035,
            0.40041779592827154,
            0.40257076861991453,
            0.4060140424016705,
            0.40071397613411674,
            0.39419402655716695,
            0.3851149231069917,
            0.37118133284535365,
            0.3583280784520628
        ],
        "x_sigma": 0.025037197,
        "x_chi2": 0.000628848,
        "x_quality": 0.84244794
    },
    "y": {
        "y_gains": [
            0.492775492421926,
            0.488288116551639,
            0.48793507340739206,
            0.48114730151422824,
            0.46689432122506724,
            0.4626928445939662,
            0.4701632740703497,
            0.4685361571695168,
            0.47619274377497034,
            0.47898046899660013,
            0.4714138639894633,
            0.4616872526856809,
            0.4554785230033962,
            0.4347095207949168,
            0.4279975816424647,
            0.42289150629598765,
            0.4208124761136318,
            0.4207482224544659,
            0.42507139074007483,
            0.42155304610647915,
            0.41545347328243637,
            0.4050062662569515,
            0.3976323854400222,
            0.3828105506568991
        ],
        "y_sigma": 0.025965266,
        "y_chi2": 0.000676435,
        "y_quality": 0.82421875
    }
}