{
    "x": {
        "x_gains": [
            1.864439581157377,
            1.8302285153775615,
            1.759557396709494,
            1.6799584983052578,
            1.6370003997554976,
            1.6256535940274786,
            1.6437170886745922,
            1.6426538867318197,
            1.6346615197932008,
            1.623384002394816,
            1.5747573452469816,
            1.5213877527038369,
            1.480033679646414,
            1.4361052366428568,
            1.3783849067073257,
            1.3522257297455178,
            1.3115312079637853,
            1.3119911901365973,
            1.3210256020045772,
            1.311435249818907,
            1.2848083489930058,
            1.2254243445373676,
            1.1781425804644874,
            1.1303651992928796
        ],
        "x_sigma": 0.028799994,
        "x_chi2": 0.00083249324,
        "x_quality": 0.8359375
    },
    "y": {
        "y_gains": [
            1.92440661403158,
            1.893211869908325,
            1.8415168500633297,
            1.7790096431217706,
            1.7205369658227376,
            1.680846568459284,
            1.7051574704398162,
            1.7020978185403728,
            1.709288049051097,
            1.7067974574179636,
            1.6639324374210815,
            1.602036765462138,
            1.539355785761082,
            1.482254735348086,
            1.4396935963465414,
            1.4380058769862185,
            1.3904340086810356,
            1.3789168304934771,
            1.3795971107373628,
            1.359878987088697,
            1.338593111867565,
            1.3059733654567955,
            1.262172868458237,
            1.2171875894823063
        ],
        "y_sigma": 0.03071619,
        "y_chi2": 0.00094723044,
        "y_quality": 0.84244794
    }
}