{
    "x": {
        "x_gains": [
            0.4345400975351321,
            0.4398074276789462,
            0.43571684243847186,
            0.427588707553269,
            0.4193756235067082,
            0.41466126114246643,
            0.41713042880132106,
            0.4150553009306578,
            0.4169736287530337,
            0.41408567068131,
            0.4066900182652621,
            0.4001964164011697,
            0.3903239778790911,
            0.3787219180538178,
            0.37801792500517506,
            0.37306844280075463,
            0.37061354776341393,
            0.3692862417056002,
            0.35901167961926955,
            0.3540585017943685,
            0.3496063799248745,
            0.3390484009901027,
            0.3230267450962683,
            0.3197770872298171
        ],
        "x_sigma": 0.02278452,
        "x_chi2": 0.00052083243,
        "x_quality": 0.84244794
    },
    "y": {
        "y_gains": [
            0.5189603190485008,
            0.5241653871789566,
            0.513131391500471,
            0.5097505077115057,
            0.4975019432425903,
            0.49001957530199414,
            0.4913232800073974,
            0.4949452969134766,
            0.4999264108323255,
            0.49763461825079935,
            0.4899337717326047,
            0.4774085044214234,
            0.4626036741094047,
            0.44566316483863805,
            0.44131113538322353,
            0.4396219673118207,
            0.43601900694055057,
            0.4373745281822278,
            0.43192258634208086,
            0.43128646931429115,
            0.4290520219998999,
            0.4152887731248362,
            0.3952071646316462,
            0.3856590819223578
        ],
        "y_sigma": 0.024774522,
        "y_chi2": 0.00061584247,
        "y_quality": 0.8333333
    }
}