{
    "x": {
        "x_gains": [
            0.3520731050228439,
            0.35845017614241653,
            0.3672229972667592,
            0.3709225641654307,
            0.3811248671779838,
            0.38253173425887654,
            0.3805385289933066,
            0.3814140299641913,
            0.3873173101711385,
            0.39312476675416186,
            0.39310966808414155,
            0.405813094013989,
            0.4110762692000365,
            0.41743751722190653,
            0.422182908549778,
            0.41881939837431065,
            0.41848228694208883,
            0.421350078122518,
            0.4185757908487277,
            0.42552472624185883,
            0.4277901554106022,
            0.44658282193273635,
            0.45132757102361454,
            0.45606918168145233
        ],
        "x_sigma": 0.026042921,
        "x_chi2": 0.0006842792,
        "x_quality": 0.828125
    },
    "y": {
        "y_gains": [
            0.40537264691312785,
            0.4164539281183862,
            0.42639101113170486,
            0.43068399509364796,
            0.44022892960889093,
            0.44224358484772647,
            0.4382777018680798,
            0.44343180386904885,
            0.4490909792307547,
            0.45397942474451175,
            0.4532087359790814,
            0.465036076568748,
            0.4702748662538281,
            0.4703485899207966,
            0.48130764742020066,
            0.47835050205037766,
            0.47752173858024666,
            0.4792241016752524,
            0.4746053620818887,
            0.4811824693485564,
            0.47819817986295987,
            0.5010240681440831,
            0.5056516942694342,
            0.5112138855506622
        ],
        "y_sigma": 0.0291552,
        "y_chi2": 0.00086019293,
        "y_quality": 0.83463544
    }
}