{
    "x": {
        "x_gains": [
            0.2902335875373233,
            0.2909731430916007,
            0.30080579857321793,
            0.3046126271681565,
            0.3055683724511778,
            0.30348758524852465,
            0.30631963755770375,
            0.305993638147468,
            0.30611469615636877,
            0.3164028288944126,
            0.3236927175968457,
            0.3283028041819868,
            0.32981677194143183,
            0.33768630111021464,
            0.3490525666184276,
            0.3432244911267888,
            0.335892046983236,
            0.334135447751357,
            0.3361555044606659,
            0.3346555798396518,
            0.3387200203990745,
            0.34128564144073187,
            0.3383391856426173,
            0.33718636189065787
        ],
        "x_sigma": 0.022625228,
        "x_chi2": 0.00051603303,
        "x_quality": 0.8307292
    },
    "y": {
        "y_gains": [
            0.2877677139013388,
            0.28807219780650306,
            0.2953046850383586,
            0.2988664592931928,
            0.3029933011211055,
            0.30567289149131993,
            0.30738862664540517,
            0.3075022807444163,
            0.3085904768917113,
            0.3185518277134101,
            0.3268971640363431,
            0.3289504415107036,
            0.32802695069426907,
            0.3348139924124453,
            0.34363879741128645,
            0.3395812664153584,
            0.3327132999180494,
            0.3362664736945463,
            0.34206441346557087,
            0.3406063344535535,
            0.3447997644328009,
            0.34425702174162104,
            0.33870198560652043,
            0.3378638739019044
        ],
        "y_sigma": 0.02238768,
        "y_chi2": 0.00050351676,
        "y_quality": 0.8307292
    }
}