{
    "x": {
        "x_gains": [
            0.35858376195746855,
            0.358230354942875,
            0.36566082150530277,
            0.37970723053696676,
            0.3798123939468843,
            0.37176769366996354,
            0.3757183735301897,
            0.38403588922914894,
            0.3845683193695295,
            0.3940258276837582,
            0.38920797888811376,
            0.4007914830206692,
            0.41066424407615804,
            0.41901252575093856,
            0.4235956501640438,
            0.41625880241676533,
            0.41955703000948785,
            0.42062417936222607,
            0.4212187247729473,
            0.4193851913746893,
            0.4258042121574596,
            0.43414370017549825,
            0.44470705878622635,
            0.45445782681357527
        ],
        "x_sigma": 0.03349555,
        "x_chi2": 0.0011378474,
        "x_quality": 0.8307292
    },
    "y": {
        "y_gains": [
            0.3610967374548674,
            0.3627894942257336,
            0.37207682493450517,
            0.3858003853374249,
            0.3892292027928129,
            0.38516175137362163,
            0.3863938066945973,
            0.3928515629619075,
            0.3915801956436468,
            0.398699951095464,
            0.39990235983982153,
            0.4119855664976633,
            0.4181445987509519,
            0.42500328315036234,
            0.42983415236081896,
            0.41687051634916145,
            0.4214801455455239,
            0.42209806629700164,
            0.42139219384445453,
            0.4176199712552173,
            0.42263954966234485,
            0.4305366005837473,
            0.4440652719109354,
            0.45246436526398487
        ],
        "y_sigma": 0.03205217,
        "y_chi2": 0.0010414729,
        "y_quality": 0.8333333
    }
}