{
    "x": {
        "x_gains": [
            0.42849425063554264,
            0.43379310775629015,
            0.44039961861393023,
            0.4358571671655197,
            0.4437183240581413,
            0.44208356104320756,
            0.4505732012036432,
            0.44242227967812897,
            0.4446200792561968,
            0.4448925797968229,
            0.4580909955618312,
            0.47155506742270775,
            0.4827728541651831,
            0.48938810826047974,
            0.4867221705161036,
            0.48300545313156584,
            0.48550488745632575,
            0.4823134686421969,
            0.47809685324300744,
            0.47535141303911743,
            0.48153651753849896,
            0.4965325641448076,
            0.5069367706890782,
            0.503939979135877
        ],
        "x_sigma": 0.037442505,
        "x_chi2": 0.0014248583,
        "x_quality": 0.82421875
    },
    "y": {
        "y_gains": [
            0.4773952627017813,
            0.48180176902191935,
            0.4873795977441732,
            0.4831261897586331,
            0.49180069875043275,
            0.48938283930135706,
            0.5009216708282405,
            0.49343650498528774,
            0.49801273000219926,
            0.5020546082789207,
            0.5129240971843442,
            0.529287544032754,
            0.5421088761708942,
            0.5478821915221915,
            0.5484187387663276,
            0.5502544348994254,
            0.557424569167944,
            0.5579238181806617,
            0.5541209057460842,
            0.5557096106087187,
            0.5623704228249509,
            0.5779792896149029,
            0.5877307791023858,
            0.5843581807106637
        ],
        "y_sigma": 0.03336689,
        "y_chi2": 0.0011288088,
        "y_quality": 0.82421875
    }
}