{
    "x": {
        "x_gains": [
            0.39600604146816865,
            0.4063448307248704,
            0.42043617478254935,
            0.41286238066522535,
            0.4205493181549795,
            0.42574574796013503,
            0.4203030763453218,
            0.4216778511094302,
            0.43189150816212324,
            0.4289235870913902,
            0.4323339631142174,
            0.4460331152826111,
            0.45220864581327597,
            0.4519402245781364,
            0.4603486303040045,
            0.4530149846031532,
            0.45775198640330117,
            0.4600749913034325,
            0.4562442384907258,
            0.4493794698652419,
            0.46600109594137745,
            0.4702029565233419,
            0.4807800020904315,
            0.48136468814547995
        ],
        "x_sigma": 0.033564422,
        "x_chi2": 0.0011471674,
        "x_quality": 0.8177083
    },
    "y": {
        "y_gains": [
            0.4166503825808808,
            0.42833260866594824,
            0.43843992202433674,
            0.4377783449439447,
            0.44597391694788296,
            0.4544928986393574,
            0.4555251234404756,
            0.4532626594107776,
            0.4676253172720871,
            0.466369098308927,
            0.4655995714249065,
            0.47814796843534874,
            0.48601950318503157,
            0.4884016810785863,
            0.49448588895508405,
            0.4852676384474638,
            0.48822649139400726,
            0.48919653480569747,
            0.4832311074033325,
            0.4809002760944665,
            0.4960994921578329,
            0.49995060488023785,
            0.5099982609059304,
            0.5103010909114661
        ],
        "y_sigma": 0.030105319,
        "y_chi2": 0.00091826805,
        "y_quality": 0.83463544
    }
}