{
    "x": {
        "x_gains": [
            0.38603678691236465,
            0.39642761632117873,
            0.39845387147344413,
            0.4079121412723751,
            0.4119464469618949,
            0.41210376789359715,
            0.4166804692072092,
            0.411460051179047,
            0.4101965846622165,
            0.4134019966489634,
            0.42332776431548447,
            0.43115966773801223,
            0.44001199824716825,
            0.4474259718069736,
            0.4495216011312121,
            0.4451593703932961,
            0.4538002732422205,
            0.4444310720073001,
            0.44949739448835285,
            0.4503572346174294,
            0.44728920378048836,
            0.4546394615868527,
            0.46994718310603795,
            0.4788072490076839
        ],
        "x_sigma": 0.0378854,
        "x_chi2": 0.0014578499,
        "x_quality": 0.83723956
    },
    "y": {
        "y_gains": [
            0.3899448812910295,
            0.403248359091696,
            0.4058595567648366,
            0.41650527087420297,
            0.418228051391863,
            0.42263810281136754,
            0.42292951262195067,
            0.42012545450221983,
            0.4193386400638233,
            0.4217643211340534,
            0.429887128835453,
            0.4401944550201162,
            0.45006789274162,
            0.4547347895760235,
            0.45708800658206733,
            0.45172372125484334,
            0.4577115703077012,
            0.4528332303515096,
            0.4606685350768225,
            0.4615521518853667,
            0.46049195460691345,
            0.46572588175648333,
            0.48071265458757545,
            0.4895934464979625
        ],
        "y_sigma": 0.035986543,
        "y_chi2": 0.0013142026,
        "y_quality": 0.8307292
    }
}