{
    "x": {
        "x_gains": [
            0.39323180428947474,
            0.3952488714162538,
            0.4114678390976412,
            0.4202510579820385,
            0.4246072107306055,
            0.4228082560753424,
            0.4311601138952557,
            0.4297345357878624,
            0.42277845774646394,
            0.4293034277131161,
            0.4427973563580874,
            0.45480721677176206,
            0.45493235383364666,
            0.4508750650894516,
            0.46695560634372263,
            0.4687694539323382,
            0.46225152362724703,
            0.4541452699907254,
            0.4586123033757076,
            0.46151864463788944,
            0.46896612010541233,
            0.4742971272297301,
            0.4833691058696284,
            0.49073343153890764
        ],
        "x_sigma": 0.031677946,
        "x_chi2": 0.0010201554,
        "x_quality": 0.8229167
    },
    "y": {
        "y_gains": [
            0.3805175762019742,
            0.38616886770692577,
            0.39991297893578354,
            0.4084453760266581,
            0.41664704953475107,
            0.41935244434249525,
            0.42574288408021765,
            0.4255573215711559,
            0.4191980464700318,
            0.4226450870847523,
            0.43613025117177295,
            0.44730841109790065,
            0.4462626175176821,
            0.44062669806513766,
            0.458481308175547,
            0.4541526950374644,
            0.4449552134779426,
            0.4363791492456837,
            0.43829506725199513,
            0.4370769968824172,
            0.4460501854632066,
            0.451663268051129,
            0.459788506482788,
            0.47067362102630855
        ],
        "y_sigma": 0.03705316,
        "y_chi2": 0.00139765,
        "y_quality": 0.82942706
    }
}