{
    "x": {
        "x_gains": [
            0.39621425206437527,
            0.40387320869106064,
            0.41667187506510495,
            0.41502918630498314,
            0.4232627940491283,
            0.4195174978231237,
            0.42581938828064136,
            0.4279928189652863,
            0.42676794382095073,
            0.4343010443680644,
            0.4368839635755859,
            0.44425307996217805,
            0.444627196102647,
            0.4562255465958434,
            0.4632939607593721,
            0.46336690735488395,
            0.467842560872867,
            0.45789164342256056,
            0.4532935196569148,
            0.4618855934326889,
            0.4747659973352334,
            0.4815773778063621,
            0.48825478697199515,
            0.5023241533929184
        ],
        "x_sigma": 0.032563522,
        "x_chi2": 0.0010782271,
        "x_quality": 0.8229167
    },
    "y": {
        "y_gains": [
            0.38893212733777865,
            0.39535733463369,
            0.40915668102738423,
            0.4155912895722909,
            0.4214165580465488,
            0.42119085311617627,
            0.42871858928947787,
            0.4303049859739938,
            0.4264238302352149,
            0.43299889797450475,
            0.4423794173243743,
            0.4500794390209872,
            0.4516591676942289,
            0.4623336754602532,
            0.46652855866235066,
            0.46715952619559664,
            0.4696018724717222,
            0.4615266748572267,
            0.4556999288880261,
            0.46147293948063894,
            0.4757846092623654,
            0.4766859117480864,
            0.4863080692562993,
            0.5009352210108663
        ],
        "y_sigma": 0.033008724,
        "y_chi2": 0.0011090469,
        "y_quality": 0.8385417
    }
}