{
    "x": {
        "x_gains": [
            1.9766285417847909,
            2.0047069315929646,
            2.0376349546006782,
            2.0533164983282512,
            2.093572385244284,
            2.1463745908741734,
            2.145042174746719,
            2.1667848864500714,
            2.145397584758598,
            2.1440541070063954,
            2.1642678426894126,
            2.186192028636667,
            2.2481532713563936,
            2.2852342559357246,
            2.33354878211389,
            2.270517336921114,
            2.2759375861442375,
            2.2537754288128915,
            2.239918072756571,
            2.2279338028287943,
            2.187283048862591,
            2.185379157820434,
            2.2123415606702483,
            2.2122645735694113
        ],
        "x_sigma": 0.031692684,
        "x_chi2": 0.0010169643,
        "x_quality": 0.83463544
    },
    "y": {
        "y_gains": [
            1.8954248613781028,
            1.9256335719578455,
            1.9701960561797467,
            1.9948811350075704,
            2.0273045485821237,
            2.077614353556111,
            2.066794242985972,
            2.0641842827765684,
            2.020093751338943,
            2.0320985408475787,
            2.072200007086924,
            2.084166131383332,
            2.135264477915237,
            2.170843659313006,
            2.2018930246825383,
            2.160103501791309,
            2.1221643427835293,
            2.104696662172087,
            2.0735743150164976,
            2.0800633004863607,
            2.032597828323698,
            2.054297802595704,
            2.0953047259283797,
            2.0987847616473108
        ],
        "y_sigma": 0.03671761,
        "y_chi2": 0.0013711527,
        "y_quality": 0.82682294
    }
}