{
    "x": {
        "x_gains": [
            1.5991345228101028,
            1.649455859357101,
            1.6975656433356188,
            1.7586821786421172,
            1.7869258852832894,
            1.7853495643032924,
            1.8155346696043713,
            1.8121035615735757,
            1.9064743181513666,
            1.961452746053459,
            2.0496316668420467,
            2.1066765382720347,
            2.1542104474036594,
            2.1484954086653114,
            2.1903639145079934,
            2.1435216345638577,
            2.146179597502474,
            2.1566474397952997,
            2.1384169034500062,
            2.153180165283277,
            2.1708686361800007,
            2.178185127439077,
            2.194409303417683,
            2.18821028622075
        ],
        "x_sigma": 0.029772956,
        "x_chi2": 0.0009016756,
        "x_quality": 0.82161456
    },
    "y": {
        "y_gains": [
            1.7827988683577214,
            1.8482131650700355,
            1.9059526713832642,
            1.9645484270322413,
            1.997522672381712,
            2.013617450459876,
            2.0711440036394144,
            2.067961315226705,
            2.165882187748068,
            2.204459665993498,
            2.2980806384546013,
            2.360436590128409,
            2.3898157523749393,
            2.399900509724469,
            2.4395325270190424,
            2.4082078466395447,
            2.4142019194064077,
            2.3907934560540363,
            2.397112227664679,
            2.393189556886594,
            2.4067113552853487,
            2.4255094515797,
            2.4398866819029457,
            2.4186173944641136
        ],
        "y_sigma": 0.029742556,
        "y_chi2": 0.0008983714,
        "y_quality": 0.82942706
    }
}