{
    "x": {
        "x_gains": [
            1.9539319509981221,
            1.9509901518894606,
            2.018147586729388,
            2.05502535901293,
            2.1061896596408043,
            2.0956061635130236,
            2.151189930710172,
            2.1553372227686722,
            2.147098490542525,
            2.1835535749171884,
            2.2336377491212476,
            2.2574449858399506,
            2.299886105040306,
            2.331705375501914,
            2.3663076410061428,
            2.348733517087283,
            2.3405154077065493,
            2.3267669642834288,
            2.326812982871864,
            2.351904235727787,
            2.341229410467665,
            2.3272656862361787,
            2.335311279712282,
            2.378010442319454
        ],
        "x_sigma": 0.029092029,
        "x_chi2": 0.00085107476,
        "x_quality": 0.84505206
    },
    "y": {
        "y_gains": [
            2.0556471917392587,
            2.06961600468826,
            2.1208372471617367,
            2.15074216305043,
            2.201548022895395,
            2.2019791829292004,
            2.242519414948213,
            2.243049484991352,
            2.2534598834339286,
            2.2667504185611316,
            2.3203589688139115,
            2.3371620332234597,
            2.396208584589781,
            2.4258021120876796,
            2.472461293433017,
            2.4508096764436162,
            2.4371641207034775,
            2.4075801022364445,
            2.4172780264955427,
            2.4457003768066117,
            2.441231203709832,
            2.429886535233294,
            2.437884530574363,
            2.4750527062473795
        ],
        "y_sigma": 0.027803186,
        "y_chi2": 0.0007775542,
        "y_quality": 0.8359375
    }
}