{
    "x": {
        "x_gains": [
            1.8686445646501968,
            1.8949173579167278,
            1.986402281820029,
            2.007161149549362,
            2.0131859654364157,
            2.011580386664775,
            1.994637854947302,
            2.0312058212733874,
            2.034834080443014,
            2.03136987621482,
            2.082285379834986,
            2.088001757262279,
            2.1005020493968347,
            2.1456441813884677,
            2.102338738320089,
            2.1051692895041016,
            2.1059641114231917,
            2.071456765434761,
            2.03696480022977,
            2.011329214064059,
            2.011588358213999,
            1.9843384106600248,
            2.02227303205685,
            2.0433713747782174
        ],
        "x_sigma": 0.032980982,
        "x_chi2": 0.0011005553,
        "x_quality": 0.83463544
    },
    "y": {
        "y_gains": [
            1.9103861908727595,
            1.9455968322570618,
            2.049119442147723,
            2.063671275326148,
            2.054254673675893,
            2.060744822419849,
            2.0398701598164837,
            2.072928785526579,
            2.0777532672150687,
            2.0675865083364053,
            2.099065391134597,
            2.1281371374976423,
            2.1408152485645995,
            2.1810295056868925,
            2.154639790551775,
            2.1426522134775823,
            2.133386901256166,
            2.1007615134440543,
            2.060567072179398,
            2.0249840917249755,
            2.0380380647222602,
            2.0133872939919737,
            2.053348878553243,
            2.071100293155962
        ],
        "y_sigma": 0.032911066,
        "y_chi2": 0.0010996909,
        "y_quality": 0.82942706
    }
}