{
    "x": {
        "x_gains": [
            1.8285736353985818,
            1.8826738019501714,
            1.8782730669071859,
            1.9164348179794164,
            1.9419422572402742,
            1.9657103453074907,
            1.951775530199823,
            1.9822684108382111,
            1.9694603658902858,
            2.0300632060179193,
            2.051536231360768,
            2.059239968299236,
            2.102436332656391,
            2.085592594961671,
            2.1194747043025464,
            2.1406916497655493,
            2.0731848344207395,
            2.0380359463888937,
            2.0118248627593434,
            2.0522212319114654,
            2.0112527580560475,
            2.0418378288272625,
            2.0712466597522927,
            2.0428888163890346
        ],
        "x_sigma": 0.035294432,
        "x_chi2": 0.0012642168,
        "x_quality": 0.828125
    },
    "y": {
        "y_gains": [
            1.7207554598280173,
            1.7787041585249448,
            1.787169648169026,
            1.8198305846915488,
            1.8250133408475215,
            1.849282376727299,
            1.8244883778813188,
            1.8480073121953329,
            1.8209897844294083,
            1.8628797550238607,
            1.899254428681477,
            1.8893105830110168,
            1.933722063033925,
            1.9200602130882825,
            1.954568020921696,
            1.9528532406378996,
            1.8806571106216055,
            1.8551294877599762,
            1.8249325089772537,
            1.8234964815635388,
            1.7904447686820557,
            1.8178712927128173,
            1.8653785059112817,
            1.8261824896857213
        ],
        "y_sigma": 0.035510648,
        "y_chi2": 0.0012848545,
        "y_quality": 0.8359375
    }
}