{
    "x": {
        "x_gains": [
            1.7935691577847628,
            1.859528432887062,
            1.8674558286004221,
            1.88072183759162,
            1.921492947755798,
            1.9463625306527768,
            1.9238311758881312,
            1.9602585032093354,
            1.9317584685297036,
            1.9710946848840496,
            1.9788291402537501,
            2.0147526637246442,
            2.0412381546439575,
            2.0847022878356785,
            2.0474657850551994,
            2.0464620559330826,
            2.0002277059220424,
            1.9878818721076317,
            1.970289997133228,
            1.9489327390959457,
            1.9596573186440036,
            1.9809723642469355,
            1.9420884753362533,
            1.9708243110638728
        ],
        "x_sigma": 0.03846639,
        "x_chi2": 0.001507594,
        "x_quality": 0.8255208
    },
    "y": {
        "y_gains": [
            1.9581175879374944,
            2.000787229743415,
            2.0088117330193587,
            2.0610849518209027,
            2.115400244937964,
            2.129213311253959,
            2.1188896255561818,
            2.1487861195636597,
            2.139192736259826,
            2.187834807095323,
            2.1869445229253786,
            2.2114679029538884,
            2.224096641447264,
            2.2956053802929715,
            2.2735083261786024,
            2.2674086534744298,
            2.209666260183827,
            2.2188916165970074,
            2.1966189202256103,
            2.156494289020869,
            2.173588706241747,
            2.2035062764782953,
            2.168153767199693,
            2.2266697228450836
        ],
        "y_sigma": 0.035712115,
        "y_chi2": 0.0012966589,
        "y_quality": 0.83203125
    }
}