{
    "x": {
        "x_gains": [
            1.673476040676178,
            1.6963030601476834,
            1.7314343146456626,
            1.7518978396892246,
            1.769985123275039,
            1.8001360758862486,
            1.767858598183596,
            1.7817898934739094,
            1.796550371769151,
            1.8223468747981182,
            1.8481478213682332,
            1.8931702935076564,
            1.9332319675371687,
            1.9020132239371406,
            1.9324089719429678,
            1.9505439579462722,
            1.9340334457045445,
            1.9405497072777793,
            1.9073623117109149,
            1.960129015691813,
            1.94525639986924,
            1.9416656081352992,
            1.974219068034353,
            1.9852698929750927
        ],
        "x_sigma": 0.030608842,
        "x_chi2": 0.0009498366,
        "x_quality": 0.8229167
    },
    "y": {
        "y_gains": [
            1.7587491129089317,
            1.7793883694122712,
            1.8091554482444951,
            1.8192239358058453,
            1.8615397875275717,
            1.878015035763979,
            1.8511629792579964,
            1.8611110170216096,
            1.88253047487396,
            1.9128745331820989,
            1.9352153379903905,
            1.9714622946993097,
            2.0120345014823364,
            1.992616360077732,
            2.0416573226816532,
            2.0588552600045955,
            2.0296864785919935,
            2.0379770501773997,
            1.9979778865405902,
            2.0393022486570174,
            2.0474037855349447,
            2.0475503435298066,
            2.091179351126286,
            2.112156614554271
        ],
        "y_sigma": 0.029657817,
        "y_chi2": 0.00089157786,
        "y_quality": 0.828125
    }
}