{
    "x": {
        "x_gains": [
            1.1326072414829635,
            1.1542524507088034,
            1.178872575781171,
            1.215754623757985,
            1.2315198895080355,
            1.2163168417798025,
            1.237926901258271,
            1.2321024793844613,
            1.2379560800417835,
            1.2605771880405512,
            1.2729919045989315,
            1.3390199726210585,
            1.355307824560715,
            1.376932031853505,
            1.3869660723272017,
            1.3799300761831796,
            1.3656824166176453,
            1.389520232845796,
            1.3955210055566158,
            1.3987849035300015,
            1.4259221467041179,
            1.4449363023672552,
            1.4425302996998064,
            1.4709757941518828
        ],
        "x_sigma": 0.030429617,
        "x_chi2": 0.0009375284,
        "x_quality": 0.83463544
    },
    "y": {
        "y_gains": [
            1.1955622260488714,
            1.203055568655494,
            1.222759277117432,
            1.2601892602638634,
            1.2735610384056342,
            1.2627925622023204,
            1.294936145727452,
            1.2977300236199842,
            1.3130957269107544,
            1.3454856702076037,
            1.3468153863314345,
            1.413021929676442,
            1.4156235290786767,
            1.4386858008041679,
            1.433338507685346,
            1.43432265260189,
            1.439066955036497,
            1.472086299587227,
            1.470120326261452,
            1.4757088582257576,
            1.5108031489972193,
            1.5158343296154466,
            1.5169893707588769,
            1.5407608276967166
        ],
        "y_sigma": 0.028756293,
        "y_chi2": 0.0008342735,
        "y_quality": 0.83203125
    }
}