{
    "x": {
        "x_gains": [
            1.3994690694244416,
            1.4331728552360412,
            1.483552960986266,
            1.5317824016093273,
            1.5013441534205574,
            1.5101844498512067,
            1.5573561984785689,
            1.5721489660196353,
            1.5509495455950473,
            1.576869469425999,
            1.597605636480494,
            1.6441765240529873,
            1.6717965744553829,
            1.713820847725715,
            1.7595112359308382,
            1.8176465708388856,
            1.7600327056317493,
            1.729336375812464,
            1.6907348407023448,
            1.6943393511635894,
            1.7538856459543297,
            1.8079732451780044,
            1.8479017906722723,
            1.9304885139794394
        ],
        "x_sigma": 0.03426538,
        "x_chi2": 0.0011888611,
        "x_quality": 0.8411458
    },
    "y": {
        "y_gains": [
            1.404206716865559,
            1.4298745754058941,
            1.461021979030244,
            1.4767076684395526,
            1.4622343613669493,
            1.4790266478301777,
            1.5203888631698221,
            1.5628649289609124,
            1.5518366996033661,
            1.6001968882251274,
            1.592449749850031,
            1.610562195724537,
            1.6117031828107857,
            1.6475404790810466,
            1.679425260369695,
            1.7475818927797344,
            1.7141092100116322,
            1.7003396258368646,
            1.6639119495067947,
            1.6560170967205066,
            1.6782961400531415,
            1.710701696477212,
            1.7480344663451797,
            1.8356741237868488
        ],
        "y_sigma": 0.03202653,
        "y_chi2": 0.001032822,
        "y_quality": 0.83463544
    }
}