{
    "x": {
        "x_gains": [
            0.8484887566754853,
            0.8591277121695354,
            0.8669043487216368,
            0.9020590309233955,
            0.9024220104338033,
            0.9251144806041885,
            0.9216658668143053,
            0.9207284988028227,
            0.9256065059770576,
            0.9340776562272903,
            0.949405245084217,
            0.9854758596847936,
            1.0090194228166738,
            1.034175112921322,
            1.059985423080462,
            1.0361961983619397,
            1.0362908001937035,
            1.0385533865252683,
            1.0484702996567958,
            1.0441365935315112,
            1.0877309388749599,
            1.1161403776449805,
            1.1419412407282936,
            1.1351773760057104
        ],
        "x_sigma": 0.031550147,
        "x_chi2": 0.0010030334,
        "x_quality": 0.8385417
    },
    "y": {
        "y_gains": [
            1.1250078328670363,
            1.1411323115870449,
            1.1438623821913256,
            1.1884626659012174,
            1.1833343450841984,
            1.2109842080393367,
            1.2241286529835198,
            1.2320768244254794,
            1.2212383112228136,
            1.2334517644379477,
            1.2610670614781794,
            1.3097835988635793,
            1.3405291148848197,
            1.3667769623783843,
            1.40323994069908,
            1.381106354580826,
            1.3656840205956076,
            1.3718609506433925,
            1.3828023499066573,
            1.3720760031316264,
            1.4270327610760716,
            1.446600911711545,
            1.4806222818551071,
            1.4634554824013186
        ],
        "y_sigma": 0.029679915,
        "y_chi2": 0.000889188,
        "y_quality": 0.8463542
    }
}