{
    "x": {
        "x_gains": [
            1.9518334352190387,
            2.018011030972978,
            2.0571567423631087,
            2.1036497692401386,
            2.166552229377911,
            2.1198238935102225,
            2.1892157568015977,
            2.1818342877221966,
            2.155285008854773,
            2.2171882195468644,
            2.253039547490525,
            2.3009726004094397,
            2.384021524853544,
            2.4265750540756184,
            2.447290621683768,
            2.4675579058112422,
            2.4547780782426147,
            2.4299340661690487,
            2.4835472445689044,
            2.5016534052768824,
            2.5704327490611174,
            2.581411923903074,
            2.6330404233844744,
            2.6179616200019806
        ],
        "x_sigma": 0.026934562,
        "x_chi2": 0.0007289725,
        "x_quality": 0.84375
    },
    "y": {
        "y_gains": [
            0.9118778565143778,
            0.9480143081903507,
            0.9564739320681606,
            0.9760987577679159,
            1.0102901078353352,
            0.9812875336348569,
            1.0174365218810408,
            1.0117495793929354,
            0.983470999603858,
            1.022458756467665,
            1.0392305910826636,
            1.0674656433514023,
            1.110635882357449,
            1.1209803466362687,
            1.1202562608601843,
            1.123384334607663,
            1.1131114218077183,
            1.1126894487309198,
            1.1303872915982665,
            1.1435879936068856,
            1.1789395650821208,
            1.197761804798986,
            1.2193918917023918,
            1.2088514521025855
        ],
        "y_sigma": 0.027580412,
        "y_chi2": 0.0007668188,
        "y_quality": 0.8411458
    }
}