{
    "x": {
        "x_gains": [
            0.39771050787353457,
            0.4098315641451151,
            0.41266309528766393,
            0.4173580899022714,
            0.42207813037622016,
            0.4222223029135957,
            0.426228444721815,
            0.42465668842352744,
            0.41196732110422074,
            0.42092688521050237,
            0.4254952860866488,
            0.4321849142916809,
            0.44030421498821964,
            0.45012457647778603,
            0.45795639705552355,
            0.4505560672871244,
            0.444045790001865,
            0.44435130841020165,
            0.43115239922297716,
            0.44198139019677324,
            0.4486941966879728,
            0.4567932510807043,
            0.471342383107089,
            0.46929573961595183
        ],
        "x_sigma": 0.03625891,
        "x_chi2": 0.001337278,
        "x_quality": 0.8411458
    },
    "y": {
        "y_gains": [
            0.430029474220163,
            0.441839945247194,
            0.4468425790573999,
            0.45051644502158605,
            0.4538247807935544,
            0.45398329940716137,
            0.4645291574267947,
            0.46232672861074287,
            0.45496104077615623,
            0.46656680270821504,
            0.4692414571073423,
            0.4737599522753175,
            0.4782844053169539,
            0.48068984761410793,
            0.48877002002001996,
            0.48370122761920464,
            0.48166403750351794,
            0.485082735711403,
            0.47502343409356246,
            0.4868828644058975,
            0.49925752916550153,
            0.5000185256863767,
            0.5059204326793435,
            0.49855016626149495
        ],
        "y_sigma": 0.033318695,
        "y_chi2": 0.0011260941,
        "y_quality": 0.8307292
    }
}