{
    "x": {
        "x_gains": [
            0.42838400444971036,
            0.4339480511241143,
            0.4424034309624801,
            0.44975191684266963,
            0.4596052909761097,
            0.4612958057509195,
            0.46601047731356143,
            0.46075226930859564,
            0.47146347117526555,
            0.4727987977293932,
            0.46972003793271133,
            0.4724804695473108,
            0.4848393169777638,
            0.49762790729152273,
            0.507414930491512,
            0.501857449699957,
            0.5018910501934715,
            0.5193984410359672,
            0.5150326705824257,
            0.5162635139073388,
            0.521797598990092,
            0.5227795162229724,
            0.5260283011642479,
            0.5319705807501551
        ],
        "x_sigma": 0.029288897,
        "x_chi2": 0.00086953427,
        "x_quality": 0.83463544
    },
    "y": {
        "y_gains": [
            0.43054251370524455,
            0.4333172428197167,
            0.4442087176849263,
            0.4495774399163355,
            0.46534598683526895,
            0.4682872809475025,
            0.47745340866402236,
            0.47365343053206954,
            0.48734358951166423,
            0.4883601793063234,
            0.4851006666350381,
            0.4867013717191461,
            0.4978411120177351,
            0.5054987139101721,
            0.5149393694938177,
            0.5097839260438106,
            0.5087792401789071,
            0.5196979557057274,
            0.5207176634981865,
            0.5265123171238444,
            0.5292974613623439,
            0.5293056980711147,
            0.5291661289015881,
            0.533339363623738
        ],
        "y_sigma": 0.029244643,
        "y_chi2": 0.0008625019,
        "y_quality": 0.83984375
    }
}