{
    "x": {
        "x_gains": [
            0.4302208091093922,
            0.4499618972265429,
            0.4501366524849614,
            0.45391558477400085,
            0.45227769307621646,
            0.4561909560599152,
            0.4685685175560441,
            0.4736404860309212,
            0.47510650937727217,
            0.46870643959527014,
            0.4682216776804111,
            0.48608747173219075,
            0.4854461308195768,
            0.49853338954795834,
            0.5026803418507826,
            0.4995374283413559,
            0.48917210214324397,
            0.49820586105317527,
            0.5003196291951113,
            0.5089826272013753,
            0.5061606841510764,
            0.5119197440892722,
            0.5195154417133286,
            0.5236541107502262
        ],
        "x_sigma": 0.034972418,
        "x_chi2": 0.0012371409,
        "x_quality": 0.8333333
    },
    "y": {
        "y_gains": [
            0.4397284061472272,
            0.45634888310208077,
            0.45946707792033253,
            0.464588031673382,
            0.4628255294932329,
            0.4663754276487781,
            0.47377413784477496,
            0.4782859151111374,
            0.4790289737800617,
            0.47328406130732414,
            0.47380765238210826,
            0.48975381153352593,
            0.49352909329328515,
            0.5061615296079947,
            0.5104087659643102,
            0.5064329647345405,
            0.4917948939886927,
            0.49628087115159003,
            0.49901608997539554,
            0.5038670282819555,
            0.5065167687694727,
            0.5155108183811569,
            0.52331296459725,
            0.5282611528739705
        ],
        "y_sigma": 0.034690544,
        "y_chi2": 0.0012187356,
        "y_quality": 0.83723956
    }
}