{
    "x": {
        "x_gains": [
            1.541783964305851,
            1.5647882583296417,
            1.612745228798069,
            1.633021524203502,
            1.6526173533911503,
            1.6704965584429905,
            1.6661442193776106,
            1.642959689359697,
            1.6390298909881218,
            1.6598311224742412,
            1.713163523651182,
            1.72724130718313,
            1.7680108145685507,
            1.7945794118707443,
            1.782232408274513,
            1.8092035632626018,
            1.7934293626281173,
            1.7414909879582865,
            1.7208556954945846,
            1.7577776431320102,
            1.7474362576317968,
            1.7930232247070854,
            1.8169931742834415,
            1.8480301938565193
        ],
        "x_sigma": 0.035866395,
        "x_chi2": 0.0013057041,
        "x_quality": 0.8333333
    },
    "y": {
        "y_gains": [
            1.6608371283461716,
            1.6868213706773094,
            1.7360883852319018,
            1.7675165664025219,
            1.7857648292366846,
            1.8073499754480542,
            1.807105901827165,
            1.7781572444366616,
            1.7675779886341199,
            1.7964570991673061,
            1.8555689688451085,
            1.8737593605054175,
            1.9151548115391908,
            1.9399054536639617,
            1.925473211516987,
            1.9504960208905924,
            1.9190647123397797,
            1.8859455565236742,
            1.8752258475130097,
            1.9067340125119887,
            1.901836337093644,
            1.9437250394119407,
            1.961626274493111,
            1.9809315528720537
        ],
        "y_sigma": 0.034338392,
        "y_chi2": 0.0011995572,
        "y_quality": 0.828125
    }
}