{
    "x": {
        "x_gains": [
            0.28763815764078265,
            0.29459924751103406,
            0.2981052786217138,
            0.29784849733646,
            0.29534698545238885,
            0.2985702872225263,
            0.3045645701253831,
            0.30693682755128804,
            0.30731381054742796,
            0.3120510365711333,
            0.31738525332897455,
            0.32222416129561954,
            0.33223025137836515,
            0.33919512253695155,
            0.3345995136596069,
            0.3357853047859412,
            0.3411619423072639,
            0.3406163698456143,
            0.34358685851732235,
            0.3413376092468085,
            0.3469534778408447,
            0.34757010610689715,
            0.3495380330586081,
            0.34572671409576217
        ],
        "x_sigma": 0.023660999,
        "x_chi2": 0.0005637731,
        "x_quality": 0.8359375
    },
    "y": {
        "y_gains": [
            0.31604831392649196,
            0.3223917132176121,
            0.3267283242221873,
            0.3283719937174557,
            0.32701967350355793,
            0.333208080415905,
            0.33932179752329017,
            0.33870818054771823,
            0.33723697497219396,
            0.34291493676082757,
            0.3481059277983748,
            0.35190429667052436,
            0.364855564992342,
            0.3712508398622125,
            0.3673991859389278,
            0.36808876534193974,
            0.37225210475993187,
            0.36887900621044695,
            0.37024318497997444,
            0.36534484900297387,
            0.37053510753447566,
            0.3740883933464638,
            0.3772140389408614,
            0.37233444837571705
        ],
        "y_sigma": 0.02070972,
        "y_chi2": 0.00043178842,
        "y_quality": 0.8359375
    }
}