{
    "x": {
        "x_gains": [
            0.3731562304011351,
            0.3736717184840975,
            0.38102491358069196,
            0.38987373159454847,
            0.3922137414280706,
            0.3899263464224979,
            0.3908688655281334,
            0.38921152361910666,
            0.3894947046247432,
            0.3935978631099694,
            0.3962680269755497,
            0.4037198423296379,
            0.40823981443704177,
            0.41411039769092045,
            0.40938862394166897,
            0.40871628346109123,
            0.4075966394309234,
            0.4007539464144685,
            0.3932144708902147,
            0.39456802928894263,
            0.3999689144159716,
            0.4004592466640744,
            0.41096980325396026,
            0.41422789990597025
        ],
        "x_sigma": 0.035363477,
        "x_chi2": 0.001269675,
        "x_quality": 0.8385417
    },
    "y": {
        "y_gains": [
            0.4219521091107393,
            0.42175958944234526,
            0.4289253900583158,
            0.4378355215695948,
            0.442820180024116,
            0.4396334090440681,
            0.44384052543616764,
            0.44117660034605893,
            0.44643156092563124,
            0.45094878948885264,
            0.4564831841637584,
            0.4661349899895181,
            0.46522100789200915,
            0.4718645122213852,
            0.4663514597150452,
            0.468973641805436,
            0.47159440692806137,
            0.4702408103189643,
            0.46209298734151716,
            0.46760830509758516,
            0.47130632870609496,
            0.47107258658561457,
            0.4837755469167219,
            0.48574588417797415
        ],
        "y_sigma": 0.029222416,
        "y_chi2": 0.0008624024,
        "y_quality": 0.83723956
    }
}