{
    "x": {
        "x_gains": [
            0.406507601326288,
            0.4067719061518637,
            0.4175619019861123,
            0.42166654255614766,
            0.4204276194543127,
            0.42130562782585484,
            0.43059013971831916,
            0.4411076707653509,
            0.43389834273829686,
            0.4399304065291303,
            0.43996294280125375,
            0.4487991928795315,
            0.4610252482321295,
            0.46331924688383064,
            0.4526317480887059,
            0.4569610127718318,
            0.454574795282241,
            0.4535772320921132,
            0.4553257794482972,
            0.4498881915371982,
            0.45449884775452115,
            0.45936346739304895,
            0.4653344451724344,
            0.46922465739913555
        ],
        "x_sigma": 0.02792964,
        "x_chi2": 0.0007886718,
        "x_quality": 0.8255208
    },
    "y": {
        "y_gains": [
            0.3937375259030075,
            0.39782496361990166,
            0.4101488545034672,
            0.4158140745579585,
            0.41768930932566567,
            0.41844680913385696,
            0.42270743775717523,
            0.429169758655957,
            0.4188542200923951,
            0.4181248072444639,
            0.4241539020377541,
            0.4329936296245235,
            0.4467066263612212,
            0.4505891791459217,
            0.4407275053672898,
            0.4371708922876497,
            0.43440022317745863,
            0.4340427168348286,
            0.43086445844323074,
            0.4210296743819653,
            0.4266132797120258,
            0.43193958236452884,
            0.4387385039543501,
            0.44408562326084966
        ],
        "y_sigma": 0.03463784,
        "y_chi2": 0.0012219476,
        "y_quality": 0.80859375
    }
}