{
    "x": {
        "x_gains": [
            0.38421885597836664,
            0.3892891754835799,
            0.40378040209017735,
            0.40656908303953976,
            0.4094410556373073,
            0.4142955153339056,
            0.4129167971827843,
            0.4104076254721791,
            0.40795978495623814,
            0.41419959035660514,
            0.4217866646915803,
            0.4275215455895723,
            0.43165153979816406,
            0.4290821589354643,
            0.44009931457172347,
            0.4394188211517941,
            0.4326973273973606,
            0.4260216403656527,
            0.4268673740143632,
            0.42982129363056853,
            0.4379239322626268,
            0.4453605808499582,
            0.45890509466340185,
            0.45840821049444913
        ],
        "x_sigma": 0.036416132,
        "x_chi2": 0.0013502084,
        "x_quality": 0.8151042
    },
    "y": {
        "y_gains": [
            0.4242111380282505,
            0.4314865206847087,
            0.4406100016355443,
            0.44541584691591846,
            0.44656036654389386,
            0.45421986149019544,
            0.45369837904911625,
            0.4531917912645742,
            0.4510171067180441,
            0.46063857219731136,
            0.46665291284981525,
            0.47088545819533056,
            0.4737446004959159,
            0.4674956798724223,
            0.48019472856632817,
            0.48094572397649576,
            0.4780262792078837,
            0.4725852806131057,
            0.4740814233896509,
            0.4776066025100902,
            0.4821821635995863,
            0.49116533543669977,
            0.4993013276522162,
            0.49973316747522667
        ],
        "y_sigma": 0.032494377,
        "y_chi2": 0.0010693509,
        "y_quality": 0.8385417
    }
}