{
    "x": {
        "x_gains": [
            0.49844423094416557,
            0.4889299416198093,
            0.48223776067301877,
            0.4776411405688324,
            0.46841391301741003,
            0.4742601920412311,
            0.4733518527512203,
            0.47773013215926374,
            0.4783445070623979,
            0.47428324774180697,
            0.46513194211749276,
            0.45723037364911856,
            0.44567855808368206,
            0.4300432146125932,
            0.41384114897863383,
            0.41171256369708004,
            0.4186773647106898,
            0.41642794934470484,
            0.4114342177166701,
            0.4041745083257524,
            0.3983240436199881,
            0.3907301002918207,
            0.37887957051424304,
            0.3643563715745628
        ],
        "x_sigma": 0.024363145,
        "x_chi2": 0.0005973677,
        "x_quality": 0.83723956
    },
    "y": {
        "y_gains": [
            0.5092103420620473,
            0.4985679880961907,
            0.4926200588976543,
            0.48929206337447806,
            0.4824323467029005,
            0.48779585977410467,
            0.486018227627609,
            0.49430745646980245,
            0.4942151376811712,
            0.4884810072478369,
            0.4816205645816333,
            0.4754340832038172,
            0.46535213684815047,
            0.4500759345612995,
            0.4371559282300129,
            0.4338938243588253,
            0.44002346029080885,
            0.4386304850906647,
            0.4402019540916904,
            0.43244776679648744,
            0.4289833506413816,
            0.4172379349392544,
            0.4084283603177867,
            0.39199960172840465
        ],
        "y_sigma": 0.025083229,
        "y_chi2": 0.00063127954,
        "y_quality": 0.82942706
    }
}