{
    "x": {
        "x_gains": [
            0.41681712027970763,
            0.41248038604204323,
            0.4153991626632918,
            0.40915823793877204,
            0.40152176749882057,
            0.3995212137774092,
            0.4005953327358855,
            0.398162020407874,
            0.3966879255692859,
            0.40913198966205294,
            0.4075295153251475,
            0.391397398303214,
            0.3875681470762208,
            0.3803980865976244,
            0.36601717894309027,
            0.36591892597818726,
            0.36698575588826815,
            0.36336489702511343,
            0.3596347923069515,
            0.35648393478411605,
            0.35050780694801115,
            0.3404327983443255,
            0.3272983124793577,
            0.31211434371404834
        ],
        "x_sigma": 0.017136699,
        "x_chi2": 0.0002964111,
        "x_quality": 0.83723956
    },
    "y": {
        "y_gains": [
            0.44889593595655547,
            0.4479261645677145,
            0.4506432933011874,
            0.4443582389460889,
            0.43540311492613254,
            0.4350936060384031,
            0.43877488786010804,
            0.44050049666431,
            0.4424620962632925,
            0.44520221819334,
            0.4416737952817225,
            0.42781488073633445,
            0.42164856747218266,
            0.4193745330788793,
            0.40474398809469847,
            0.4019775042133272,
            0.3983467494526815,
            0.39789375735332533,
            0.3932395823952931,
            0.3881562203024102,
            0.38499739087268203,
            0.3746693262194119,
            0.36497166889171645,
            0.3507017682663718
        ],
        "y_sigma": 0.022642246,
        "y_chi2": 0.00051440834,
        "y_quality": 0.83203125
    }
}