{
    "x": {
        "x_gains": [
            0.4927362545924867,
            0.4936924129399349,
            0.48714219831782984,
            0.4772983310738826,
            0.4770236092817919,
            0.46827212829307696,
            0.46171596646593877,
            0.4737148424239685,
            0.4744848162486376,
            0.4718527785357568,
            0.4602319338830804,
            0.4466403267977943,
            0.4337144454451201,
            0.4309023146176371,
            0.4218971364153763,
            0.41495997088640846,
            0.4137320308938672,
            0.4156809658563396,
            0.41025068778527807,
            0.41093908333544626,
            0.40784023919014345,
            0.4017099345759132,
            0.39320040119023336,
            0.3767414165590285
        ],
        "x_sigma": 0.021785421,
        "x_chi2": 0.00047659717,
        "x_quality": 0.8359375
    },
    "y": {
        "y_gains": [
            0.522162563408811,
            0.5179924415578913,
            0.5126529935961438,
            0.498939379613786,
            0.5016004817371027,
            0.4954354540745206,
            0.49023669117686713,
            0.49954416594857187,
            0.5016167358203859,
            0.5037407536495639,
            0.49353990808115333,
            0.4802888034209627,
            0.4621035786687443,
            0.45617428704292584,
            0.446510737377655,
            0.44101120164042057,
            0.4424875873382,
            0.44209978298205854,
            0.4392356175810908,
            0.43481695923543173,
            0.4326132039519908,
            0.42926533598705163,
            0.4198960169503624,
            0.4058952881077227
        ],
        "y_sigma": 0.023164462,
        "y_chi2": 0.000538214,
        "y_quality": 0.82682294
    }
}