{
    "x": {
        "x_gains": [
            0.48748228367510554,
            0.48754196212725287,
            0.4794522583975344,
            0.4683112728283598,
            0.471952856440389,
            0.47214491373865214,
            0.46615526326584655,
            0.4679091526305619,
            0.4670287073205816,
            0.4618436336009717,
            0.45396953228881,
            0.4481638458337882,
            0.4407043336660651,
            0.4298625144928147,
            0.42248784502469866,
            0.41278500844104066,
            0.4026478768619042,
            0.3994200420988725,
            0.40383323351248857,
            0.4064378784495501,
            0.40090551727375584,
            0.3924204153738703,
            0.3767330284407818,
            0.3652537737563337
        ],
        "x_sigma": 0.022519276,
        "x_chi2": 0.0005087064,
        "x_quality": 0.8333333
    },
    "y": {
        "y_gains": [
            0.4695796886123169,
            0.47579248710340677,
            0.47809363033465835,
            0.4604838755354449,
            0.46466101933152476,
            0.45895932899778935,
            0.44377631454865174,
            0.45271084385074944,
            0.45841422052254455,
            0.4444526816341441,
            0.43485640193638075,
            0.4352304418973018,
            0.4283420942141863,
            0.41690169499722135,
            0.40257973091570787,
            0.38880886770381695,
            0.3841724042815246,
            0.3858739868299665,
            0.40718215574693023,
            0.4077976455884491,
            0.39092286489854344,
            0.37793137748806394,
            0.3605585701256673,
            0.34910245409948565
        ],
        "y_sigma": 0.029008206,
        "y_chi2": 0.00084541104,
        "y_quality": 0.84765625
    }
}