{
    "x": {
        "x_gains": [
            0.3759593542822898,
            0.3775839438016141,
            0.3760531179541748,
            0.3622840560598348,
            0.36376043901519867,
            0.3660481416998712,
            0.36698823399023,
            0.3717143517944771,
            0.37642108841931865,
            0.3800484158878936,
            0.37427685034053576,
            0.37204671641799375,
            0.364853381844239,
            0.3521522311837139,
            0.3478935117442587,
            0.3427013723544996,
            0.33784733408722845,
            0.3394901225009368,
            0.3348936923509812,
            0.3272011903841067,
            0.31843746556894903,
            0.30849563983060013,
            0.29952416393221076,
            0.2902940475495844
        ],
        "x_sigma": 0.016720612,
        "x_chi2": 0.00028058034,
        "x_quality": 0.8385417
    },
    "y": {
        "y_gains": [
            0.380829586985743,
            0.3817043749237784,
            0.3798757912527825,
            0.36819895114846773,
            0.3705779901206131,
            0.37294423812340427,
            0.37490336865672874,
            0.37891896465546204,
            0.3862311976859498,
            0.3898730323887801,
            0.3850615376469852,
            0.38064344348329865,
            0.3726982852710942,
            0.3613567282906363,
            0.35799242430751377,
            0.35107884774517856,
            0.34383435546118296,
            0.3438570555960466,
            0.33795129128315815,
            0.3334742817964393,
            0.32639705856193174,
            0.31482617187745954,
            0.30799274750997874,
            0.2980183922646823
        ],
        "y_sigma": 0.01905563,
        "y_chi2": 0.00036432024,
        "y_quality": 0.83463544
    }
}