{
    "x": {
        "x_gains": [
            0.5121359315286551,
            0.5128364501994267,
            0.506630142010962,
            0.4925862566562565,
            0.48504673667831266,
            0.4793106745602744,
            0.4815651097217209,
            0.49404485739568105,
            0.5055398063054565,
            0.5027803754763844,
            0.49914249814531125,
            0.48546050637997046,
            0.4723172498289031,
            0.46487497652381365,
            0.4506555190113988,
            0.44452192955589853,
            0.44490694993595564,
            0.4464217355957451,
            0.4490272162131155,
            0.45344235296678265,
            0.4496936686729,
            0.4384981368652663,
            0.4234110220578936,
            0.40130053477309263
        ],
        "x_sigma": 0.019386934,
        "x_chi2": 0.00037698983,
        "x_quality": 0.83723956
    },
    "y": {
        "y_gains": [
            0.5997227361846071,
            0.6004194289963196,
            0.5944487875533362,
            0.5801438907686518,
            0.5786110857486585,
            0.5747456089722848,
            0.5732252230562649,
            0.5883902137998217,
            0.5957939923112785,
            0.5953868356279244,
            0.5891376450589438,
            0.5741672507861498,
            0.5621558903256344,
            0.5517873994050188,
            0.5399379114596854,
            0.538650488766067,
            0.5312828083736758,
            0.5275088479059059,
            0.5255511678456444,
            0.524484235315097,
            0.517156084222385,
            0.50471838505864,
            0.4914541287282509,
            0.4745575462717336
        ],
        "y_sigma": 0.022001147,
        "y_chi2": 0.0004854977,
        "y_quality": 0.8359375
    }
}