{
    "x": {
        "x_gains": [
            0.5037069050409224,
            0.5074721210040883,
            0.4958809155865884,
            0.48731893786693287,
            0.48820108299599047,
            0.4878381462306552,
            0.48988015375966365,
            0.49087596570642333,
            0.4892417691921718,
            0.4797509133258013,
            0.4802924020143463,
            0.4716086187984233,
            0.46494364441333247,
            0.45724287575590816,
            0.45157646246198396,
            0.4442154267133389,
            0.4418614988666694,
            0.439774179477032,
            0.4333181816409153,
            0.43224409550243104,
            0.4308215417836365,
            0.4188168374085189,
            0.4117377370605755,
            0.3990278086470124
        ],
        "x_sigma": 0.021466006,
        "x_chi2": 0.00046443025,
        "x_quality": 0.8411458
    },
    "y": {
        "y_gains": [
            0.4951238470607988,
            0.49713155095101264,
            0.4845444610971608,
            0.4766011475125829,
            0.471199330934646,
            0.4730524489807021,
            0.4698835205740849,
            0.4737292945952888,
            0.4702803068146344,
            0.4670713964869599,
            0.46499961823531344,
            0.450110900574238,
            0.4428711299927741,
            0.43269899372387416,
            0.428859481231844,
            0.42021174806154216,
            0.4181220624573176,
            0.4153544408429984,
            0.4105166146336858,
            0.40926075230311487,
            0.40701107509696227,
            0.39207020754158023,
            0.3868558752962349,
            0.3740928715481048
        ],
        "y_sigma": 0.022572465,
        "y_chi2": 0.00051177124,
        "y_quality": 0.8307292
    }
}