{
    "x": {
        "x_gains": [
            0.4460616657949878,
            0.4518553542329086,
            0.44993776460839935,
            0.4405471878022704,
            0.42372145229680336,
            0.426510220443087,
            0.42871925096916275,
            0.43453369645865897,
            0.43626680734235296,
            0.4419296096285502,
            0.4418562859778719,
            0.4221526458374863,
            0.41228854029984424,
            0.40664582904999724,
            0.3954335335545125,
            0.3907930104637955,
            0.3949778721546683,
            0.39630306309770924,
            0.39591869587865663,
            0.3943367718842614,
            0.3923375380278063,
            0.3773415742720666,
            0.3643132311242848,
            0.3501952583702095
        ],
        "x_sigma": 0.018029517,
        "x_chi2": 0.0003276344,
        "x_quality": 0.82942706
    },
    "y": {
        "y_gains": [
            0.43936279389746163,
            0.4411571764493712,
            0.44086058101545006,
            0.4321007658986076,
            0.4176350230734997,
            0.4190400044921088,
            0.41828788077791507,
            0.4219094897823225,
            0.42533897389524583,
            0.4248516099539334,
            0.42387754788025406,
            0.40737704423837684,
            0.395014443703134,
            0.3889695698214381,
            0.3785084420630376,
            0.37466344451108874,
            0.37378043852967635,
            0.37291314077292065,
            0.3742342138839846,
            0.3729257682308118,
            0.3690013208033277,
            0.3555000153931507,
            0.34468177393094535,
            0.33372067179306114
        ],
        "y_sigma": 0.020696292,
        "y_chi2": 0.00042962263,
        "y_quality": 0.85026044
    }
}