{
    "x": {
        "x_gains": [
            0.5024964273760255,
            0.4893892339164552,
            0.4938772067174412,
            0.4771809675416734,
            0.4786428140444906,
            0.47002007502742454,
            0.4705002462127788,
            0.4732568919336344,
            0.47938650033233476,
            0.4795368441344612,
            0.47517699154992754,
            0.4676085237552144,
            0.45838826925745274,
            0.4450434927654175,
            0.4447507294467901,
            0.4350225141551976,
            0.43252376274739446,
            0.4262815536803146,
            0.4252636549608026,
            0.42605587296718095,
            0.4220525852198029,
            0.411356398360827,
            0.40152634619135796,
            0.3855848041337159
        ],
        "x_sigma": 0.021787705,
        "x_chi2": 0.0004766092,
        "x_quality": 0.82942706
    },
    "y": {
        "y_gains": [
            0.5643030363735629,
            0.5516997261693579,
            0.5531907572667,
            0.5362261806319715,
            0.5377916692951235,
            0.5259860239201612,
            0.5277036500733772,
            0.5319607327865487,
            0.5372118597038995,
            0.5410216403786957,
            0.5332059895242085,
            0.5212347927143052,
            0.5121913842033621,
            0.5032042790479073,
            0.4969097678447503,
            0.49177767400176015,
            0.48607346067096996,
            0.4820657791289332,
            0.4826848398152437,
            0.48407152950725774,
            0.47965969487695626,
            0.46411631348884913,
            0.453594205642467,
            0.43706992865357897
        ],
        "y_sigma": 0.02256484,
        "y_chi2": 0.000510727,
        "y_quality": 0.82942706
    }
}