{
    "x": {
        "x_gains": [
            0.3521220990420871,
            0.34949230825095773,
            0.34606015702133563,
            0.3360338808176538,
            0.33538547882163117,
            0.33788951438620357,
            0.3417227755530296,
            0.3539968742783995,
            0.3519013741502329,
            0.35421140356693714,
            0.35203173354858897,
            0.3473308716605135,
            0.34017279076907114,
            0.33358011590307846,
            0.32959397976820315,
            0.32692056843640754,
            0.3221838186270059,
            0.31859079898303266,
            0.31517723361377803,
            0.3144468979687736,
            0.30139624220370803,
            0.2910653136010455,
            0.2832362677923005,
            0.2730363498753316
        ],
        "x_sigma": 0.022302067,
        "x_chi2": 0.0004995619,
        "x_quality": 0.8385417
    },
    "y": {
        "y_gains": [
            0.3588882460402873,
            0.35537748142770625,
            0.3531908034200737,
            0.3443747215730376,
            0.3385126903329916,
            0.3368365456873301,
            0.3406079586387494,
            0.3554785067741406,
            0.35676273918578105,
            0.3623564941458409,
            0.356039363996915,
            0.35277233548056447,
            0.34494665227549237,
            0.3331874638616547,
            0.32255943947943033,
            0.31877279105916273,
            0.31633606911310436,
            0.31137933603899143,
            0.30992102127654303,
            0.31158792372452265,
            0.30315931109714356,
            0.2957373220884934,
            0.28440791079466243,
            0.2760211332820486
        ],
        "y_sigma": 0.020776223,
        "y_chi2": 0.0004331356,
        "y_quality": 0.8411458
    }
}