{
    "x": {
        "x_gains": [
            0.38465219287137936,
            0.3770442206511041,
            0.37076149628513666,
            0.36263848801218695,
            0.35429269891320714,
            0.3469366981382197,
            0.33809078914244417,
            0.34722137828137223,
            0.3476182414757924,
            0.34264388130541834,
            0.34301528270290554,
            0.3366993617459559,
            0.3251006576656264,
            0.3228172910625612,
            0.314511794349544,
            0.30524750994343763,
            0.30502805190479343,
            0.30309998847310743,
            0.30568171209636946,
            0.3032812912746882,
            0.29911803849876484,
            0.2906319865204885,
            0.2794390819308402,
            0.26671521594837505
        ],
        "x_sigma": 0.01711962,
        "x_chi2": 0.00029497978,
        "x_quality": 0.8359375
    },
    "y": {
        "y_gains": [
            0.45130925944437966,
            0.4450963028164626,
            0.4416629493368431,
            0.4318240506995981,
            0.4204657499111766,
            0.41349904004130356,
            0.40484621977068946,
            0.40878506910899937,
            0.408509347756001,
            0.40350700853340654,
            0.4023109060291037,
            0.39525551094877526,
            0.3826725267606724,
            0.37607993232968134,
            0.36852562662715577,
            0.3576899311178615,
            0.35719752112064296,
            0.352655815682322,
            0.35615651982084046,
            0.3555748482566556,
            0.3493197539237953,
            0.3391665687040561,
            0.3313535730501922,
            0.31731807837248827
        ],
        "y_sigma": 0.022786977,
        "y_chi2": 0.00052093575,
        "y_quality": 0.8333333
    }
}