{
    "x": {
        "x_gains": [
            0.5071571796238649,
            0.494676293726911,
            0.4955521714848378,
            0.49483790050571447,
            0.48967639735280943,
            0.48798638517985354,
            0.48174016881524384,
            0.4871523315597741,
            0.4899812792852623,
            0.4952279095791093,
            0.48517871218238134,
            0.4757549338760111,
            0.470178770431736,
            0.4530891847158519,
            0.44358822060351955,
            0.43857008084557014,
            0.4431115648573535,
            0.4487612484250724,
            0.4486138616748505,
            0.44717067511950415,
            0.4386501104323586,
            0.42096861510586936,
            0.4135370527131546,
            0.4023626736194936
        ],
        "x_sigma": 0.021041568,
        "x_chi2": 0.00044419128,
        "x_quality": 0.8411458
    },
    "y": {
        "y_gains": [
            0.5088281687274208,
            0.49420400019590244,
            0.4945995417930925,
            0.4925230082123287,
            0.4841720524755354,
            0.4862988224565794,
            0.4781921200920214,
            0.48075226576139096,
            0.48548006793613874,
            0.4893414819129357,
            0.47755646961986314,
            0.4639495000248213,
            0.45128960517575023,
            0.43575025845437204,
            0.4283677091280447,
            0.4218303980265087,
            0.42211504627393986,
            0.4248284893043693,
            0.4259276288476864,
            0.42372391200728904,
            0.4175356278975929,
            0.4021760944116425,
            0.384996753514876,
            0.3731847779272549
        ],
        "y_sigma": 0.026062066,
        "y_chi2": 0.0006815938,
        "y_quality": 0.8177083
    }
}