{
    "x": {
        "x_gains": [
            0.506381495564326,
            0.504960275280104,
            0.5002960752173137,
            0.4882888556711406,
            0.485513656212538,
            0.4793349591736035,
            0.4750434949824006,
            0.4804158710379322,
            0.47827010849605234,
            0.49144480595670426,
            0.49427359328499665,
            0.48284779768291003,
            0.4699976307419434,
            0.4562152021854533,
            0.4452388891414383,
            0.4389497687832093,
            0.4358847907678904,
            0.43305547050827287,
            0.4394132988786436,
            0.436305314242358,
            0.43117638067527825,
            0.424857223543599,
            0.40832914693875433,
            0.3875681470762208
        ],
        "x_sigma": 0.020917661,
        "x_chi2": 0.0004396015,
        "x_quality": 0.8411458
    },
    "y": {
        "y_gains": [
            0.5296817497252673,
            0.5291207700696698,
            0.5246167766254687,
            0.5144493121066746,
            0.5119775876691222,
            0.5010843214173311,
            0.4992350720226469,
            0.5022948848699941,
            0.5010502263268924,
            0.5082768307394442,
            0.5092547631998453,
            0.5010913016913886,
            0.4878588518963951,
            0.47300635507688366,
            0.4596755380214875,
            0.4551138710834436,
            0.44752020106187596,
            0.4469394791206412,
            0.447311072241767,
            0.4437330319261923,
            0.4384238330001532,
            0.4334727670734086,
            0.4160808594899098,
            0.3986996967569847
        ],
        "y_sigma": 0.021385936,
        "y_chi2": 0.00045875626,
        "y_quality": 0.82942706
    }
}