{
    "x": {
        "x_gains": [
            1.3999143812364436,
            1.3968711538898866,
            1.3520766491170724,
            1.3299779762297026,
            1.3085809831567832,
            1.2788296151362273,
            1.2722354958792292,
            1.2788659221620813,
            1.2713974603327172,
            1.2084313220081568,
            1.1853001540321255,
            1.1624166968604404,
            1.118647063495526,
            1.0862150618925341,
            1.0837293641673122,
            1.0557784655822555,
            1.039352267352168,
            1.0327088212624338,
            1.017969917563778,
            1.0138320143209856,
            0.9884299334144176,
            0.9727545080848546,
            0.916633889366506,
            0.8968601821881775
        ],
        "x_sigma": 0.031358756,
        "x_chi2": 0.0009872469,
        "x_quality": 0.83203125
    },
    "y": {
        "y_gains": [
            2.106423020928682,
            2.084114181446649,
            2.017119698303441,
            1.988961937493967,
            1.9285833995641015,
            1.876357286497654,
            1.8611323538690054,
            1.8826594824380816,
            1.8743241304330918,
            1.8398746088656566,
            1.8117826020314434,
            1.77241911671706,
            1.744236497538228,
            1.6806688793232685,
            1.6394656633836313,
            1.582442133572548,
            1.5414824408887344,
            1.5365444982672078,
            1.535167541277201,
            1.533755739889137,
            1.5025307124790284,
            1.495869977784835,
            1.4192708252020942,
            1.3823450211526436
        ],
        "y_sigma": 0.031223234,
        "y_chi2": 0.0009780095,
        "y_quality": 0.8359375
    }
}