{
    "x": {
        "x_gains": [
            2.0754019254499854,
            2.0268977438195837,
            1.9703117368120633,
            1.9165248039035776,
            1.9002644312969372,
            1.8608916499558597,
            1.8504913979907365,
            1.8416206261510129,
            1.835249976646444,
            1.8032038496526859,
            1.7683582599050565,
            1.734176721278782,
            1.6541636705627183,
            1.6018244395929098,
            1.5564465416489375,
            1.5222198507728302,
            1.488479850656649,
            1.4988398230349798,
            1.475237707264628,
            1.4681789751867036,
            1.4521329073356237,
            1.3968262570929963,
            1.337049010360445,
            1.262519570158042
        ],
        "x_sigma": 0.023146251,
        "x_chi2": 0.0005373641,
        "x_quality": 0.83463544
    },
    "y": {
        "y_gains": [
            1.9560428275577095,
            1.9215847386202791,
            1.8677669557285066,
            1.8103640080807408,
            1.8102996091110568,
            1.7677734059562933,
            1.7494771162794864,
            1.731688810810504,
            1.7358234345398242,
            1.7021032072322229,
            1.679484887205627,
            1.6444295934180717,
            1.5787561561228174,
            1.515051889012147,
            1.4863746267527516,
            1.456972399697649,
            1.4158704637103197,
            1.4163006001715421,
            1.4013154428324957,
            1.4052017195172402,
            1.3895381892060785,
            1.3660039589526738,
            1.3180246353566223,
            1.250535698229729
        ],
        "y_sigma": 0.027576655,
        "y_chi2": 0.00076295616,
        "y_quality": 0.84375
    }
}