{
    "x": {
        "x_gains": [
            2.3343571123320888,
            2.3171255038589407,
            2.305175765041733,
            2.2837219405936326,
            2.2525449816338745,
            2.197183026796273,
            2.144524204065203,
            2.1189879544010743,
            2.141651851789982,
            2.128227041303864,
            2.1189256784063693,
            2.0509135178991427,
            2.003006312173942,
            1.9254908220517222,
            1.8765644683401994,
            1.8480916697822412,
            1.8329256723345493,
            1.7792528970462889,
            1.7640016306431072,
            1.7528363960351543,
            1.7711263717263053,
            1.679858201153411,
            1.6086382587584724,
            1.5802948608969154
        ],
        "x_sigma": 0.02382031,
        "x_chi2": 0.00056916,
        "x_quality": 0.8307292
    },
    "y": {
        "y_gains": [
            2.268649735748813,
            2.2421568903544022,
            2.229224960899394,
            2.1858165250964303,
            2.1457056897720688,
            2.083276737648627,
            2.0227645973312858,
            2.032619270795804,
            2.068166520330098,
            2.0348504771520886,
            2.035069290853243,
            1.9660079583215748,
            1.9104426514727888,
            1.8351910360460881,
            1.7728534998964656,
            1.7497834205571203,
            1.725878092255778,
            1.7024953985805615,
            1.6855608202174932,
            1.6801485708337027,
            1.698227373285491,
            1.6318029252025599,
            1.5806250771542616,
            1.55306585294299
        ],
        "y_sigma": 0.029166814,
        "y_chi2": 0.0008534898,
        "y_quality": 0.828125
    }
}