{
    "x": {
        "x_gains": [
            2.0243433359174077,
            1.9983042390227652,
            1.9442581197079725,
            1.8627281143417027,
            1.7981630326091471,
            1.7756372273708796,
            1.729306171236589,
            1.7416685153026568,
            1.7492015769402056,
            1.7268950082372894,
            1.6697907616922547,
            1.6369886088510663,
            1.554134144467026,
            1.4978816209176173,
            1.4604422423571772,
            1.4337489828984715,
            1.4126647228870968,
            1.4125921857660433,
            1.3808128596758598,
            1.3646664386763936,
            1.3558419916386037,
            1.2996044393967807,
            1.2322635076227944,
            1.1848690796683456
        ],
        "x_sigma": 0.025488064,
        "x_chi2": 0.00065158366,
        "x_quality": 0.828125
    },
    "y": {
        "y_gains": [
            2.1098058141058114,
            2.049848208740143,
            1.9618471732823095,
            1.8947180943683295,
            1.8530616265663513,
            1.8163997648852144,
            1.7860214176116358,
            1.8018755001330684,
            1.8041388605268238,
            1.7846165553238447,
            1.7461219068978278,
            1.7305052954327291,
            1.640756819428346,
            1.555811614488427,
            1.5295867818249727,
            1.5091241646997748,
            1.5020946710187355,
            1.4896687006603107,
            1.4744753425995065,
            1.459220904448464,
            1.4560633608883617,
            1.4138107794956662,
            1.365138698774365,
            1.306976838409958
        ],
        "y_sigma": 0.026873946,
        "y_chi2": 0.0007246678,
        "y_quality": 0.8333333
    }
}