{
    "x": {
        "x_gains": [
            0.6652171142269585,
            0.6204882361325067,
            0.5985114541326557,
            0.574083131830154,
            0.5735507748441547,
            0.5615934968371615,
            0.5487923604591153,
            0.5391137831986268,
            0.544799636858354,
            0.5492444318972605,
            0.5099396675081181,
            0.4828086330046051,
            0.45397027420803293,
            0.4294454973970879,
            0.42528664213358147,
            0.41545785740904695,
            0.40072081660490894,
            0.3990978791539604,
            0.3838755825455919,
            0.3764207908645987,
            0.3573921381592232,
            0.3476241626602982,
            0.32466520524035614,
            0.3259730254061746
        ],
        "x_sigma": 0.028681075,
        "x_chi2": 0.00082525634,
        "x_quality": 0.8463542
    },
    "y": {
        "y_gains": [
            0.7327868550935245,
            0.6769462763926968,
            0.6578556550225997,
            0.6416102466696258,
            0.6282769748991411,
            0.6157091414644088,
            0.6073062832636834,
            0.5855772213271675,
            0.5941105935681705,
            0.6020161883357076,
            0.5672695456125558,
            0.5359216203911745,
            0.5000106752279161,
            0.47002095870456956,
            0.46332942221523726,
            0.4578945368144918,
            0.4376978093180874,
            0.43581511154034064,
            0.42059520109287457,
            0.41084558389271675,
            0.39232248437428585,
            0.3801957551904324,
            0.3579105240869488,
            0.3565591824953687
        ],
        "y_sigma": 0.034224514,
        "y_chi2": 0.0011766301,
        "y_quality": 0.8567708
    }
}