{
    "x": {
        "x_gains": [
            1.8399035861082422,
            1.770617871271123,
            1.729933057645435,
            1.645188998489552,
            1.5769547615833637,
            1.583789345880746,
            1.5712691549494506,
            1.5452170610444333,
            1.557047657024753,
            1.569915643722716,
            1.517131371591442,
            1.4454541262728486,
            1.3362697415480604,
            1.2644471623314717,
            1.2123807350761386,
            1.2150439451018844,
            1.1901159678751998,
            1.1930973828156155,
            1.193683361880271,
            1.1881056368483836,
            1.158949185409386,
            1.0843734028535243,
            1.0307673010142637,
            0.9926246006919388
        ],
        "x_sigma": 0.02745609,
        "x_chi2": 0.00075656804,
        "x_quality": 0.82942706
    },
    "y": {
        "y_gains": [
            1.7601515420071605,
            1.7215452245626628,
            1.6829517492684631,
            1.6340391532775134,
            1.5739373601261542,
            1.5744761048846705,
            1.5481328434215345,
            1.5226182736758043,
            1.5208049924986293,
            1.5069358833742537,
            1.46515539599297,
            1.413508576357274,
            1.335095303108022,
            1.2828659018989879,
            1.2232559550546405,
            1.2330074617912565,
            1.2056900758709417,
            1.209291089861018,
            1.2065448397428533,
            1.2051276736360004,
            1.1761551710926466,
            1.1154149396557729,
            1.0764652678373685,
            1.0406719577204122
        ],
        "y_sigma": 0.028796064,
        "y_chi2": 0.00083290954,
        "y_quality": 0.8463542
    }
}