{
    "x": {
        "x_gains": [
            0.36397120390864307,
            0.366647674317137,
            0.3636935891694668,
            0.3570971997151793,
            0.358175682306766,
            0.35554819807817667,
            0.35750840949156226,
            0.3649340958217674,
            0.3733238598670654,
            0.3724446525830694,
            0.3725478990422017,
            0.3689781747195784,
            0.36752073708194927,
            0.3554489145620951,
            0.34892791027249004,
            0.34565258741873667,
            0.3344420085918152,
            0.3335514203703522,
            0.33511637586384624,
            0.32446468599362205,
            0.3194586785470368,
            0.3133879652126823,
            0.30637996446605176,
            0.299296130325507
        ],
        "x_sigma": 0.019940188,
        "x_chi2": 0.00039903648,
        "x_quality": 0.82421875
    },
    "y": {
        "y_gains": [
            0.3832022526161218,
            0.3843160615290015,
            0.38033435573547064,
            0.37496696541034735,
            0.37776326747093725,
            0.37037338822760774,
            0.3725324798961916,
            0.3770195855265348,
            0.3856724534761391,
            0.3895644412434367,
            0.3908081149741842,
            0.38203627243388627,
            0.37683145267432194,
            0.36974662151419524,
            0.36567487473898586,
            0.36429500901265854,
            0.3548508123794816,
            0.351966597525175,
            0.3537649076532085,
            0.3456249787872669,
            0.3393391614155628,
            0.3315637774530663,
            0.31914365332420663,
            0.3098777563239078
        ],
        "y_sigma": 0.016692568,
        "y_chi2": 0.0002797407,
        "y_quality": 0.83203125
    }
}