{
    "x": {
        "x_gains": [
            1.5434978532260109,
            1.5255139151277282,
            1.5068524113405712,
            1.4590589872014992,
            1.5095748938976417,
            1.5004023328855631,
            1.5229981864137598,
            1.5510099246023055,
            1.545773881259679,
            1.50807771667382,
            1.4541074879454126,
            1.4304948310499774,
            1.4250137798832514,
            1.4226503577823384,
            1.4179909071049484,
            1.4137200969925083,
            1.3787181616061734,
            1.3433952563316367,
            1.3026971106112952,
            1.2939894964284595,
            1.2859232298688075,
            1.2510402399595264,
            1.2310037653943176,
            1.2306108795477455
        ],
        "x_sigma": 0.031274404,
        "x_chi2": 0.0009817878,
        "x_quality": 0.8411458
    },
    "y": {
        "y_gains": [
            1.5758357563121284,
            1.5572603057151142,
            1.5621598885017753,
            1.5348846197301098,
            1.6004441552619684,
            1.6019854366707922,
            1.6152737703284223,
            1.6076528649185917,
            1.6066654766631037,
            1.5707311219324012,
            1.5266017219762105,
            1.5160194822450848,
            1.5194814386681224,
            1.5363128277051281,
            1.5256170167322045,
            1.5168372729389406,
            1.4812849862849304,
            1.4510466907646828,
            1.417856806217427,
            1.3976431822546278,
            1.38726809732851,
            1.3668249176556329,
            1.346294559825628,
            1.3597439667378344
        ],
        "y_sigma": 0.037172955,
        "y_chi2": 0.0013870412,
        "y_quality": 0.85286456
    }
}