{
    "x": {
        "x_gains": [
            1.6322597199434064,
            1.6191324461674894,
            1.6050546638282026,
            1.5837597474473355,
            1.6480596610781788,
            1.6818337234907266,
            1.6356750944716862,
            1.6042345117494616,
            1.6447879712050257,
            1.660361361378763,
            1.6155836615054961,
            1.5514355254501904,
            1.5409491044543138,
            1.5246248641463955,
            1.5242812670862405,
            1.5155205214360525,
            1.4919144057673592,
            1.4471183171171667,
            1.4217062730102272,
            1.4025530673484943,
            1.3855042175441135,
            1.3651534214021108,
            1.3450107163728826,
            1.3243142938962777
        ],
        "x_sigma": 0.030270867,
        "x_chi2": 0.00091913564,
        "x_quality": 0.83203125
    },
    "y": {
        "y_gains": [
            2.023000422382258,
            2.036552948401202,
            2.0078855689951145,
            2.022237330582012,
            2.0426878037464,
            2.032445802190505,
            1.995104412791891,
            1.9813385645955006,
            2.033904703266321,
            2.018848575959733,
            1.9854571222168977,
            1.9552394845754089,
            1.937971350969519,
            1.8891185637258254,
            1.8821382445597736,
            1.866464053283517,
            1.8615157384454228,
            1.7866626526312404,
            1.7302151626367648,
            1.7076642704721623,
            1.735152559818517,
            1.7065413419111382,
            1.6809515611282908,
            1.6416999671824177
        ],
        "y_sigma": 0.031755194,
        "y_chi2": 0.0010121487,
        "y_quality": 0.83984375
    }
}