{
    "x": {
        "x_gains": [
            0.8642034735967259,
            0.8518957150156672,
            0.8501669940518065,
            0.8652624553016232,
            0.8567400424531826,
            0.8930138986897165,
            0.877512119758642,
            0.8924490068024248,
            0.8828011704884159,
            0.8731157616166961,
            0.8793830318998833,
            0.8548028465618633,
            0.8339135982120892,
            0.8257401025965563,
            0.8144245666935536,
            0.7996005835165219,
            0.7980636422236,
            0.7591724928726988,
            0.768524022716033,
            0.7574181342716028,
            0.743205043508338,
            0.7461260018793422,
            0.7300046435595376,
            0.693649396993238
        ],
        "x_sigma": 0.027611768,
        "x_chi2": 0.0007652325,
        "x_quality": 0.8359375
    },
    "y": {
        "y_gains": [
            1.7953292355541974,
            1.7930017492166463,
            1.8127493051460002,
            1.8436279057419422,
            1.8176352057035938,
            1.8963198499935148,
            1.8545961045766686,
            1.9152564154865337,
            1.8645682070237537,
            1.849601161253593,
            1.8680609475059184,
            1.8339583616259618,
            1.8101310136625068,
            1.7880342601668522,
            1.774741313706114,
            1.751088695619284,
            1.7308662258496563,
            1.6394328185432312,
            1.6312364821471772,
            1.630201079108344,
            1.602895984232633,
            1.6391867928753074,
            1.6014130869078875,
            1.5223698548846607
        ],
        "y_sigma": 0.033198956,
        "y_chi2": 0.0011056428,
        "y_quality": 0.8463542
    }
}