{
    "x": {
        "x_gains": [
            1.7047260973961162,
            1.7490868454851431,
            1.7283799117316379,
            1.7618761020535019,
            1.7919143092242016,
            1.8166637478935783,
            1.8058615738480905,
            1.7799224181655748,
            1.771449530207156,
            1.7109608773396747,
            1.7207314760675505,
            1.6773277619214393,
            1.683943279199665,
            1.6629876944232174,
            1.6693058391984394,
            1.6315286250147307,
            1.6390528870572583,
            1.562248477995043,
            1.5311602596541567,
            1.4928809880053582,
            1.4973655350775845,
            1.4966928476161934,
            1.417478987256056,
            1.4244263478990422
        ],
        "x_sigma": 0.034556054,
        "x_chi2": 0.0011976996,
        "x_quality": 0.8541667
    },
    "y": {
        "y_gains": [
            1.3565502384815318,
            1.383560566553663,
            1.3420052819985893,
            1.3515190858281654,
            1.3669691587152348,
            1.3996637727685057,
            1.4371374659064287,
            1.407133844953128,
            1.3889652819793978,
            1.3373984897828775,
            1.3414566582731724,
            1.3245338369387587,
            1.3044618360514273,
            1.2923091349223204,
            1.2911971959741917,
            1.263647934745625,
            1.2479453204271826,
            1.1734911632008191,
            1.167881165755622,
            1.1491889771172341,
            1.1410064304269902,
            1.1611665497178423,
            1.1206474975728455,
            1.1193956338197182
        ],
        "y_sigma": 0.038954664,
        "y_chi2": 0.0015222213,
        "y_quality": 0.85026044
    }
}