{
    "x": {
        "x_gains": [
            1.5140923387381886,
            1.5051247390188958,
            1.5099864463616575,
            1.5082389816732373,
            1.4892871110242691,
            1.5002701086303578,
            1.508851602483389,
            1.5015155923009786,
            1.5086322807631054,
            1.5231750706201084,
            1.500394341142711,
            1.497772475330377,
            1.4973210530646988,
            1.4887916913036878,
            1.4591579642972061,
            1.4409740984905797,
            1.4107849970295216,
            1.4096993801974735,
            1.4334851288962591,
            1.4146277260017743,
            1.4192232080462008,
            1.397009452599029,
            1.3777883163275217,
            1.322482977660353
        ],
        "x_sigma": 0.020171968,
        "x_chi2": 0.000408194,
        "x_quality": 0.8333333
    },
    "y": {
        "y_gains": [
            1.7464302093306177,
            1.7354553440006566,
            1.7444441633951069,
            1.7528335079506074,
            1.7429709424259574,
            1.7730353730840536,
            1.7864441757632403,
            1.7552945608073092,
            1.7491145020377707,
            1.760477433029546,
            1.7406307070929308,
            1.7443264039385495,
            1.744918587682438,
            1.7474053258852393,
            1.7127663437302818,
            1.6809670455487942,
            1.6536797682202435,
            1.642603618721476,
            1.6637088695813627,
            1.6442941267293658,
            1.6665868093820504,
            1.6516907863072192,
            1.6340814485020867,
            1.5857626424133784
        ],
        "y_sigma": 0.022814281,
        "y_chi2": 0.0005227378,
        "y_quality": 0.8385417
    }
}