{
    "x": {
        "x_gains": [
            1.506044509639438,
            1.492384511078418,
            1.5229835735560708,
            1.4832610431454532,
            1.501130411244884,
            1.5519029278511018,
            1.5004376776705766,
            1.5248483957603727,
            1.5006700491769576,
            1.5030823785491025,
            1.4741312447055654,
            1.4709257694956943,
            1.4499631491865634,
            1.4397652537621535,
            1.4700655837418743,
            1.4045648075331867,
            1.3775278427993878,
            1.3993086855369974,
            1.3414222885898353,
            1.3493739714396904,
            1.3580257727489178,
            1.393661133023645,
            1.3099203411242155,
            1.363972576676639
        ],
        "x_sigma": 0.032894,
        "x_chi2": 0.0010852506,
        "x_quality": 0.8463542
    },
    "y": {
        "y_gains": [
            1.8634069418206898,
            1.8526061370097835,
            1.8734590799067765,
            1.8547108542872384,
            1.883963663616027,
            1.8800289599660995,
            1.8399215280827959,
            1.8237327300717259,
            1.8133717671434808,
            1.8532069579618904,
            1.8541509990907243,
            1.8823136118944148,
            1.836982667792982,
            1.7966622471170937,
            1.8055376055025276,
            1.7473688992799092,
            1.6745549367889003,
            1.6763828419198639,
            1.6834350829554723,
            1.6964090718121514,
            1.7189555763434585,
            1.738328385181585,
            1.6441720906259765,
            1.644428782173866
        ],
        "y_sigma": 0.031965856,
        "y_chi2": 0.0010248756,
        "y_quality": 0.83723956
    }
}