{
    "x": {
        "x_gains": [
            0.500650545318587,
            0.4954900495688246,
            0.483078788652885,
            0.4760933078134625,
            0.4654820830360454,
            0.4626913031894885,
            0.466253895201604,
            0.46433149405437446,
            0.46858746604439505,
            0.4681786684034223,
            0.46886117137930755,
            0.4567353969704284,
            0.4428168465241092,
            0.4296734181250857,
            0.41071430404974574,
            0.4033097208935408,
            0.3989597045910847,
            0.40764231506593,
            0.41275631651310063,
            0.409856843971967,
            0.4071699368520145,
            0.39208585676523366,
            0.37784646858644916,
            0.3649813131392579
        ],
        "x_sigma": 0.021208322,
        "x_chi2": 0.00045124377,
        "x_quality": 0.84244794
    },
    "y": {
        "y_gains": [
            0.5016474100947511,
            0.49500480748669035,
            0.48609654509311057,
            0.48051391155045886,
            0.47200402525032736,
            0.4668758145815775,
            0.47238137275538544,
            0.46884061810071725,
            0.4702061844714784,
            0.4669050247945244,
            0.4644121007216964,
            0.4552863917583693,
            0.4431264877971828,
            0.42936263349743004,
            0.41509663283573767,
            0.40695701150304686,
            0.40257823987318464,
            0.4069657395485195,
            0.4090521272305919,
            0.4029882383852745,
            0.3980345689838886,
            0.3832095949551223,
            0.37201873025022314,
            0.36472583285599836
        ],
        "y_sigma": 0.026839042,
        "y_chi2": 0.0007236147,
        "y_quality": 0.8359375
    }
}