{
    "x": {
        "x_gains": [
            0.43771332779742694,
            0.4364641151643739,
            0.4252916884309688,
            0.42199452335507587,
            0.4134810364778759,
            0.4058351299654537,
            0.4097448469668556,
            0.40889752843933425,
            0.4064114164543302,
            0.40873870266662765,
            0.39796346178068354,
            0.3890491987726276,
            0.38028630767360344,
            0.36976253554157495,
            0.3624470890678202,
            0.3502945486741982,
            0.35251807183895284,
            0.3525694521275204,
            0.34971571958870357,
            0.3495601118075009,
            0.3425096814642837,
            0.33372628490960493,
            0.3240924948312919,
            0.3126410792870283
        ],
        "x_sigma": 0.025203194,
        "x_chi2": 0.00063713815,
        "x_quality": 0.8359375
    },
    "y": {
        "y_gains": [
            0.4782244101520347,
            0.48238191700696303,
            0.47215474475149244,
            0.47017397330342775,
            0.46398615984963504,
            0.4519165532469097,
            0.45352323379118165,
            0.4520971430173144,
            0.45266932537468235,
            0.45311897422564124,
            0.44655197128134966,
            0.43978040708801114,
            0.4308850102343808,
            0.41825373044684727,
            0.412043928662505,
            0.4031493381255426,
            0.4012969596698963,
            0.40286318085539374,
            0.3975270952480486,
            0.39633582771249865,
            0.386843843210024,
            0.3745643816241711,
            0.3598510187994089,
            0.35152009239635323
        ],
        "y_sigma": 0.024918726,
        "y_chi2": 0.00062300125,
        "y_quality": 0.83984375
    }
}