{
    "x": {
        "x_gains": [
            0.4904064243241587,
            0.48840284990877364,
            0.48081345173717177,
            0.4720822367256376,
            0.46879659398647416,
            0.4649486812893027,
            0.471610086739942,
            0.47867379022618967,
            0.4744392531301367,
            0.4693362449702408,
            0.4625479546591993,
            0.4607434168750225,
            0.4460388847778971,
            0.4283801690653743,
            0.42166972524801877,
            0.4247321172063568,
            0.4216187546140902,
            0.4180050491665899,
            0.41506313940476625,
            0.4109802413029389,
            0.4033643165532164,
            0.39698245694824497,
            0.3829660969305574,
            0.37118568660480683
        ],
        "x_sigma": 0.018501053,
        "x_chi2": 0.00034348003,
        "x_quality": 0.83723956
    },
    "y": {
        "y_gains": [
            0.5097029604057643,
            0.5077266346995207,
            0.4950151479585426,
            0.48480076870009886,
            0.4813648735151217,
            0.47795421829488305,
            0.48073171982782303,
            0.4882848263048801,
            0.47918134359190306,
            0.47907090139154285,
            0.4721421941203189,
            0.4666566148831821,
            0.4579465402367859,
            0.4385465584707987,
            0.43217882522558654,
            0.429215957648403,
            0.4292325202353087,
            0.4248522778008779,
            0.42244360050539465,
            0.4204968675085855,
            0.41387413715002547,
            0.4067896115045309,
            0.3953180897360204,
            0.3836886437254878
        ],
        "y_sigma": 0.02193909,
        "y_chi2": 0.0004827826,
        "y_quality": 0.83723956
    }
}