{
    "x": {
        "x_gains": [
            1.8701528560086096,
            1.8123940202596651,
            1.7877213221343318,
            1.7416253509592787,
            1.723769995301003,
            1.703348271697676,
            1.713740666411365,
            1.7185814017939172,
            1.7630502744364056,
            1.73026964868259,
            1.7094011249910686,
            1.6790379582629782,
            1.611031311360155,
            1.5450458822232844,
            1.5228896404518475,
            1.5162149331705526,
            1.487655582739982,
            1.4683771184790622,
            1.4572215491882583,
            1.432128016204815,
            1.429944992876014,
            1.3796017928421955,
            1.3373057376193305,
            1.2857985606256592
        ],
        "x_sigma": 0.023768695,
        "x_chi2": 0.0005667629,
        "x_quality": 0.84375
    },
    "y": {
        "y_gains": [
            2.0097632287891347,
            1.956985612789731,
            1.929038765770133,
            1.8839009847263484,
            1.859418998502052,
            1.8413117062680642,
            1.8680000201744003,
            1.856902971806085,
            1.8897722314222634,
            1.8703961368090032,
            1.8339450762792775,
            1.8177296992311731,
            1.741142286844138,
            1.681409432713643,
            1.6412693905720561,
            1.6398358097997079,
            1.6010169659767883,
            1.5832546627285213,
            1.578612204124661,
            1.5665208183567416,
            1.5566981373951114,
            1.512631379598475,
            1.4742537939110547,
            1.4192000451873295
        ],
        "y_sigma": 0.032303084,
        "y_chi2": 0.0010471048,
        "y_quality": 0.8359375
    }
}