{
    "x": {
        "x_gains": [
            2.2006185058372507,
            2.132610770682454,
            2.0609133015610572,
            2.0189576081489973,
            1.9585726627520024,
            1.9371374114621658,
            1.9819079550416072,
            1.970345123681519,
            1.9615639392362416,
            1.9512533973760715,
            1.9007455750547977,
            1.8525839655893643,
            1.798726627458623,
            1.7256892661782508,
            1.683343267864186,
            1.6404152652188952,
            1.6346056209902715,
            1.604334372417924,
            1.5914671895166874,
            1.5846962711700565,
            1.5625679961229564,
            1.518832982199399,
            1.459080595380755,
            1.3736866799811704
        ],
        "x_sigma": 0.026056847,
        "x_chi2": 0.00068101747,
        "x_quality": 0.83723956
    },
    "y": {
        "y_gains": [
            2.2029150425767305,
            2.1502694287594233,
            2.086946359217729,
            2.034130554526568,
            1.974821421835877,
            1.9465341570027734,
            1.9953496381333662,
            1.9688746512999937,
            1.9444093370536368,
            1.9509261690330035,
            1.9123947274512405,
            1.868067194003355,
            1.8153343836858076,
            1.727256015285663,
            1.6698454958756486,
            1.6430918585291336,
            1.6281125278439805,
            1.6095829676763227,
            1.5944164810367278,
            1.5903797041085839,
            1.584059294507512,
            1.550284629157344,
            1.5055291310100911,
            1.4184129575995235
        ],
        "y_sigma": 0.032645494,
        "y_chi2": 0.0010696211,
        "y_quality": 0.83723956
    }
}