{
    "x": {
        "x_gains": [
            1.880024223736118,
            1.8401294096769167,
            1.7556521905535731,
            1.681092400739479,
            1.6414920604722392,
            1.624325113219521,
            1.630400207491252,
            1.6460026397931937,
            1.6292521669013087,
            1.601330154500817,
            1.5545697510574183,
            1.5058642117064378,
            1.4746438311187746,
            1.4287410405435275,
            1.379727117570687,
            1.3242043392428247,
            1.3229914211944285,
            1.32254646800079,
            1.306673363803214,
            1.310816305611054,
            1.2809828110040522,
            1.246055766228973,
            1.186032325026371,
            1.144270323245038
        ],
        "x_sigma": 0.022761459,
        "x_chi2": 0.0005197459,
        "x_quality": 0.8333333
    },
    "y": {
        "y_gains": [
            1.972694748370949,
            1.9301688087036715,
            1.8600424108270093,
            1.8101038185045104,
            1.7504238651389434,
            1.7116435235345848,
            1.7182566348246222,
            1.7302145639080702,
            1.7292278236906977,
            1.716161743850984,
            1.6842696991426092,
            1.6266509449768403,
            1.5678716753477109,
            1.5097709203445768,
            1.4572371570410567,
            1.4244791036037896,
            1.422024023673856,
            1.409407016662362,
            1.3838241884580345,
            1.3863549401371937,
            1.356011449618276,
            1.3392766861259104,
            1.2933518610298598,
            1.2444262924129257
        ],
        "y_sigma": 0.027640862,
        "y_chi2": 0.00076630956,
        "y_quality": 0.8385417
    }
}