{
    "x": {
        "x_gains": [
            1.9832766149276075,
            1.9752113347739473,
            1.9598026447379906,
            1.885983828367626,
            1.8616758463420415,
            1.8229207492495947,
            1.8074802207439444,
            1.8351081888032708,
            1.8302868026474586,
            1.767891289677403,
            1.76246454582258,
            1.6996997650335046,
            1.6349517633641448,
            1.6053394875627929,
            1.5547980165006359,
            1.5191076397138488,
            1.5055085050691976,
            1.484003760228088,
            1.4704401100771467,
            1.4574707839050336,
            1.4229710211951534,
            1.3775895929167647,
            1.3288954427059023,
            1.2698999674397649
        ],
        "x_sigma": 0.024340754,
        "x_chi2": 0.00059424515,
        "x_quality": 0.8411458
    },
    "y": {
        "y_gains": [
            2.198235081018152,
            2.1701764242753936,
            2.1640105781165078,
            2.116566962252298,
            2.082665231682553,
            2.04793738095596,
            2.0376686275219793,
            2.035253687452278,
            2.0435147251686243,
            1.9881727578978172,
            1.9592490308182817,
            1.876913161046469,
            1.8431060746066854,
            1.7912394277018688,
            1.7502938699650323,
            1.7152773406202888,
            1.686437902489486,
            1.6780173352614873,
            1.6562655947757408,
            1.653411541903814,
            1.6195858459858077,
            1.5683537086789574,
            1.514147130888026,
            1.45976203893489
        ],
        "y_sigma": 0.031035202,
        "y_chi2": 0.0009666938,
        "y_quality": 0.84765625
    }
}