{
    "x": {
        "x_gains": [
            0.47419108335828764,
            0.4600441531976473,
            0.46644445252948163,
            0.46045582363805226,
            0.4511620264501859,
            0.44074500715241,
            0.44079895869180385,
            0.4425450215433129,
            0.4420694508790109,
            0.4427914155319804,
            0.43442694524439335,
            0.42402590119814876,
            0.41362182407720766,
            0.401959698234384,
            0.39601632917891083,
            0.39077153932724773,
            0.3854787829586768,
            0.384061272828218,
            0.3872700913012477,
            0.3848702427295798,
            0.37713104496752187,
            0.3651280511377901,
            0.35437821347949117,
            0.34208498472008997
        ],
        "x_sigma": 0.018949166,
        "x_chi2": 0.0003602866,
        "x_quality": 0.8385417
    },
    "y": {
        "y_gains": [
            0.5333296640252448,
            0.5233166616855642,
            0.5283638947816139,
            0.5268200949414102,
            0.5193935311821023,
            0.5083439835634089,
            0.5076946969816586,
            0.5067856058697936,
            0.5025898707333827,
            0.5039333763793223,
            0.5000601822429329,
            0.48774787102931777,
            0.47507330737437764,
            0.46346361094602795,
            0.45302206489269264,
            0.4489451696530125,
            0.4409395628392892,
            0.438184636107378,
            0.4414237717648405,
            0.43883769798382166,
            0.4298134051064411,
            0.41704826582990107,
            0.4064533244650637,
            0.3944942177799018
        ],
        "y_sigma": 0.025584405,
        "y_chi2": 0.00065666763,
        "y_quality": 0.85026044
    }
}