{
    "x": {
        "x_gains": [
            0.34529277892664356,
            0.3454016437387904,
            0.3396883359517643,
            0.34191883551197744,
            0.34288384861060894,
            0.3427159125671389,
            0.33560397388665475,
            0.3316121557078245,
            0.3246800051273466,
            0.316400566407638,
            0.3127227856670266,
            0.3100477163435453,
            0.30502674932078166,
            0.2974890909262912,
            0.29607308789190157,
            0.2928467095655859,
            0.28860935085061257,
            0.2833277432769585,
            0.2741323956397159,
            0.2688597448510267,
            0.2623464640274595,
            0.2579366793825151,
            0.25339081250524204,
            0.24746242747030917
        ],
        "x_sigma": 0.030698344,
        "x_chi2": 0.00094550307,
        "x_quality": 0.84505206
    },
    "y": {
        "y_gains": [
            0.3497280602035872,
            0.34873492048407895,
            0.342201168637523,
            0.3427311705465606,
            0.34438645091406533,
            0.342327532821508,
            0.33552741420027177,
            0.3324169926513905,
            0.32752054241594086,
            0.32027134413143116,
            0.31936178740405174,
            0.3177868510160901,
            0.3093587806091565,
            0.3046576828193631,
            0.30009721649328297,
            0.2934373040389004,
            0.2857990945541725,
            0.28047425728733827,
            0.270795027120122,
            0.26688693735229474,
            0.26108144529675353,
            0.256426555934158,
            0.2508793320588663,
            0.24366050197474654
        ],
        "y_sigma": 0.028915707,
        "y_chi2": 0.0008388791,
        "y_quality": 0.85026044
    }
}