{
    "x": {
        "x_gains": [
            0.4529222224748522,
            0.4544408918275259,
            0.4480946031665233,
            0.44007225810449174,
            0.4295450168976567,
            0.43096155366122096,
            0.43830169489073906,
            0.4347364321259268,
            0.43537843354670935,
            0.437958915249344,
            0.43358521599286004,
            0.4238234554919679,
            0.4146783874683528,
            0.3991117369183146,
            0.3854163984810894,
            0.37774601521394746,
            0.38065774460743107,
            0.3829348309250817,
            0.3852286389756616,
            0.38623161537510814,
            0.374028367807528,
            0.365458019033346,
            0.3494349706411726,
            0.334438160945957
        ],
        "x_sigma": 0.022047058,
        "x_chi2": 0.00048759024,
        "x_quality": 0.82682294
    },
    "y": {
        "y_gains": [
            0.4929574618132967,
            0.49016258398813334,
            0.4851487007450962,
            0.47348821132725855,
            0.460863856116092,
            0.4617363901698354,
            0.46955292082107525,
            0.4661710398327304,
            0.46507907274394794,
            0.46523951344321207,
            0.46190790969718837,
            0.4535326337138926,
            0.44541521205193796,
            0.4313942506880307,
            0.41724362767798956,
            0.4071063176061106,
            0.40913915403606366,
            0.4104268110493464,
            0.4132964066770514,
            0.41112832276993927,
            0.4052516562128625,
            0.3983473841742241,
            0.3832773486498116,
            0.368955358246429
        ],
        "y_sigma": 0.02543232,
        "y_chi2": 0.0006489167,
        "y_quality": 0.83463544
    }
}