{
    "x": {
        "x_gains": [
            0.4298976628613559,
            0.425178690911376,
            0.4260794723431815,
            0.41272916167608326,
            0.40592857053552855,
            0.4033021899349244,
            0.40366762718032995,
            0.4059410281349608,
            0.4093770766931519,
            0.40318483766972063,
            0.3982926944676029,
            0.3879740460882129,
            0.380554473195208,
            0.36638580263808035,
            0.35772400534124865,
            0.353367591379004,
            0.3494283526864227,
            0.34951006901810283,
            0.3491089622135631,
            0.34832992347365743,
            0.33942142224364347,
            0.328178750038684,
            0.31928638216440725,
            0.30803909336455454
        ],
        "x_sigma": 0.021812811,
        "x_chi2": 0.0004773147,
        "x_quality": 0.8307292
    },
    "y": {
        "y_gains": [
            0.4604787228898908,
            0.45848126613452883,
            0.45645809696411543,
            0.44250663903773213,
            0.43867387483879833,
            0.4352286802469331,
            0.4347592640134323,
            0.43665929440224616,
            0.4440601054891424,
            0.4360220867860105,
            0.4313460931258961,
            0.4255258851012877,
            0.415039245903573,
            0.4008341037030778,
            0.3924083734296209,
            0.3876685728330393,
            0.38241580246112866,
            0.3817325258977843,
            0.3840281907414259,
            0.3846218492210811,
            0.37435733141023475,
            0.36455578658670934,
            0.35534259005518326,
            0.34200063256436997
        ],
        "y_sigma": 0.02408827,
        "y_chi2": 0.0005829455,
        "y_quality": 0.8307292
    }
}