{
    "x": {
        "x_gains": [
            0.13204016017316486,
            0.13719725812925995,
            0.15002510670160651,
            0.1618798865163719,
            0.16756894163288896,
            0.18051141048727973,
            0.17482923991064828,
            0.15423793005294448,
            0.12996998733052564,
            0.10259969150324759,
            0.08470361189753708,
            0.06173788440322,
            0.029871469043001773,
            0.01810613453944331,
            0.027394438271564354,
            0.03771601897010149,
            0.05266612515356784,
            0.0630913950781898,
            0.07193162524975559,
            0.08328413323162674,
            0.09345942005999908,
            0.10561700822503015,
            0.11219154057833393,
            0.12073538474020643
        ],
        "x_sigma": 0.38287884,
        "x_chi2": 0.1473588,
        "x_quality": 0.82682294
    },
    "y": {
        "y_gains": [
            0.13320529107933624,
            0.1412127207243083,
            0.1541218588828511,
            0.16519660957086382,
            0.17115677935315232,
            0.1817934909567737,
            0.17822551194832742,
            0.15978156198748067,
            0.13361994812205516,
            0.1203352491908357,
            0.10187845533516075,
            0.06390584062317908,
            0.03490535291388665,
            0.01881121581120311,
            0.027539336844506983,
            0.03783283817714727,
            0.051733485636715044,
            0.06107445727557718,
            0.07010881308443584,
            0.0823749149273066,
            0.09312415041673523,
            0.10481849576863456,
            0.11108938079390138,
            0.12214823567866903
        ],
        "y_sigma": 0.37652156,
        "y_chi2": 0.14245367,
        "y_quality": 0.8229167
    }
}