{
    "x": {
        "x_gains": [
            0.10055267773791869,
            0.10234750375461818,
            0.10843220905035938,
            0.11589722882772038,
            0.1190384644228551,
            0.12278607497857996,
            0.12226082268084973,
            0.1090430134342083,
            0.08892815165593557,
            0.0749216207464561,
            0.05891595468208331,
            0.04482499269464681,
            0.02297839419720177,
            0.01353281240125276,
            0.0672734100366815,
            0.07915684033439967,
            0.0876915061919411,
            0.08635344430211478,
            0.08379519147997308,
            0.08387389358801697,
            0.08774516767618944,
            0.08861162508315093,
            0.09125318177031537,
            0.09517337734150302
        ],
        "x_sigma": 0.061494667,
        "x_chi2": 0.0037969586,
        "x_quality": 0.84765625
    },
    "y": {
        "y_gains": [
            0.10118124039094407,
            0.10497084172443999,
            0.11153689701898681,
            0.12046007073897194,
            0.12512436893055312,
            0.12534181182115423,
            0.1265135127817867,
            0.11559750152184112,
            0.09867674485154083,
            0.08698840488057144,
            0.06782984449397682,
            0.05130168535783721,
            0.028271441117486383,
            0.014989631671772636,
            0.07256439073776506,
            0.08186263024958443,
            0.08700273910723531,
            0.08695093419648947,
            0.08521387575032949,
            0.0857465264082152,
            0.0887233980635586,
            0.08887091721451885,
            0.09017927820866439,
            0.09571109033116995
        ],
        "y_sigma": 0.050061826,
        "y_chi2": 0.0025138252,
        "y_quality": 0.84375
    }
}