{
    "x": {
        "x_gains": [
            0.15311131376244108,
            0.16112387901485056,
            0.17519765361286468,
            0.19077347004923292,
            0.19184217987966892,
            0.20434292052419273,
            0.1947302224050869,
            0.17665843850546253,
            0.15064036465814354,
            0.12109925670487229,
            0.1024118922327851,
            0.07460703912937763,
            0.03946941580094121,
            0.021953777769854903,
            0.02880957510428634,
            0.0419532299519044,
            0.0589815235658908,
            0.0702894900764595,
            0.07728379606877424,
            0.09094372393268674,
            0.10825334313386932,
            0.11752523354908224,
            0.1312456059791403,
            0.13914293296382907
        ],
        "x_sigma": 0.35269335,
        "x_chi2": 0.12498441,
        "x_quality": 0.8255208
    },
    "y": {
        "y_gains": [
            0.12006989989292167,
            0.12636774124739114,
            0.13362244241300325,
            0.14086520819525608,
            0.13299046617946053,
            0.14455007200039086,
            0.14287714565753493,
            0.1410979238639836,
            0.1322173903523826,
            0.11031044115903181,
            0.08266362023671554,
            0.06499037849941505,
            0.037982592577821585,
            0.020331290241976916,
            0.018799571061466833,
            0.02763304968007837,
            0.03333448670657338,
            0.03336641168166081,
            0.038265720993148525,
            0.05081239104870627,
            0.0652379980024125,
            0.07837380621998039,
            0.09499738092220798,
            0.1111224702969637
        ],
        "y_sigma": 0.31697208,
        "y_chi2": 0.100836895,
        "y_quality": 0.8333333
    }
}