{
    "x": {
        "x_gains": [
            0.13840374531607125,
            0.14326226808524964,
            0.1567703428136279,
            0.16180788336421761,
            0.1664102451199613,
            0.17565924916210537,
            0.17015659835043728,
            0.1522855479507368,
            0.13077806935474884,
            0.1063731731537726,
            0.08574483537420333,
            0.06256067994950852,
            0.03023229314997004,
            0.018251271570653146,
            0.02475735563317482,
            0.03468818564450944,
            0.047609088251205356,
            0.05589015438481455,
            0.06490664509689037,
            0.0787742164742252,
            0.09143372097573679,
            0.10462827353095103,
            0.1157652470644538,
            0.1277974053292796
        ],
        "x_sigma": 0.3660375,
        "x_chi2": 0.13461237,
        "x_quality": 0.8229167
    },
    "y": {
        "y_gains": [
            0.1452268719671183,
            0.15167668028526074,
            0.1649924606695097,
            0.1744164366142937,
            0.17806589314130422,
            0.1864184120245841,
            0.17740151311072577,
            0.16038394633681463,
            0.1417670956586237,
            0.11414639046284078,
            0.08714824028965984,
            0.06764511720970927,
            0.036052886700558784,
            0.019715601657466972,
            0.028396369013087036,
            0.039430369949137185,
            0.05387737993223842,
            0.06312619209868392,
            0.07212279974073296,
            0.08410933304915594,
            0.09815287093712141,
            0.1109490022910969,
            0.12016644013289929,
            0.1326128389385244
        ],
        "y_sigma": 0.3680118,
        "y_chi2": 0.136061,
        "y_quality": 0.82161456
    }
}