{
    "x": {
        "x_gains": [
            0.1055431917569923,
            0.10780628547298444,
            0.11385750596499472,
            0.12054668887779592,
            0.12366258909889544,
            0.12578627427722264,
            0.128321670604431,
            0.11636673721981944,
            0.09513531285818445,
            0.08135690958944945,
            0.06640370136887579,
            0.048505127743832005,
            0.025759069549436266,
            0.014395026000295961,
            0.06459483888529204,
            0.0745739849250181,
            0.08044875603295278,
            0.08316021455667996,
            0.08595481183632141,
            0.08439931781719394,
            0.08982375053141976,
            0.08903319388954506,
            0.09220479459399601,
            0.09662396821303343
        ],
        "x_sigma": 0.05031025,
        "x_chi2": 0.0025418105,
        "x_quality": 0.8203125
    },
    "y": {
        "y_gains": [
            0.1098056801819524,
            0.11000118691280679,
            0.11894190235202855,
            0.12555151642377052,
            0.12610054884507282,
            0.129938756096028,
            0.13200670641591009,
            0.11512125779644328,
            0.0974987191105777,
            0.08475099141709759,
            0.06479231778221597,
            0.04795721219162493,
            0.027524362501359017,
            0.014525526579389558,
            0.07796314728805583,
            0.0870539540384721,
            0.09326448549014452,
            0.09137438589559599,
            0.0940664041085195,
            0.09546635985051495,
            0.09618054550335271,
            0.09525728277648307,
            0.09793829123733376,
            0.10146068895460386
        ],
        "y_sigma": 0.043530446,
        "y_chi2": 0.0019011706,
        "y_quality": 0.8229167
    }
}