{
    "x": {
        "x_gains": [
            0.13707043257262808,
            0.14608416288442597,
            0.1605985572468011,
            0.1684719645045744,
            0.17279033601620858,
            0.18118124737853383,
            0.1776124482170907,
            0.15630390042316156,
            0.13481113842519585,
            0.10964725928451874,
            0.09127712858948449,
            0.06497830504351207,
            0.03203224750420743,
            0.018759515764371477,
            0.026101014528164,
            0.037770899025582574,
            0.05188165690297118,
            0.06218422075398367,
            0.07203525491818003,
            0.08299223524647034,
            0.09554413675729123,
            0.10487760023689752,
            0.11441706507642202,
            0.1282476472327877
        ],
        "x_sigma": 0.34315574,
        "x_chi2": 0.11830459,
        "x_quality": 0.83203125
    },
    "y": {
        "y_gains": [
            0.13151044081116167,
            0.14093878478915348,
            0.1563933075863031,
            0.16526540880960483,
            0.16537862899628156,
            0.17180256106077774,
            0.1671151033349557,
            0.14578795561724783,
            0.12663730960555392,
            0.10180429793312842,
            0.08998837080284115,
            0.062034104489625264,
            0.03363640406120561,
            0.018250869517050964,
            0.02695906831616625,
            0.037736156641880556,
            0.051138967074687444,
            0.05984773539161665,
            0.06912843627951586,
            0.07945882185610247,
            0.09123842845821473,
            0.1008083519316342,
            0.10966530805972023,
            0.11970545753939686
        ],
        "y_sigma": 0.3796898,
        "y_chi2": 0.14484248,
        "y_quality": 0.8229167
    }
}