{
    "x": {
        "x_gains": [
            0.5909118467070669,
            0.6344319410597501,
            0.6846058970308916,
            0.716515921270377,
            0.7101086523046718,
            0.6783182753459389,
            0.6076787256053453,
            0.4968514523464803,
            0.4195974499552415,
            0.3466644535607951,
            0.2787238750021531,
            0.1976658431248756,
            0.07091820351141556,
            0.034776188104123244,
            0.12328844811898815,
            0.19748264917444355,
            0.29431482067604,
            0.364859052758765,
            0.4104753809796463,
            0.44692327958559486,
            0.47447639631760763,
            0.5029315123457364,
            0.5230998815283389,
            0.5429975309902266
        ],
        "x_sigma": 0.48283458,
        "x_chi2": 0.23487985,
        "x_quality": 0.8151042
    },
    "y": {
        "y_gains": [
            0.6379407883774333,
            0.697876445720845,
            0.7459330425139317,
            0.7778728165498976,
            0.7854486525903271,
            0.7623074925831292,
            0.6902261084099496,
            0.5684933590027035,
            0.4848128496349068,
            0.4034433567746027,
            0.3174478412562706,
            0.2280811349372014,
            0.08745557366177449,
            0.04115672286630893,
            0.14396882902089103,
            0.23330917805643187,
            0.3340729039280492,
            0.4034280572998552,
            0.45411600529590085,
            0.4927578394815714,
            0.5226919387522131,
            0.5516864254079404,
            0.5700783977513372,
            0.5992004867904754
        ],
        "y_sigma": 0.5067699,
        "y_chi2": 0.2591394,
        "y_quality": 0.8151042
    }
}