{
    "x": {
        "x_gains": [
            0.5246164738806048,
            0.5740073733543137,
            0.6437392909945572,
            0.6725107401646482,
            0.6764641220341276,
            0.6411201240490506,
            0.5457628121367607,
            0.44877381530444366,
            0.3718393838294191,
            0.3109610150663099,
            0.26085030992799146,
            0.1875744318792501,
            0.05952131884005092,
            0.02859203362468901,
            0.12057336008775811,
            0.19625747206166946,
            0.29375667194841165,
            0.35023626062551144,
            0.38278780839204085,
            0.39838597904449913,
            0.40950545704924535,
            0.42438771144640286,
            0.4541971060104675,
            0.4833674469909047
        ],
        "x_sigma": 0.45028046,
        "x_chi2": 0.20398523,
        "x_quality": 0.7942708
    },
    "y": {
        "y_gains": [
            0.5659491487898423,
            0.6143020073300972,
            0.6895118490542724,
            0.7094851351512423,
            0.7005280440290282,
            0.6679930336342508,
            0.5729935641935864,
            0.48341252113842104,
            0.41495149922391616,
            0.35735870179874357,
            0.2916509661229904,
            0.20516774042571403,
            0.06978806829209126,
            0.03102935510419083,
            0.12822382751330721,
            0.2061243884418223,
            0.29873849901589566,
            0.3519236657861185,
            0.40239573544218743,
            0.4269728300963242,
            0.443185364671975,
            0.4605345811732727,
            0.49581212290389226,
            0.5250109714167751
        ],
        "y_sigma": 0.48979005,
        "y_chi2": 0.24170738,
        "y_quality": 0.8203125
    }
}