{
    "x": {
        "x_gains": [
            0.5544312613627221,
            0.6713741632663803,
            0.7912352654190786,
            0.8446880524787793,
            0.8038478589311315,
            0.777166657094564,
            0.7083471844722363,
            0.5837734449982963,
            0.4895602021237415,
            0.4545381612740486,
            0.3931027759345625,
            0.26735948421008304,
            0.0826966244561043,
            0.04747428721393063,
            0.037343048102401806,
            0.07012610918466898,
            0.1438106382050074,
            0.1998174228244169,
            0.25265904059146876,
            0.2912608577678863,
            0.33861029256775804,
            0.38588851989371087,
            0.4239541200242943,
            0.4793656343639583
        ],
        "x_sigma": 0.5508978,
        "x_chi2": 0.30687663,
        "x_quality": 0.7994792
    },
    "y": {
        "y_gains": [
            0.4984016259854646,
            0.6021417217616306,
            0.7194042757073722,
            0.7577958628286428,
            0.7185294002471023,
            0.6923809089258077,
            0.6328881998564736,
            0.5079343149502592,
            0.43096240801107405,
            0.40313763634921135,
            0.3334452597922036,
            0.23729774816301882,
            0.07789840692304954,
            0.04141244601370007,
            0.03714283910204958,
            0.07251198333036517,
            0.14726295597397215,
            0.19603684081142,
            0.2467236456833305,
            0.27993541889886003,
            0.3108069761247405,
            0.3518178056609807,
            0.37993560091564477,
            0.43410977629107717
        ],
        "y_sigma": 0.5697479,
        "y_chi2": 0.3281182,
        "y_quality": 0.79036456
    }
}