{
    "x": {
        "x_gains": [
            0.6108673919902456,
            0.6693779149734752,
            0.7380097765631121,
            0.8064259243354748,
            0.8360109370294827,
            0.8141674250636232,
            0.754643510179009,
            0.6330279817358767,
            0.525903093940492,
            0.44176140166298433,
            0.3458445719850057,
            0.24994601166148112,
            0.09534831789358023,
            0.04955424715824975,
            0.11427962807923601,
            0.18392313190194542,
            0.2742046625212406,
            0.3568326676025198,
            0.4116957492660906,
            0.4502564345471676,
            0.49040298522028386,
            0.5205543216393755,
            0.5479214872342513,
            0.5749837121488941
        ],
        "x_sigma": 0.596209,
        "x_chi2": 0.36013824,
        "x_quality": 0.8020833
    },
    "y": {
        "y_gains": [
            0.6511053783452899,
            0.7051606334768241,
            0.7806460970583537,
            0.8530049787341594,
            0.8754015576370076,
            0.8635308637156593,
            0.8061260419985219,
            0.6742396363636854,
            0.5568652407278317,
            0.4915960669168432,
            0.32647078680634917,
            0.26858614079935483,
            0.10560024499256837,
            0.054260599224757115,
            0.14033835014867443,
            0.21784554546052037,
            0.3147362304236819,
            0.3867660717353598,
            0.44501228011386973,
            0.4837117329601659,
            0.5286276451007557,
            0.557261021954301,
            0.5883142320448996,
            0.6140122507724274
        ],
        "y_sigma": 0.60296327,
        "y_chi2": 0.36857697,
        "y_quality": 0.80078125
    }
}