{
    "x": {
        "x_gains": [
            0.12627433374283678,
            0.13000873268657456,
            0.14440585438662384,
            0.1564780741279512,
            0.15631071694411297,
            0.16398007182983065,
            0.1529220576152203,
            0.13556382826286206,
            0.11439887111193986,
            0.09482881407654088,
            0.07712159978578705,
            0.05664590745214299,
            0.02940305880608821,
            0.0172734668597656,
            0.023700243117093893,
            0.033894769687921024,
            0.046805310549257045,
            0.05474992261098439,
            0.06356030506404019,
            0.07300065620289861,
            0.0843056159511621,
            0.09177209062053443,
            0.10308572691518848,
            0.11378213406584753
        ],
        "x_sigma": 0.35211888,
        "x_chi2": 0.124567285,
        "x_quality": 0.83463544
    },
    "y": {
        "y_gains": [
            0.13937187049175553,
            0.14561030082214488,
            0.15876590373934346,
            0.1756286636797851,
            0.17996809345671108,
            0.1910792000354643,
            0.1818364977126787,
            0.16361008934337953,
            0.1402336772662432,
            0.11443144109120908,
            0.08375143445269359,
            0.07058945939839004,
            0.03814109895261872,
            0.019490723000573418,
            0.02689470941799472,
            0.038334060019331095,
            0.05192488400889598,
            0.06186489881531812,
            0.07112040164820109,
            0.08320008146951978,
            0.09594790872897614,
            0.10661167210172973,
            0.11674129743242694,
            0.12649058081565429
        ],
        "y_sigma": 0.38307467,
        "y_chi2": 0.14741476,
        "y_quality": 0.82161456
    }
}