{
    "x": {
        "x_gains": [
            0.5448738783158232,
            0.5927833370975075,
            0.6493077275800859,
            0.6834406699686875,
            0.6996658465883279,
            0.6975593375362679,
            0.6770765837261393,
            0.5749253330096886,
            0.4924993336484016,
            0.42390236206026377,
            0.34769468859855224,
            0.2563081340488465,
            0.10473635607344657,
            0.05577915870860761,
            0.20749253898328324,
            0.2966235137790076,
            0.37741517405255587,
            0.4427197656489484,
            0.4564570135259168,
            0.45116788868497104,
            0.47238068100949826,
            0.47454606110160175,
            0.5008519993360706,
            0.5093222784593245
        ],
        "x_sigma": 0.46279216,
        "x_chi2": 0.21577168,
        "x_quality": 0.7864583
    },
    "y": {
        "y_gains": [
            0.5811168857341732,
            0.6296502821588844,
            0.6892469955895775,
            0.7305947815952654,
            0.7486590580446597,
            0.7605921392346054,
            0.7291799438181437,
            0.6337881862135605,
            0.5556077518171291,
            0.4998439487192099,
            0.37104157082972095,
            0.2894430565649882,
            0.134224445850013,
            0.06666982459402494,
            0.2440256183950806,
            0.33716359039168736,
            0.42266305791312314,
            0.4751710532636815,
            0.4962187141544006,
            0.49191287849068144,
            0.5160807670529084,
            0.5184279088406734,
            0.5433337459047577,
            0.548737522326072
        ],
        "y_sigma": 0.47754878,
        "y_chi2": 0.22975476,
        "y_quality": 0.78515625
    }
}