{
    "x": {
        "x_gains": [
            0.6138392891397282,
            0.6866772190643844,
            0.7759624223125822,
            0.8389080873004667,
            0.8506125345922851,
            0.8198177495953585,
            0.7433084032650268,
            0.6472696354422068,
            0.5456480123979959,
            0.48213371554322926,
            0.4189300233951472,
            0.2996132592050182,
            0.10346142616609821,
            0.04966288831412372,
            0.11067996346233046,
            0.18347030523018984,
            0.2613127789579243,
            0.3420099548837568,
            0.39926176499652144,
            0.4283442225573778,
            0.4462538152469935,
            0.48049086947225284,
            0.5183750476645856,
            0.5560713735402223
        ],
        "x_sigma": 0.47049084,
        "x_chi2": 0.22390667,
        "x_quality": 0.83984375
    },
    "y": {
        "y_gains": [
            0.6280111564925929,
            0.7010238453260987,
            0.7859962506406852,
            0.8442163371901357,
            0.8543337102653663,
            0.8377256686349309,
            0.7526278566084377,
            0.6431683398583833,
            0.5493015740346464,
            0.48802129763984603,
            0.3976513122890957,
            0.2964560224092293,
            0.1104996795509293,
            0.05105951558407899,
            0.11311555647707029,
            0.19398985669717098,
            0.27659403215184347,
            0.34731271648001616,
            0.4029170874799881,
            0.43281654893118765,
            0.45807874080384026,
            0.49659958400846044,
            0.5319311627882236,
            0.5689101201088735
        ],
        "y_sigma": 0.48531443,
        "y_chi2": 0.2385379,
        "y_quality": 0.83203125
    }
}