{
    "x": {
        "x_gains": [
            0.5698224535802685,
            0.612644454670161,
            0.6684731931888197,
            0.7082539705248778,
            0.6682983393387736,
            0.6231409757378192,
            0.5397515696245521,
            0.43178107317890396,
            0.3515977710248347,
            0.29481114692738974,
            0.24170317593139112,
            0.16654059543592167,
            0.05110706331812507,
            0.02509570624010257,
            0.12445626613030995,
            0.21148382550554148,
            0.30306779159773645,
            0.36382793558208104,
            0.40694685961753585,
            0.43092155159337553,
            0.44403392028401123,
            0.4546746234725775,
            0.46549447709422703,
            0.5056782867660099
        ],
        "x_sigma": 0.5721982,
        "x_chi2": 0.33120817,
        "x_quality": 0.79557294
    },
    "y": {
        "y_gains": [
            0.6001157863398164,
            0.6608164148912071,
            0.7198744596532322,
            0.7580096606815234,
            0.7307009636265098,
            0.6889620765647689,
            0.6060023563795626,
            0.4943684512247188,
            0.41107738449547654,
            0.35914841887422627,
            0.28085024040078455,
            0.19746937467215145,
            0.06399844765365371,
            0.029942614679540517,
            0.133552478705291,
            0.21844759343931974,
            0.3104858973890061,
            0.37690976881900107,
            0.4264629470227257,
            0.45024601442228035,
            0.46785632862003945,
            0.4814531720349658,
            0.4971770288303015,
            0.5359886640541507
        ],
        "y_sigma": 0.58616614,
        "y_chi2": 0.34806544,
        "y_quality": 0.82161456
    }
}