{
    "x": {
        "x_gains": [
            0.10063972648537695,
            0.10275047612001872,
            0.10804148447271002,
            0.11717233167550108,
            0.12027285581160846,
            0.12513761383393318,
            0.12673516279765337,
            0.11430992186116672,
            0.09581206884269608,
            0.08054441581537931,
            0.06155041178764246,
            0.04553505349890668,
            0.023808027304950356,
            0.013238299990468425,
            0.06715597404770814,
            0.0775312258950573,
            0.0824572933063643,
            0.0842479572397808,
            0.08473613295302626,
            0.08447928069609575,
            0.08769050652930357,
            0.09057388519397755,
            0.0917989734671591,
            0.09619641306662814
        ],
        "x_sigma": 0.03621121,
        "x_chi2": 0.0013152603,
        "x_quality": 0.84505206
    },
    "y": {
        "y_gains": [
            0.10903836449431713,
            0.11253544725919355,
            0.11978206133069126,
            0.1304620378300771,
            0.1334850791713353,
            0.13618575857312842,
            0.13528270297005057,
            0.1211053429981856,
            0.10102043774782207,
            0.09504662155595597,
            0.06467718774791574,
            0.05215512812689551,
            0.02964784878174025,
            0.016138093016417766,
            0.07550045096419361,
            0.0871767833580218,
            0.09411465310562356,
            0.09135437705770023,
            0.09176043168144522,
            0.09117321972663898,
            0.09517250778415941,
            0.09670035191192067,
            0.09778714535169293,
            0.10296608214881153
        ],
        "y_sigma": 0.07322733,
        "y_chi2": 0.0053786663,
        "y_quality": 0.8463542
    }
}