{
    "x": {
        "x_gains": [
            0.45695539576130006,
            0.5055828224798099,
            0.5505868760570579,
            0.6169491985521436,
            0.6480325763383995,
            0.647426657080436,
            0.6394277684169105,
            0.5709655672934023,
            0.49902540338718476,
            0.443629506898705,
            0.3626442612470401,
            0.271809298596105,
            0.13166168634394457,
            0.07276308274770572,
            0.1639368987204397,
            0.23662573593561698,
            0.29421162171211157,
            0.3359086102849439,
            0.3527893732784981,
            0.36784545194043994,
            0.39038835755732126,
            0.39510757258037205,
            0.4159926718730923,
            0.430091636614372
        ],
        "x_sigma": 0.37936574,
        "x_chi2": 0.1446848,
        "x_quality": 0.78515625
    },
    "y": {
        "y_gains": [
            0.46298257541928284,
            0.5221564015069433,
            0.5655443570860644,
            0.6363011862944796,
            0.6810677998908384,
            0.6984271281388886,
            0.688291406062333,
            0.6404566609702316,
            0.5463285817861808,
            0.5100993811321278,
            0.40094931968523234,
            0.3067555799760264,
            0.15850087337943755,
            0.0829140851711724,
            0.16895873267433795,
            0.23556149379907926,
            0.3059777027928421,
            0.34452006047291717,
            0.36572723287630354,
            0.37956469243683194,
            0.400308397589503,
            0.40865411728013545,
            0.42097357717245515,
            0.4406287949154962
        ],
        "y_sigma": 0.37155843,
        "y_chi2": 0.13874517,
        "y_quality": 0.7864583
    }
}