{
    "x": {
        "x_gains": [
            0.45665445085566997,
            0.4992706654119662,
            0.5500999394064917,
            0.6070592737531366,
            0.6437854584959561,
            0.6718587914066574,
            0.6690838435655211,
            0.5904120391155061,
            0.5033828079770268,
            0.4423886936775047,
            0.35750209567728486,
            0.2648735083317287,
            0.1213148197213253,
            0.06820109584156776,
            0.14242527889184017,
            0.20263724265830071,
            0.27335973022456256,
            0.31112387963513133,
            0.34563472672286644,
            0.3517199633789174,
            0.3632062877691409,
            0.3852376026109247,
            0.3975444316527898,
            0.42691307861877564
        ],
        "x_sigma": 0.42078882,
        "x_chi2": 0.17820886,
        "x_quality": 0.7942708
    },
    "y": {
        "y_gains": [
            0.44713468492609715,
            0.49345566757273357,
            0.5331602197643773,
            0.5877239397180959,
            0.632160082150467,
            0.6454655752876534,
            0.6267125704377926,
            0.5554046706200371,
            0.48752021380686494,
            0.4328517886041897,
            0.3398958844522581,
            0.2481975028650679,
            0.12756391347513235,
            0.06707459197687268,
            0.17384502623382292,
            0.23832556272836056,
            0.3133859518792737,
            0.34052348675619026,
            0.35915597770589547,
            0.36785254233559733,
            0.3689824497187616,
            0.39128506427737575,
            0.39595385838821123,
            0.42123678743427073
        ],
        "y_sigma": 0.43619063,
        "y_chi2": 0.19146554,
        "y_quality": 0.78515625
    }
}