{
    "x": {
        "x_gains": [
            0.378740005477338,
            0.4193319053125075,
            0.44976769498554,
            0.49664886180497103,
            0.5433587809984826,
            0.5450489200482456,
            0.5454011853858444,
            0.4907907291398112,
            0.41566913003277633,
            0.3553223882667431,
            0.29119986721286056,
            0.21520813014995743,
            0.10170620291892733,
            0.057418287747614934,
            0.1256108297637876,
            0.18212720200893587,
            0.22718992170967142,
            0.26676841569732584,
            0.2844088167415771,
            0.31712959659529666,
            0.32686078165814186,
            0.3305911131092038,
            0.3487867974431137,
            0.3600765940527806
        ],
        "x_sigma": 0.61077195,
        "x_chi2": 0.378593,
        "x_quality": 0.7838542
    },
    "y": {
        "y_gains": [
            0.4709554253876623,
            0.5200787045505171,
            0.5695422475048354,
            0.6178967363559441,
            0.6805916165133032,
            0.6932900683355222,
            0.685523028706551,
            0.6240922188619017,
            0.5540079957757998,
            0.4869721793767866,
            0.3906544516832714,
            0.29134167502817276,
            0.15468713783873853,
            0.078105577339635,
            0.16132997072199823,
            0.22973459451499467,
            0.2857933279832822,
            0.3315328227772067,
            0.3456751220068985,
            0.3869644972456641,
            0.3958084361580981,
            0.40074116276571187,
            0.42316781138496606,
            0.44215588488701457
        ],
        "y_sigma": 0.59526044,
        "y_chi2": 0.35910743,
        "y_quality": 0.7864583
    }
}