{
    "x": {
        "x_gains": [
            0.37352210841875133,
            0.39581470283003956,
            0.41519659392643776,
            0.47314777550046494,
            0.488220222472191,
            0.5157535104633751,
            0.5025147597378943,
            0.4728216668448416,
            0.44151860855233904,
            0.3883068686670062,
            0.31967515889054177,
            0.23407324666849402,
            0.12384555814901917,
            0.06623009115181215,
            0.22902883711249236,
            0.2620857364738927,
            0.2639866600149068,
            0.2810682516067899,
            0.2855172461838764,
            0.2798320559932751,
            0.2928546167768913,
            0.30166840729337674,
            0.32544959885733343,
            0.3462297210655649
        ],
        "x_sigma": 0.10129844,
        "x_chi2": 0.010316176,
        "x_quality": 0.8203125
    },
    "y": {
        "y_gains": [
            0.5391645925004793,
            0.5646381682866795,
            0.6324365046398072,
            0.6848973558030804,
            0.7195112676543782,
            0.7560101293261168,
            0.7478675864540539,
            0.6935070059811511,
            0.6562196498411949,
            0.5843272106164775,
            0.47607748713352976,
            0.3427771053823992,
            0.20493394876364374,
            0.09497946164121471,
            0.3593762005411199,
            0.38431532303624477,
            0.43785246850056503,
            0.41083849466310524,
            0.4248058042746339,
            0.4278825743024508,
            0.4385522513079821,
            0.43659264587629953,
            0.474399122513431,
            0.4981158766963959
        ],
        "y_sigma": 0.12701963,
        "y_chi2": 0.016231487,
        "y_quality": 0.85026044
    }
}