{
    "x": {
        "x_gains": [
            0.638735161303942,
            0.6787395426598662,
            0.7593682117227923,
            0.8364181829952503,
            0.88364194086297,
            0.966657190204012,
            0.9793249806705733,
            0.9130749039171279,
            0.8290652364075376,
            0.709650429746559,
            0.584233876298876,
            0.42628658727192653,
            0.22319918987622042,
            0.10565999459020826,
            0.37005623374527996,
            0.41961797979119814,
            0.44032030660383586,
            0.45280903480810974,
            0.45849408900250577,
            0.4797670251325956,
            0.4999157392021575,
            0.5118488661805433,
            0.5581923632474761,
            0.6014436692971608
        ],
        "x_sigma": 0.053513307,
        "x_chi2": 0.0028743648,
        "x_quality": 0.8255208
    },
    "y": {
        "y_gains": [
            0.30679721501760093,
            0.3255071645754459,
            0.36897550629896536,
            0.400619774816432,
            0.41988138350915866,
            0.4524628093669213,
            0.4578179371602762,
            0.4352006283600752,
            0.3874646506312613,
            0.3499950213208217,
            0.28071091836626133,
            0.2038089446039136,
            0.10828198556460365,
            0.048152364868573896,
            0.1860117905805601,
            0.20005357434721016,
            0.20830998525581923,
            0.2196377689986121,
            0.2237241320370608,
            0.22660542579499418,
            0.23802968925271673,
            0.24507965824131817,
            0.27255301967077833,
            0.28570835114367765
        ],
        "y_sigma": 0.06954212,
        "y_chi2": 0.004858804,
        "y_quality": 0.83203125
    }
}