{
    "x": {
        "x_gains": [
            0.13380342938189504,
            0.14234536044870105,
            0.15473527942553228,
            0.1585805291908378,
            0.16167571053645455,
            0.16837534811813692,
            0.16382973634225212,
            0.14668222554369453,
            0.12811790619160787,
            0.10025198336017581,
            0.08275939691572279,
            0.06031339442879144,
            0.031618966662447644,
            0.018083739213818117,
            0.025657624150187415,
            0.03638509165986751,
            0.050624283476547745,
            0.05866923622276193,
            0.06971614374911111,
            0.07982936951242935,
            0.08765928239481653,
            0.10011306769865887,
            0.11015611875931162,
            0.11962159621981401
        ],
        "x_sigma": 0.34203103,
        "x_chi2": 0.11755003,
        "x_quality": 0.83723956
    },
    "y": {
        "y_gains": [
            0.14787957692836076,
            0.15346445940371659,
            0.1761010763826092,
            0.18312211113424554,
            0.19230552887049251,
            0.19768770229876798,
            0.1961770045474222,
            0.17266692877506457,
            0.14987634452195217,
            0.13295040602854577,
            0.08997856530617276,
            0.07004675410696377,
            0.038963953161120196,
            0.021825140466604043,
            0.030999728535377215,
            0.04255648373137973,
            0.05651696565837008,
            0.06269484381930719,
            0.07028250968440271,
            0.0828507758933737,
            0.10117332731149689,
            0.10919940564947495,
            0.1214755685906939,
            0.13069589026773054
        ],
        "y_sigma": 0.31755972,
        "y_chi2": 0.101272285,
        "y_quality": 0.8203125
    }
}