{
    "x": {
        "x_gains": [
            0.14235342931475345,
            0.1512605525033697,
            0.16556115961685175,
            0.17422350370190973,
            0.17887694080362793,
            0.187556524847676,
            0.18268525586577236,
            0.16025204441545662,
            0.13560736027932946,
            0.11092907649658024,
            0.0917116007654617,
            0.06650308238461698,
            0.03482644519647896,
            0.019909441903501923,
            0.027585565389472457,
            0.04079037552721051,
            0.054476924555343,
            0.06564539068919914,
            0.07534997236539763,
            0.08599252312209958,
            0.09970790569028033,
            0.10729915368865521,
            0.11985764268063537,
            0.12965192736017397
        ],
        "x_sigma": 0.33252144,
        "x_chi2": 0.11109214,
        "x_quality": 0.84375
    },
    "y": {
        "y_gains": [
            0.1371641374925633,
            0.1462620823449673,
            0.1616249305033002,
            0.1718951557813601,
            0.17803959885541903,
            0.18900597599094887,
            0.1840820903036784,
            0.16029797469920887,
            0.1362596956097385,
            0.11863583969735522,
            0.09127459587944488,
            0.0676083061401458,
            0.037378571971094704,
            0.020571557690279813,
            0.02848236502976236,
            0.04002344253075912,
            0.0527090334849948,
            0.06201467316778888,
            0.07120413599192488,
            0.08123244566849104,
            0.09515936672202721,
            0.10490164474239776,
            0.11562502204101982,
            0.12504800749317674
        ],
        "y_sigma": 0.3243593,
        "y_chi2": 0.105685994,
        "y_quality": 0.8359375
    }
}