{
    "x": {
        "x_gains": [
            0.14103734604045973,
            0.14798527664885566,
            0.1615062094938389,
            0.17044640082823315,
            0.17542850165815022,
            0.18514013441914318,
            0.17746845578059306,
            0.16401512435946558,
            0.14482271816601144,
            0.10975643619973607,
            0.09424740244734114,
            0.06275886856554501,
            0.032179552635997706,
            0.018344754961219737,
            0.026136935114509704,
            0.03800550600967765,
            0.051995087920054014,
            0.061627903537047245,
            0.07254912900054941,
            0.08325453291792652,
            0.09679733435628755,
            0.10848136610150406,
            0.11482764829301813,
            0.12926041520642792
        ],
        "x_sigma": 0.3202233,
        "x_chi2": 0.103006296,
        "x_quality": 0.8333333
    },
    "y": {
        "y_gains": [
            0.1354698004624668,
            0.1412712120490782,
            0.16214361643824954,
            0.16605433576837628,
            0.17082987616371448,
            0.17778499663879685,
            0.16638494921681773,
            0.1529645836510535,
            0.13299465800357196,
            0.11727770304581922,
            0.09304569064466521,
            0.06426087240945948,
            0.033166491508897264,
            0.018433359809782474,
            0.02532153923559844,
            0.03739023628759822,
            0.04979016433144157,
            0.059172795094433274,
            0.07048271355064,
            0.07983500977539777,
            0.09572307391295441,
            0.10356546911843416,
            0.11172243142868188,
            0.12480602024303725
        ],
        "y_sigma": 0.35537013,
        "y_chi2": 0.12682964,
        "y_quality": 0.8411458
    }
}