{
    "x": {
        "x_gains": [
            0.1386074579960494,
            0.14830623160539272,
            0.15970913516768645,
            0.17250861335506482,
            0.1725507627088813,
            0.1866228933961138,
            0.1824426498371836,
            0.1601979611060817,
            0.13778657713478598,
            0.10782545388046556,
            0.08923757380170447,
            0.06284411078411226,
            0.03161276437438719,
            0.01777129386197459,
            0.026606797823989645,
            0.0367423767835209,
            0.0516105670984596,
            0.06297955784319702,
            0.07193497308624917,
            0.08192341766147639,
            0.09493293557699099,
            0.11021964239677902,
            0.11669868295033409,
            0.12995507323163308
        ],
        "x_sigma": 0.32688022,
        "x_chi2": 0.107345074,
        "x_quality": 0.828125
    },
    "y": {
        "y_gains": [
            0.12887244459312888,
            0.13795740813347213,
            0.15149648990207723,
            0.1610820979880121,
            0.1605739297627151,
            0.17486653748692654,
            0.17305069125444722,
            0.1476053104848185,
            0.13144171184427836,
            0.10592220585959523,
            0.08146599027084264,
            0.057903661624898344,
            0.030596253672315346,
            0.017290118963280317,
            0.02658683879695086,
            0.03761709543509776,
            0.05279222290312458,
            0.06117253309219937,
            0.06912907185787284,
            0.07838220999738439,
            0.09011859517005784,
            0.10372051180471667,
            0.10938380710559399,
            0.12001015765974432
        ],
        "y_sigma": 0.3493488,
        "y_chi2": 0.1226237,
        "y_quality": 0.8255208
    }
}