{
    "x": {
        "x_gains": [
            0.15734076485233883,
            0.16358569371130788,
            0.1796681938103804,
            0.18808094560027602,
            0.1935063338009414,
            0.20385159237142494,
            0.20115024144868085,
            0.18103496858780796,
            0.15509337660397182,
            0.1271933264917739,
            0.10543273813038234,
            0.07456703397393374,
            0.038297895971042197,
            0.02193314627868861,
            0.028735997989859468,
            0.03909019143053096,
            0.05513296748566322,
            0.06555333074834699,
            0.07630422034827536,
            0.08886066674113191,
            0.10063370047526277,
            0.11374196270856012,
            0.12886794727471032,
            0.14031187935232542
        ],
        "x_sigma": 0.32678846,
        "x_chi2": 0.107268125,
        "x_quality": 0.8229167
    },
    "y": {
        "y_gains": [
            0.1545976171869263,
            0.16199298019619618,
            0.1794299850292592,
            0.18766873765374292,
            0.19295639687117344,
            0.20378585204495028,
            0.19788529875485622,
            0.17869944438590052,
            0.15861605587853309,
            0.12579874339635222,
            0.09451476027559748,
            0.0747983940186417,
            0.040079432625932686,
            0.02240234704909564,
            0.031046769785407827,
            0.041420708772114984,
            0.05710105916754649,
            0.06816731558542738,
            0.0772954985265932,
            0.0903123969027544,
            0.102345293574916,
            0.11490356057982865,
            0.12781421334952994,
            0.1379227343877223
        ],
        "y_sigma": 0.34842196,
        "y_chi2": 0.121937215,
        "y_quality": 0.8229167
    }
}