{
    "x": {
        "x_gains": [
            0.5067548136259681,
            0.5677296021992482,
            0.6503171304002253,
            0.6856541205447139,
            0.6822535681349924,
            0.6507019968352458,
            0.5789108787542949,
            0.47086109098703127,
            0.3987397590670829,
            0.3477302101782232,
            0.30577089045834294,
            0.21051395086478078,
            0.0702027068057663,
            0.0342552318272484,
            0.09020197304187752,
            0.16476083416169587,
            0.23689715891606283,
            0.30397308014402247,
            0.3500138622990164,
            0.392844633561597,
            0.3983271058209731,
            0.4182910301671491,
            0.4467883756923712,
            0.4936512012656427
        ],
        "x_sigma": 0.4794761,
        "x_chi2": 0.23256725,
        "x_quality": 0.83984375
    },
    "y": {
        "y_gains": [
            0.5461940027570781,
            0.6001346582146102,
            0.6942674062558492,
            0.721274087398945,
            0.6985240187483847,
            0.6712019784349517,
            0.6087642201995151,
            0.4922426254055772,
            0.42098692216755895,
            0.36443836658432543,
            0.34456854195339076,
            0.22682876152403525,
            0.08342766221007218,
            0.03744626788213758,
            0.11234889635185158,
            0.17642456218039587,
            0.2528007798398456,
            0.31110486965608164,
            0.35464972027357966,
            0.40120237141092885,
            0.4150521139434267,
            0.4317546942529133,
            0.4652437342136985,
            0.517536035775403
        ],
        "y_sigma": 0.47241557,
        "y_chi2": 0.22579947,
        "y_quality": 0.8385417
    }
}