{
    "x": {
        "x_gains": [
            0.11332366757997987,
            0.13959965471421404,
            0.1407129587910843,
            0.15608839972865593,
            0.16593676614465172,
            0.16512056030029487,
            0.16087351746004525,
            0.12048960710869402,
            0.10978179989017428,
            0.08070724729289733,
            0.0834357646403902,
            0.06052483261252292,
            0.02963826556158615,
            0.020876049645166653,
            0.005287023798427354,
            0.028641794914838353,
            0.045091621440146126,
            0.05249982648807346,
            0.06351213332619457,
            0.07569981450517453,
            0.07314699283203359,
            0.083603672776228,
            0.08404869276966918,
            0.10522516607161836
        ],
        "x_sigma": 0.44358033,
        "x_chi2": 0.19781101,
        "x_quality": 0.79817706
    },
    "y": {
        "y_gains": [
            0.14332625994352802,
            0.1523465365728809,
            0.17015897255153703,
            0.18040962221214815,
            0.18420565456097804,
            0.19353537652501038,
            0.17893559445893722,
            0.16514379317787686,
            0.148465865099461,
            0.11697269061986636,
            0.09148374187532889,
            0.07154204221767453,
            0.037579617116313045,
            0.020882452341649618,
            0.028168157137754682,
            0.03992250243826684,
            0.05420271598969281,
            0.0625750940237719,
            0.07184199646034484,
            0.08407577850807868,
            0.09831330740418164,
            0.10928066005518673,
            0.11929222491451519,
            0.13020182832792584
        ],
        "y_sigma": 0.3496476,
        "y_chi2": 0.122789815,
        "y_quality": 0.82161456
    }
}