{
    "x": {
        "x_gains": [
            0.5756957931317764,
            0.6377365149497874,
            0.7255629842724791,
            0.7498630750025046,
            0.7473642145721523,
            0.7272911343501639,
            0.6503175956041652,
            0.5374186610138822,
            0.4404530006257076,
            0.3846624465862535,
            0.3256982286055022,
            0.23428127833705273,
            0.07641342874314046,
            0.04137146232108549,
            0.11921333978198026,
            0.193802017672806,
            0.27346946388007115,
            0.3353309107463463,
            0.3875229994900197,
            0.40470601871506323,
            0.4355231116000971,
            0.4420570417144917,
            0.4791644904612725,
            0.5190820801653754
        ],
        "x_sigma": 0.56206155,
        "x_chi2": 0.32111222,
        "x_quality": 0.8072917
    },
    "y": {
        "y_gains": [
            0.5823794685612635,
            0.6411894320440189,
            0.7282816224250146,
            0.7486200499464325,
            0.7400453174150572,
            0.7132886895453062,
            0.6455704987193496,
            0.5467745686181033,
            0.4710121240404777,
            0.4292787327417071,
            0.35582645176836497,
            0.25287331732088913,
            0.08840883285576355,
            0.04663765369322181,
            0.12860266873171688,
            0.20344398108947506,
            0.2851684732564728,
            0.3460813075117917,
            0.40489514997154397,
            0.4247250637862719,
            0.45488697127748134,
            0.4565351592791821,
            0.4914263788244766,
            0.5283343045878967
        ],
        "y_sigma": 0.55875033,
        "y_chi2": 0.31729904,
        "y_quality": 0.80859375
    }
}