{
    "x": {
        "x_gains": [
            0.13329635870071455,
            0.138208767383726,
            0.15111427739177483,
            0.16403856382596985,
            0.167493217780879,
            0.1792598182843222,
            0.1752525121439914,
            0.15462497845300927,
            0.12820212038614992,
            0.10391593699493608,
            0.08727242515145911,
            0.06181381259313024,
            0.031436170898342025,
            0.01858517459136033,
            0.027090949219993325,
            0.0374666350248445,
            0.050751930451178574,
            0.061734766699377865,
            0.07061746926480576,
            0.08259875507156357,
            0.09385273061234871,
            0.10344580029705497,
            0.1125972699665924,
            0.12094337038332699
        ],
        "x_sigma": 0.34838635,
        "x_chi2": 0.12216709,
        "x_quality": 0.83203125
    },
    "y": {
        "y_gains": [
            0.14470725822955244,
            0.15206686392171986,
            0.16666480557633775,
            0.1820330668891062,
            0.18377436301324826,
            0.19652091169195268,
            0.1884778726788997,
            0.16734373943642647,
            0.1450034634077235,
            0.12271997033121997,
            0.09870775752162984,
            0.06928248700849444,
            0.03691630704030892,
            0.021049931869790508,
            0.031236446310717987,
            0.04310592315041536,
            0.057916837907450745,
            0.07001402801065221,
            0.07926352768829587,
            0.09226951260290818,
            0.1063534712922202,
            0.1155099881486752,
            0.12515141757133413,
            0.1349839895489996
        ],
        "y_sigma": 0.3727912,
        "y_chi2": 0.1399985,
        "y_quality": 0.8255208
    }
}