{
    "x": {
        "x_gains": [
            0.07663302093882347,
            0.0789704839129622,
            0.08533903534631904,
            0.09061428967413018,
            0.09486683163376242,
            0.10274542980622316,
            0.10035465334492094,
            0.0902042919743347,
            0.07479428766107417,
            0.05950069633664922,
            0.05106070965195488,
            0.036310173264521683,
            0.0190015708218567,
            0.01102034461411073,
            0.013898250905123592,
            0.019888923148663952,
            0.02780263796989586,
            0.03177188599217897,
            0.03789769366005693,
            0.04453038412755426,
            0.05160664383932788,
            0.05799358660524449,
            0.06346447357139408,
            0.06885399750817382
        ],
        "x_sigma": 0.34589946,
        "x_chi2": 0.12048884,
        "x_quality": 0.828125
    },
    "y": {
        "y_gains": [
            0.14939127388239865,
            0.15339796040537865,
            0.1659859775378148,
            0.17682168328937842,
            0.18500333376007436,
            0.20045165767507347,
            0.19389129949632855,
            0.17875467445708138,
            0.15474718719906508,
            0.12941674435769526,
            0.10734157323029973,
            0.07449107511255415,
            0.038480846966520196,
            0.021537613287845894,
            0.029532872937501675,
            0.04187918608639425,
            0.05629765878304279,
            0.06352269554747195,
            0.07438630922954083,
            0.08755715621711409,
            0.10382897374507889,
            0.11591461265973035,
            0.12672129334387788,
            0.13602749942810638
        ],
        "y_sigma": 0.32724288,
        "y_chi2": 0.107819274,
        "y_quality": 0.8255208
    }
}