{
    "x": {
        "x_gains": [
            0.1364267461361558,
            0.1430068424197879,
            0.15274864309561623,
            0.16160971028712065,
            0.1670146472513698,
            0.17628013310560292,
            0.16823830120904287,
            0.14839474724145296,
            0.12271447360767544,
            0.09869168382421589,
            0.08241307460352923,
            0.059169777024612256,
            0.029679532575854282,
            0.016714511957143994,
            0.026695041716341687,
            0.03801130623497175,
            0.05074084423327007,
            0.06188729642560637,
            0.06992673007296225,
            0.0811035928080578,
            0.09260330199298049,
            0.1023266208434415,
            0.11501402912373744,
            0.12215548732221491
        ],
        "x_sigma": 0.36391482,
        "x_chi2": 0.13336982,
        "x_quality": 0.828125
    },
    "y": {
        "y_gains": [
            0.13515734477449268,
            0.14083964313713207,
            0.15277386931295453,
            0.16136082685160338,
            0.15997553014290933,
            0.16633993345238282,
            0.1551823213816565,
            0.13623014939406874,
            0.11922853415432512,
            0.09906238443753715,
            0.08342503830669197,
            0.059618425384380856,
            0.030807872372596818,
            0.01719036246394966,
            0.028602335437893176,
            0.03961238959878472,
            0.05316874275542649,
            0.06262738409925789,
            0.0719829895557721,
            0.08118694666529082,
            0.09357622602401634,
            0.10248575089362451,
            0.11531959730857899,
            0.12016737873849728
        ],
        "y_sigma": 0.37978548,
        "y_chi2": 0.14532964,
        "y_quality": 0.8255208
    }
}