{
    "x": {
        "x_gains": [
            0.11032864808018775,
            0.11344936556278543,
            0.11876081168739398,
            0.12482775330390976,
            0.13379782049505112,
            0.13766445912528827,
            0.13782135339824803,
            0.12264238412870189,
            0.10251269901687246,
            0.08892393677650373,
            0.07185034837000659,
            0.052836316894475724,
            0.027444173268568378,
            0.01572722623330274,
            0.07350570617446461,
            0.08313389511894298,
            0.0874357380114018,
            0.08969374072230368,
            0.09042171784988005,
            0.09256181578884279,
            0.09133955763704199,
            0.09186412707674935,
            0.09444036199746277,
            0.10142420888356389
        ],
        "x_sigma": 0.082959086,
        "x_chi2": 0.0069041178,
        "x_quality": 0.8098958
    },
    "y": {
        "y_gains": [
            0.10581140577118685,
            0.10751266230380283,
            0.11416185845459319,
            0.12024996118932503,
            0.12600813437951,
            0.12960859823440687,
            0.1263149065989686,
            0.1128232923235709,
            0.09327726499119555,
            0.08371588002342371,
            0.0668377445576364,
            0.04901004127527656,
            0.026675399125324333,
            0.01488028586814787,
            0.07903037943591593,
            0.0876046667706826,
            0.08926153397374317,
            0.09047074370660627,
            0.0912820611124271,
            0.09228610019981787,
            0.09136030283382301,
            0.09276190023865781,
            0.09510635029856261,
            0.09924006917032821
        ],
        "y_sigma": 0.0536747,
        "y_chi2": 0.0028919366,
        "y_quality": 0.8151042
    }
}