{
    "x": {
        "x_gains": [
            0.13543968407664347,
            0.14468337778971255,
            0.15288136891934612,
            0.16283335243911334,
            0.16279266254399677,
            0.1760743174479084,
            0.1693655346895335,
            0.15173103258915535,
            0.1242130328040409,
            0.09961325155085382,
            0.08506458911719374,
            0.06041591524372083,
            0.031092211882852633,
            0.01867467337062541,
            0.027409294831752702,
            0.038739989586690796,
            0.05199848642805706,
            0.06260625847219192,
            0.0687340635777716,
            0.07981168910825043,
            0.09242097198212024,
            0.10367770747853224,
            0.11173764893930245,
            0.1254378344893935
        ],
        "x_sigma": 0.34942728,
        "x_chi2": 0.12297636,
        "x_quality": 0.8307292
    },
    "y": {
        "y_gains": [
            0.1500729054174518,
            0.16039777621956686,
            0.1678113751813286,
            0.18153554747399642,
            0.18704063871235838,
            0.2017719817206691,
            0.19469943634707876,
            0.17944212985031852,
            0.156667457576215,
            0.13205066361400747,
            0.1076528007706218,
            0.0780151936149869,
            0.04026685326863363,
            0.022506663435309975,
            0.030682827925791738,
            0.043938866273554415,
            0.056370313273506396,
            0.0696425096764785,
            0.07710557989950059,
            0.09077117648431071,
            0.10598910516790158,
            0.11904101510559058,
            0.12661929779647096,
            0.14197195985646294
        ],
        "y_sigma": 0.32705623,
        "y_chi2": 0.10772089,
        "y_quality": 0.82682294
    }
}