{
    "x": {
        "x_gains": [
            0.12193087787305727,
            0.1255679028148632,
            0.13714049989357896,
            0.14486189279996847,
            0.14682675089432173,
            0.15999858433252584,
            0.15471565583192928,
            0.13807196310717146,
            0.11527095821981065,
            0.09272270486965736,
            0.07769090812047902,
            0.0546097958068742,
            0.027502848607544525,
            0.015638523413121497,
            0.025729347895080763,
            0.036287663192425317,
            0.04854194558059565,
            0.057951841671859634,
            0.06805170486873881,
            0.07700658167552922,
            0.08842761116787672,
            0.09416186103762039,
            0.10409670500617708,
            0.10739266398564459
        ],
        "x_sigma": 0.33784977,
        "x_chi2": 0.1149133,
        "x_quality": 0.82682294
    },
    "y": {
        "y_gains": [
            0.11749275627784359,
            0.12139514094097258,
            0.13380496908837605,
            0.1437969318134937,
            0.14422149883923327,
            0.15334570424244692,
            0.14321542693664494,
            0.12770676075760248,
            0.10830626759706082,
            0.0901929669508617,
            0.07465921428344251,
            0.05253066477556274,
            0.027040649667832657,
            0.015564347682624276,
            0.02479125576709686,
            0.03475619157223525,
            0.044968891644982294,
            0.053321446205592565,
            0.06346627402198472,
            0.07060902757600268,
            0.08246284863127751,
            0.08866143487361003,
            0.0983724959158199,
            0.10515797777843677
        ],
        "y_sigma": 0.34742987,
        "y_chi2": 0.121624604,
        "y_quality": 0.8255208
    }
}