{
    "x": {
        "x_gains": [
            0.141781969671986,
            0.15030194157042082,
            0.16218314603126163,
            0.17286498262983507,
            0.1781163095939322,
            0.18506331756347116,
            0.18290219323506973,
            0.1587895737559071,
            0.1323911952229444,
            0.1093326216508548,
            0.09363992918948555,
            0.06560118963821338,
            0.03330710620766854,
            0.019463697285008866,
            0.027761876391911078,
            0.040143419592309056,
            0.05286941339482539,
            0.06357980766345224,
            0.07326961172894084,
            0.08201543415649218,
            0.09578845464629802,
            0.10515472676806106,
            0.1180445077372863,
            0.12763117571682103
        ],
        "x_sigma": 0.34124115,
        "x_chi2": 0.11728128,
        "x_quality": 0.8255208
    },
    "y": {
        "y_gains": [
            0.14622938893107282,
            0.15339446614123947,
            0.16720851980915155,
            0.17624720009291753,
            0.18077735455589575,
            0.18584192991640644,
            0.18110243207889112,
            0.16063771889298764,
            0.13730861924649423,
            0.11995277699075427,
            0.09855155818390372,
            0.06944021052049743,
            0.03595979349872825,
            0.02031715897851826,
            0.029260162639688014,
            0.04208785207803509,
            0.054605206540917425,
            0.06618205518577436,
            0.076439380284541,
            0.08747298506197593,
            0.10029612430701647,
            0.11065713407096642,
            0.12360846228477139,
            0.13411114219509362
        ],
        "y_sigma": 0.34876877,
        "y_chi2": 0.122562185,
        "y_quality": 0.8255208
    }
}