{
    "x": {
        "x_gains": [
            0.10247496510983625,
            0.10449700783267772,
            0.11106432834791478,
            0.11834108053217038,
            0.12275178570091454,
            0.1252863026928349,
            0.1260812571007388,
            0.11411424296382991,
            0.09083351742259531,
            0.0799819688649391,
            0.06454402870918396,
            0.048452546786990486,
            0.02645378284729842,
            0.014330330746899704,
            0.06624239297200006,
            0.07305435433904146,
            0.0788649503971008,
            0.0835005640880607,
            0.08258934784064782,
            0.08252103750069524,
            0.08495282442230594,
            0.08460955566784184,
            0.08936704627702693,
            0.09422825551084531
        ],
        "x_sigma": 0.05152888,
        "x_chi2": 0.0026675407,
        "x_quality": 0.82942706
    },
    "y": {
        "y_gains": [
            0.1055571289432053,
            0.10710675834005516,
            0.11660102417675595,
            0.12198866408140158,
            0.12289597482500535,
            0.1273080957764266,
            0.12421258536820462,
            0.10893078875368035,
            0.09096376012892839,
            0.08209602312086718,
            0.0645574457975685,
            0.04829291313090103,
            0.02651231339208798,
            0.01432606056542669,
            0.07732592715913127,
            0.08545890277092802,
            0.08962153899540708,
            0.09246697449538922,
            0.09141343545311034,
            0.09285127797249207,
            0.09109476688803606,
            0.09069857127982577,
            0.0942463543153992,
            0.0993144916528156
        ],
        "y_sigma": 0.03993783,
        "y_chi2": 0.0016077488,
        "y_quality": 0.8151042
    }
}