{
    "x": {
        "x_gains": [
            0.13318165540962043,
            0.1353726959228722,
            0.1472922666095487,
            0.1549103042229246,
            0.16478127502049178,
            0.17839476996485,
            0.17625807284005868,
            0.15392663142526702,
            0.12650016546221643,
            0.10003762415044298,
            0.08297309182632073,
            0.058886135765754716,
            0.03007865628776563,
            0.01741041644323299,
            0.026673976758910704,
            0.03816340302148821,
            0.052394010714889555,
            0.05929353179906181,
            0.06913289035281625,
            0.08033556486787571,
            0.09329144920429856,
            0.10178584279034082,
            0.11300210082205639,
            0.11979191186573628
        ],
        "x_sigma": 0.3128008,
        "x_chi2": 0.09854468,
        "x_quality": 0.84244794
    },
    "y": {
        "y_gains": [
            0.13995813012579159,
            0.14276997159163107,
            0.15770527470524096,
            0.16552249243769113,
            0.17447969283199036,
            0.1873152228983719,
            0.1814065538559777,
            0.1584703930557006,
            0.1348648641249306,
            0.11370739199247529,
            0.09453196844296018,
            0.06678972004688104,
            0.03424732831454719,
            0.01925515106580631,
            0.029059187025654173,
            0.041545651109260576,
            0.055703231010211525,
            0.06361917662661988,
            0.07271996370982932,
            0.08611385646869636,
            0.09939927056839287,
            0.10957453522865138,
            0.12019492250973247,
            0.12727170447102953
        ],
        "y_sigma": 0.33443236,
        "y_chi2": 0.11264423,
        "y_quality": 0.8255208
    }
}