{
    "x": {
        "x_gains": [
            0.14027913303006853,
            0.14721862068224348,
            0.15906547632880635,
            0.168523614329327,
            0.17233921182384865,
            0.18190399089170337,
            0.17732909261448093,
            0.1544443429230297,
            0.12891318719124242,
            0.10335936542310879,
            0.08613282232452504,
            0.061867160812053505,
            0.031831837242288254,
            0.018825289509891683,
            0.02671970421073681,
            0.03847891613204702,
            0.052737795643467825,
            0.062461644646334365,
            0.0713525605651237,
            0.07963681788477285,
            0.09506897206388748,
            0.10798846855937334,
            0.1162217292096469,
            0.1282560425654102
        ],
        "x_sigma": 0.33817482,
        "x_chi2": 0.115211,
        "x_quality": 0.83463544
    },
    "y": {
        "y_gains": [
            0.13102754552781368,
            0.1386002999643132,
            0.15314015417538163,
            0.15918191447674668,
            0.1630626824365674,
            0.17151512776290503,
            0.16430463419906322,
            0.14174038253234614,
            0.12229616928040078,
            0.1015751048356657,
            0.08256608796095614,
            0.05901520385090729,
            0.03141446848635604,
            0.017977504820128592,
            0.026128195902942113,
            0.037316621457579774,
            0.04981042649779205,
            0.059605703502872226,
            0.06875602474666842,
            0.0788663871694483,
            0.09254064986856451,
            0.1028820767693711,
            0.10965325885099174,
            0.1203520779688902
        ],
        "y_sigma": 0.34774628,
        "y_chi2": 0.12184444,
        "y_quality": 0.8255208
    }
}