{
    "x": {
        "x_gains": [
            0.38016976709051287,
            0.4668435350083399,
            0.6109747313681575,
            0.7373899860227728,
            0.7820817561677118,
            0.7667284036377277,
            0.6805699392121736,
            0.5380011460500412,
            0.44721119101284396,
            0.4124729680684464,
            0.3799540498770241,
            0.28570589412402403,
            0.07364435110268423,
            0.06399499098406569,
            0.03201097489872208,
            0.05462654616341924,
            0.10136051146514086,
            0.13031287208397258,
            0.16638682344143424,
            0.1889230272799184,
            0.21364974005236126,
            0.24065995698684592,
            0.27987814665251043,
            0.31033795306548106
        ],
        "x_sigma": 0.5589814,
        "x_chi2": 0.3174955,
        "x_quality": 0.8151042
    },
    "y": {
        "y_gains": [
            0.40937337299670074,
            0.5027696574891763,
            0.6616564277539994,
            0.7799448719365617,
            0.8360335824657673,
            0.8070352816456289,
            0.7182805856802433,
            0.5685170494283505,
            0.4919118863817343,
            0.4721877407124567,
            0.4277647193091326,
            0.31342156714607317,
            0.08711516982623224,
            0.07454338264601726,
            0.03875674861574459,
            0.06214725605881368,
            0.10797016309325017,
            0.14038455963574697,
            0.179657432083023,
            0.2045604418521909,
            0.2294820131998054,
            0.259709431893409,
            0.30233208083198887,
            0.337671865271357
        ],
        "y_sigma": 0.5571615,
        "y_chi2": 0.3152595,
        "y_quality": 0.8177083
    }
}