{
    "x": {
        "x_gains": [
            0.6050091002443813,
            0.6530687307818199,
            0.7365269880060262,
            0.7911618987822278,
            0.8410517351948611,
            0.8350796240070694,
            0.7502016729647347,
            0.6164629133445481,
            0.5211074847241249,
            0.46490458530743445,
            0.39168024165104187,
            0.30161638937614177,
            0.10737770752889535,
            0.05585275738640149,
            0.10465041320169148,
            0.17478342236567823,
            0.25304151472472614,
            0.3279217500003279,
            0.37437834008655707,
            0.413680856140662,
            0.42094703147732454,
            0.46195350899885435,
            0.5026055827317186,
            0.5406197340259032
        ],
        "x_sigma": 0.5623782,
        "x_chi2": 0.3212256,
        "x_quality": 0.81119794
    },
    "y": {
        "y_gains": [
            0.5637866845424632,
            0.6175746681740429,
            0.7009892991880511,
            0.7414935489319748,
            0.7671336029910232,
            0.7630017404069699,
            0.6826541072874213,
            0.5503288379905645,
            0.48659394747198875,
            0.45455867807063477,
            0.3757179076885898,
            0.28592352454955106,
            0.10420903415211413,
            0.053218146557773106,
            0.11354581085220901,
            0.18069044348120375,
            0.2544843061309799,
            0.32591567720568243,
            0.3621058934508478,
            0.3943470819025764,
            0.4025870404252543,
            0.431015161389317,
            0.47019552798914105,
            0.5052308826823071
        ],
        "y_sigma": 0.5675736,
        "y_chi2": 0.32735822,
        "y_quality": 0.79817706
    }
}