{
    "x": {
        "x_gains": [
            0.5637162883566655,
            0.6200324934228503,
            0.6884201940628991,
            0.7287163275670253,
            0.7404317887210471,
            0.7044715698874191,
            0.6151644811410563,
            0.5016454975610999,
            0.3982057168961234,
            0.3268554291634665,
            0.2714401037552652,
            0.18867525106355296,
            0.05943373204254361,
            0.03084880740361506,
            0.11335714437936736,
            0.1867802295443102,
            0.2776250685664513,
            0.3344277593233108,
            0.37705381685357414,
            0.4109658848999627,
            0.4329744696603965,
            0.4430185743954669,
            0.47573637449396516,
            0.5058586013920217
        ],
        "x_sigma": 0.5734248,
        "x_chi2": 0.33439043,
        "x_quality": 0.8203125
    },
    "y": {
        "y_gains": [
            0.613949484850336,
            0.667182042555139,
            0.7450496109909719,
            0.7775719631188287,
            0.7778880650189961,
            0.7505169185276359,
            0.649358450085277,
            0.5286233695933723,
            0.43993464506886715,
            0.38089235231765567,
            0.31247035437512866,
            0.21713975266479332,
            0.07064135676332889,
            0.035185036170041255,
            0.13863224594358584,
            0.22575248948557777,
            0.31691556475652993,
            0.37866167257359945,
            0.43359256676653457,
            0.4646100054322202,
            0.48891215676166483,
            0.4966939306932164,
            0.5330207415427197,
            0.5599382231357178
        ],
        "y_sigma": 0.6123648,
        "y_chi2": 0.38312802,
        "y_quality": 0.8255208
    }
}