{
    "x": {
        "x_gains": [
            0.5440927308122978,
            0.5782826082141691,
            0.6617394867958819,
            0.6922382714588845,
            0.6702022516248886,
            0.6302691684234895,
            0.5636902954740517,
            0.46129099666071455,
            0.37569910559192427,
            0.32624013335652685,
            0.2674470772380473,
            0.1907803852580944,
            0.07097670331667036,
            0.03846460083552806,
            0.11362058586864417,
            0.18084978056591874,
            0.25514303292911705,
            0.31490437361867196,
            0.3536360004843399,
            0.3809262602945322,
            0.4137398708204826,
            0.4197702026793261,
            0.45838787003017023,
            0.4862264210574938
        ],
        "x_sigma": 0.5506472,
        "x_chi2": 0.30745447,
        "x_quality": 0.80859375
    },
    "y": {
        "y_gains": [
            0.5889130637701566,
            0.6384499456838709,
            0.7182176996851694,
            0.7575996334429934,
            0.7455345833363777,
            0.7107769638038963,
            0.6415656665876899,
            0.5268384131795584,
            0.4498620430565661,
            0.4084417225343466,
            0.33645522283984564,
            0.23758959087690185,
            0.08852573664478605,
            0.04631531559487623,
            0.12892755225627084,
            0.20113519497231203,
            0.28262568760003537,
            0.3516584670461905,
            0.3946464005742263,
            0.41886969437130867,
            0.4531024262955275,
            0.4664815512377505,
            0.5048644956315337,
            0.5325169493488516
        ],
        "y_sigma": 0.5846282,
        "y_chi2": 0.34790972,
        "y_quality": 0.81380206
    }
}