{
    "x": {
        "x_gains": [
            0.09895140209683957,
            0.09994352691011944,
            0.10437247614306126,
            0.11385920421297274,
            0.11797394380287593,
            0.12079056944539736,
            0.12393084856939186,
            0.11234033910156038,
            0.08977900986500739,
            0.0763952620575215,
            0.0592998818746353,
            0.04440210259940565,
            0.023436912612377653,
            0.012732077118700391,
            0.06706904966577144,
            0.07822097346783691,
            0.08047059849766221,
            0.08141979844528895,
            0.08355254038574704,
            0.08423780162924333,
            0.08546224047467779,
            0.08544472226321195,
            0.09163193358224232,
            0.09149868347119287
        ],
        "x_sigma": 0.032506987,
        "x_chi2": 0.0010623052,
        "x_quality": 0.81380206
    },
    "y": {
        "y_gains": [
            0.10758149378840591,
            0.1093884975150762,
            0.11692246964575766,
            0.12639659708003131,
            0.12887437780578045,
            0.12959916662551893,
            0.12759056697420246,
            0.11566309653242038,
            0.09651195189535479,
            0.08571986730221662,
            0.06794664095928155,
            0.05103476559681127,
            0.026944747962060936,
            0.015193322109519848,
            0.07448008987065564,
            0.08602117239116064,
            0.08886522309258797,
            0.08977214303970092,
            0.0912873358357018,
            0.09081470965810805,
            0.09263761618957214,
            0.09118246422615585,
            0.0982725165675179,
            0.09909956156371974
        ],
        "y_sigma": 0.03588515,
        "y_chi2": 0.0012966932,
        "y_quality": 0.83984375
    }
}