{
    "x": {
        "x_gains": [
            0.35972469118264777,
            0.39823792461969376,
            0.43889929324046806,
            0.4830526298399579,
            0.5007136421184293,
            0.5145603071883869,
            0.5211547120724447,
            0.4544819097111695,
            0.38976299954120996,
            0.34085356276504775,
            0.2778250389038402,
            0.20910589247858652,
            0.09655073465936756,
            0.05355797978014878,
            0.13683884158476567,
            0.1856012860832796,
            0.2367145721727344,
            0.27465219007931024,
            0.2830008733406951,
            0.29527233558055266,
            0.30634760196305094,
            0.31511268792099645,
            0.3297808896195661,
            0.330714668445647
        ],
        "x_sigma": 0.44541523,
        "x_chi2": 0.20028453,
        "x_quality": 0.7890625
    },
    "y": {
        "y_gains": [
            0.3630885620204281,
            0.4038320593306831,
            0.44309354085707936,
            0.4982326690762527,
            0.5278016344116532,
            0.5178026237887432,
            0.5332650754036816,
            0.4914979698184859,
            0.4383086109013926,
            0.3989605641047042,
            0.3200399409846349,
            0.2312678798979646,
            0.11016740488008553,
            0.05647138335237172,
            0.12894509949629532,
            0.17995305024918998,
            0.22794791937117373,
            0.2672907299351665,
            0.2785878493352337,
            0.2969783521787876,
            0.30380731324964455,
            0.31697788717882136,
            0.33284405257604655,
            0.33658990801132455
        ],
        "y_sigma": 0.44472104,
        "y_chi2": 0.19966887,
        "y_quality": 0.7890625
    }
}