{
    "x": {
        "x_gains": [
            0.29697612965265074,
            0.3305355482388207,
            0.3656818950747475,
            0.40609791759891517,
            0.41429812429010016,
            0.40664463845550514,
            0.40631189272878454,
            0.35517509830447574,
            0.297353986629359,
            0.2611353328639861,
            0.2156808008694007,
            0.16220594900050314,
            0.07590844955169988,
            0.04326069156628059,
            0.10301786721285366,
            0.13879920339805987,
            0.19532245686743016,
            0.2305763412441309,
            0.24344067362955685,
            0.25425790457314373,
            0.26121440457430306,
            0.27037704728148315,
            0.276674400269503,
            0.2786785753081753
        ],
        "x_sigma": 0.48069865,
        "x_chi2": 0.23350923,
        "x_quality": 0.7890625
    },
    "y": {
        "y_gains": [
            0.4314611085271385,
            0.4693264648969617,
            0.5219675252684479,
            0.5814175576357771,
            0.594609826248468,
            0.594652786994896,
            0.5896233368199727,
            0.5195853002667863,
            0.45028475782942756,
            0.4094742849739562,
            0.3336426868325645,
            0.25422464153689983,
            0.12535044223134617,
            0.06480135113409169,
            0.17659113557706735,
            0.24135370271696935,
            0.29751468725880853,
            0.334106511485329,
            0.35357690775072403,
            0.3600727303706621,
            0.3723833367691902,
            0.3790232321153056,
            0.39512963215406893,
            0.4109827748899388
        ],
        "y_sigma": 0.47134858,
        "y_chi2": 0.22465943,
        "y_quality": 0.7916667
    }
}