{
    "x": {
        "x_gains": [
            0.2271965131696731,
            0.2520144777277165,
            0.2816142636498082,
            0.3157591774220821,
            0.31341386586193687,
            0.3102283528859923,
            0.3117833562125156,
            0.268485682222387,
            0.2181493734204622,
            0.19727893169512906,
            0.15124396650006638,
            0.11028158528014334,
            0.03888605150333086,
            0.02130818762634823,
            0.07602208654475968,
            0.09411590203927513,
            0.1467981768899535,
            0.1714920411229683,
            0.1832635111573391,
            0.193249172545693,
            0.20300613102876444,
            0.20198489342862952,
            0.20851614986772984,
            0.20854689839146737
        ],
        "x_sigma": 0.6179403,
        "x_chi2": 0.38862416,
        "x_quality": 0.7916667
    },
    "y": {
        "y_gains": [
            0.0406146886920665,
            0.04529127452726326,
            0.024269374721160055,
            0.011744982602157271,
            0.04205136128035966,
            0.028996971556290663,
            0.008108671112867269,
            0.029927536754531622,
            0.020733099165418118,
            0.00890960161393513,
            0.014140237502257137,
            0.005152033149417771,
            0.006504081961839251,
            0.003367559751370369,
            0.02818795718576284,
            0.03641448289923082,
            0.029119253242574444,
            0.010803715981326642,
            0.02261362896281234,
            0.04128749265598724,
            0.04742233750487086,
            0.036030241334519784,
            0.014974695759106262,
            0.0159805413258157
        ],
        "y_sigma": 1.0995142,
        "y_chi2": 1.2126591,
        "y_quality": 0.79817706
    }
}