{
    "x": {
        "x_gains": [
            0.3541629553340306,
            0.38257398454821934,
            0.4240556238850517,
            0.46892664613299406,
            0.5132142665970543,
            0.5205946732128324,
            0.524499888045499,
            0.446544912326265,
            0.3723338106652786,
            0.32915833292627417,
            0.26813963274845104,
            0.20333601194639736,
            0.09513391001606906,
            0.05317028629593826,
            0.11657665200482115,
            0.16501756364438647,
            0.21361610409085519,
            0.2567210534497084,
            0.2688431201997053,
            0.28768732760336896,
            0.3011092080340032,
            0.3132773684199809,
            0.32381704129923683,
            0.33400565331288684
        ],
        "x_sigma": 0.54493153,
        "x_chi2": 0.30103064,
        "x_quality": 0.79557294
    },
    "y": {
        "y_gains": [
            0.4425093412615667,
            0.4843065077088762,
            0.544826855387425,
            0.5921781205462654,
            0.6438065551868404,
            0.6633125163755278,
            0.6520061348561241,
            0.5699734455071472,
            0.5056367116523222,
            0.46154260832128097,
            0.37448162381223793,
            0.27078583918955096,
            0.13750790275105598,
            0.07619256894636992,
            0.1540964467778687,
            0.21913999385969737,
            0.2710865852450879,
            0.3259204359772488,
            0.334105317078976,
            0.35921527268390563,
            0.37258582085909797,
            0.38820207315435146,
            0.4020180663702882,
            0.4181558590660873
        ],
        "y_sigma": 0.5380208,
        "y_chi2": 0.29352388,
        "y_quality": 0.7916667
    }
}