{
    "x": {
        "x_gains": [
            0.5401867911905258,
            0.5771772569073689,
            0.6477119381471371,
            0.7430510791888111,
            0.7919827271735134,
            0.8181058607713086,
            0.8077101425535707,
            0.7295125163921462,
            0.6283503641416031,
            0.5486935031561673,
            0.4424920710952011,
            0.33155243259688244,
            0.16135685625855242,
            0.1010827887245384,
            0.19040044736489112,
            0.2546975654886021,
            0.3110775976845872,
            0.3633925602641137,
            0.3969835916360004,
            0.43084168110632565,
            0.457467946936463,
            0.46246463590737297,
            0.49299386695909747,
            0.5111902092761598
        ],
        "x_sigma": 0.5263272,
        "x_chi2": 0.28047204,
        "x_quality": 0.7890625
    },
    "y": {
        "y_gains": [
            0.3056956167956264,
            0.33674604118828383,
            0.3712261153117408,
            0.4161263958959951,
            0.4424353161779924,
            0.4403215474519561,
            0.44196922037955433,
            0.3838882559637904,
            0.35756957812332113,
            0.3179920506439228,
            0.25173389270618163,
            0.18177871931075326,
            0.09529993127921955,
            0.05182886440677615,
            0.10038627635277786,
            0.12970351475642725,
            0.1817741924636056,
            0.2047493243784169,
            0.2221132485266451,
            0.23824961817520565,
            0.25833288232717627,
            0.261651374975359,
            0.2838013430330956,
            0.2845196608206981
        ],
        "y_sigma": 0.527163,
        "y_chi2": 0.2816892,
        "y_quality": 0.7890625
    }
}