{
    "x": {
        "x_gains": [
            0.6507500577703363,
            0.6961339228009755,
            0.76125747554841,
            0.8213965252298514,
            0.8702988414755882,
            0.9138140817836188,
            0.903558665805274,
            0.808064483545787,
            0.7024020252779035,
            0.5987621311453128,
            0.49713748237647626,
            0.3740482342679053,
            0.21164277822882382,
            0.10825282750972814,
            0.4379806865408579,
            0.47690033097836776,
            0.4895957476455096,
            0.5146390890105873,
            0.5112849013938495,
            0.5151405208039757,
            0.5345673428426806,
            0.5509674050988947,
            0.5843625857647053,
            0.6155514392946864
        ],
        "x_sigma": 0.15372872,
        "x_chi2": 0.023737099,
        "x_quality": 0.8072917
    },
    "y": {
        "y_gains": [
            0.3921692276101568,
            0.4239484224349266,
            0.4626032247053067,
            0.5011396667731922,
            0.5379419031351684,
            0.5695263209721633,
            0.5686345288078214,
            0.5166599053107058,
            0.47466539886703063,
            0.42642486671024726,
            0.3475645733269493,
            0.25405966382876094,
            0.14560251997193366,
            0.06847338720180353,
            0.24923630258343898,
            0.2739048019209491,
            0.2916503962201875,
            0.30093915888949596,
            0.2989572192817122,
            0.2990550458660724,
            0.31106437956374217,
            0.3251568841321327,
            0.3448824344064649,
            0.37022665386817805
        ],
        "y_sigma": 0.17025669,
        "y_chi2": 0.029133284,
        "y_quality": 0.81640625
    }
}