{
    "x": {
        "x_gains": [
            0.09053243482909513,
            0.09421299504336011,
            0.0995564065194712,
            0.10549122993385383,
            0.11202621592694637,
            0.12109491601159363,
            0.11645997544324957,
            0.10163376273598089,
            0.08780816935596747,
            0.07233533620234565,
            0.06156152532715025,
            0.04399264777273363,
            0.02099357554601141,
            0.010910053374163117,
            0.02761029373597535,
            0.037116207281843554,
            0.04725868886438789,
            0.058571019411021545,
            0.062360962336909714,
            0.0708584945942763,
            0.07823170682573989,
            0.08366934944068713,
            0.0839108990440283,
            0.08685149185241813
        ],
        "x_sigma": 0.34153342,
        "x_chi2": 0.11745701,
        "x_quality": 0.82682294
    },
    "y": {
        "y_gains": [
            0.08835299850197491,
            0.09179838357734262,
            0.09925428272304522,
            0.10369060796395714,
            0.10737259999422334,
            0.11270537878530877,
            0.10341074489344815,
            0.08750161877994743,
            0.07703924024517585,
            0.06407224068250263,
            0.053469874003588894,
            0.03836586285324313,
            0.018357245695744477,
            0.009432328157789719,
            0.026355414839895994,
            0.0352433899700484,
            0.0445633434058373,
            0.05258961243664398,
            0.05519490895406586,
            0.06168415001091809,
            0.0715641625137685,
            0.07735047997519835,
            0.07955858984945367,
            0.08335334508226518
        ],
        "y_sigma": 0.37082225,
        "y_chi2": 0.13862135,
        "y_quality": 0.8255208
    }
}