{
    "x": {
        "x_gains": [
            0.5369533150772786,
            0.5759381341078856,
            0.6564008203960014,
            0.6783560069306276,
            0.6757902860552701,
            0.6575913795556945,
            0.6012539270900248,
            0.48141166074361824,
            0.3977754804033921,
            0.348671460620313,
            0.3051730618123154,
            0.21661904333102205,
            0.069993215557616,
            0.03411765267820162,
            0.109417414634995,
            0.17986970238759042,
            0.2541278365685586,
            0.3152389933990216,
            0.35097110546141225,
            0.38376191288121037,
            0.40349947020519566,
            0.44014202678977266,
            0.45383559379009497,
            0.4927298207675568
        ],
        "x_sigma": 0.46563572,
        "x_chi2": 0.21975927,
        "x_quality": 0.83463544
    },
    "y": {
        "y_gains": [
            0.5871943022422954,
            0.6426963218746577,
            0.731726573974959,
            0.7723263721497875,
            0.7920381160422965,
            0.7812619020367889,
            0.710933207185345,
            0.579019852564175,
            0.49439914979167016,
            0.44074203505318366,
            0.37156999096713356,
            0.2574167029152287,
            0.09241562522728468,
            0.04544503091761789,
            0.11349081167039635,
            0.19034939964751096,
            0.2645019124810782,
            0.3352948641712123,
            0.3760975702404523,
            0.4173135374258048,
            0.4354707092167419,
            0.4788456754609069,
            0.4973630556832259,
            0.5406527625193553
        ],
        "y_sigma": 0.472263,
        "y_chi2": 0.22631176,
        "y_quality": 0.8359375
    }
}