{
    "x": {
        "x_gains": [
            0.5103440877632603,
            0.5601558981083143,
            0.6327243783008439,
            0.7007796874802906,
            0.7308902352699123,
            0.7597677450784714,
            0.689496825901362,
            0.5916284573287975,
            0.5001920737563225,
            0.43419616070728817,
            0.3722805141119444,
            0.2764410318106224,
            0.0945558522508075,
            0.05928327469427022,
            0.07969109182692943,
            0.13268464165852192,
            0.19824705984741717,
            0.2611785530723831,
            0.306289614350134,
            0.3242843935217058,
            0.3686350413927386,
            0.3965009583428163,
            0.4259854171560174,
            0.4568259921929351
        ],
        "x_sigma": 0.5268009,
        "x_chi2": 0.28149486,
        "x_quality": 0.80598956
    },
    "y": {
        "y_gains": [
            0.5686383766420642,
            0.6266612790507635,
            0.7099312495478625,
            0.7713740617295178,
            0.79009392873653,
            0.8053685870009484,
            0.7289066975373231,
            0.6188955623022049,
            0.5505381345103398,
            0.5048861110728239,
            0.43591925868617076,
            0.3206185321423124,
            0.11773594253449929,
            0.06868474348377536,
            0.10118293986829421,
            0.1643425804575669,
            0.237747187533983,
            0.30985175514597146,
            0.36891956004128945,
            0.387557152084325,
            0.41945721062464986,
            0.45274324830784946,
            0.4826032623787496,
            0.5131536679711033
        ],
        "y_sigma": 0.53463274,
        "y_chi2": 0.28987563,
        "y_quality": 0.79817706
    }
}