{
    "x": {
        "x_gains": [
            0.11071415167108066,
            0.12083561209158471,
            0.12778090706120232,
            0.1330546211573027,
            0.15384404736612067,
            0.15527907632924673,
            0.14438179397555415,
            0.1276606555093807,
            0.11024258329240577,
            0.08879813325012356,
            0.08010231308245395,
            0.05420107667186744,
            0.02740471585831433,
            0.01695942305399524,
            0.011091111987678662,
            0.02170367182502899,
            0.037458879515012394,
            0.0466116652124604,
            0.04657314778591256,
            0.056011467115639646,
            0.07333143844896381,
            0.06393276932270454,
            0.07526232684020152,
            0.07891513781739669
        ],
        "x_sigma": 0.34825805,
        "x_chi2": 0.12213249,
        "x_quality": 0.8203125
    },
    "y": {
        "y_gains": [
            0.12992334782325124,
            0.1351566506127597,
            0.14888437808925778,
            0.15519559145195097,
            0.16227642932916678,
            0.1697170477380112,
            0.16069780644119555,
            0.14456650547886815,
            0.12686885112668547,
            0.1064499969235951,
            0.08817577806086122,
            0.06149255970773817,
            0.03185439432803203,
            0.018058438334424002,
            0.027461327928211696,
            0.03918248104253611,
            0.0512407328572591,
            0.05938906704289245,
            0.06764946913432086,
            0.07776867970634858,
            0.09009334481362795,
            0.09823112270412993,
            0.10962082212437589,
            0.11858526357531488
        ],
        "y_sigma": 0.3601719,
        "y_chi2": 0.13064873,
        "y_quality": 0.8255208
    }
}