{
    "x": {
        "x_gains": [
            0.3331575483055957,
            0.32292416355295117,
            0.320504037469486,
            0.3208822876699441,
            0.3178400101454531,
            0.31192774904888554,
            0.2973430849178548,
            0.28573040090889695,
            0.27722945641707597,
            0.2682163851780407,
            0.2614697360285215,
            0.25743582131410536,
            0.2576584862502095,
            0.25509208441609293,
            0.2549139767294129,
            0.2540825669250305,
            0.24787782498610955,
            0.24351778189977624,
            0.2391562719784614,
            0.23026380172444563,
            0.22685654862261778,
            0.21855405945588344,
            0.20855011248567415,
            0.20212414282940852
        ],
        "x_sigma": 0.03440987,
        "x_chi2": 0.0011878212,
        "x_quality": 0.83723956
    },
    "y": {
        "y_gains": [
            0.40880049350395575,
            0.39832068001306487,
            0.39472179593364715,
            0.3921148833869943,
            0.3884606972947208,
            0.3844042579690847,
            0.37362991777302224,
            0.36616193562865845,
            0.35996958257027284,
            0.34874359192368426,
            0.3405158338160145,
            0.33289953195324506,
            0.3306953435086306,
            0.3251122206107493,
            0.3169629874395492,
            0.31137093008614136,
            0.303583358313184,
            0.29617486021583206,
            0.29221882631477286,
            0.2803196541079724,
            0.2831328342324358,
            0.2675563808183479,
            0.25612261101634576,
            0.25048575449941296
        ],
        "y_sigma": 0.028533578,
        "y_chi2": 0.0008194926,
        "y_quality": 0.82682294
    }
}