{
    "x": {
        "x_gains": [
            0.37523852036547034,
            0.3645242120626894,
            0.3582720538841169,
            0.3517911092536541,
            0.3461807949972721,
            0.3429658728378574,
            0.33298103939365487,
            0.31926225389190266,
            0.3120000004992,
            0.3053671575911954,
            0.29917847982866885,
            0.29018677697788114,
            0.2861113510472691,
            0.2867648035089,
            0.2870039832134814,
            0.2858861277816077,
            0.27540173401744594,
            0.2689459947298419,
            0.26486619807245215,
            0.25950897994493843,
            0.253765261093875,
            0.24484988865451315,
            0.2361669629578023,
            0.22829170730829784
        ],
        "x_sigma": 0.032675922,
        "x_chi2": 0.0010729522,
        "x_quality": 0.83723956
    },
    "y": {
        "y_gains": [
            0.34295144078530115,
            0.3369939639663138,
            0.3358708375107269,
            0.3341201640449817,
            0.33420927355871244,
            0.33294764677930416,
            0.32826130229924716,
            0.31986833707456674,
            0.3092027010463791,
            0.30124585948862853,
            0.29555333214067714,
            0.2853820520830236,
            0.28383904225895007,
            0.2798904844512439,
            0.2794103023216677,
            0.278977131463398,
            0.2702888836777192,
            0.2614559814278404,
            0.25669103691371126,
            0.2533710254827402,
            0.2507976934136137,
            0.23857448880047846,
            0.22650289027880627,
            0.2219787707050976
        ],
        "y_sigma": 0.029370097,
        "y_chi2": 0.0008652532,
        "y_quality": 0.828125
    }
}