{
    "x": {
        "x_gains": [
            1.444710287189624,
            1.418412293674379,
            1.3966081360300795,
            1.3899200358154595,
            1.3898473044258992,
            1.3667406665621564,
            1.3439429566099952,
            1.3062440949602883,
            1.2835194308156073,
            1.2589727776722688,
            1.2436438915258976,
            1.2230019267172354,
            1.2161523517832562,
            1.2004144791113476,
            1.1977789345660554,
            1.2015525597058676,
            1.1817588199240046,
            1.1531935793410444,
            1.1235272734279451,
            1.0979256342030186,
            1.0840405234294004,
            1.0218488658959268,
            0.9978359930818036,
            0.9814666704224125
        ],
        "x_sigma": 0.03460066,
        "x_chi2": 0.0012009655,
        "x_quality": 0.8411458
    },
    "y": {
        "y_gains": [
            1.5048760617935217,
            1.4953163700656804,
            1.4871915479216096,
            1.4956746584552132,
            1.506734122148826,
            1.498849370809264,
            1.4698744815385234,
            1.4174659272729702,
            1.3946833137926578,
            1.3869969864716476,
            1.3507429694166129,
            1.3254697630523977,
            1.314154458040336,
            1.3049367780967405,
            1.2963899364619846,
            1.3064737997784481,
            1.262080874773496,
            1.2363950183171921,
            1.1908995269032538,
            1.1718499150877553,
            1.1601540452541288,
            1.094647730866406,
            1.0530472554955903,
            1.0280565895805849
        ],
        "y_sigma": 0.034394126,
        "y_chi2": 0.0011905313,
        "y_quality": 0.8385417
    }
}