{
    "x": {
        "x_gains": [
            0.3735416281140578,
            0.36499514100218544,
            0.3614699232263186,
            0.3574875773066886,
            0.3533666298929794,
            0.3440523176963963,
            0.33330170300171846,
            0.32415368982200204,
            0.31220665258052693,
            0.30308343447480113,
            0.2988104654182166,
            0.29412529431647577,
            0.2939508386035289,
            0.293622685570565,
            0.28823899578456236,
            0.28514627433580875,
            0.2858926990952468,
            0.27822349181166006,
            0.2690810990789704,
            0.26306972484169516,
            0.2568116068573835,
            0.24281645722533146,
            0.22896852017141683,
            0.22326412145568206
        ],
        "x_sigma": 0.032517906,
        "x_chi2": 0.0010616302,
        "x_quality": 0.83463544
    },
    "y": {
        "y_gains": [
            0.4500649758805679,
            0.4394900825107471,
            0.4397597908889423,
            0.434944067497752,
            0.4326783621358666,
            0.4271516010581741,
            0.42021427314087434,
            0.4115528312221427,
            0.4003653574105586,
            0.39176910351358507,
            0.3805343440426987,
            0.37823954606413007,
            0.37083194626734095,
            0.36714459714600145,
            0.3543480131210817,
            0.3456818972958342,
            0.343592241769643,
            0.33564163032954436,
            0.3314670413039754,
            0.3235758705978676,
            0.3246469707678128,
            0.30576857177915695,
            0.2899367337751331,
            0.27832970558395076
        ],
        "y_sigma": 0.030445615,
        "y_chi2": 0.0009297071,
        "y_quality": 0.83203125
    }
}