{
    "x": {
        "x_gains": [
            0.3356828672365532,
            0.3318099936524748,
            0.32588263519387767,
            0.31788805349674476,
            0.31260990191864324,
            0.30819214794209315,
            0.300754267642907,
            0.28781080653020846,
            0.27973551454676426,
            0.270151111725855,
            0.2635094718479656,
            0.26017573309716313,
            0.26327487885077355,
            0.26274474936147774,
            0.2615290505161668,
            0.25568334211264704,
            0.24896057094426485,
            0.24363426306604463,
            0.23511413086476038,
            0.23298843666739397,
            0.22634645584455973,
            0.21437780486560443,
            0.20878334844228832,
            0.20192338077893357
        ],
        "x_sigma": 0.037491273,
        "x_chi2": 0.0014101292,
        "x_quality": 0.8411458
    },
    "y": {
        "y_gains": [
            0.34141063088519374,
            0.3371705931811901,
            0.3347592179047173,
            0.32902297876742337,
            0.327898460077346,
            0.3280116504490053,
            0.3252692684716921,
            0.30945783606037897,
            0.299920760934961,
            0.293219085794497,
            0.2847420137695543,
            0.27793825623872714,
            0.27730609551520063,
            0.27721505431876525,
            0.27184786958261564,
            0.26680028024701435,
            0.2594737229403936,
            0.2523112085166942,
            0.24512447420800285,
            0.2434730535102399,
            0.2408948724177395,
            0.2266758331351242,
            0.21599875567436833,
            0.21110146283603076
        ],
        "y_sigma": 0.03836251,
        "y_chi2": 0.001481037,
        "y_quality": 0.84505206
    }
}