{
    "x": {
        "x_gains": [
            1.0146554396530432,
            1.0011354878703425,
            0.9807635970367993,
            0.968346683606278,
            0.9549614400894915,
            0.9471958220328924,
            0.9233170423274386,
            0.8990422323290552,
            0.872439336021319,
            0.8412370356960429,
            0.8244273877746157,
            0.8171865444024846,
            0.8039497730771371,
            0.7854673460016649,
            0.778027144122215,
            0.7840695877440516,
            0.757089843548898,
            0.7551780101829714,
            0.7243024550883588,
            0.6972734377309718,
            0.6867204135265518,
            0.657305885904713,
            0.6317382784121132,
            0.60199433499251
        ],
        "x_sigma": 0.032033972,
        "x_chi2": 0.0010305466,
        "x_quality": 0.83723956
    },
    "y": {
        "y_gains": [
            1.362327290957689,
            1.3549230383390378,
            1.3192753115171811,
            1.3044409574998395,
            1.3109986361681187,
            1.2975476608719052,
            1.284222276273711,
            1.2446384088940865,
            1.2126111070084435,
            1.1813280702805147,
            1.143631021631895,
            1.130030840801707,
            1.1174821250352984,
            1.0900153892732718,
            1.0871223078910839,
            1.0746206360797752,
            1.0491914458582066,
            1.0266666392888897,
            0.9862221802749055,
            0.9718062486558704,
            0.9596088173848106,
            0.9151655282770133,
            0.8722852302920237,
            0.8383441161153549
        ],
        "y_sigma": 0.039621722,
        "y_chi2": 0.0015778712,
        "y_quality": 0.8411458
    }
}