{
    "x": {
        "x_gains": [
            0.30280436509449327,
            0.2787100163307347,
            0.2797403662523124,
            0.2838468411266937,
            0.2763179898374664,
            0.2668087868137761,
            0.26543139848531044,
            0.2679789560413484,
            0.2555664088930159,
            0.23925190713676478,
            0.23080188213395636,
            0.21524172269659825,
            0.2124610667750898,
            0.20838023190927743,
            0.20517253502177196,
            0.19508974713637514,
            0.18584526972588175,
            0.20675080666411605,
            0.20872286237524112,
            0.19783295756611652,
            0.17754067812017088,
            0.16072700036806484,
            0.16056408088383461,
            0.16479825002715875
        ],
        "x_sigma": 0.063181944,
        "x_chi2": 0.0040041655,
        "x_quality": 0.8229167
    },
    "y": {
        "y_gains": [
            0.33246237057904837,
            0.31934324634380723,
            0.3183678680225105,
            0.32235687749526387,
            0.31545373129714255,
            0.3071881316267968,
            0.302379179862998,
            0.29665212942683217,
            0.2884596801155223,
            0.27793658765578,
            0.269343553736086,
            0.25962007250513613,
            0.25945625959242224,
            0.2597201432346201,
            0.25539575896953737,
            0.2511171448422598,
            0.2442134239723316,
            0.23872702917795757,
            0.2287053584293248,
            0.22198077127085789,
            0.21861607715748382,
            0.21281187047588565,
            0.1999909204122133,
            0.1932640520359595
        ],
        "y_sigma": 0.036783002,
        "y_chi2": 0.0013582216,
        "y_quality": 0.82942706
    }
}