{
    "x": {
        "x_gains": [
            0.35449245631190657,
            0.34336054866268795,
            0.33641772315849144,
            0.33225939344652233,
            0.3259710915145259,
            0.3219068214952636,
            0.311990188532551,
            0.3017486940316522,
            0.29262457320706,
            0.2853013324142827,
            0.2789839960830647,
            0.2756578540229025,
            0.26818085151174886,
            0.26899303318803763,
            0.26966181846177617,
            0.27176290968938044,
            0.26827872850691675,
            0.25932207090664133,
            0.25243580992805303,
            0.2442300885802993,
            0.24205192255790792,
            0.228576512113058,
            0.2189457573490293,
            0.21366713267468304
        ],
        "x_sigma": 0.03854551,
        "x_chi2": 0.0014901988,
        "x_quality": 0.83723956
    },
    "y": {
        "y_gains": [
            0.37672456973533447,
            0.36699608602344214,
            0.3618206685787442,
            0.3648507195038614,
            0.357646167485128,
            0.3551450899095964,
            0.35278841493646884,
            0.3506425085666348,
            0.3424530873515637,
            0.331194918145176,
            0.32434954293959806,
            0.3168585879133658,
            0.30923769691638064,
            0.3050001232200498,
            0.3030017565920835,
            0.29714042161016707,
            0.2906321470077851,
            0.2805445864180847,
            0.2758608361529529,
            0.2657165563761385,
            0.2621252110796028,
            0.2481876099781347,
            0.23933129877796241,
            0.23508830198728606
        ],
        "y_sigma": 0.030721376,
        "y_chi2": 0.0009470201,
        "y_quality": 0.83984375
    }
}