{
    "x": {
        "x_gains": [
            0.38593814306943086,
            0.3803022452093801,
            0.37403851063101606,
            0.3655461896123178,
            0.3585836590916466,
            0.344302228496174,
            0.3415837187536293,
            0.32744122495500305,
            0.318434017924014,
            0.3099486384111289,
            0.3041046864569685,
            0.300228551987486,
            0.3013087344882497,
            0.29741917485213804,
            0.2935102879465069,
            0.29220096343332863,
            0.2890209329191085,
            0.2828166593492569,
            0.271881114436338,
            0.2654052345131268,
            0.2608046407369129,
            0.24675851841250374,
            0.24052009873734884,
            0.23399637375819587
        ],
        "x_sigma": 0.040785983,
        "x_chi2": 0.0016690898,
        "x_quality": 0.83723956
    },
    "y": {
        "y_gains": [
            0.39656748632803845,
            0.39243643138088097,
            0.38730656941656916,
            0.381131592657073,
            0.3786579446090828,
            0.37055546968961867,
            0.3707702529542974,
            0.36405429797043365,
            0.3531973900125667,
            0.3432062444042367,
            0.3365905537813307,
            0.3287435149999584,
            0.3233979552517483,
            0.3160766542780422,
            0.3105507119996174,
            0.302504595876699,
            0.296120975131109,
            0.2891891662103744,
            0.2807293899781236,
            0.27372111677668204,
            0.26877134699625305,
            0.25614844642637313,
            0.24863604481714432,
            0.24193099644119506
        ],
        "y_sigma": 0.035667636,
        "y_chi2": 0.0012792036,
        "y_quality": 0.84375
    }
}