{
    "x": {
        "x_gains": [
            0.3524861376014235,
            0.34705261230839446,
            0.3417585239531372,
            0.33507307742774856,
            0.327862037228472,
            0.32018955221491124,
            0.30771727539862237,
            0.304897774179171,
            0.2940381356876614,
            0.28335775310449585,
            0.2753814845937002,
            0.2781531918690704,
            0.2769941075874475,
            0.27491406667375395,
            0.27240962082133513,
            0.2723110057461162,
            0.26937420063205963,
            0.26414539534614906,
            0.2522643882147123,
            0.2457739476911934,
            0.24307588024400056,
            0.23207253584917292,
            0.22494794142265628,
            0.21702198953606777
        ],
        "x_sigma": 0.040687453,
        "x_chi2": 0.0016609569,
        "x_quality": 0.83723956
    },
    "y": {
        "y_gains": [
            0.38901752185490707,
            0.37873551573362013,
            0.3741812539981267,
            0.3688957710083928,
            0.36579740157278984,
            0.36323680315289547,
            0.35317602190510705,
            0.35719736801262564,
            0.34474374215126236,
            0.3355842084810184,
            0.32439235553843343,
            0.32070151018020443,
            0.31607530557370356,
            0.30843844401441267,
            0.30550265267953325,
            0.30107427818570837,
            0.2973702655308312,
            0.2907271274429982,
            0.2797951787373571,
            0.2742496324369301,
            0.26907149856653506,
            0.25320950004569165,
            0.2427668821303668,
            0.23324137403426407
        ],
        "y_sigma": 0.034794718,
        "y_chi2": 0.0012178154,
        "y_quality": 0.84244794
    }
}