{
    "x": {
        "x_gains": [
            1.4561247409645095,
            1.4535831507850934,
            1.4068838121486527,
            1.4190651113902255,
            1.3899690106409077,
            1.364555882022518,
            1.3183625878650762,
            1.3014907991433327,
            1.2712306644226903,
            1.2480310126720826,
            1.1902240471795291,
            1.1717207768297841,
            1.1774689433735168,
            1.1656223467521332,
            1.1492443144010656,
            1.164147470942006,
            1.110548063243047,
            1.096368607896924,
            1.0602594649998596,
            1.0218780305389679,
            1.020638223452613,
            0.9894942427761725,
            0.9177990701043383,
            0.902527401634441
        ],
        "x_sigma": 0.027881388,
        "x_chi2": 0.00078000076,
        "x_quality": 0.8359375
    },
    "y": {
        "y_gains": [
            1.4240297095887924,
            1.3992794130806459,
            1.386864259689778,
            1.4098335324958169,
            1.3995189349593729,
            1.3873506638403559,
            1.3540949490024146,
            1.333696632295971,
            1.327771916402418,
            1.2905393912628933,
            1.244976116751669,
            1.2031055040512773,
            1.1964062778930906,
            1.1795826046953284,
            1.1716136294750807,
            1.1795416150302667,
            1.1315770653770914,
            1.1094782057429697,
            1.0702832536739346,
            1.034358225457097,
            1.0453913087839215,
            1.009836585921042,
            0.9252277216729967,
            0.8985145757034471
        ],
        "y_sigma": 0.025409684,
        "y_chi2": 0.0006478823,
        "y_quality": 0.83984375
    }
}