{
    "x": {
        "x_gains": [
            0.9963963333810607,
            0.9782665371311337,
            0.9957406199242121,
            0.995986374109613,
            0.9970228896515007,
            0.9827854320929174,
            0.961598561448552,
            0.9637823135729366,
            0.9344542922429173,
            0.9256419766788205,
            0.9230529237009067,
            0.9411032195423471,
            0.9323349517735762,
            0.9558456653354922,
            0.9375795184629095,
            0.943202158121994,
            0.9624671497930936,
            0.9381942050746174,
            0.9133461055652736,
            0.8996513581091918,
            0.8856594988176888,
            0.8466943823605789,
            0.8211123082928565,
            0.8169146424679121
        ],
        "x_sigma": 0.036061738,
        "x_chi2": 0.0013053839,
        "x_quality": 0.83463544
    },
    "y": {
        "y_gains": [
            1.0013591447671926,
            0.9835602816719935,
            1.0006616374746984,
            1.0161860863536847,
            1.013953212954104,
            1.0175652106665256,
            1.0007725964444552,
            1.0067021193596368,
            0.976549911661295,
            0.9846117975988666,
            0.9666249535778366,
            0.9844554484686796,
            0.9764879283632832,
            0.9749587689936592,
            0.9672816966120958,
            0.9622627493078445,
            0.9787252534213299,
            0.9605597988818315,
            0.9433840336214522,
            0.9398763893370272,
            0.9292699209451493,
            0.8843397665219208,
            0.8607993606670987,
            0.8422698870238133
        ],
        "y_sigma": 0.034729257,
        "y_chi2": 0.001209962,
        "y_quality": 0.83463544
    }
}