{
    "x": {
        "x_gains": [
            1.3631958654814678,
            1.3404387309583976,
            1.3129453921065461,
            1.2952216940308154,
            1.2939863150595292,
            1.272533384913353,
            1.251452200776934,
            1.2149469578457144,
            1.220976175336086,
            1.1834430168045358,
            1.1547409448390642,
            1.1131921620139873,
            1.0947603783010174,
            1.0979892248827416,
            1.082026093427132,
            1.0765672151457246,
            1.069154209318391,
            1.0426779013125176,
            1.0228494334948413,
            0.9934705143912151,
            0.9544910138489011,
            0.9210600000589478,
            0.8650857282654997,
            0.8423858219727075
        ],
        "x_sigma": 0.034955688,
        "x_chi2": 0.0012258503,
        "x_quality": 0.83203125
    },
    "y": {
        "y_gains": [
            1.4320524411875752,
            1.4084280900278503,
            1.3815602872153312,
            1.3746662482182608,
            1.374557787577764,
            1.388445936067341,
            1.3867046364885531,
            1.326197453852075,
            1.2956476087268602,
            1.2478945523113403,
            1.2325936210321888,
            1.191053213220381,
            1.1842176004577711,
            1.1870608468397117,
            1.1702674274060294,
            1.157258249677449,
            1.1351264774948122,
            1.1030575652651584,
            1.0780453868535147,
            1.0432860857581578,
            1.0262846482164087,
            0.9902935388496116,
            0.9277472311847759,
            0.897239517012379
        ],
        "y_sigma": 0.035079703,
        "y_chi2": 0.0012347318,
        "y_quality": 0.83723956
    }
}