{
    "x": {
        "x_gains": [
            0.8062360747912958,
            0.7908139682103856,
            0.7742739130239531,
            0.7522002609834025,
            0.7496917267619555,
            0.7680131139775238,
            0.7360033867931847,
            0.727439588688198,
            0.723471895323456,
            0.718959929559182,
            0.6875035234555577,
            0.6592474953539533,
            0.6359844046448231,
            0.6111144111289312,
            0.6213507681044993,
            0.6204043932324055,
            0.6324411843928441,
            0.6225954585147836,
            0.6229348153533996,
            0.5964481749759453,
            0.5671733131344011,
            0.5298633641342907,
            0.5102423758436156,
            0.4720535561753409
        ],
        "x_sigma": 0.048185915,
        "x_chi2": 0.0023297127,
        "x_quality": 0.8411458
    },
    "y": {
        "y_gains": [
            1.1755884128598322,
            1.1507989709555602,
            1.1364380213977643,
            1.1018513968280343,
            1.0983433094757789,
            1.099782496015763,
            1.0867776759346344,
            1.072088518489453,
            1.0724556392130535,
            1.0636404026657509,
            1.0186414440179619,
            0.959064260182625,
            0.9100671629566263,
            0.9032128817666337,
            0.9036084700643551,
            0.9177006093532046,
            0.9133958266579322,
            0.8841380418871008,
            0.8557283870178815,
            0.8505718734934246,
            0.7945896707156838,
            0.7534308036718299,
            0.7212213913110709,
            0.6951063401483413
        ],
        "y_sigma": 0.046500664,
        "y_chi2": 0.0021687837,
        "y_quality": 0.82682294
    }
}