{
    "x": {
        "x_gains": [
            0.8627296230380558,
            0.8282932380045124,
            0.8128641936411586,
            0.7953987138880035,
            0.7864937009719489,
            0.7728859848642646,
            0.7718145073496423,
            0.7724322036254877,
            0.736022726026507,
            0.7142525525600598,
            0.7010526937143545,
            0.6951789686116268,
            0.6591771833991763,
            0.6550781593404253,
            0.6554336266945008,
            0.6684449083749195,
            0.6524239048640681,
            0.648807083831455,
            0.6384675145174744,
            0.6273772893938355,
            0.5974341993440769,
            0.560586350899587,
            0.5407167849845111,
            0.5349132817309623
        ],
        "x_sigma": 0.050921064,
        "x_chi2": 0.0026013253,
        "x_quality": 0.8385417
    },
    "y": {
        "y_gains": [
            0.7111004920104304,
            0.6907166371604031,
            0.6699267086782171,
            0.656958311921967,
            0.6659622561895531,
            0.669691394820513,
            0.6646916462218595,
            0.6728706235317121,
            0.6444717055975911,
            0.6118145176610356,
            0.6086873687327646,
            0.5889610326889865,
            0.5565779273661352,
            0.5513709259133363,
            0.5558076452008566,
            0.5595615499519196,
            0.5614569673553198,
            0.5541409875424119,
            0.5402818185605066,
            0.5323967409865897,
            0.5011506418737421,
            0.4629353582990052,
            0.4609082298068154,
            0.4560735081037421
        ],
        "y_sigma": 0.04400049,
        "y_chi2": 0.0019435481,
        "y_quality": 0.83463544
    }
}