{
    "x": {
        "x_gains": [
            1.2421553233249565,
            1.1793693949584978,
            1.1525107972109654,
            1.1443383744490296,
            1.1137875425759212,
            1.1056655852520132,
            1.093544652818163,
            1.0785831291952974,
            1.0641625078309058,
            1.0644972496584562,
            1.0281071119001035,
            0.9844155210038833,
            0.9733373694389587,
            0.9649338224261234,
            0.9486947762399014,
            0.9460208094305408,
            0.9444837192257689,
            0.9218820221482157,
            0.9195941794102496,
            0.8908554225389629,
            0.8537443691290133,
            0.8387468149638135,
            0.7997077547980865,
            0.7774062121597527
        ],
        "x_sigma": 0.03224974,
        "x_chi2": 0.0010431712,
        "x_quality": 0.83203125
    },
    "y": {
        "y_gains": [
            1.6595418111270153,
            1.5882556247239117,
            1.5780356624697862,
            1.5890043441789767,
            1.6039754724561885,
            1.6330024837641177,
            1.6114406355019097,
            1.5947552454968619,
            1.5500379371785125,
            1.533447871666361,
            1.4691773928859493,
            1.4008496152916743,
            1.3983135220273533,
            1.4074254641548438,
            1.4013136755182514,
            1.3648699268723166,
            1.359622264304042,
            1.3187141908930837,
            1.300454632437227,
            1.2779056741273824,
            1.248529700211788,
            1.208949324749213,
            1.1565017487462943,
            1.1162068433971846
        ],
        "y_sigma": 0.037800465,
        "y_chi2": 0.0014332508,
        "y_quality": 0.8385417
    }
}