{
    "x": {
        "x_gains": [
            0.7403311456794756,
            0.7236057564285135,
            0.7167331532230702,
            0.6756260536810573,
            0.6732369204204337,
            0.6621428624872959,
            0.6553841842426505,
            0.637308863901991,
            0.6273465899195942,
            0.6184002776369887,
            0.6075233750693791,
            0.5871358649418416,
            0.5692772240038702,
            0.5558780574752341,
            0.546814811922772,
            0.5366872421821575,
            0.565749737209247,
            0.548352849485423,
            0.5473818670560523,
            0.5228434212050129,
            0.5149673456631279,
            0.4903899266847444,
            0.45862490220397245,
            0.45490561572794314
        ],
        "x_sigma": 0.04003127,
        "x_chi2": 0.0016079852,
        "x_quality": 0.82682294
    },
    "y": {
        "y_gains": [
            0.9447698861779033,
            0.8733721325992001,
            0.8548685404530204,
            0.8741797462168779,
            0.9427494647068538,
            0.9007012048950229,
            0.8573545502292309,
            0.8229509837226878,
            0.8372576997148468,
            0.8593223933572317,
            0.8447046059545931,
            0.7645276304872825,
            0.7365058322055588,
            0.7418386069279862,
            0.7443422545233678,
            0.7232683978143986,
            0.7450958536011825,
            0.7102658631665711,
            0.7051314460208128,
            0.7016387263601249,
            0.708468027865181,
            0.6514402072674278,
            0.6063812898870032,
            0.6059309735553545
        ],
        "y_sigma": 0.0505756,
        "y_chi2": 0.0025664265,
        "y_quality": 0.8385417
    }
}