{
    "x": {
        "x_gains": [
            1.885081296958553,
            1.8716215826716591,
            1.8620881642883145,
            1.8646961552202914,
            1.8796619375374803,
            1.8357099443913893,
            1.8015453656146243,
            1.7778760745705227,
            1.7640427060626795,
            1.681047749993234,
            1.6261853569976912,
            1.6276183129586446,
            1.6059971789053555,
            1.6092838944155274,
            1.6022558223813541,
            1.6144489304598726,
            1.6055798395046337,
            1.5353938216059697,
            1.4749397413368677,
            1.4345308797117167,
            1.4048284233877522,
            1.3233022260709144,
            1.2887868456104243,
            1.2690668409383095
        ],
        "x_sigma": 0.038594,
        "x_chi2": 0.0014963399,
        "x_quality": 0.83463544
    },
    "y": {
        "y_gains": [
            1.1777676568277136,
            1.170577953901376,
            1.171436635598371,
            1.1878300162982156,
            1.2190237976972471,
            1.221809584543933,
            1.1993839004780025,
            1.176397651580896,
            1.1236243411010682,
            1.0583389782488586,
            1.0260498670495886,
            1.0161484792093227,
            1.0300099581362754,
            1.0450817980297908,
            1.0331161241119593,
            1.0243808795621059,
            1.0097691122534067,
            0.9482657499592009,
            0.9042816924282956,
            0.8783243258245972,
            0.8780389036209184,
            0.8367155467521924,
            0.8095417119605255,
            0.7949336651704425
        ],
        "y_sigma": 0.038016945,
        "y_chi2": 0.0014503421,
        "y_quality": 0.83984375
    }
}