{
    "x": {
        "x_gains": [
            0.30748898651322554,
            0.29563228428709976,
            0.29101740441227786,
            0.28702825184639535,
            0.28398776989629676,
            0.27715203008318995,
            0.27273133146536005,
            0.26567443287940024,
            0.25556257500761576,
            0.24392000721417811,
            0.2346675662882488,
            0.23309199609636175,
            0.2277351019909377,
            0.22821530836338358,
            0.22950992745191195,
            0.22550586320881988,
            0.21918612422075495,
            0.215810930288408,
            0.20435797468168182,
            0.19927849229081188,
            0.1962442385144625,
            0.18652483069840584,
            0.1797671594629801,
            0.17658380442213523
        ],
        "x_sigma": 0.033866115,
        "x_chi2": 0.001151237,
        "x_quality": 0.84244794
    },
    "y": {
        "y_gains": [
            0.3693277308286314,
            0.3606237781615616,
            0.3556405299328408,
            0.34960941112175364,
            0.3457051766791989,
            0.342023839882497,
            0.337008693981783,
            0.3283382361893222,
            0.3148496342690906,
            0.3051467919322728,
            0.294994248497137,
            0.2912074058935603,
            0.2796668965901446,
            0.27791623410162813,
            0.2730786852746852,
            0.2672957382768433,
            0.2606759849642092,
            0.25598701797676515,
            0.2461610991959566,
            0.23865666653866713,
            0.24107722561771455,
            0.22352995691482436,
            0.21361055996619827,
            0.20756383366249498
        ],
        "y_sigma": 0.036347266,
        "y_chi2": 0.0013295829,
        "y_quality": 0.8385417
    }
}