{
    "x": {
        "x_gains": [
            0.4057147354780496,
            0.39616909241662235,
            0.39279917411616844,
            0.3842719784838434,
            0.3825011389927666,
            0.37965507425331907,
            0.3647925437571392,
            0.34944135683885563,
            0.339789653894336,
            0.3316241205079606,
            0.3279903056561338,
            0.3240281310854508,
            0.31879091023826656,
            0.3203840815631232,
            0.32189697751613994,
            0.31749471776100696,
            0.3134546260636769,
            0.30680869864022386,
            0.2984130661712771,
            0.2883838301110093,
            0.2823398007499792,
            0.27193300832444045,
            0.25992748179214487,
            0.2501015912663724
        ],
        "x_sigma": 0.03076635,
        "x_chi2": 0.0009497333,
        "x_quality": 0.84375
    },
    "y": {
        "y_gains": [
            0.40079320180983785,
            0.3987175648244985,
            0.3979949016853094,
            0.3866913221053641,
            0.37965328695083816,
            0.37571435039082746,
            0.36643067065753643,
            0.35227380410969666,
            0.3443246821986481,
            0.3353563369000492,
            0.33187884112422233,
            0.3224613864582018,
            0.31322480219227294,
            0.3139411271227365,
            0.312679282483594,
            0.3106957895500827,
            0.30614872466248094,
            0.29740648164712036,
            0.2912886516737679,
            0.2806742187678711,
            0.2809115805518171,
            0.26703769952789874,
            0.25709769609612576,
            0.24668841767783015
        ],
        "y_sigma": 0.032887455,
        "y_chi2": 0.0010880786,
        "y_quality": 0.8359375
    }
}