{
    "x": {
        "x_gains": [
            0.28434918216056926,
            0.2767718198461226,
            0.26970858392070246,
            0.265863475383302,
            0.26464952212368115,
            0.2606583594152432,
            0.25320496078146343,
            0.24164451269774254,
            0.23468592217720943,
            0.2246133309584217,
            0.2228030301122974,
            0.21745169446514764,
            0.2126981655634013,
            0.21120831856635172,
            0.20885656253426552,
            0.21182350060999874,
            0.21086519613636764,
            0.20445237156266238,
            0.19547563816442903,
            0.18961900422338407,
            0.18627540337798892,
            0.17463539621977237,
            0.16443305193795535,
            0.15790150167486122
        ],
        "x_sigma": 0.040306754,
        "x_chi2": 0.0016299644,
        "x_quality": 0.83723956
    },
    "y": {
        "y_gains": [
            0.33647522684318604,
            0.3332853069206061,
            0.325368465145196,
            0.3216406969143367,
            0.32065094707463726,
            0.3126169382734729,
            0.30080983421948904,
            0.2831286256743982,
            0.2711205629764266,
            0.25893383217799215,
            0.25412823697112485,
            0.24840869390683284,
            0.2444193561554204,
            0.24199528012405647,
            0.2390017032695385,
            0.24081866787782402,
            0.23713921136462163,
            0.2263371523653726,
            0.2165830915832865,
            0.21125457033418824,
            0.20966360522859098,
            0.19942875627053866,
            0.18765594326170013,
            0.1812958191189857
        ],
        "y_sigma": 0.042038254,
        "y_chi2": 0.0017799595,
        "y_quality": 0.84375
    }
}