{
    "x": {
        "x_gains": [
            1.2043590958510142,
            1.1705385741622807,
            1.1685128097924644,
            1.1465524880779465,
            1.1477626146858753,
            1.1375314157738752,
            1.1027715847963528,
            1.0845939930846287,
            1.0619394220904426,
            1.0349972950345694,
            1.011263247801362,
            1.012405777419107,
            1.0056485670976165,
            1.0080744037943035,
            0.998165571313041,
            0.9938236839513477,
            0.9938886779084091,
            0.9605045338215258,
            0.9129783709946041,
            0.8790008713535638,
            0.8808440035839782,
            0.8639314079930761,
            0.8258408236407836,
            0.7963749648699094
        ],
        "x_sigma": 0.034101054,
        "x_chi2": 0.0011664303,
        "x_quality": 0.8333333
    },
    "y": {
        "y_gains": [
            1.4703049853631138,
            1.4299249546785286,
            1.428591020676855,
            1.4177605989301296,
            1.4253023957195319,
            1.4281058660590933,
            1.4073759447362872,
            1.3700786603261255,
            1.3420466157207878,
            1.3066922307934699,
            1.2594308543808892,
            1.2381816183618173,
            1.241756136231079,
            1.225754724763518,
            1.2070207083714852,
            1.2047037997177041,
            1.166064491528833,
            1.1539110835352004,
            1.1080824754651148,
            1.0680740978114274,
            1.0550308301109175,
            1.030548975500347,
            0.966327543678488,
            0.9284497618619206
        ],
        "y_sigma": 0.03206401,
        "y_chi2": 0.0010313285,
        "y_quality": 0.8307292
    }
}