{
    "x": {
        "x_gains": [
            0.25759868463929253,
            0.2543900925031062,
            0.24906840942821565,
            0.2474373531923254,
            0.2445699659032782,
            0.23931605768148784,
            0.23537392325256634,
            0.2319084184379252,
            0.22721382208935062,
            0.22090994352105928,
            0.21467028383232653,
            0.21244920923642482,
            0.20987245924728068,
            0.2076973769462101,
            0.2046708340377421,
            0.20012124545777304,
            0.1965925401387904,
            0.19217461138930522,
            0.18575491615245993,
            0.1807222394420396,
            0.1777139460877021,
            0.16203080335196363,
            0.15690162716715272,
            0.15085302103539783
        ],
        "x_sigma": 0.03487494,
        "x_chi2": 0.0012224847,
        "x_quality": 0.8359375
    },
    "y": {
        "y_gains": [
            0.28125041572327075,
            0.27682768210382397,
            0.2770541738432933,
            0.27700323057787696,
            0.2763978614544663,
            0.272940275318131,
            0.27171805013496914,
            0.26619267334480196,
            0.25763375249486087,
            0.25010955423749487,
            0.24486329453670322,
            0.24200388900249628,
            0.2357442504924108,
            0.23382284926235908,
            0.23352798669450942,
            0.22832098002670898,
            0.22374024509311913,
            0.21897813415739187,
            0.21026501171281248,
            0.2009783101594958,
            0.19730694176726327,
            0.18917168416183155,
            0.17635984462697687,
            0.17024084483040694
        ],
        "y_sigma": 0.033611655,
        "y_chi2": 0.0011337972,
        "y_quality": 0.85026044
    }
}