{
    "x": {
        "x_gains": [
            0.346949890651803,
            0.34164615366219053,
            0.3353182047371811,
            0.3294092456940035,
            0.3226952436108681,
            0.31435945582869274,
            0.30326766051926946,
            0.29302028608742614,
            0.2832428061000757,
            0.27416274399181945,
            0.26339304234109007,
            0.2615515552117024,
            0.25960267032498746,
            0.2554543201438351,
            0.2541467020665914,
            0.25238291748242087,
            0.24658759753155948,
            0.2393178904051379,
            0.23336680980219945,
            0.22880909192146714,
            0.22241689631767253,
            0.21157810395128457,
            0.20220263372974484,
            0.19513485867650565
        ],
        "x_sigma": 0.02971979,
        "x_chi2": 0.0008872736,
        "x_quality": 0.8333333
    },
    "y": {
        "y_gains": [
            0.30789371755185085,
            0.3050148404970644,
            0.3025247566596741,
            0.3000506545515014,
            0.29660788837577373,
            0.291185978067348,
            0.28178075518594936,
            0.2752348902719687,
            0.2675022724318043,
            0.25539426528011755,
            0.24730046809032602,
            0.24428292457471568,
            0.2421670052928263,
            0.2399717601232687,
            0.23652345526235713,
            0.23361158653664654,
            0.23128114489717472,
            0.2224175789957735,
            0.21633535267962703,
            0.21471896808468793,
            0.2095021370265487,
            0.19657060176177973,
            0.188613006530367,
            0.18026971088848523
        ],
        "y_sigma": 0.029752381,
        "y_chi2": 0.0008879228,
        "y_quality": 0.83463544
    }
}