{
    "x": {
        "x_gains": [
            0.2911411907837742,
            0.2833318373412322,
            0.2760440981550979,
            0.27256974228367326,
            0.26640502141496764,
            0.2612865740454535,
            0.2540754528380444,
            0.24264400436370978,
            0.2348694846714545,
            0.2252551577799753,
            0.22422359217854299,
            0.2199020745275838,
            0.21903807545436765,
            0.21727062468563657,
            0.21269156065410313,
            0.20812440244882502,
            0.20623445520683534,
            0.1979004072928912,
            0.19204488626717744,
            0.1870939943389099,
            0.18301918699948827,
            0.17621218964385807,
            0.1697910310468673,
            0.1635694063511743
        ],
        "x_sigma": 0.035912376,
        "x_chi2": 0.0012943621,
        "x_quality": 0.8385417
    },
    "y": {
        "y_gains": [
            0.35312330500813593,
            0.3463836610549973,
            0.34161526011764476,
            0.3384252915508505,
            0.3319788595862216,
            0.3268998569747746,
            0.318225250142549,
            0.30620223340847025,
            0.2972215315124076,
            0.28692198955494924,
            0.2841286529994723,
            0.2766280042147043,
            0.2715157939379755,
            0.2666965793550071,
            0.25920362744071646,
            0.25375414025255233,
            0.25153333463124533,
            0.2394492093506832,
            0.2315915732534336,
            0.2276038909340363,
            0.2241623523633123,
            0.21193717037809273,
            0.20251902889047357,
            0.1946108859452349
        ],
        "y_sigma": 0.037736416,
        "y_chi2": 0.0014343973,
        "y_quality": 0.84375
    }
}