{
    "x": {
        "x_gains": [
            0.06338035109608871,
            0.07285422452506331,
            0.08326809278263814,
            0.09138029756714579,
            0.10066553001861205,
            0.1124333143958154,
            0.12168681780088313,
            0.13030393196675347,
            0.1372689192706798,
            0.1451535339732572,
            0.1535502601325667,
            0.1630489209047402,
            0.17228247227415106,
            0.17834176259729523,
            0.18397187025950484,
            0.19306697645936288,
            0.19719673016269915,
            0.207786422154687,
            0.20996506811161827,
            0.2228107197980515,
            0.22787680797459448,
            0.2355384125464717,
            0.21892357903272558,
            0.25245399802182095
        ],
        "x_sigma": 0.08568366,
        "x_chi2": 0.0073711714,
        "x_quality": 0.8619792
    },
    "y": {
        "y_gains": [
            0.0731400164682061,
            0.08322060409004303,
            0.0908827514353113,
            0.09990152706477225,
            0.11444415731676975,
            0.12268882623170532,
            0.13330881339892217,
            0.13858446501407462,
            0.14320659354089288,
            0.15204721771609175,
            0.15929887340810048,
            0.17140958120594044,
            0.17580018972356476,
            0.18383305899313163,
            0.1873481016719413,
            0.1992515434572498,
            0.20284725741481271,
            0.22140257512892328,
            0.22555774509471113,
            0.23665231819996188,
            0.23819495671247323,
            0.24774232419956935,
            0.25129122225185785,
            0.2600217180539787
        ],
        "y_sigma": 0.058255978,
        "y_chi2": 0.0034052397,
        "y_quality": 0.8567708
    }
}