{
    "x": {
        "x_gains": [
            0.06925829354213509,
            0.08072068721072732,
            0.0879977803439886,
            0.10431398844326185,
            0.11471899810851317,
            0.12603041363421214,
            0.13599322111870824,
            0.14836799654836694,
            0.1593090397349722,
            0.1657141500180703,
            0.16938981975652753,
            0.17833222455272718,
            0.18459424431454344,
            0.19470511132070037,
            0.19579366292664224,
            0.20860102059300933,
            0.22141576205227434,
            0.22489874215258007,
            0.22922544675695736,
            0.23558172135558905,
            0.2480703845140574,
            0.2628014667895947,
            0.27622827526766386,
            0.282408412833655
        ],
        "x_sigma": 0.06981589,
        "x_chi2": 0.004889015,
        "x_quality": 0.85807294
    },
    "y": {
        "y_gains": [
            0.0755522054028742,
            0.08438380624127946,
            0.08962915801427855,
            0.10671032968796619,
            0.11812149031521901,
            0.127222539600051,
            0.13855737113437058,
            0.1479710213551778,
            0.15937772306800968,
            0.16612728735885804,
            0.1702704405407108,
            0.17585851577452644,
            0.18662403924778195,
            0.19325319844672353,
            0.19691449557112717,
            0.206230440202793,
            0.21368356925067797,
            0.2241154700275142,
            0.23416922379459051,
            0.24316954972537647,
            0.2557052311920492,
            0.2671445776302641,
            0.2707961270737906,
            0.2832576166840096
        ],
        "y_sigma": 0.06991196,
        "y_chi2": 0.004904205,
        "y_quality": 0.8619792
    }
}