{
    "x": {
        "x_gains": [
            0.30773097764039026,
            0.37327342842274847,
            0.4525774421101405,
            0.5535757533820019,
            0.6252097969624932,
            0.6976055665575704,
            0.7580848804898138,
            0.7862444953057273,
            0.8759977833752088,
            0.9233131207780354,
            0.9669290912220243,
            1.0381343819902453,
            1.0947968858371206,
            1.0979405818711785,
            1.1551691335110985,
            1.1730814868150918,
            1.2397124630748544,
            1.2629191099678607,
            1.2874040108351013,
            1.29052500157315,
            1.34121761851361,
            1.3622298613045667,
            1.448212919739171,
            1.4274033028827766
        ],
        "x_sigma": 0.08399745,
        "x_chi2": 0.007080596,
        "x_quality": 0.84765625
    },
    "y": {
        "y_gains": [
            0.3119406708808187,
            0.3772955035732902,
            0.4507140166380178,
            0.5367883896965616,
            0.615624841668986,
            0.689034898446247,
            0.7622803555854911,
            0.8053212406295841,
            0.8918714656248656,
            0.9364899663060274,
            0.9812002040896424,
            1.0759897303236179,
            1.1185153096223748,
            1.1407794249935532,
            1.193011439202115,
            1.1909960460717766,
            1.2332645385486676,
            1.2917462683775451,
            1.3299077569330253,
            1.3358689907937251,
            1.3549230934135332,
            1.3894071184467482,
            1.4369741141758705,
            1.4350657159643312
        ],
        "y_sigma": 0.10292457,
        "y_chi2": 0.0106521025,
        "y_quality": 0.8671875
    }
}