{
    "x": {
        "x_gains": [
            0.06980879301783621,
            0.0796719935892727,
            0.08435558239937645,
            0.10241539540996729,
            0.11576563571193897,
            0.11971907201437396,
            0.12970726134713495,
            0.1397096910856667,
            0.15034407142810752,
            0.16064780907714743,
            0.16561918878495752,
            0.17141978004270922,
            0.17875960497702492,
            0.1875576646039825,
            0.1961830430952348,
            0.1981774806172515,
            0.20923122735058888,
            0.21788189385120954,
            0.2305533973195862,
            0.22975009645483427,
            0.24549458517503372,
            0.25640030939312536,
            0.26599898792705073,
            0.2706885059596947
        ],
        "x_sigma": 0.089521155,
        "x_chi2": 0.0080380365,
        "x_quality": 0.86588544
    },
    "y": {
        "y_gains": [
            0.07049385811687078,
            0.08097792177451779,
            0.08792977435813024,
            0.10299101351911538,
            0.11288682080233178,
            0.12213008050448516,
            0.13458018646165584,
            0.14293189623887578,
            0.1509226042172273,
            0.15809970728787795,
            0.16484064442801533,
            0.17152549803714798,
            0.18200375946965558,
            0.18934854953425276,
            0.19463390433081845,
            0.19742596032922752,
            0.2057461610852534,
            0.22385217948190173,
            0.23466460912737383,
            0.23449803818941253,
            0.24223843820158308,
            0.2537550352928847,
            0.25715187582650223,
            0.26599895962486914
        ],
        "y_sigma": 0.05498105,
        "y_chi2": 0.003032825,
        "y_quality": 0.8385417
    }
}