{
    "x": {
        "x_gains": [
            0.0666401216848622,
            0.07423260742998622,
            0.08977499602970081,
            0.09924494446252909,
            0.11123122847884288,
            0.12236102448970253,
            0.1356531652427832,
            0.13829238772317626,
            0.14935944885287986,
            0.15879737791228835,
            0.16556665286282293,
            0.17014543180783775,
            0.17805352491940096,
            0.18483413723860756,
            0.1935986378090086,
            0.20248813368914548,
            0.21199418135330556,
            0.21146978265981617,
            0.21613476261810954,
            0.22827217548907427,
            0.23399446832396995,
            0.25195703215478166,
            0.2630808120589088,
            0.26789326060924284
        ],
        "x_sigma": 0.09546291,
        "x_chi2": 0.009140874,
        "x_quality": 0.86588544
    },
    "y": {
        "y_gains": [
            0.07413816789314673,
            0.08357383794548094,
            0.09432261787521137,
            0.10337209063127373,
            0.11830946656746025,
            0.12663248265008353,
            0.13486107556023313,
            0.14028305501198599,
            0.1506080687821026,
            0.1600912263844429,
            0.16267595437915536,
            0.1669018592032606,
            0.17363531756250045,
            0.18268129113217696,
            0.19229413926883807,
            0.1992961656613504,
            0.209143358632778,
            0.21537327084608118,
            0.2231659463762581,
            0.23821884531657103,
            0.23732962402952948,
            0.252204462460362,
            0.2560887337218797,
            0.26480937141299155
        ],
        "y_sigma": 0.07017855,
        "y_chi2": 0.0049397573,
        "y_quality": 0.86588544
    }
}