{
    "x": {
        "x_gains": [
            0.06801571299001495,
            0.07244202500959494,
            0.0865875383561148,
            0.09720999536502742,
            0.10481702354242757,
            0.11804024393252491,
            0.12699167391789123,
            0.13915404111615065,
            0.1427442525454155,
            0.15348485050805788,
            0.15932703574105322,
            0.17085977338492364,
            0.17601901765792863,
            0.1839464523047911,
            0.18560765915202504,
            0.19031913187831184,
            0.2030259598128385,
            0.21258444651407216,
            0.21551210903274826,
            0.22756674350533615,
            0.2333542574317497,
            0.24355463113042228,
            0.23893892004386916,
            0.26289349306531656
        ],
        "x_sigma": 0.13227399,
        "x_chi2": 0.017559621,
        "x_quality": 0.8697917
    },
    "y": {
        "y_gains": [
            0.07249241312527334,
            0.07925173052097471,
            0.09194738586685926,
            0.10109106576368083,
            0.10884792095028589,
            0.12307825610911231,
            0.1340070852226099,
            0.14438115400304619,
            0.14984461113824962,
            0.16174201585608738,
            0.16326938452503384,
            0.16974009396811604,
            0.17522379670927607,
            0.18701790174629274,
            0.18729360829658243,
            0.19282386696695772,
            0.20089543111556832,
            0.2206193491111467,
            0.22620309509170952,
            0.23198535151696384,
            0.23383604263177135,
            0.24166781922077452,
            0.2538799198754973,
            0.2550323428191678
        ],
        "y_sigma": 0.058991127,
        "y_chi2": 0.0034903567,
        "y_quality": 0.85026044
    }
}