{
    "x": {
        "x_gains": [
            0.20971643946616764,
            0.2139914775326175,
            0.22553253870702195,
            0.24559181118312134,
            0.24725189409785994,
            0.25199272698591374,
            0.26172943745575955,
            0.26008428031103475,
            0.25543486201562016,
            0.26032061920487254,
            0.2694783389807909,
            0.2632521944439677,
            0.27024834363438943,
            0.27625272461155964,
            0.2738984925613004,
            0.27700385977178205,
            0.27941888249100366,
            0.26415318221904627,
            0.25995707068934637,
            0.2737686638364462,
            0.2711251204473348,
            0.2734051933316473,
            0.2872176155388866,
            0.2746207226929923
        ],
        "x_sigma": 0.10389951,
        "x_chi2": 0.010830608,
        "x_quality": 0.8697917
    },
    "y": {
        "y_gains": [
            0.12068195441528808,
            0.12290080810968357,
            0.12659336741901947,
            0.13253880736279583,
            0.13799693039628025,
            0.1409782790113244,
            0.14653616351325727,
            0.1441861831196535,
            0.1450909906953583,
            0.1438891218054079,
            0.1454163670483604,
            0.14390781380573855,
            0.14627665215456,
            0.15042279259102162,
            0.14775348872951902,
            0.14948119710402302,
            0.14856081708449395,
            0.14986475455225431,
            0.14980546262623357,
            0.1553500933195778,
            0.14922071792982278,
            0.14985114536475194,
            0.1526070480069573,
            0.14911685542375283
        ],
        "y_sigma": 0.051594097,
        "y_chi2": 0.0026699603,
        "y_quality": 0.8307292
    }
}