{
    "x": {
        "x_gains": [
            0.35487059537278554,
            0.41894334444817954,
            0.5112184329007914,
            0.5873295628341612,
            0.6801903934534123,
            0.7502409023537459,
            0.8244453997018476,
            0.9047946971068557,
            0.9380746000073357,
            1.005563683303349,
            1.03174380612725,
            1.0967177267366566,
            1.1384481608199195,
            1.1390206609235727,
            1.2357471243701013,
            1.2512337164444143,
            1.2858525093482442,
            1.291466236487873,
            1.3342899302606681,
            1.3021549688117608,
            1.3258254489808448,
            1.3447842609677578,
            1.3460174842287131,
            1.4007807391527742
        ],
        "x_sigma": 0.107073784,
        "x_chi2": 0.011524189,
        "x_quality": 0.86328125
    },
    "y": {
        "y_gains": [
            0.38488791486587237,
            0.45269389535944393,
            0.559532682779604,
            0.6448686447711407,
            0.7473503068545625,
            0.8237231611430674,
            0.9149834022010841,
            0.9955665430703989,
            1.017844441612575,
            1.085751172714413,
            1.1344906181369698,
            1.2079830283216453,
            1.2722612318720268,
            1.2852235763366384,
            1.385326540929535,
            1.4043714995162642,
            1.4033348568872097,
            1.457408122077168,
            1.5361610781638695,
            1.512003798153541,
            1.5363222687915643,
            1.5498192097146388,
            1.563217614586196,
            1.6191539434899083
        ],
        "y_sigma": 0.14464954,
        "y_chi2": 0.021056188,
        "y_quality": 0.87109375
    }
}