{
    "x": {
        "x_gains": [
            0.05625963551745052,
            0.0587499951531254,
            0.06819489610302994,
            0.07138284052166866,
            0.07352397315316235,
            0.08358587412101094,
            0.09186270934363176,
            0.09777446735158984,
            0.10207265674608905,
            0.11122960771986869,
            0.12404405449404166,
            0.12929278552979967,
            0.13679382870509882,
            0.1449013594862899,
            0.15891915649017252,
            0.1719346438593069,
            0.18157813552302038,
            0.1882511621403118,
            0.1892758212441289,
            0.19905223269922592,
            0.1909866997435259,
            0.19110894673858633,
            0.19708386825179908,
            0.21742726019931166
        ],
        "x_sigma": 0.14739247,
        "x_chi2": 0.021789752,
        "x_quality": 0.8697917
    },
    "y": {
        "y_gains": [
            0.06973412678682368,
            0.07749786667747503,
            0.09098185157712035,
            0.0964501707553823,
            0.10726650093992271,
            0.12169385185623283,
            0.13224216968987254,
            0.13869344670690442,
            0.14273591927998294,
            0.1467413529282736,
            0.1586687312641979,
            0.16010349089651552,
            0.16440632628967308,
            0.17655621280567507,
            0.18298095257944316,
            0.1913567742575233,
            0.20307607453135626,
            0.20853820909012633,
            0.2155008605272612,
            0.22100492708384442,
            0.22065473998376423,
            0.2320041675372623,
            0.2501397155381138,
            0.2577946998801796
        ],
        "y_sigma": 0.06337103,
        "y_chi2": 0.004031356,
        "y_quality": 0.8489583
    }
}