{
    "x": {
        "x_gains": [
            0.05781538552975717,
            0.06466556071313698,
            0.07427223790645575,
            0.08484165535232491,
            0.09444541041111426,
            0.10075138366912763,
            0.11034547291697264,
            0.12284920223570807,
            0.12643658832107763,
            0.1331424904380059,
            0.14240921501548523,
            0.14683944971035184,
            0.1545761647542014,
            0.1574405581204809,
            0.16362863649713502,
            0.17062779083080376,
            0.18388437350593945,
            0.19477492880489414,
            0.20011618745843837,
            0.19905758178479804,
            0.2085343343648693,
            0.21204410517387615,
            0.23274585177068388,
            0.23583596881993787
        ],
        "x_sigma": 0.108394995,
        "x_chi2": 0.011784747,
        "x_quality": 0.8671875
    },
    "y": {
        "y_gains": [
            0.06316384809574578,
            0.06994969497736009,
            0.07984113530262026,
            0.09223450919112272,
            0.10008711582561461,
            0.10466926448803175,
            0.11641310727770511,
            0.12551969862218282,
            0.12870194576620986,
            0.13594263438337237,
            0.14169355538035935,
            0.15023001793160518,
            0.15705474359823662,
            0.1621349226187572,
            0.1689401591487254,
            0.17047002335780262,
            0.18064445269788879,
            0.19587332127994206,
            0.20320639368597093,
            0.20543299183590802,
            0.2120897341484875,
            0.21866536283799654,
            0.24322890851465118,
            0.24487115528717351
        ],
        "y_sigma": 0.048168696,
        "y_chi2": 0.002327725,
        "y_quality": 0.84505206
    }
}