{
    "x": {
        "x_gains": [
            0.2515930367903491,
            0.26018269196044846,
            0.26650483782234524,
            0.27484366892111767,
            0.3061727112916251,
            0.3016167077800401,
            0.3014664594747984,
            0.3048282632620032,
            0.28428908766002847,
            0.2833641846089326,
            0.34011704720038943,
            0.33194499551924045,
            0.33676369816651025,
            0.32303463386753895,
            0.3415100632428826,
            0.36394586319842753,
            0.35173183964545435,
            0.3378568879441209,
            0.35031938618438435,
            0.36412243398369243,
            0.3719888802108016,
            0.3827801012529924,
            0.397744834517665,
            0.3904104877374798
        ],
        "x_sigma": 0.062515825,
        "x_chi2": 0.003930444,
        "x_quality": 0.84765625
    },
    "y": {
        "y_gains": [
            0.28341069925836804,
            0.28785305861289884,
            0.2926828811421844,
            0.30041240915941814,
            0.30705445638418877,
            0.3156333116114488,
            0.32336809863761784,
            0.33521475969358955,
            0.34008789843805454,
            0.34184013914261024,
            0.3538791685948658,
            0.3505045881576347,
            0.37313728004117047,
            0.3676265014739433,
            0.37940818242309643,
            0.3851774919067468,
            0.3897908627798567,
            0.3968786132076995,
            0.4084226553680624,
            0.42112965840994243,
            0.42108775473019455,
            0.41790525076634416,
            0.4235368401026027,
            0.42977042050929776
        ],
        "y_sigma": 0.033755526,
        "y_chi2": 0.0011495764,
        "y_quality": 0.83984375
    }
}