{
    "x": {
        "x_gains": [
            0.24641994937055722,
            0.2504749192324837,
            0.24693095686980443,
            0.2498762050810977,
            0.2501261135864703,
            0.246915573861547,
            0.24946776053290304,
            0.2504388314423949,
            0.25347570320053375,
            0.248219090083424,
            0.2537139729646957,
            0.26409046070131914,
            0.2630727422439579,
            0.25949951832996904,
            0.2610395246470256,
            0.2654869841023739,
            0.2688939113491193,
            0.2729276413145636,
            0.27764874823450103,
            0.27729791373805407,
            0.28111484525330555,
            0.2829411391889322,
            0.2924144703756947,
            0.2866396157217587
        ],
        "x_sigma": 0.026863564,
        "x_chi2": 0.0007238256,
        "x_quality": 0.8385417
    },
    "y": {
        "y_gains": [
            0.24979881827673034,
            0.2515629923166373,
            0.24798331290529466,
            0.24753694550795943,
            0.25103220047772934,
            0.24844893330934972,
            0.2481626410302085,
            0.2504087484603305,
            0.25482697719678243,
            0.2503000346515368,
            0.2513556868972805,
            0.2617948940675759,
            0.25885779000161785,
            0.25809968429246616,
            0.26515540108426816,
            0.26872858888172546,
            0.27328005866120425,
            0.2774866480362131,
            0.2816094260307081,
            0.2806138090336039,
            0.2856646045586301,
            0.2856795307588008,
            0.29132213696906467,
            0.2892129359161976
        ],
        "y_sigma": 0.026806694,
        "y_chi2": 0.00072081573,
        "y_quality": 0.83203125
    }
}