{
    "x": {
        "x_gains": [
            0.29072440585161946,
            0.29429399840951753,
            0.3039411778991118,
            0.3183971327956115,
            0.3238400172023817,
            0.3334231908832764,
            0.334538374010356,
            0.3442793510196521,
            0.34434761313041523,
            0.3502311700838138,
            0.3476850900707779,
            0.3626352924281932,
            0.36491190990003824,
            0.36693369654876845,
            0.3726345392345975,
            0.38248282221835067,
            0.384043868255748,
            0.39600155644451746,
            0.3954160211500121,
            0.3980992829356096,
            0.4165480199056636,
            0.41785787500383387,
            0.4165314674945091,
            0.42014308813152496
        ],
        "x_sigma": 0.039234556,
        "x_chi2": 0.0015585435,
        "x_quality": 0.84505206
    },
    "y": {
        "y_gains": [
            0.28611668021333775,
            0.2914831282424037,
            0.314978090124051,
            0.32412192857603805,
            0.3308751515408194,
            0.3313144137341752,
            0.33102944563193903,
            0.3385099974696378,
            0.34296183832758365,
            0.35758713361443495,
            0.35102082824206876,
            0.3555526479250125,
            0.3565589663669337,
            0.35794888132025865,
            0.3639670309928118,
            0.38513349285305853,
            0.39580563188667167,
            0.40557200780937014,
            0.4013532024574054,
            0.3909587810593294,
            0.4016756300583514,
            0.4058191874233712,
            0.40994409592363884,
            0.41065446289209234
        ],
        "y_sigma": 0.037710708,
        "y_chi2": 0.001443834,
        "y_quality": 0.8307292
    }
}