{
    "x": {
        "x_gains": [
            0.26420416408484154,
            0.26035540856467754,
            0.2615461851984998,
            0.2616482120949712,
            0.26545058444918807,
            0.2671366348055474,
            0.27308682877646995,
            0.2620572405341125,
            0.265359378993244,
            0.27340330963455217,
            0.27724635043301027,
            0.2810018604290173,
            0.2867605520714149,
            0.283626390301112,
            0.2889252356835379,
            0.2859056791446388,
            0.28814955284520166,
            0.2910757683032227,
            0.3006570800352755,
            0.3070448775871947,
            0.3095896349142559,
            0.30759507925387153,
            0.31546552379816706,
            0.31742343588014854
        ],
        "x_sigma": 0.030128593,
        "x_chi2": 0.0009105161,
        "x_quality": 0.8567708
    },
    "y": {
        "y_gains": [
            0.2679045284706161,
            0.26146631091560407,
            0.26230068918194577,
            0.26548101429782517,
            0.2666734935081005,
            0.2680569889158435,
            0.2769695651993281,
            0.26858410650863895,
            0.26922001389121425,
            0.2727682375571313,
            0.2737392344176062,
            0.2797236911756462,
            0.2856572114034473,
            0.28072144625667916,
            0.2857486245347084,
            0.2829387055169426,
            0.28478815463541135,
            0.2879813074789091,
            0.29300322652223015,
            0.3012580203546186,
            0.3057462188976601,
            0.3024542925780106,
            0.31172869553355437,
            0.31068090504827267
        ],
        "y_sigma": 0.027380502,
        "y_chi2": 0.00075376994,
        "y_quality": 0.83723956
    }
}