{
    "x": {
        "x_gains": [
            0.2442612349481647,
            0.24072730459081412,
            0.2375475778104907,
            0.24870730646853384,
            0.26274568823815775,
            0.2634496999439643,
            0.2651443140729852,
            0.26913741995180285,
            0.272412737551058,
            0.2801225592221108,
            0.2884349525244721,
            0.29942971514742167,
            0.30310494032560864,
            0.3011224640971686,
            0.31398209360120194,
            0.3198628018881117,
            0.32637254669020377,
            0.3240123302244242,
            0.3292150180648511,
            0.33694117589977024,
            0.34802156007485524,
            0.34421213490967806,
            0.34778383273294833,
            0.3523353793096474
        ],
        "x_sigma": 0.038599145,
        "x_chi2": 0.0014947914,
        "x_quality": 0.86328125
    },
    "y": {
        "y_gains": [
            0.27552895635748076,
            0.27008435004336206,
            0.2743855718188457,
            0.2837672209813397,
            0.29631640191290015,
            0.2982178441987116,
            0.3010119812099893,
            0.30706067915128304,
            0.30739101720452155,
            0.3183246851943942,
            0.32701945961996415,
            0.3344622549311443,
            0.33566934582273933,
            0.33693142401033976,
            0.3479774662320057,
            0.35489623721264496,
            0.363709740423268,
            0.36215259154583745,
            0.3713339958426931,
            0.3809282337302504,
            0.3934789520238984,
            0.38869370850257384,
            0.39202286779154233,
            0.3965850379648874
        ],
        "y_sigma": 0.028319065,
        "y_chi2": 0.0008060949,
        "y_quality": 0.8307292
    }
}