{
    "x": {
        "x_gains": [
            0.27008844964584383,
            0.27498167247152977,
            0.2790385826090096,
            0.2860563028029542,
            0.2881982001273087,
            0.29044524035476377,
            0.30071642681524463,
            0.3049381904010276,
            0.31926787024481235,
            0.3219691737697896,
            0.32540554316628184,
            0.3304275861831969,
            0.3371056352870313,
            0.34175371190667886,
            0.34905019079956057,
            0.3511309929282218,
            0.3609327802399409,
            0.35437379298071275,
            0.3749501784950325,
            0.3793793225294449,
            0.3853258662318136,
            0.3865878749032564,
            0.3887006282179553,
            0.4018855667018517
        ],
        "x_sigma": 0.034000024,
        "x_chi2": 0.0011677087,
        "x_quality": 0.8333333
    },
    "y": {
        "y_gains": [
            0.3036481441906007,
            0.309571243209013,
            0.31908463043362834,
            0.3282646212016665,
            0.3263463131596377,
            0.3258696368945432,
            0.34291672414808255,
            0.3461325416959048,
            0.3613444281971945,
            0.36362057589208674,
            0.37399504725838817,
            0.3801344185714822,
            0.38890419010819083,
            0.3928717661055227,
            0.4004068133223355,
            0.4032529447243849,
            0.4137350949346205,
            0.4034548321422136,
            0.4226139900867436,
            0.43158095353841136,
            0.43593028044964294,
            0.43835722124480736,
            0.4385494818011613,
            0.44986177996810484
        ],
        "y_sigma": 0.031728595,
        "y_chi2": 0.0010114164,
        "y_quality": 0.83463544
    }
}