{
    "x": {
        "x_gains": [
            0.27025474888266554,
            0.27165591366536007,
            0.27461859596299676,
            0.27826906954976427,
            0.2830830129329022,
            0.2868166450024494,
            0.29306136769513036,
            0.29867539850167696,
            0.3022750550654468,
            0.30735094009585723,
            0.30825693955728756,
            0.3114295097211943,
            0.31570192787802087,
            0.31709828182198585,
            0.3253861560880644,
            0.33373626424970415,
            0.33249223879991585,
            0.33074752711650135,
            0.34471920173512344,
            0.34785932415872917,
            0.3557479820106783,
            0.35994373359556436,
            0.362890919707118,
            0.36403200685894543
        ],
        "x_sigma": 0.03637571,
        "x_chi2": 0.0013369425,
        "x_quality": 0.8541667
    },
    "y": {
        "y_gains": [
            0.2838634796064812,
            0.2879491827282321,
            0.2903240678536121,
            0.29588243785943613,
            0.30211421947703787,
            0.3080476525074617,
            0.313574256406471,
            0.3178777969670008,
            0.32249885529031314,
            0.3282563456218941,
            0.32950281912726964,
            0.33175926830891483,
            0.3357317336924857,
            0.3422017190161153,
            0.3506163098432794,
            0.3583403281365386,
            0.35564147853677003,
            0.35550830613161527,
            0.3723612896480061,
            0.37784806759429873,
            0.3804289397163933,
            0.3871253265595692,
            0.39299614840194796,
            0.3929258262915786
        ],
        "y_sigma": 0.032750577,
        "y_chi2": 0.0010848636,
        "y_quality": 0.82942706
    }
}