{
    "x": {
        "x_gains": [
            0.26548976822345,
            0.27271396428581557,
            0.27454127173447157,
            0.283530879220467,
            0.294065467736269,
            0.2990400664347411,
            0.3043840742599738,
            0.3048506308121678,
            0.3069845901410364,
            0.31581926042708874,
            0.32668427386008014,
            0.3406942251272689,
            0.3450842574977319,
            0.3537843945208279,
            0.3598895858750535,
            0.3596384913884563,
            0.3665501843490842,
            0.37612218404373093,
            0.38320012339043974,
            0.38727574555906064,
            0.3930545840010512,
            0.39503089062558516,
            0.398267155536945,
            0.40791225774702883
        ],
        "x_sigma": 0.0390114,
        "x_chi2": 0.001539622,
        "x_quality": 0.84505206
    },
    "y": {
        "y_gains": [
            0.2620650009256136,
            0.268346645473722,
            0.27387988876970853,
            0.28068682381667,
            0.2913407328635348,
            0.29357750761796936,
            0.30121456338677943,
            0.30036256464816113,
            0.3056202587601157,
            0.31715721584679835,
            0.3243255374771456,
            0.33891437186050904,
            0.34068310573941674,
            0.349798218897429,
            0.3532305762038451,
            0.35171325859098324,
            0.3627530665149101,
            0.3692368951548883,
            0.3766808913927286,
            0.38112753991015147,
            0.38522525546020203,
            0.3869457954334437,
            0.38920649436183796,
            0.3986169586004399
        ],
        "y_sigma": 0.03380332,
        "y_chi2": 0.0011510095,
        "y_quality": 0.8333333
    }
}