{
    "x": {
        "x_gains": [
            0.28546711197633023,
            0.29210192043575994,
            0.2921261713967347,
            0.2998194007857427,
            0.311011856860525,
            0.3173161048458104,
            0.32193864757244256,
            0.32507231396160235,
            0.33165342031850803,
            0.33638852605648706,
            0.3416502973467951,
            0.3510016446182059,
            0.363906845670018,
            0.3698229365442643,
            0.3687414345974011,
            0.3870037035480422,
            0.3970886413826563,
            0.4024692616113791,
            0.4040840124604963,
            0.4120215188950802,
            0.4171291760209623,
            0.41681923987592956,
            0.4226394424878586,
            0.43299188603515
        ],
        "x_sigma": 0.031190464,
        "x_chi2": 0.0009814493,
        "x_quality": 0.85546875
    },
    "y": {
        "y_gains": [
            0.2859487309938457,
            0.29052802800876126,
            0.29502649352663196,
            0.3015701278865426,
            0.31262868578278535,
            0.32013443597450536,
            0.3263288158330042,
            0.3313244359690181,
            0.3353448322405619,
            0.3413536652679131,
            0.3473945564593102,
            0.35617264286369643,
            0.3685337075670289,
            0.37166889891007354,
            0.3684250180482206,
            0.38603245035101547,
            0.3984500928906701,
            0.40231767164279986,
            0.40070145193369705,
            0.4115497994188587,
            0.4150697205061626,
            0.4161733105475671,
            0.421620798891306,
            0.4298805314716182
        ],
        "y_sigma": 0.02804971,
        "y_chi2": 0.0007925922,
        "y_quality": 0.83463544
    }
}