{
    "x": {
        "x_gains": [
            0.8476768018578362,
            0.866402171411778,
            0.8557919528684562,
            0.9157084845702204,
            0.9082506946301312,
            0.9093013710264212,
            0.9481287304717482,
            0.9496158518994312,
            0.970808280412147,
            1.0046126387462981,
            1.0216632870385687,
            1.055089938504083,
            1.0483009484167374,
            1.096937821286232,
            1.0831129541457416,
            1.11544921705504,
            1.1273387134821875,
            1.1759512328319939,
            1.2315256831048211,
            1.3064685596969317,
            1.3379552372625456,
            1.3476812147416273,
            1.3630840048225912,
            1.4124124814495511
        ],
        "x_sigma": 0.03228103,
        "x_chi2": 0.0010577387,
        "x_quality": 0.8463542
    },
    "y": {
        "y_gains": [
            0.8709769574336141,
            0.8906331047612533,
            0.8894316398406672,
            0.9317176727742312,
            0.9090187660561121,
            0.9070558879764209,
            0.9538628009532524,
            0.9449425446584571,
            0.9683429328396076,
            1.0094467560494755,
            1.0337690694082167,
            1.0700080593007026,
            1.0738918568992708,
            1.1111776583064252,
            1.0759824828330222,
            1.108995308251179,
            1.1152965215440602,
            1.1511434019625844,
            1.2124161599070222,
            1.2826954253822078,
            1.3309798061081857,
            1.3521511304727134,
            1.368840208794125,
            1.4137119027615024
        ],
        "y_sigma": 0.03176454,
        "y_chi2": 0.0010181805,
        "y_quality": 0.84244794
    }
}