{
    "x": {
        "x_gains": [
            1.2591583307237277,
            1.2457383912504516,
            1.2581013866164432,
            1.2608747293217175,
            1.2777622600649972,
            1.3163745675380454,
            1.2983827733689748,
            1.3450311589918293,
            1.3324416101101832,
            1.3514290585222164,
            1.4031105839156945,
            1.3643776548230955,
            1.363166133282478,
            1.417228598987189,
            1.3992060121531675,
            1.4166051623925329,
            1.4499127565745678,
            1.4599189330375189,
            1.4727435304769914,
            1.4913792685604945,
            1.4870874044395777,
            1.5341601075568967,
            1.5269951206703314,
            1.5645638797742176
        ],
        "x_sigma": 0.04154865,
        "x_chi2": 0.0017444321,
        "x_quality": 0.84505206
    },
    "y": {
        "y_gains": [
            1.632399339727115,
            1.606684579057477,
            1.64247023318347,
            1.6719115367530377,
            1.676624137418797,
            1.7435902657726743,
            1.6872191328490025,
            1.7434086079056605,
            1.7384971985160746,
            1.7676685989052123,
            1.8416640392259707,
            1.8038455100120643,
            1.7898769001422665,
            1.8607053636320672,
            1.8349395874582395,
            1.8985402617547837,
            1.9403463789934996,
            1.9330701522756681,
            1.97157851279101,
            2.0343193747153223,
            2.0251361519286304,
            2.0954175188555095,
            2.0867038817783756,
            2.1434658565394593
        ],
        "y_sigma": 0.043691598,
        "y_chi2": 0.0019296409,
        "y_quality": 0.8411458
    }
}