{
    "x": {
        "x_gains": [
            1.2633954662801012,
            1.3005662431320673,
            1.3181748498302257,
            1.3366387518574265,
            1.3707489306102218,
            1.3804703207163869,
            1.3886020268535082,
            1.4028827022977548,
            1.419737819856283,
            1.4432620840545733,
            1.4885069254422065,
            1.473994354454223,
            1.4757596225467322,
            1.5248173322204606,
            1.54089354259284,
            1.5587604362908112,
            1.5901284823813764,
            1.6324514368143754,
            1.6568867545241914,
            1.6455233373056268,
            1.6880300942005195,
            1.7379141970905927,
            1.7685662984659016,
            1.7708158741955737
        ],
        "x_sigma": 0.035373867,
        "x_chi2": 0.0012608387,
        "x_quality": 0.85546875
    },
    "y": {
        "y_gains": [
            1.2540649732316695,
            1.3011080613571855,
            1.2936238586566908,
            1.3225957952828036,
            1.3463674266327363,
            1.3350932710845205,
            1.348469271621626,
            1.3773471027641426,
            1.3671123088230146,
            1.40350030168239,
            1.4429372499921829,
            1.4217223016933396,
            1.4411671263149117,
            1.4763008683454077,
            1.4911747802977637,
            1.499951101594088,
            1.5081880282145783,
            1.5451275515154796,
            1.56996676191969,
            1.5666923708661649,
            1.603777730519794,
            1.6609782866454206,
            1.6901921697791273,
            1.6826873647981737
        ],
        "y_sigma": 0.030081784,
        "y_chi2": 0.00091158395,
        "y_quality": 0.8307292
    }
}