{
    "x": {
        "x_gains": [
            1.2443905982806005,
            1.2718469927368634,
            1.282564636768717,
            1.2782595054955956,
            1.304832145740356,
            1.286951928999377,
            1.3233158324814487,
            1.3433527747824743,
            1.3870134348201817,
            1.403521182011855,
            1.4516105619184485,
            1.437928233001891,
            1.4526148185246854,
            1.5193996876144629,
            1.524582675984103,
            1.5103863606070091,
            1.585697012943252,
            1.62513136952567,
            1.633223156099223,
            1.6881794183580396,
            1.734958568495401,
            1.7298691665351966,
            1.8203591000552368,
            1.8109282274815601
        ],
        "x_sigma": 0.035632126,
        "x_chi2": 0.0012776161,
        "x_quality": 0.85546875
    },
    "y": {
        "y_gains": [
            1.3053258443134732,
            1.3448352610426104,
            1.3476811057669564,
            1.3407261869096991,
            1.376055830437997,
            1.3601120351485592,
            1.3983211476636919,
            1.417751352782897,
            1.4326517640606498,
            1.4299993851002646,
            1.5165670926627801,
            1.4865527184366578,
            1.5023812743197968,
            1.573175891148688,
            1.564440762098544,
            1.5706502020641484,
            1.6153838822488535,
            1.6535244543038596,
            1.6639715873523517,
            1.7134633497900065,
            1.7662520802033876,
            1.7634093615523505,
            1.8390642252721263,
            1.839028375104411
        ],
        "y_sigma": 0.035234407,
        "y_chi2": 0.0012509779,
        "y_quality": 0.8385417
    }
}