{
    "x": {
        "x_gains": [
            0.2597670461083909,
            0.26264341775148026,
            0.26258734771181125,
            0.25425911994409556,
            0.2651953557610283,
            0.2683277154006773,
            0.26514691525427325,
            0.26863765757848457,
            0.2755930597289531,
            0.2729680727534161,
            0.272668619228471,
            0.2740371704017933,
            0.28506481846602,
            0.2827178161247428,
            0.29238177645202784,
            0.2877488675211695,
            0.29143929422962145,
            0.2915217997669691,
            0.3021761517746201,
            0.3055363678716532,
            0.30954443107900376,
            0.3129671719657277,
            0.3099705146747326,
            0.3099250074459483
        ],
        "x_sigma": 0.030842511,
        "x_chi2": 0.00095441355,
        "x_quality": 0.8489583
    },
    "y": {
        "y_gains": [
            0.27439352993227306,
            0.2779488862004437,
            0.2761388171925132,
            0.26707675412005955,
            0.2749358196695959,
            0.28070244777025694,
            0.27874709758068983,
            0.2809112017780106,
            0.28595654810183757,
            0.28272739198682717,
            0.28447639076382536,
            0.28689759895973227,
            0.2951233754417333,
            0.2935265191817232,
            0.29872028528504174,
            0.29539376550189556,
            0.2998219896882823,
            0.2990582744654565,
            0.31267680896431904,
            0.3194917780388381,
            0.3216770439681051,
            0.3246359046011945,
            0.32167648519802433,
            0.3226012500153236
        ],
        "y_sigma": 0.024845693,
        "y_chi2": 0.0006197317,
        "y_quality": 0.828125
    }
}