{
    "x": {
        "x_gains": [
            1.3552582311744197,
            1.3493376290486268,
            1.35381980393061,
            1.3788645436565061,
            1.3890737128634616,
            1.3724654337718176,
            1.3792769568129764,
            1.3858618586203602,
            1.3977763586620333,
            1.4343866369098377,
            1.4182224567016686,
            1.4424511676548444,
            1.4277875731937453,
            1.44409003265954,
            1.4595484682476692,
            1.4679012636178486,
            1.4550087293248717,
            1.4963137637089836,
            1.5475695806628087,
            1.558826187668893,
            1.5723941427311852,
            1.569452921670017,
            1.6076639527048417,
            1.6058398614738303
        ],
        "x_sigma": 0.035324723,
        "x_chi2": 0.0012556482,
        "x_quality": 0.85026044
    },
    "y": {
        "y_gains": [
            1.4472202257015196,
            1.4569440188346727,
            1.4436525448815336,
            1.4755154805551038,
            1.4730605942002364,
            1.469767110991962,
            1.463678810321863,
            1.4851023369911949,
            1.4901656369771132,
            1.530569217161293,
            1.5143268953239704,
            1.5271684799756142,
            1.5162009099631382,
            1.54327179794251,
            1.5369427080321887,
            1.5463949489916213,
            1.525246800184738,
            1.5669530847978599,
            1.6129843953437657,
            1.622577714576573,
            1.6399989982886118,
            1.6366778189893252,
            1.6764599870912582,
            1.6903209047192476
        ],
        "y_sigma": 0.033062823,
        "y_chi2": 0.0010985879,
        "y_quality": 0.85026044
    }
}