{
    "x": {
        "x_gains": [
            1.1716684842759864,
            1.1868394600478624,
            1.187365575374798,
            1.2101321216199723,
            1.2141278343055462,
            1.2426754534094007,
            1.251957795951837,
            1.307392914714838,
            1.2879232212299203,
            1.2950568908779236,
            1.295231927467012,
            1.3468032876491822,
            1.3476662672138928,
            1.357840913457602,
            1.3678008197503873,
            1.3762215342337858,
            1.4050601555429694,
            1.413579009595657,
            1.4165664327868268,
            1.436869349062263,
            1.4392209646597276,
            1.4564542039822372,
            1.49027734120931,
            1.5017619421986845
        ],
        "x_sigma": 0.037984647,
        "x_chi2": 0.0014511456,
        "x_quality": 0.85026044
    },
    "y": {
        "y_gains": [
            1.206541433296417,
            1.2399233752152585,
            1.2270359606447356,
            1.2514112790699712,
            1.2579996828834399,
            1.2704699709811953,
            1.271825479090299,
            1.3139357869069452,
            1.284350269032851,
            1.3099024960978005,
            1.3130336579108768,
            1.3680705788706096,
            1.3663279676267717,
            1.3699964475992115,
            1.3725684777844989,
            1.3837724862164151,
            1.4105625746716561,
            1.4356164084638774,
            1.404742480852482,
            1.442377765515964,
            1.4497370930776445,
            1.4700056374716197,
            1.4866636606327448,
            1.5051889885190206
        ],
        "y_sigma": 0.03909053,
        "y_chi2": 0.0015356141,
        "y_quality": 0.84244794
    }
}