{
    "x": {
        "x_gains": [
            0.7633000453094907,
            0.7781593092871212,
            0.7767065096393938,
            0.774399828516902,
            0.7778484928485389,
            0.7811389318081335,
            0.7849478402160176,
            0.7886358831061812,
            0.8018346618530928,
            0.800613974845029,
            0.820988539164191,
            0.8466755285371987,
            0.8252543681538961,
            0.8478082461221251,
            0.8348959106046892,
            0.849406583325724,
            0.830290181436671,
            0.855053838464939,
            0.8804293325597294,
            0.8700700093132293,
            0.8932650140430193,
            0.8909441584711684,
            0.9519513956464216,
            0.943892571433318
        ],
        "x_sigma": 0.037866116,
        "x_chi2": 0.001441554,
        "x_quality": 0.8411458
    },
    "y": {
        "y_gains": [
            1.1454222341346134,
            1.1602846178167503,
            1.1752263691651625,
            1.145458131363292,
            1.1544186522561664,
            1.1588996248062464,
            1.1626095468845552,
            1.1908185508095483,
            1.221571287602102,
            1.211268860576583,
            1.229071614364917,
            1.2678815676899147,
            1.245399106513319,
            1.2736591095207241,
            1.2594411645447916,
            1.2878343849102074,
            1.2558344498748122,
            1.3128569658090035,
            1.350664885049639,
            1.3258734390160534,
            1.3648703925899548,
            1.3659095475574874,
            1.4419082559917777,
            1.433307691458733
        ],
        "y_sigma": 0.032298025,
        "y_chi2": 0.0010465166,
        "y_quality": 0.8385417
    }
}