{
    "x": {
        "x_gains": [
            1.1025543096201833,
            1.1343003183050868,
            1.119721395401282,
            1.1283128676184362,
            1.1147402097941075,
            1.1422996092638533,
            1.120963382834329,
            1.1310350986657338,
            1.137912878886584,
            1.1441745781571353,
            1.169208100264365,
            1.1938133963412128,
            1.1523084425491275,
            1.2200569058942046,
            1.220258874503501,
            1.2231075346359592,
            1.2532477288268684,
            1.2909889474950533,
            1.2976516333508668,
            1.3361752890948855,
            1.347606643862467,
            1.3484759996218874,
            1.3770973778330782,
            1.4086721236746509
        ],
        "x_sigma": 0.042017035,
        "x_chi2": 0.0017781804,
        "x_quality": 0.8385417
    },
    "y": {
        "y_gains": [
            1.1271493695864847,
            1.1611267760014603,
            1.137274140625335,
            1.1576298223964328,
            1.1445221282480538,
            1.1497513145394218,
            1.1581188998982244,
            1.1563686430614128,
            1.166561267856116,
            1.173177134965348,
            1.1781899138460408,
            1.2014956939295451,
            1.1548279708203613,
            1.211465111985412,
            1.2119429610195271,
            1.241531975966424,
            1.258327137120789,
            1.276578312596574,
            1.2859233952286842,
            1.2807601772725776,
            1.2992849645054836,
            1.3226402279702696,
            1.3519569915441851,
            1.3747458850968692
        ],
        "y_sigma": 0.038164303,
        "y_chi2": 0.0014628791,
        "y_quality": 0.8411458
    }
}