{
    "x": {
        "x_gains": [
            1.1117366111864515,
            1.0858174284425142,
            1.0566559141713059,
            1.0852324177155077,
            1.0982235794313266,
            1.1379383879190998,
            1.1159615761037809,
            1.1225616515629926,
            1.1222831404992772,
            1.1493044122371037,
            1.1268165042649891,
            1.1803702538197371,
            1.193913239280032,
            1.1948436855307154,
            1.2371292628242396,
            1.243040156014467,
            1.2685582781888936,
            1.2551961039315427,
            1.3024396387605515,
            1.2909034038928224,
            1.3374872119503947,
            1.3601259280751263,
            1.3591013513137005,
            1.3652322580900593
        ],
        "x_sigma": 0.061604694,
        "x_chi2": 0.0038259288,
        "x_quality": 0.8385417
    },
    "y": {
        "y_gains": [
            0.2362360603006718,
            0.20362422615158154,
            0.18823063131273776,
            0.1958579375787043,
            0.18430096376871585,
            0.17295588156624628,
            0.17917466487439443,
            0.19048852687602624,
            0.1745020927425225,
            0.1797499947198439,
            0.16461488479394365,
            0.16335472049566266,
            0.16130996597166267,
            0.14897775782932496,
            0.16022982083662238,
            0.1433589072243657,
            0.13980630172431222,
            0.1406306285211712,
            0.1375870668157193,
            0.11854782705389445,
            0.12248419004695921,
            0.12509684059172307,
            0.12157357048932876,
            0.10569568689724393
        ],
        "y_sigma": 0.14328164,
        "y_chi2": 0.020605117,
        "y_quality": 0.83203125
    }
}