{
    "x": {
        "x_gains": [
            1.0131274263958618,
            1.0437332040495806,
            1.0540006147985586,
            1.067647421823653,
            1.05925160039941,
            1.0739831554333936,
            1.0911770046230989,
            1.103771472328714,
            1.0849299433612323,
            1.1434349368655259,
            1.1140484856181911,
            1.1478118860282482,
            1.1208343490894621,
            1.1840607379585137,
            1.185604541415514,
            1.2190804622363007,
            1.1929211818484875,
            1.2521497219463806,
            1.2645316819561192,
            1.269246762716323,
            1.3021386064043865,
            1.2913256490848375,
            1.3498162636850954,
            1.3449836715619814
        ],
        "x_sigma": 0.049583778,
        "x_chi2": 0.00247411,
        "x_quality": 0.8229167
    },
    "y": {
        "y_gains": [
            0.6343202256556144,
            0.651319028500353,
            0.6708222315049112,
            0.6643458850415881,
            0.6735194577414023,
            0.6694690641692792,
            0.6680515375039123,
            0.6841191856026296,
            0.6680338201473923,
            0.7018798870141832,
            0.6893997141610906,
            0.7021674082256665,
            0.6973463738964842,
            0.7439893841642753,
            0.7337448370044544,
            0.7335004394034382,
            0.726231970837429,
            0.7585760435313413,
            0.7669427430458808,
            0.7698545290580437,
            0.7877156686729259,
            0.772645744553118,
            0.8127257244108836,
            0.827866653862329
        ],
        "y_sigma": 0.05366781,
        "y_chi2": 0.0028978277,
        "y_quality": 0.83984375
    }
}