{
    "x": {
        "x_gains": [
            1.6409413555455532,
            1.6485913191083092,
            1.6364041001741134,
            1.6283553993130457,
            1.6973627938482956,
            1.6700501883482604,
            1.7076094492276483,
            1.7225750505709276,
            1.7201647656380437,
            1.7825934738539884,
            1.7821532888498366,
            1.766315192905376,
            1.8228361153488508,
            1.8109749610074453,
            1.8701858027724871,
            1.8796890016952916,
            1.9136150168259385,
            1.8734664506185155,
            1.9166006557457484,
            1.9499808463131372,
            1.983057313568915,
            1.9524037164785706,
            2.0213349886719336,
            2.0465722064442877
        ],
        "x_sigma": 0.030871639,
        "x_chi2": 0.0009559073,
        "x_quality": 0.8489583
    },
    "y": {
        "y_gains": [
            0.925654829053306,
            0.9239514929162025,
            0.9278550052117616,
            0.9414749956951055,
            0.9692282626573699,
            0.9600339775225325,
            0.9867359013200948,
            0.9900867563520254,
            0.9824505834724894,
            1.0151207308463213,
            1.0209014670211154,
            1.0277095150279907,
            1.0577676532959195,
            1.059024138485452,
            1.0788906414867976,
            1.096418926936112,
            1.110276343673918,
            1.0962206586948768,
            1.122901829858364,
            1.1429261102841406,
            1.176656776866457,
            1.152331095514028,
            1.1914925478039022,
            1.2168313079987432
        ],
        "y_sigma": 0.029150333,
        "y_chi2": 0.0008523173,
        "y_quality": 0.83463544
    }
}