{
    "x": {
        "x_gains": [
            0.9887018078313685,
            1.0276165789904201,
            0.9847273708419271,
            0.995787916691188,
            1.0194689514868878,
            1.0219013906034122,
            1.051232930132242,
            1.0545435996991301,
            1.0715059877361854,
            1.0872538974980732,
            1.066457629595718,
            1.0791859605331333,
            1.1344366410329363,
            1.1319348640307392,
            1.1545143067990156,
            1.1450031535676854,
            1.1798056350443047,
            1.2125943443872222,
            1.204229494831748,
            1.2184395819553289,
            1.2277532643196853,
            1.2534617479824905,
            1.305828851750478,
            1.3008245146103408
        ],
        "x_sigma": 0.033959422,
        "x_chi2": 0.0011569944,
        "x_quality": 0.8385417
    },
    "y": {
        "y_gains": [
            1.2964843945738755,
            1.3396395705094102,
            1.3351594754532266,
            1.3786973094460053,
            1.3900583333809429,
            1.3647360927933199,
            1.3890380947308978,
            1.4047180320731965,
            1.4436977511346887,
            1.4818619358125575,
            1.4720069902667954,
            1.4977791604609307,
            1.545697543160126,
            1.5328842687552644,
            1.5672420090443968,
            1.5377790011664052,
            1.5967699260519879,
            1.6130366915843197,
            1.6128548401612468,
            1.6641768639242684,
            1.680352578299389,
            1.7033417435831923,
            1.7575081627466618,
            1.7331656322267592
        ],
        "y_sigma": 0.034344535,
        "y_chi2": 0.0011835448,
        "y_quality": 0.83723956
    }
}