{
    "x": {
        "x_gains": [
            0.26839671611249905,
            0.27244103626762317,
            0.2794500534727677,
            0.28437213050747057,
            0.2900155225008108,
            0.29997520105012915,
            0.2979145238543883,
            0.30914303510325347,
            0.3096878792128081,
            0.3092222442113596,
            0.31226677575186035,
            0.32720939143306915,
            0.3286543039187293,
            0.33990012442723855,
            0.3484421690706214,
            0.3486974424472256,
            0.35067262164885843,
            0.35780539773057635,
            0.3650028813327453,
            0.37316625635170947,
            0.37696996966748836,
            0.39034922437218766,
            0.3906350558008505,
            0.38565833825915447
        ],
        "x_sigma": 0.035330612,
        "x_chi2": 0.0012621244,
        "x_quality": 0.8489583
    },
    "y": {
        "y_gains": [
            0.2650771439432775,
            0.270365212302796,
            0.27743043487331637,
            0.2837180052978663,
            0.28899378721156255,
            0.29773009385524385,
            0.2916811826668574,
            0.29911211559606465,
            0.30218847918510644,
            0.30241800737137847,
            0.3051392870829444,
            0.32087050885570517,
            0.32167147704915827,
            0.33045506967645144,
            0.3379659451994979,
            0.3361095986179173,
            0.33522727806043395,
            0.34165134787435636,
            0.3489090764579113,
            0.36077724984841947,
            0.3662264234415381,
            0.3811470926671492,
            0.3860539105755531,
            0.3811538915697983
        ],
        "y_sigma": 0.038325127,
        "y_chi2": 0.001485392,
        "y_quality": 0.84505206
    }
}