{
    "x": {
        "x_gains": [
            0.2898021520707813,
            0.30021557279420064,
            0.30307845576798764,
            0.3123236347475035,
            0.3124030086284149,
            0.32033345431260124,
            0.32082205389829754,
            0.33614750421402917,
            0.33391994162545147,
            0.340792601801566,
            0.3512824743522518,
            0.35165335981048695,
            0.3608483313326699,
            0.3712729624437721,
            0.3758910120549751,
            0.3768437788462136,
            0.3858641895420463,
            0.3964592698362053,
            0.39935084721084185,
            0.4076593982898362,
            0.41025412124880045,
            0.4195701621168758,
            0.4234420392324978,
            0.4289185094292587
        ],
        "x_sigma": 0.0337794,
        "x_chi2": 0.0011515742,
        "x_quality": 0.84505206
    },
    "y": {
        "y_gains": [
            0.288039629644405,
            0.2982547919106142,
            0.30586380679929126,
            0.3148892715493292,
            0.31589143013716703,
            0.3227737888317041,
            0.32491741980087696,
            0.3350214169141191,
            0.33683904180071456,
            0.3422071760571054,
            0.3510053530422371,
            0.35259256198233463,
            0.3666574342324727,
            0.3727057306748631,
            0.3753133303338292,
            0.3741507479554065,
            0.3844783033126266,
            0.3929884880310247,
            0.3928439082264775,
            0.4046435927560057,
            0.40630583403983145,
            0.41676137568929206,
            0.4218055411497246,
            0.42298402114412526
        ],
        "y_sigma": 0.033617776,
        "y_chi2": 0.0011411305,
        "y_quality": 0.84505206
    }
}