{
    "x": {
        "x_gains": [
            0.2980420011517535,
            0.30937483081063943,
            0.3132122838850902,
            0.3204055154733596,
            0.3288315742762294,
            0.3364600566396859,
            0.34066027728792725,
            0.34270141933219833,
            0.3405857202488837,
            0.35264344168714495,
            0.3620003851684098,
            0.36903695783350504,
            0.3717943979953441,
            0.3755284624287529,
            0.3872235436871023,
            0.3927923237067529,
            0.40518369326881293,
            0.4001873837405627,
            0.40794337550135223,
            0.41785183375112944,
            0.41604182385246824,
            0.4312217296424318,
            0.432840528520793,
            0.43184206464727526
        ],
        "x_sigma": 0.038572863,
        "x_chi2": 0.0014997001,
        "x_quality": 0.8541667
    },
    "y": {
        "y_gains": [
            0.2828616182128486,
            0.29209727890937887,
            0.29750419860237887,
            0.3011935154481853,
            0.3120890177747179,
            0.31814178726838566,
            0.32548269083050163,
            0.32647545521615384,
            0.32592074402751864,
            0.3358320356223757,
            0.3474801779932464,
            0.3554235591439908,
            0.3581262718854546,
            0.35814250963206373,
            0.37092206886531714,
            0.37350148868355854,
            0.3871378407766326,
            0.38466855764600694,
            0.39020749322472975,
            0.4045982755859655,
            0.3991804506004812,
            0.41762042471245475,
            0.418146312238047,
            0.4200361264671652
        ],
        "y_sigma": 0.03405604,
        "y_chi2": 0.0011681431,
        "y_quality": 0.8385417
    }
}