{
    "x": {
        "x_gains": [
            0.28248041761001,
            0.28947799590909695,
            0.29415887255963963,
            0.29977695095963847,
            0.30565953073926205,
            0.3106392997171288,
            0.319819539905691,
            0.32638882361112415,
            0.3227946996981192,
            0.33812434110132306,
            0.34378785319131044,
            0.34060555717040436,
            0.35110862900717643,
            0.361139575931853,
            0.35797611046426814,
            0.36822994516614244,
            0.3728578431374377,
            0.3882846446391752,
            0.38460350628401746,
            0.39641702436696163,
            0.41184482181327864,
            0.41279777115622635,
            0.4141679054083578,
            0.4259850905218317
        ],
        "x_sigma": 0.04179644,
        "x_chi2": 0.0017618246,
        "x_quality": 0.85807294
    },
    "y": {
        "y_gains": [
            0.2891932808833119,
            0.2938434824472449,
            0.30043231910286583,
            0.3047015448368323,
            0.30851613119784227,
            0.31334652522204515,
            0.3211093738023624,
            0.3317279579958098,
            0.325365426858454,
            0.3373758608651154,
            0.3400590206436229,
            0.34252546077381296,
            0.3523585329820272,
            0.3637031527607797,
            0.3606834417409497,
            0.36812509361881285,
            0.37263502523298075,
            0.3871946669974858,
            0.38374104540270554,
            0.3920759874629782,
            0.4056703465159022,
            0.4074227868631249,
            0.40556965563526665,
            0.41648266809459134
        ],
        "y_sigma": 0.03689314,
        "y_chi2": 0.0013697695,
        "y_quality": 0.8463542
    }
}