{
    "x": {
        "x_gains": [
            1.1811733256100347,
            1.2059390569050081,
            1.2131739530096481,
            1.2517355313141671,
            1.2572041569807468,
            1.283346425391892,
            1.2847243322035038,
            1.3373008374579034,
            1.3344387824206907,
            1.3583876156344439,
            1.352717102065495,
            1.3714043218655225,
            1.4041875118302798,
            1.4009271335770013,
            1.4447033995026752,
            1.4932303060169447,
            1.4993110665649134,
            1.5174581434967906,
            1.5361484769840563,
            1.5311614318809246,
            1.5936902615166033,
            1.6356024864429,
            1.6472874282647507,
            1.6989648377140292
        ],
        "x_sigma": 0.03310747,
        "x_chi2": 0.0011039404,
        "x_quality": 0.8307292
    },
    "y": {
        "y_gains": [
            1.3216690925462304,
            1.3591312759075904,
            1.3594712526888644,
            1.397770360587013,
            1.405231141552165,
            1.426054381471515,
            1.4232234833468762,
            1.4953042064821318,
            1.4937506625717782,
            1.4868409373104743,
            1.4729160057569806,
            1.4978462842739997,
            1.525379880605466,
            1.5305070225401594,
            1.567747692455688,
            1.6146772873679922,
            1.6456749851148698,
            1.6563761537488098,
            1.6791407232428506,
            1.6943676001672003,
            1.7389071288653994,
            1.7763936118754045,
            1.804078841853547,
            1.8381729516710323
        ],
        "y_sigma": 0.033428308,
        "y_chi2": 0.0011286836,
        "y_quality": 0.82421875
    }
}