{
    "x": {
        "x_gains": [
            1.3739003044356988,
            1.404890474317155,
            1.3942849653555045,
            1.3883144159528544,
            1.4508405880198871,
            1.4617799363394837,
            1.4899264952213216,
            1.5238998547875828,
            1.5270441815111904,
            1.5718320157975403,
            1.6019115289893124,
            1.6099975437877472,
            1.6146233204890048,
            1.6110455863070148,
            1.6389364089395457,
            1.6880188389654502,
            1.7073544309185362,
            1.764935635444779,
            1.747414394605662,
            1.8283713650423146,
            1.8526552523711997,
            1.878603866692767,
            1.8970335706648798,
            1.9012473132998904
        ],
        "x_sigma": 0.034694135,
        "x_chi2": 0.0012177898,
        "x_quality": 0.83463544
    },
    "y": {
        "y_gains": [
            1.4847251550286906,
            1.5103674491407173,
            1.5220015135696252,
            1.5189416197066876,
            1.556009495392345,
            1.579111163804296,
            1.5970223837060278,
            1.6479745157220889,
            1.6619495000024929,
            1.6858031737807166,
            1.7243048913149936,
            1.7323246584288856,
            1.7271066486973885,
            1.7217869496985971,
            1.741287663072678,
            1.7891322951690425,
            1.808955912795807,
            1.8568057407977172,
            1.8605366301149362,
            1.936545972729947,
            1.977265206924264,
            1.9951370529471466,
            2.0233777012851077,
            2.0293915149598423
        ],
        "y_sigma": 0.035227243,
        "y_chi2": 0.001254842,
        "y_quality": 0.8359375
    }
}