{
    "x": {
        "x_gains": [
            0.2921112380626552,
            0.29001431974705183,
            0.30458345714650864,
            0.30333796125949564,
            0.3083688309543346,
            0.3171353996586291,
            0.3200032768335548,
            0.3219082307878569,
            0.33827365086742667,
            0.3459786212890333,
            0.3438673071080639,
            0.3534320728296267,
            0.35812822136335115,
            0.36186670386656383,
            0.3601418613197413,
            0.36420096784222,
            0.38115726205590894,
            0.3922052347240474,
            0.39762383179112276,
            0.4048797729758137,
            0.40050941593631767,
            0.41022039500942276,
            0.4102416499722246,
            0.41859117447390837
        ],
        "x_sigma": 0.031031692,
        "x_chi2": 0.00097172154,
        "x_quality": 0.83203125
    },
    "y": {
        "y_gains": [
            0.3265421811678879,
            0.3310152884376194,
            0.3469039859961799,
            0.3428387666992478,
            0.350172866337196,
            0.3577745464375798,
            0.3648138234670286,
            0.3659766579355615,
            0.3839414639772489,
            0.3907543457939945,
            0.387840517186881,
            0.3985413387003567,
            0.4037542686920057,
            0.40516881966624624,
            0.403074750938096,
            0.4061698829905801,
            0.42398440788860303,
            0.434185773156343,
            0.4434784104953246,
            0.45010123677017433,
            0.44789047393844017,
            0.457415717380393,
            0.45648072532961337,
            0.4614979633171883
        ],
        "y_sigma": 0.03325501,
        "y_chi2": 0.0011167815,
        "y_quality": 0.84375
    }
}