{
    "x": {
        "x_gains": [
            0.30871780173661173,
            0.31034051492318915,
            0.31808930624467835,
            0.3289472385734585,
            0.3334441479384982,
            0.341628366141158,
            0.3346997562448615,
            0.3475062120210461,
            0.3513510731192853,
            0.35282807224338253,
            0.3580794907823177,
            0.37101263446425403,
            0.37087601173585216,
            0.3802485662062376,
            0.3941367585183989,
            0.39607979233378054,
            0.41227827365234276,
            0.41108287656887216,
            0.4020157552386573,
            0.41309921073264794,
            0.4236626970460499,
            0.42871278129989143,
            0.43323486771259967,
            0.43833483609126306
        ],
        "x_sigma": 0.036514014,
        "x_chi2": 0.001344976,
        "x_quality": 0.84765625
    },
    "y": {
        "y_gains": [
            0.2743501536498036,
            0.2748651539041462,
            0.28715948556411935,
            0.2988366825852983,
            0.2978774296931073,
            0.30303057851264714,
            0.29668482595370377,
            0.3049761246391065,
            0.3091997372791672,
            0.3086790263189307,
            0.3117292494307824,
            0.32327980552521396,
            0.32496872500990504,
            0.3326812780283977,
            0.340857884758676,
            0.34507421908065117,
            0.35216099899341824,
            0.3534827453053603,
            0.34824437993642937,
            0.35645616979290606,
            0.36538708596345043,
            0.37216909115600816,
            0.3757782367282642,
            0.3786569266007627
        ],
        "y_sigma": 0.035923142,
        "y_chi2": 0.00130161,
        "y_quality": 0.8333333
    }
}