{
    "x": {
        "x_gains": [
            1.2330583941929854,
            1.2455725656065801,
            1.2693503898822416,
            1.2690018754578718,
            1.2891952417866337,
            1.3274674493697942,
            1.3060029747613358,
            1.3419605291833472,
            1.3467484744538312,
            1.3940245139210772,
            1.4165677170506845,
            1.4283567669544521,
            1.4350877520283172,
            1.5107900245858417,
            1.5039637114010347,
            1.5127083994071757,
            1.5404435916822576,
            1.589512397203253,
            1.6013460530598969,
            1.6599827461393366,
            1.6639228578740324,
            1.7075560893755348,
            1.7617463557395758,
            1.7927158013018345
        ],
        "x_sigma": 0.038720243,
        "x_chi2": 0.0015396358,
        "x_quality": 0.8229167
    },
    "y": {
        "y_gains": [
            1.3005684589648867,
            1.3316031369906702,
            1.3354379122596993,
            1.3399155344045421,
            1.3485443744594865,
            1.3996210665924307,
            1.3902215707335004,
            1.417096329092734,
            1.4265461406363367,
            1.463212139861425,
            1.4879386059866258,
            1.5034042333758446,
            1.4930605531610184,
            1.5768493288929257,
            1.578740553408556,
            1.5964136885768858,
            1.6336073546309993,
            1.6601764834008914,
            1.6813068138792011,
            1.723989608480236,
            1.7480717457590467,
            1.785966553489966,
            1.8377229612788464,
            1.8553557254978938
        ],
        "y_sigma": 0.036852453,
        "y_chi2": 0.0013859108,
        "y_quality": 0.828125
    }
}