{
    "x": {
        "x_gains": [
            0.2516287171978062,
            0.25534498984914294,
            0.2689357890792545,
            0.2674323075343169,
            0.29676524693776846,
            0.2938457274081928,
            0.2909465013392267,
            0.3000578211421341,
            0.29228683112204706,
            0.2735938139782034,
            0.3159087940984194,
            0.33426586825258436,
            0.3273063362775411,
            0.31910658325816244,
            0.3203740225748992,
            0.35053546395331653,
            0.35918339081405,
            0.33491527212971084,
            0.33411151245699694,
            0.3487631133622763,
            0.36471774511941096,
            0.3777850740668416,
            0.3798198954826804,
            0.3903487063063175
        ],
        "x_sigma": 0.065766364,
        "x_chi2": 0.004383502,
        "x_quality": 0.8567708
    },
    "y": {
        "y_gains": [
            0.2806062576766857,
            0.2823952938259493,
            0.28797511249963753,
            0.29113880048135726,
            0.29855759362579537,
            0.30554923238394094,
            0.3149777131219526,
            0.3220232333322384,
            0.3321601878379149,
            0.3358608880323093,
            0.3366236046530808,
            0.34384918114724455,
            0.35482632280495036,
            0.35850571662460556,
            0.3609396327020547,
            0.37337915641476405,
            0.3865729005747643,
            0.3836379783337383,
            0.39468261479126776,
            0.40238226395552223,
            0.4090469737273219,
            0.41245682298862746,
            0.4122410358495935,
            0.41534448671728336
        ],
        "y_sigma": 0.034819283,
        "y_chi2": 0.0012230997,
        "y_quality": 0.8229167
    }
}