{
    "x": {
        "x_gains": [
            0.26585213825140647,
            0.26896605387503025,
            0.27429463215279487,
            0.28059156558589343,
            0.2817232016579749,
            0.28672182621159326,
            0.293285449595596,
            0.300216753493855,
            0.30569204705456543,
            0.30995560350913137,
            0.31570132987291,
            0.31899083548899365,
            0.3260913871112379,
            0.3304687967561712,
            0.3377861086341068,
            0.3438623527254736,
            0.35084219493472985,
            0.3594090854591422,
            0.36275805383641496,
            0.3656432798787234,
            0.36974618403450765,
            0.3752531927104516,
            0.38521261232318255,
            0.3857438336919465
        ],
        "x_sigma": 0.042628806,
        "x_chi2": 0.0018545067,
        "x_quality": 0.8177083
    },
    "y": {
        "y_gains": [
            0.27465208447199513,
            0.276474920434665,
            0.2792584760323202,
            0.28911493822191997,
            0.28961695695698303,
            0.29547698021580693,
            0.3022213023948983,
            0.308473019684959,
            0.3141017224710257,
            0.3148505561835075,
            0.32181428078547014,
            0.32801541619973673,
            0.33404565228226,
            0.340457694301334,
            0.3451994970029089,
            0.352226082933181,
            0.3635481866761771,
            0.36897709917805555,
            0.3704319306693672,
            0.3739126386771868,
            0.37855362005716386,
            0.3824839779374062,
            0.39203264220592066,
            0.39217484127017427
        ],
        "y_sigma": 0.03981535,
        "y_chi2": 0.0016098766,
        "y_quality": 0.8229167
    }
}