{
    "x": {
        "x_gains": [
            0.26570467403749143,
            0.2692112151776976,
            0.2734395828405724,
            0.28210379241719674,
            0.2870660551623835,
            0.292508728606716,
            0.2931271531655036,
            0.30887849615708823,
            0.3113921930800994,
            0.3209583559742707,
            0.3216656102631916,
            0.33625945187490036,
            0.33877504297107336,
            0.3498048019244301,
            0.3519544948178924,
            0.36005625230841065,
            0.3651941357417838,
            0.3672253167483608,
            0.38224210220924465,
            0.3882355617718108,
            0.3958884921470371,
            0.39381443542565625,
            0.40135832500648594,
            0.399608543470816
        ],
        "x_sigma": 0.03970947,
        "x_chi2": 0.0016028323,
        "x_quality": 0.81901044
    },
    "y": {
        "y_gains": [
            0.29071024087581926,
            0.29326826453489574,
            0.2967057326247565,
            0.3022872808938659,
            0.312662574768174,
            0.3143060319256352,
            0.31072249256114814,
            0.32578740208785417,
            0.32716935365404,
            0.3361471765284293,
            0.343066236827543,
            0.35307434365156615,
            0.3559977522301924,
            0.3652776957932283,
            0.3684481626595473,
            0.3773625917142043,
            0.3806681777163092,
            0.38532310459757513,
            0.39999065621827073,
            0.39823978017164136,
            0.40794900050047184,
            0.41902030371262045,
            0.4262454679450621,
            0.4233129444653631
        ],
        "y_sigma": 0.040967997,
        "y_chi2": 0.0017001184,
        "y_quality": 0.82942706
    }
}