{
    "x": {
        "x_gains": [
            0.258545403908162,
            0.268148807357231,
            0.27237542310798224,
            0.27904538017351876,
            0.28357768986554305,
            0.29362619453375494,
            0.29301771028342727,
            0.299302606967609,
            0.30666801764150703,
            0.30421669282017577,
            0.30895928794029326,
            0.31107064980605675,
            0.32853961185673175,
            0.3331254075581158,
            0.32945452247659,
            0.33802452787100123,
            0.34961081673491884,
            0.3581287343873778,
            0.3662136957257112,
            0.3662668790428538,
            0.37591787397390863,
            0.38167075073453494,
            0.3842755963092635,
            0.3886765311474683
        ],
        "x_sigma": 0.041522194,
        "x_chi2": 0.0017728581,
        "x_quality": 0.81640625
    },
    "y": {
        "y_gains": [
            0.2656513119322865,
            0.2753976308037538,
            0.2779899999769268,
            0.28588446865441186,
            0.2883174961493757,
            0.29812886572520353,
            0.29955893242348897,
            0.30397174959512485,
            0.3161821386180438,
            0.31446726791969715,
            0.31812191004212254,
            0.32302028619080525,
            0.3393672490853459,
            0.34742529713374826,
            0.3466269866579113,
            0.354141382447549,
            0.36312231448353294,
            0.37172468731448616,
            0.3788449925405421,
            0.38143684206912704,
            0.38759497627298595,
            0.3943258404325786,
            0.39569651549252766,
            0.3986543661064696
        ],
        "y_sigma": 0.032803506,
        "y_chi2": 0.0010892223,
        "y_quality": 0.8229167
    }
}