{
    "x": {
        "x_gains": [
            0.26728948680953113,
            0.26411377810269643,
            0.25824924931462584,
            0.2571805451147398,
            0.2568085269265153,
            0.2674967125322772,
            0.2615511447570504,
            0.2626647347850533,
            0.2705983891007298,
            0.2678342525940551,
            0.26774153827634367,
            0.2719279134329452,
            0.27375849359680254,
            0.2741002884165465,
            0.27240678614337505,
            0.2815701364460724,
            0.28018540316424023,
            0.2877701154188379,
            0.29471607672072486,
            0.2984519239016835,
            0.30242537895714533,
            0.299850326710919,
            0.30093991057570557,
            0.30708255512216315
        ],
        "x_sigma": 0.026111724,
        "x_chi2": 0.0006838787,
        "x_quality": 0.8411458
    },
    "y": {
        "y_gains": [
            0.26943425219574096,
            0.2644152798503896,
            0.2604994159342595,
            0.25821238019913856,
            0.2536069887999545,
            0.2663494764022088,
            0.26534264226080423,
            0.2659871793647572,
            0.2720524342979768,
            0.2677255031833901,
            0.26583259033124335,
            0.2705676533718831,
            0.2716324113749006,
            0.2735651405789705,
            0.2711762040060752,
            0.2786214590347048,
            0.2769269658297602,
            0.2844331419562862,
            0.29005415891255215,
            0.2934333260209749,
            0.29631483902044475,
            0.29541273649562033,
            0.2955859703666197,
            0.30245333205577046
        ],
        "y_sigma": 0.02776835,
        "y_chi2": 0.0007734644,
        "y_quality": 0.83203125
    }
}