{
    "x": {
        "x_gains": [
            1.173652345185661,
            1.1899653553486444,
            1.185936453966987,
            1.2125375166686017,
            1.265738989684607,
            1.2401475547402991,
            1.2867224143441756,
            1.30827556511748,
            1.3671919326925943,
            1.386000617601875,
            1.3945935512878513,
            1.3966341953871686,
            1.4233693389790236,
            1.4454856759596941,
            1.4568960689389234,
            1.4618746027355767,
            1.5078867907548927,
            1.5630368054528727,
            1.6187360015757426,
            1.621109701466164,
            1.6811924496302135,
            1.6906162177770663,
            1.7327505977556372,
            1.789591307453934
        ],
        "x_sigma": 0.036410633,
        "x_chi2": 0.0013559846,
        "x_quality": 0.8229167
    },
    "y": {
        "y_gains": [
            1.168724420274704,
            1.1789442907559566,
            1.1894195894076,
            1.215590433546406,
            1.262313393788888,
            1.2358602754169001,
            1.2636116244182332,
            1.2819841258059226,
            1.3491112796900606,
            1.3585151320925017,
            1.376951863690578,
            1.3783318242897078,
            1.4014628525313235,
            1.4248857377002508,
            1.4369391357127224,
            1.4457239101048873,
            1.468825428775847,
            1.527573698174962,
            1.5773297586414168,
            1.601638027243222,
            1.6344364782555305,
            1.66936642168937,
            1.706107318244975,
            1.7723464575056807
        ],
        "y_sigma": 0.038288545,
        "y_chi2": 0.0014951276,
        "y_quality": 0.8229167
    }
}