{
    "x": {
        "x_gains": [
            0.23134406738960145,
            0.2318596273589167,
            0.23822401519145017,
            0.22063620582330876,
            0.22640202624379838,
            0.2028992476394448,
            0.2310124513401148,
            0.22653893163288377,
            0.24695894752023584,
            0.2711956116861769,
            0.2821068325033562,
            0.2868885533504122,
            0.29410159257188784,
            0.2971187385716991,
            0.2886836277728315,
            0.28638379374730816,
            0.29128815954994347,
            0.2983579274745583,
            0.3086007618673889,
            0.3150511463482516,
            0.31549919449900654,
            0.3164491669349101,
            0.3100175922582903,
            0.29728668817991694
        ],
        "x_sigma": 0.05672121,
        "x_chi2": 0.0032598262,
        "x_quality": 0.8072917
    },
    "y": {
        "y_gains": [
            0.2563327124784149,
            0.254157831505049,
            0.2668065800372382,
            0.27388606224778345,
            0.27592635029043316,
            0.27282926126566587,
            0.2727659682994119,
            0.2777051038948946,
            0.277045454293595,
            0.28434372458944535,
            0.2949185765200457,
            0.30297923725704173,
            0.30759617678868795,
            0.2976562900905816,
            0.30500047671574515,
            0.3141794857133162,
            0.31533446265115556,
            0.3345833926521807,
            0.33956416599730077,
            0.34369919803635024,
            0.33444413378300464,
            0.33110735377843986,
            0.3387139512245813,
            0.34710468871790356
        ],
        "y_sigma": 0.044495426,
        "y_chi2": 0.002001914,
        "y_quality": 0.83463544
    }
}