{
    "x": {
        "x_gains": [
            0.2618735428374051,
            0.2679938723737069,
            0.2609677844143045,
            0.26091743789512684,
            0.25847160056212404,
            0.26247673996749593,
            0.2618349392542941,
            0.2653504294723236,
            0.26614700576634104,
            0.27361935640240015,
            0.27258622174780106,
            0.2720848556481007,
            0.2735795925382151,
            0.2790962517289664,
            0.2850414494448918,
            0.2884242041669568,
            0.29478807316934763,
            0.29655644879346454,
            0.3044022624759039,
            0.3010135396793188,
            0.311176023812683,
            0.30864607153736917,
            0.30794344741765556,
            0.3125075197121931
        ],
        "x_sigma": 0.030228842,
        "x_chi2": 0.0009171597,
        "x_quality": 0.84244794
    },
    "y": {
        "y_gains": [
            0.2678792811663078,
            0.27058348894138806,
            0.2627740371893584,
            0.2600236990799815,
            0.26369037581547894,
            0.2696624947361881,
            0.2699518729800851,
            0.2669083503985636,
            0.2646350247683828,
            0.26932000012604174,
            0.2751271493242423,
            0.28043153252916037,
            0.2795286520781781,
            0.28649047846029935,
            0.2899713719963569,
            0.29324595620424426,
            0.29707698821448053,
            0.30187078077096413,
            0.30823214072153443,
            0.3090556997798318,
            0.31534398889080967,
            0.31871553051698015,
            0.3150633356070404,
            0.3188604183735663
        ],
        "y_sigma": 0.03318913,
        "y_chi2": 0.0011121563,
        "y_quality": 0.8307292
    }
}