{
    "x": {
        "x_gains": [
            1.1416486132063217,
            1.1132434671255307,
            1.133290140623967,
            1.1481880157875852,
            1.1621454366906747,
            1.2093413833706876,
            1.2294995549518988,
            1.236632925549504,
            1.2261763138540511,
            1.253760812276525,
            1.2523936373393647,
            1.2765821096974665,
            1.285058318516611,
            1.3069344767093167,
            1.3529247662890111,
            1.386874011358193,
            1.4259935378250848,
            1.4630134829859578,
            1.463835647559903,
            1.4811723882331755,
            1.5314954724016476,
            1.547975874486401,
            1.576969682442461,
            1.6068737430933153
        ],
        "x_sigma": 0.036020134,
        "x_chi2": 0.0013385474,
        "x_quality": 0.8255208
    },
    "y": {
        "y_gains": [
            1.1157730091027886,
            1.1059967364248302,
            1.1210821402310078,
            1.1199835586413591,
            1.1363889468447252,
            1.1672204349483541,
            1.192710606006121,
            1.1972286168863158,
            1.2083200569167079,
            1.2436180630051732,
            1.2492722052450294,
            1.2757248317669772,
            1.2686946920478344,
            1.291294683945102,
            1.3131954806377533,
            1.3535512379376589,
            1.3929894047136395,
            1.4255876126016414,
            1.4330246550458876,
            1.4461267880092372,
            1.4873916929709408,
            1.5132570319881502,
            1.552502128868544,
            1.5770788619862015
        ],
        "y_sigma": 0.035314005,
        "y_chi2": 0.0012800882,
        "y_quality": 0.82161456
    }
}