{
    "x": {
        "x_gains": [
            1.114246228582934,
            1.1057889489000552,
            1.1314700284904153,
            1.1378071775015834,
            1.1855774971700266,
            1.2119761422496398,
            1.2046789247565977,
            1.193955148358479,
            1.2283957886808905,
            1.2443456312343895,
            1.2826516616944674,
            1.2945538507863574,
            1.313116848950265,
            1.3091132716018352,
            1.369427048156176,
            1.3990416564653212,
            1.465945155825279,
            1.4881796125643434,
            1.489755561801273,
            1.5569841404038474,
            1.5786897096426526,
            1.582545260082293,
            1.6494117579141867,
            1.7008982069233156
        ],
        "x_sigma": 0.04052083,
        "x_chi2": 0.0016857289,
        "x_quality": 0.82421875
    },
    "y": {
        "y_gains": [
            1.0230355900782324,
            1.0345264941200618,
            1.051581878846621,
            1.0454860012769984,
            1.111635247130133,
            1.125331677445281,
            1.094329686953861,
            1.0989611673939188,
            1.1364316931252587,
            1.1312725883318848,
            1.200314050168086,
            1.216723376115355,
            1.218268075991664,
            1.2180698963830572,
            1.2727800583875124,
            1.2632455560000355,
            1.305555635339511,
            1.333771165948075,
            1.3386846807216957,
            1.3967716082593116,
            1.459097052088466,
            1.4471769557330276,
            1.498523804200482,
            1.5622787422731255
        ],
        "y_sigma": 0.04054579,
        "y_chi2": 0.0016855268,
        "y_quality": 0.82161456
    }
}