{
    "x": {
        "x_gains": [
            0.26235274796138797,
            0.2730748448723248,
            0.2781842203784296,
            0.2782296226850183,
            0.28269709995180015,
            0.2874622781218813,
            0.2990019494329099,
            0.29736064475875995,
            0.2999849197580837,
            0.30653934248537196,
            0.31228682520594375,
            0.3096152757737069,
            0.3257130697808658,
            0.32222621711125615,
            0.3291579212149982,
            0.33610130684926737,
            0.34266618967533063,
            0.3467015679578411,
            0.3567504825763778,
            0.3546278365262132,
            0.3642455941945663,
            0.37326322952198604,
            0.3794452245205852,
            0.38437843009701556
        ],
        "x_sigma": 0.039774947,
        "x_chi2": 0.0016140692,
        "x_quality": 0.8151042
    },
    "y": {
        "y_gains": [
            0.27690731195079066,
            0.28393057704318503,
            0.29077505946713433,
            0.2929520425788217,
            0.29738364545184276,
            0.30098148557538706,
            0.3156222636536061,
            0.31319148765580807,
            0.3174624741895072,
            0.32444101084917765,
            0.32739815052784765,
            0.3300583513459928,
            0.34393287448331394,
            0.3399057509333812,
            0.3474388165455645,
            0.35445938439549984,
            0.3600730804324046,
            0.36716472316587634,
            0.3751844875921612,
            0.370261253007771,
            0.3784205098769834,
            0.38943943075794185,
            0.3970359519230754,
            0.40012211727019087
        ],
        "y_sigma": 0.038655404,
        "y_chi2": 0.0015188314,
        "y_quality": 0.8255208
    }
}