{
    "x": {
        "x_gains": [
            0.26877439547598936,
            0.2744984892014902,
            0.28318379577011193,
            0.2827181038707445,
            0.29264422641474097,
            0.3038767840416068,
            0.3017617514928003,
            0.3084622960212096,
            0.30987176452819826,
            0.3212157063687566,
            0.33117497769039766,
            0.33275637814115366,
            0.3312323595996289,
            0.346278601010905,
            0.35269432363880093,
            0.3584821849948032,
            0.37234036809643256,
            0.3741654333550374,
            0.3770328195758456,
            0.3871733645787401,
            0.3966113211432464,
            0.40106165833701707,
            0.407906434095822,
            0.41176077720011406
        ],
        "x_sigma": 0.039394163,
        "x_chi2": 0.0015834766,
        "x_quality": 0.83463544
    },
    "y": {
        "y_gains": [
            0.2641882358088185,
            0.2713297322089502,
            0.2818045932006977,
            0.2789961384144482,
            0.2884277729986898,
            0.29739180841401125,
            0.3015352274107824,
            0.30467944979766237,
            0.3061597192392911,
            0.3176004246190637,
            0.3270274269727316,
            0.3299596063449913,
            0.3290101725668226,
            0.34248878931445936,
            0.3494532262622626,
            0.3519024638978864,
            0.3667814814964244,
            0.3685646764665557,
            0.3761175863932693,
            0.38118980774692046,
            0.3939230282281303,
            0.3955753160369872,
            0.4035833031453023,
            0.4050066599295159
        ],
        "y_sigma": 0.036570016,
        "y_chi2": 0.0013649531,
        "y_quality": 0.83203125
    }
}