{
    "x": {
        "x_gains": [
            0.27889969829746236,
            0.2809082110790367,
            0.2859722408461644,
            0.287539405118926,
            0.29597810448696,
            0.30233519776395307,
            0.3109102962235156,
            0.31996062180635304,
            0.32983070713328827,
            0.3311181199987298,
            0.33351229603138377,
            0.3370401344358725,
            0.34235788724100624,
            0.35212238421925507,
            0.357668949846408,
            0.36906235869524945,
            0.3803887824413147,
            0.38540502020871226,
            0.38841030266096016,
            0.39495086909926125,
            0.40296396111961924,
            0.41323429099140563,
            0.4089484797708319,
            0.4061028321408462
        ],
        "x_sigma": 0.035525437,
        "x_chi2": 0.0012870441,
        "x_quality": 0.82421875
    },
    "y": {
        "y_gains": [
            0.2852302743869603,
            0.28497556391534534,
            0.28987106998600737,
            0.293399508614503,
            0.3032105754997365,
            0.30550349266867993,
            0.3124001295835737,
            0.32134010649725275,
            0.3327607629804982,
            0.33189023035969867,
            0.3396812628044975,
            0.34049838407979377,
            0.3478312167108134,
            0.3556468161092217,
            0.3603903214584362,
            0.37181231360583955,
            0.38032641438449266,
            0.38922129468625355,
            0.39058496504108325,
            0.3974802613289625,
            0.4088492977400037,
            0.41259907586884187,
            0.40812338582099367,
            0.40979970424755346
        ],
        "y_sigma": 0.03264491,
        "y_chi2": 0.0010796204,
        "y_quality": 0.8229167
    }
}