{
    "x": {
        "x_gains": [
            0.26076059903176463,
            0.2691792214098693,
            0.2735134373732863,
            0.28046203315341695,
            0.28741641499527315,
            0.2804625680353109,
            0.2839646577586954,
            0.2896291784946396,
            0.2958930225998948,
            0.29831244649020494,
            0.3037888176794399,
            0.31573450264553937,
            0.31943858540839043,
            0.32494160799304367,
            0.3347874827647219,
            0.3441222542485334,
            0.3520639573467474,
            0.35330919995958143,
            0.35845936316468,
            0.3726068394221017,
            0.3739257254131028,
            0.38305795935065545,
            0.3876618551240194,
            0.3885404954194378
        ],
        "x_sigma": 0.034135707,
        "x_chi2": 0.0011855135,
        "x_quality": 0.82161456
    },
    "y": {
        "y_gains": [
            0.2787528086436117,
            0.2864138146318908,
            0.2903221376697706,
            0.29756540614092275,
            0.3085847728350109,
            0.30273520959130534,
            0.30678607107791495,
            0.30994618869245016,
            0.31848766767977593,
            0.32120068413176117,
            0.3282618734042985,
            0.3407780152924816,
            0.3455248314875397,
            0.3520422676028174,
            0.36332018259600407,
            0.37140756037229894,
            0.37975115210803284,
            0.3763995381728226,
            0.3839294356125957,
            0.39443602235884256,
            0.3985251699331251,
            0.4072029975352817,
            0.4113377010541557,
            0.4137829614852061
        ],
        "y_sigma": 0.031399127,
        "y_chi2": 0.0010014056,
        "y_quality": 0.828125
    }
}