{
    "x": {
        "x_gains": [
            0.8204022218789294,
            0.8299388144207845,
            0.840035415893134,
            0.8473289480106072,
            0.8789945357304687,
            0.9029666608455416,
            0.906657769331757,
            0.9124080931327786,
            0.9603511351062312,
            0.9861275520487983,
            0.982022988961767,
            0.9891299563447494,
            1.0091306545273901,
            1.0248794613643504,
            1.048417932098374,
            1.0853794535954535,
            1.1230970524317858,
            1.1357792908250897,
            1.1883803261497923,
            1.2438404554207394,
            1.283907103928621,
            1.328692017242277,
            1.3466443743156944,
            1.3699115235792938
        ],
        "x_sigma": 0.040435597,
        "x_chi2": 0.0016855124,
        "x_quality": 0.8203125
    },
    "y": {
        "y_gains": [
            0.8514893570642281,
            0.8669810108617115,
            0.8657003546168363,
            0.881148954794327,
            0.8911925225382589,
            0.9051244890119697,
            0.9144358698808966,
            0.9242320140291026,
            0.9678344105007711,
            0.9948612432203937,
            1.0066595157601306,
            1.0071762719422668,
            1.0373191109967754,
            1.0479927219001448,
            1.0627630218918342,
            1.0937985885841772,
            1.114607585568926,
            1.1204872237004562,
            1.1678700633373307,
            1.2351194964526502,
            1.2813136560628438,
            1.3402782980663672,
            1.354655429167709,
            1.379788094076215
        ],
        "y_sigma": 0.040220022,
        "y_chi2": 0.0016621258,
        "y_quality": 0.81901044
    }
}