{
    "x": {
        "x_gains": [
            0.8295743246746513,
            0.8420065622623436,
            0.8464660423641017,
            0.8746961087044333,
            0.9107750148911715,
            0.8833990155224691,
            0.9014295771664284,
            0.9171623547042861,
            0.9694541478725861,
            1.0059166002594058,
            1.0245536327188334,
            1.0334562870726607,
            1.0445708565524896,
            1.0559365491951334,
            1.0631209569908675,
            1.0841915622076104,
            1.1322521457593477,
            1.1498376032610222,
            1.1689988017411583,
            1.2505721367525644,
            1.3175063925410166,
            1.3314682126610378,
            1.3781526965624737,
            1.381503982599681
        ],
        "x_sigma": 0.03746812,
        "x_chi2": 0.0014374522,
        "x_quality": 0.84505206
    },
    "y": {
        "y_gains": [
            0.9485930846805252,
            0.9476313338849178,
            0.9529325642024021,
            0.9843345130910585,
            1.016273175855707,
            0.9909106736636852,
            1.0084538687819995,
            1.0315951814189077,
            1.062844733689372,
            1.0990839212452295,
            1.1233047590064216,
            1.1239813848451004,
            1.1436143593316828,
            1.1578968734665465,
            1.1778070528264128,
            1.1985184490222043,
            1.2392139591504272,
            1.2400498400831725,
            1.256941933179207,
            1.3547877521768052,
            1.4286387786852808,
            1.4466503209646902,
            1.5210292792964766,
            1.51832043393598
        ],
        "y_sigma": 0.040284205,
        "y_chi2": 0.0016667213,
        "y_quality": 0.8385417
    }
}