{
    "x": {
        "x_gains": [
            1.248381395496901,
            1.2442836055805124,
            1.2834281701189174,
            1.3433278718099824,
            1.3429035804629552,
            1.372473721931883,
            1.3822246463370909,
            1.4055127865823003,
            1.4339488597052255,
            1.4497305987374325,
            1.4715974481676153,
            1.501192246882474,
            1.511105187578776,
            1.545919051968233,
            1.5747624785753565,
            1.5983921453731262,
            1.6378987226945085,
            1.6273235434091404,
            1.7100326676090658,
            1.7394011763570156,
            1.776285066753681,
            1.8167563251052743,
            1.8357846565852716,
            1.857210592266315
        ],
        "x_sigma": 0.036839325,
        "x_chi2": 0.001386048,
        "x_quality": 0.8333333
    },
    "y": {
        "y_gains": [
            1.225281627918973,
            1.2088952202761227,
            1.2502578656847976,
            1.2978787469759425,
            1.2937939550323798,
            1.311969570702565,
            1.3116641862659684,
            1.3424056688180508,
            1.3646493055982007,
            1.395899211051725,
            1.4080806368354457,
            1.444585275457854,
            1.4550477899533751,
            1.4743859282130043,
            1.5143745950940926,
            1.5252086485431207,
            1.5380266318539466,
            1.549222293507104,
            1.6270829916459049,
            1.6633059569805873,
            1.7056120435313127,
            1.7487750355508478,
            1.7769605338842387,
            1.793622045021133
        ],
        "y_sigma": 0.03645797,
        "y_chi2": 0.0013555172,
        "y_quality": 0.83203125
    }
}