{
    "x": {
        "x_gains": [
            1.3026666498188448,
            1.3155561355696384,
            1.3296499547573306,
            1.388153553103953,
            1.37827711226136,
            1.390973862112789,
            1.431299485390583,
            1.415832175182614,
            1.4674611188105533,
            1.4348095706389752,
            1.4801364212136703,
            1.5429193886336214,
            1.553986823124132,
            1.5185747507791048,
            1.5759170375495484,
            1.5733054124066144,
            1.588698381005141,
            1.6659855562384245,
            1.6389877152953776,
            1.7095560077901049,
            1.7386623566385955,
            1.791613814059152,
            1.822707601155487,
            1.8394793096286994
        ],
        "x_sigma": 0.038741358,
        "x_chi2": 0.0015370667,
        "x_quality": 0.82682294
    },
    "y": {
        "y_gains": [
            1.3646899787375844,
            1.3845028990798456,
            1.4075142116709953,
            1.4614956475855794,
            1.4489693987805763,
            1.468990707899277,
            1.5155517585932166,
            1.4932417446540787,
            1.529282549326244,
            1.5114005852989452,
            1.5580155929316573,
            1.6252400032543806,
            1.6325777360868214,
            1.599338641484973,
            1.6458683766141855,
            1.6520259992547712,
            1.6589269430140345,
            1.7473097894289018,
            1.7486071557131526,
            1.804159041238132,
            1.8324706244880307,
            1.9120144487107857,
            1.9416446467983348,
            1.945230101268679
        ],
        "y_sigma": 0.03667244,
        "y_chi2": 0.0013707797,
        "y_quality": 0.8255208
    }
}