{
    "x": {
        "x_gains": [
            0.7448456679775951,
            0.756996254004037,
            0.7642290079474467,
            0.761742024789523,
            0.7482833258080974,
            0.7718330935633828,
            0.7710735163080507,
            0.7682534916929135,
            0.7573722998352109,
            0.7871788093983482,
            0.7971753844039491,
            0.7995927194524197,
            0.8007584784307696,
            0.8127155524824071,
            0.8293965335703638,
            0.821926162591954,
            0.8304730457515906,
            0.8192868648570749,
            0.8528527155768603,
            0.850106790415012,
            0.8765000860723084,
            0.8838989063607221,
            0.896674413933603,
            0.912249947728078
        ],
        "x_sigma": 0.045261104,
        "x_chi2": 0.0020966118,
        "x_quality": 0.82682294
    },
    "y": {
        "y_gains": [
            1.0963840300833745,
            1.1119693784982974,
            1.125979672688969,
            1.103529860966273,
            1.085310789489147,
            1.1102707595095802,
            1.114948640448352,
            1.1159802569700779,
            1.124214202377893,
            1.163944667606909,
            1.1811524681804908,
            1.1711734945261576,
            1.1806691170667079,
            1.201342476190293,
            1.2239450704223112,
            1.2285524835901016,
            1.2354356040928005,
            1.2328696765272982,
            1.273698660168358,
            1.264849923090168,
            1.311730186545085,
            1.310021071688938,
            1.3403323702598475,
            1.3530499776070228
        ],
        "y_sigma": 0.036955595,
        "y_chi2": 0.0013858475,
        "y_quality": 0.82942706
    }
}