{
    "x": {
        "x_gains": [
            1.0371880669853393,
            1.0232313944172802,
            1.0628223673092845,
            1.0269599582150533,
            1.0418383529452457,
            1.0510403039272227,
            1.0462610167623152,
            1.0627194714968542,
            1.0897971015756287,
            1.103469389417062,
            1.1021279114224207,
            1.1305086933009616,
            1.1155717868771498,
            1.139394425535561,
            1.1532915581145404,
            1.1686054610335521,
            1.192248169317839,
            1.2233812128038588,
            1.2445787704482736,
            1.2317647999312182,
            1.2448506751821093,
            1.2578754797615697,
            1.3113070466100154,
            1.3212593133917427
        ],
        "x_sigma": 0.04053955,
        "x_chi2": 0.0016738982,
        "x_quality": 0.82682294
    },
    "y": {
        "y_gains": [
            1.0478790942849858,
            1.0385948385139259,
            1.0795617583815555,
            1.0448802175440612,
            1.0630922613230036,
            1.06858185029756,
            1.070569993411177,
            1.073392296632734,
            1.1185931319947726,
            1.1308966506346987,
            1.1116779433424444,
            1.1367799820320557,
            1.1130260476922536,
            1.1555800127645368,
            1.1722444951281286,
            1.1770426309539377,
            1.2021219905462002,
            1.2331406551059731,
            1.250217694155995,
            1.2384879449298904,
            1.2550589858897483,
            1.2599257898670064,
            1.3056706293857314,
            1.3330583145159933
        ],
        "y_sigma": 0.04276991,
        "y_chi2": 0.0018687163,
        "y_quality": 0.828125
    }
}