{
    "x": {
        "x_gains": [
            0.5883765044787219,
            0.5969313193507345,
            0.600238078431429,
            0.61282947474447,
            0.6094725441760936,
            0.616544325776103,
            0.6270812434544476,
            0.6349139431292343,
            0.6206006011261542,
            0.6124418792656576,
            0.6269437607622733,
            0.6410901198973153,
            0.6545072313231453,
            0.6746401941452566,
            0.6624450369352854,
            0.6741738622928424,
            0.6712880372779673,
            0.6777067352867326,
            0.6967356887876764,
            0.7150304184665472,
            0.7227983688175532,
            0.731621378327853,
            0.7362755838278835,
            0.7446844794201232
        ],
        "x_sigma": 0.0418752,
        "x_chi2": 0.0017818181,
        "x_quality": 0.8411458
    },
    "y": {
        "y_gains": [
            0.7926531830019012,
            0.7958430253749774,
            0.8085228659160233,
            0.781945626159772,
            0.8024781810194972,
            0.7990997023113878,
            0.7982771263747729,
            0.8164755623965321,
            0.8030387629219978,
            0.7911339203810733,
            0.8176581453060291,
            0.8169146424679121,
            0.8291490327396129,
            0.8526504853499726,
            0.859598509043578,
            0.8725741565872717,
            0.881937574518213,
            0.88742861524219,
            0.8994184000857685,
            0.9111790000211394,
            0.9313905148121361,
            0.978667782608917,
            0.9514535117435527,
            0.9752589483178099
        ],
        "y_sigma": 0.048333965,
        "y_chi2": 0.002374594,
        "y_quality": 0.828125
    }
}