{
    "x": {
        "x_gains": [
            0.65877654391859,
            0.6790716303090584,
            0.6754145458087083,
            0.6581434891016373,
            0.6610403320537797,
            0.6602835297093583,
            0.6593252992347871,
            0.6476135311853115,
            0.6467940070395767,
            0.6544498334752399,
            0.6531936761707435,
            0.6460475425094437,
            0.6463582624235229,
            0.6549848803290226,
            0.6651618488439653,
            0.6488630750970764,
            0.6660603297464874,
            0.6652777884037424,
            0.6676735629111075,
            0.6499118946939958,
            0.6531972601510283,
            0.6654833042550404,
            0.6830603892324,
            0.6679147767461463
        ],
        "x_sigma": 0.041606117,
        "x_chi2": 0.0017664776,
        "x_quality": 0.82421875
    },
    "y": {
        "y_gains": [
            1.3328035172791446,
            1.3722324644128663,
            1.3768293932147644,
            1.3425330860566393,
            1.3428168430053744,
            1.3240397395168955,
            1.3341064747175617,
            1.3203770019638628,
            1.308418258401092,
            1.3312199595239909,
            1.32259999351926,
            1.3078946088061068,
            1.3000649486447042,
            1.3028567348768625,
            1.3106903020477936,
            1.2777093635397456,
            1.3079915037057492,
            1.3111511041334563,
            1.3351262120175618,
            1.2930907960512628,
            1.2953795753616213,
            1.308703704115703,
            1.3492849396997815,
            1.3256655072838028
        ],
        "y_sigma": 0.044463065,
        "y_chi2": 0.0020268834,
        "y_quality": 0.82942706
    }
}