{
    "x": {
        "x_gains": [
            1.7169552264606427,
            1.7449141423720815,
            1.6801391424032173,
            1.7173930180073809,
            1.6962620863338373,
            1.6916719749923514,
            1.653766734879032,
            1.6286690044581558,
            1.6064819619385868,
            1.621459379272596,
            1.5993781617707035,
            1.6023206730772313,
            1.6211646284574375,
            1.6147867964696887,
            1.645026209791344,
            1.620017716513748,
            1.6571057190363996,
            1.6288011127969202,
            1.654836790066743,
            1.6274958258800807,
            1.6519591368084001,
            1.683882257900881,
            1.7058465502324043,
            1.6892451168991407
        ],
        "x_sigma": 0.04824993,
        "x_chi2": 0.0023865646,
        "x_quality": 0.82682294
    },
    "y": {
        "y_gains": [
            0.5523893213422133,
            0.5681018643001209,
            0.5479419328399627,
            0.558343551020317,
            0.543356153386182,
            0.5511733902746888,
            0.5538128296501642,
            0.5442659379163464,
            0.5408806228867794,
            0.5380155897549349,
            0.5309253673432798,
            0.5325567945193516,
            0.5439293083362279,
            0.5340364385878923,
            0.5484936690940985,
            0.5390113507705302,
            0.555446009259285,
            0.5502207072812082,
            0.5557513344006353,
            0.5439203735384044,
            0.5487440866651291,
            0.5555389819759265,
            0.5687022453615792,
            0.5572488801108569
        ],
        "y_sigma": 0.040652886,
        "y_chi2": 0.0016899895,
        "y_quality": 0.82682294
    }
}