{
    "x": {
        "x_gains": [
            1.4652155269768523,
            1.4465561512232694,
            1.4793598602774198,
            1.5156045201571082,
            1.5114726822473301,
            1.5185886795652757,
            1.5033009482221062,
            1.54456554267345,
            1.5460432393662682,
            1.5690549723116713,
            1.5923205057108019,
            1.6131022618113364,
            1.6134541423256943,
            1.6255300548722051,
            1.6742550603019795,
            1.7254189058290517,
            1.7520538889726955,
            1.748000671791618,
            1.8120022316619486,
            1.8272741349382744,
            1.807277690385861,
            1.8260464341695652,
            1.8676795366720371,
            1.8992877594930389
        ],
        "x_sigma": 0.033925146,
        "x_chi2": 0.0011543591,
        "x_quality": 0.83463544
    },
    "y": {
        "y_gains": [
            0.6889885640989143,
            0.6729043101808942,
            0.6977906900068349,
            0.7042489097346566,
            0.7032276107975536,
            0.6954339890580417,
            0.7011548862362174,
            0.7317949539810743,
            0.7426114615247061,
            0.7585217261102445,
            0.7750043128990014,
            0.7789619817478302,
            0.7725230843416755,
            0.7675843598238977,
            0.7954328789476041,
            0.8098797555329365,
            0.8217937061121071,
            0.8227710781814357,
            0.8560441122955242,
            0.8710190618166583,
            0.8496714532907987,
            0.8569332023139595,
            0.8721519442185571,
            0.8880125586288091
        ],
        "y_sigma": 0.033504087,
        "y_chi2": 0.0011286582,
        "y_quality": 0.828125
    }
}