{
    "x": {
        "x_gains": [
            0.2946365106198047,
            0.3034216710129293,
            0.298273625068204,
            0.3096522444275911,
            0.31012937108740785,
            0.323138392450479,
            0.33499030705546534,
            0.3380922065351195,
            0.33479280677567075,
            0.3438599169715844,
            0.34993729823490227,
            0.35663341904066537,
            0.35745018770781706,
            0.3583227242932738,
            0.3607662646600077,
            0.3761949267556001,
            0.38685831472834986,
            0.387576273557225,
            0.3968911201049285,
            0.39515295896858127,
            0.40872764310883153,
            0.41601830214277713,
            0.41656804418220655,
            0.41234685231731505
        ],
        "x_sigma": 0.03352347,
        "x_chi2": 0.0011505592,
        "x_quality": 0.8229167
    },
    "y": {
        "y_gains": [
            0.2725424641599846,
            0.28094205940868217,
            0.278711515548772,
            0.2891708105084788,
            0.28878170852037727,
            0.29859379640334216,
            0.3099951904246206,
            0.30942936799701387,
            0.30750191197001314,
            0.31372192729921,
            0.3237416034377732,
            0.3275560632674536,
            0.3291038334771462,
            0.3297783230112718,
            0.33192784021524857,
            0.34233694328781156,
            0.3504304126500333,
            0.35229981672658933,
            0.35603343153922157,
            0.35635109591503333,
            0.3700464152919165,
            0.3752482924138829,
            0.37823991803389684,
            0.37235749059648393
        ],
        "y_sigma": 0.03476745,
        "y_chi2": 0.0012333596,
        "y_quality": 0.8255208
    }
}