{
    "x": {
        "x_gains": [
            0.24773845755558943,
            0.24082665386560614,
            0.24617784281249325,
            0.23796265889956544,
            0.2471263529858918,
            0.248909750402263,
            0.24519142830381968,
            0.2534960592136375,
            0.2509759324621758,
            0.25777540853535624,
            0.2623448053393674,
            0.25808126643574414,
            0.2589982868299319,
            0.26193687598941745,
            0.2641911323506691,
            0.2702066110532824,
            0.26771973331366483,
            0.2718512838639028,
            0.2797994062097001,
            0.2746566709216478,
            0.2808850372933873,
            0.28116195237735087,
            0.27950622876835746,
            0.28418274371334484
        ],
        "x_sigma": 0.04473877,
        "x_chi2": 0.0020490414,
        "x_quality": 0.81640625
    },
    "y": {
        "y_gains": [
            0.2281651641990604,
            0.2273118352407448,
            0.23301510382931664,
            0.22545522001656373,
            0.23430394915791747,
            0.23768760385462742,
            0.23837036857994404,
            0.2394628560782737,
            0.24237355844084582,
            0.24825341311205018,
            0.2486655178485519,
            0.25015733645676447,
            0.25343897683643785,
            0.25790816720630083,
            0.2598418005165915,
            0.2625011307236206,
            0.26387135427090963,
            0.26692879786427065,
            0.27076252385654753,
            0.26821539240931125,
            0.2757246782106891,
            0.27704230740780655,
            0.27341192103316897,
            0.2783352523621199
        ],
        "y_sigma": 0.04126824,
        "y_chi2": 0.0017327563,
        "y_quality": 0.8229167
    }
}