{
    "x": {
        "x_gains": [
            1.3323027882446075,
            1.346942662401887,
            1.3491168128205384,
            1.3946758833915398,
            1.3833095404092384,
            1.395990486380675,
            1.4537451017875977,
            1.4582254854068086,
            1.4333284409055884,
            1.443496356037799,
            1.4953748429949876,
            1.4890272982778983,
            1.51505808656951,
            1.5503183733811576,
            1.5489060502516236,
            1.5544310455942607,
            1.5674670581906784,
            1.5895377894329754,
            1.6342570611835119,
            1.6695325305575375,
            1.672246954754683,
            1.6684979822436774,
            1.6607581321014846,
            1.694222633052386
        ],
        "x_sigma": 0.03909514,
        "x_chi2": 0.0015665609,
        "x_quality": 0.82682294
    },
    "y": {
        "y_gains": [
            1.4168757266801382,
            1.441114144944609,
            1.443522194153735,
            1.4998183719951514,
            1.4683761697818758,
            1.4585249470482518,
            1.5144190870112515,
            1.534426704425839,
            1.5181854938469155,
            1.5300447388141718,
            1.5758456894080635,
            1.5937245502110886,
            1.620545036615729,
            1.6319645720074991,
            1.6391334589838404,
            1.630829727025197,
            1.656536476759282,
            1.6739570285187035,
            1.709681980345154,
            1.7567041980662903,
            1.7754195786950646,
            1.7737662595388273,
            1.7693257793030783,
            1.8072675650593732
        ],
        "y_sigma": 0.0374942,
        "y_chi2": 0.001433291,
        "y_quality": 0.8255208
    }
}