{
    "x": {
        "x_gains": [
            1.3095802539917807,
            1.3274365768723966,
            1.3488523289958738,
            1.38161926883603,
            1.3832304581039343,
            1.3866367596850337,
            1.350640257507669,
            1.3779513996541342,
            1.4198561486941512,
            1.4283470556539433,
            1.4377996374444435,
            1.5096865413679172,
            1.506870235794301,
            1.5183686161709902,
            1.5266257965532668,
            1.5102039953352817,
            1.5525907110826642,
            1.581397452463588,
            1.5897964826802087,
            1.6535483784023102,
            1.6974213962343387,
            1.6876959204001594,
            1.762601978422015,
            1.7460685520482082
        ],
        "x_sigma": 0.035698246,
        "x_chi2": 0.001297488,
        "x_quality": 0.83463544
    },
    "y": {
        "y_gains": [
            1.2828579365430217,
            1.2993316601752922,
            1.306846636176105,
            1.3443201934100348,
            1.3441624436443091,
            1.3553928948542442,
            1.3418546470841766,
            1.3723507283820109,
            1.4121272072430828,
            1.3989653252454486,
            1.424164737350697,
            1.4736280265188206,
            1.4712936556920078,
            1.472900754459535,
            1.4821531713409084,
            1.4605372261947294,
            1.4935058631306422,
            1.5127878986649947,
            1.513057649690387,
            1.5742670558926517,
            1.6164466332568699,
            1.6004546827735573,
            1.6729572648085576,
            1.6523244900926624
        ],
        "y_sigma": 0.038201667,
        "y_chi2": 0.0014942085,
        "y_quality": 0.83984375
    }
}