{
    "x": {
        "x_gains": [
            1.162418453439445,
            1.172166118444573,
            1.1741330964402399,
            1.2322142199492525,
            1.2060892163973231,
            1.2219502839751362,
            1.1987513709819742,
            1.2119922267666543,
            1.2715171375016217,
            1.2823682571794668,
            1.3017448457738268,
            1.3177053479071545,
            1.3178488379149644,
            1.3503119760789533,
            1.3867579042427025,
            1.3917074831276344,
            1.4119413015337041,
            1.4366554270887097,
            1.4600603413737883,
            1.5077114161948408,
            1.5440967790450009,
            1.558339112823518,
            1.5841644388034108,
            1.598898780849273
        ],
        "x_sigma": 0.038769476,
        "x_chi2": 0.0015331948,
        "x_quality": 0.82161456
    },
    "y": {
        "y_gains": [
            1.2478606988144698,
            1.252917889149092,
            1.2566523404948777,
            1.3257975003413929,
            1.2986599102413021,
            1.3278489630229917,
            1.3160227213954896,
            1.3285607004437725,
            1.3732190670423814,
            1.3940983633982262,
            1.426442239373954,
            1.4224005672305877,
            1.4426121667024916,
            1.4706410702372734,
            1.5023470792832874,
            1.511095231850817,
            1.5345141307038062,
            1.5617146283544752,
            1.5957423042135894,
            1.6491156782087175,
            1.6989520506971367,
            1.7152655719956136,
            1.7444704560495845,
            1.7723296207694914
        ],
        "y_sigma": 0.036412556,
        "y_chi2": 0.0013523474,
        "y_quality": 0.82682294
    }
}