{
    "x": {
        "x_gains": [
            0.2841697258248076,
            0.283903887405081,
            0.2970793446346475,
            0.2980672485018842,
            0.3215561878922262,
            0.31421321811427894,
            0.30716659914632877,
            0.32614908437721424,
            0.3321739466074892,
            0.3352173329619572,
            0.3349760895742142,
            0.35222064904826106,
            0.3541546394275473,
            0.36692424504052346,
            0.3589262076431182,
            0.3724151779742342,
            0.38270723577681953,
            0.38711476129361827,
            0.3840176758727992,
            0.3890788220389652,
            0.3970556418291289,
            0.3938401199731527,
            0.4005832010707749,
            0.41459431697327576
        ],
        "x_sigma": 0.040282525,
        "x_chi2": 0.0016465955,
        "x_quality": 0.8255208
    },
    "y": {
        "y_gains": [
            0.30696800487833553,
            0.3012632389377193,
            0.3105972714091826,
            0.31261777874814334,
            0.3280432854427315,
            0.32489118744350143,
            0.32718826867771406,
            0.3365512229783444,
            0.3446158494756566,
            0.35024733766491223,
            0.3527675069518129,
            0.35717653378747144,
            0.3547442412859649,
            0.3639784636854865,
            0.3637859524199987,
            0.37991536397487513,
            0.3858994501936173,
            0.3923033996031851,
            0.3961702224594842,
            0.4005359651857343,
            0.40466288182775545,
            0.40463434185880354,
            0.4084589395629857,
            0.41508036786082525
        ],
        "y_sigma": 0.036694877,
        "y_chi2": 0.0013644898,
        "y_quality": 0.82942706
    }
}