{
    "x": {
        "x_gains": [
            0.25094390038691533,
            0.25940335205680787,
            0.2634765627058411,
            0.27101728914143486,
            0.27588898050855387,
            0.2754272737726444,
            0.2872271109074352,
            0.2930844038534269,
            0.2918201811047717,
            0.2948372233173787,
            0.30287352468034573,
            0.308863956978463,
            0.31133868723793456,
            0.32175611915787417,
            0.3163138754750718,
            0.3300417281658172,
            0.3307528437468,
            0.3343819775069269,
            0.3400639354204984,
            0.34904513467732,
            0.3567261245880259,
            0.3656161551739311,
            0.3633684619793952,
            0.3631854589839771
        ],
        "x_sigma": 0.039285257,
        "x_chi2": 0.0015790793,
        "x_quality": 0.8072917
    },
    "y": {
        "y_gains": [
            0.28562321271274643,
            0.29155069751755075,
            0.29658400475008945,
            0.30255972180964846,
            0.30578148390372384,
            0.3059646617546896,
            0.3175494329202227,
            0.3241949267384305,
            0.3260597872355549,
            0.32841657593337714,
            0.3390005179927915,
            0.34283938965400546,
            0.34440107516505253,
            0.35560174269034833,
            0.35167370307134227,
            0.36530502385003444,
            0.36742193184132105,
            0.37079592048845095,
            0.37942868209165675,
            0.38809390009531586,
            0.39487858273338117,
            0.40221850858342345,
            0.40299721927888726,
            0.40453761754851825
        ],
        "y_sigma": 0.03431167,
        "y_chi2": 0.0011949167,
        "y_quality": 0.82161456
    }
}