{
    "x": {
        "x_gains": [
            0.2936382825625402,
            0.2990832738755785,
            0.29736914248582225,
            0.3032083874231829,
            0.31241938603529706,
            0.3131917623049912,
            0.3199124310100845,
            0.3233136493517335,
            0.322112854171136,
            0.32127827630349426,
            0.3296213573543799,
            0.3373953825485005,
            0.3474436572336293,
            0.3522318643738251,
            0.3568631274313977,
            0.3514819886569733,
            0.355976335405175,
            0.3516704875665141,
            0.34571586138840593,
            0.3482047035560997,
            0.3552352943600429,
            0.3622295956068795,
            0.36136417142899474,
            0.3567186167878916
        ],
        "x_sigma": 0.024659958,
        "x_chi2": 0.0006100062,
        "x_quality": 0.8098958
    },
    "y": {
        "y_gains": [
            0.30936576707535846,
            0.3157208160385417,
            0.317514063015365,
            0.3216836458800914,
            0.33075542554662296,
            0.327133103295516,
            0.33309317315548825,
            0.33597017283683167,
            0.33396690194300943,
            0.332054877779897,
            0.3384051695315146,
            0.34629043642083346,
            0.3559934052933656,
            0.36666757111334203,
            0.37494371157529977,
            0.37156245281156847,
            0.36701288215216354,
            0.36402944925438574,
            0.3583562514101319,
            0.362095377877848,
            0.362084797362864,
            0.36931088582982935,
            0.37379930057665267,
            0.37775597538179423
        ],
        "y_sigma": 0.023430696,
        "y_chi2": 0.00055069267,
        "y_quality": 0.81901044
    }
}