{
    "x": {
        "x_gains": [
            0.34666006718341436,
            0.35054712518931735,
            0.34309008337912444,
            0.36271736971872176,
            0.3508406686223227,
            0.34970263386232153,
            0.34742759053129185,
            0.35007775051800133,
            0.3515255170439432,
            0.35600111072346546,
            0.3673329891178337,
            0.38964768446018794,
            0.3914187084599557,
            0.39065989996840733,
            0.3827746068091392,
            0.39655036082513884,
            0.40674104957168744,
            0.40009229329021617,
            0.4110752215037724,
            0.4037398910596727,
            0.4020875905194662,
            0.42707516463106987,
            0.4354705575090039,
            0.4380698851135442
        ],
        "x_sigma": 0.03764127,
        "x_chi2": 0.0014211953,
        "x_quality": 0.8203125
    },
    "y": {
        "y_gains": [
            0.36702104506012795,
            0.3643473444197672,
            0.35839399778935416,
            0.3761990734141582,
            0.3799548727597623,
            0.39170482002181956,
            0.40445953851490224,
            0.4027984178400386,
            0.38533131537892346,
            0.3984788627285744,
            0.41212689997197954,
            0.3980648633956828,
            0.39022124295767724,
            0.4206471277477985,
            0.43361847506095375,
            0.433862894813065,
            0.45361167429520544,
            0.44467654583796984,
            0.4430805833315389,
            0.4317028406305935,
            0.4357648226058057,
            0.4624000764994686,
            0.4710749610279684,
            0.47165659852769565
        ],
        "y_sigma": 0.044540983,
        "y_chi2": 0.0019900047,
        "y_quality": 0.8072917
    }
}