{
    "x": {
        "x_gains": [
            0.395666627442915,
            0.39972000413150593,
            0.4139897914257332,
            0.4141025951602587,
            0.4290092263582239,
            0.42558936040217854,
            0.42636359605289637,
            0.4380809583248766,
            0.4299186585299688,
            0.4431331641746335,
            0.4489259625915382,
            0.4556913110603572,
            0.4655432580234868,
            0.4849014537200112,
            0.4738042625516198,
            0.48160636914791066,
            0.4773262626675827,
            0.464432979348709,
            0.4655116391875146,
            0.47492310994849934,
            0.48742112307675817,
            0.49790387447883155,
            0.5013840707272426,
            0.5161257290533986
        ],
        "x_sigma": 0.026960956,
        "x_chi2": 0.00072925724,
        "x_quality": 0.82161456
    },
    "y": {
        "y_gains": [
            0.4574969754874951,
            0.4576067396320613,
            0.47215724158184946,
            0.47286920054888765,
            0.4867302962693243,
            0.48530812164112186,
            0.4852555112894694,
            0.5034627919096147,
            0.49640651325057905,
            0.5103519535073453,
            0.5168772838222786,
            0.5205033558933367,
            0.5258752444070933,
            0.5470737843883743,
            0.5360968195144817,
            0.5450649330404082,
            0.5535420157210361,
            0.5384655272484826,
            0.5427555700290374,
            0.5535397483054765,
            0.5619364058817209,
            0.5696864052941641,
            0.5750339686941157,
            0.5907765716680217
        ],
        "y_sigma": 0.028561534,
        "y_chi2": 0.0008183249,
        "y_quality": 0.82421875
    }
}