{
    "x": {
        "x_gains": [
            0.3779326629815713,
            0.37567046847685237,
            0.3851241929241132,
            0.3992477055334175,
            0.3970409018037648,
            0.3974430580349931,
            0.3954145045236803,
            0.40423464899719286,
            0.39821085455890104,
            0.41653609995500157,
            0.41857361830941464,
            0.42879807898460615,
            0.42722654990849873,
            0.44035978451258156,
            0.4448774387124606,
            0.44989659126849696,
            0.44478331002224003,
            0.45079126489143867,
            0.446074380404916,
            0.455464416113748,
            0.4508578065713607,
            0.4679507109387971,
            0.4717830341536949,
            0.48248106430690973
        ],
        "x_sigma": 0.02749297,
        "x_chi2": 0.00075831776,
        "x_quality": 0.82682294
    },
    "y": {
        "y_gains": [
            0.38598645303345785,
            0.3841879607326095,
            0.3970356051207747,
            0.41207401591058984,
            0.4071654440642017,
            0.4100128920353643,
            0.4105665880500078,
            0.41572838502368425,
            0.4045402359764105,
            0.42108135375970906,
            0.42736080089465417,
            0.4399496064122831,
            0.4394444069207748,
            0.44993090186174656,
            0.4569325950399235,
            0.45391745973990444,
            0.4473284805052235,
            0.4498784360983897,
            0.443730354115903,
            0.45461137319456774,
            0.4485953872820427,
            0.46379205567805076,
            0.47246725423954317,
            0.48366548012238864
        ],
        "y_sigma": 0.032164413,
        "y_chi2": 0.0010378989,
        "y_quality": 0.81640625
    }
}