{
    "x": {
        "x_gains": [
            0.3242699451309311,
            0.33083769228534804,
            0.3357834782171885,
            0.34402540201002346,
            0.3455777162641763,
            0.3497287329083197,
            0.355042842132153,
            0.34962981195510195,
            0.35261684364623586,
            0.36144883585101123,
            0.35902904185919604,
            0.3692583147648713,
            0.3786862933208599,
            0.38255181186101894,
            0.39654102026514954,
            0.38203692921772586,
            0.392107749327398,
            0.3872895444409911,
            0.38242535229214664,
            0.38627819338306996,
            0.38994012196469147,
            0.3942701973878259,
            0.39888487743663814,
            0.40617857730510504
        ],
        "x_sigma": 0.02662355,
        "x_chi2": 0.00071097724,
        "x_quality": 0.82682294
    },
    "y": {
        "y_gains": [
            0.3175093852599189,
            0.324447895128058,
            0.3346151323670541,
            0.3436726682797516,
            0.34747921205613874,
            0.3454443115097968,
            0.35145016774013604,
            0.3469628434021372,
            0.35232200991532786,
            0.36004735918943837,
            0.3581244635071709,
            0.37050677175226737,
            0.3733440975903551,
            0.3822708440154142,
            0.39274123089343366,
            0.3820755666763319,
            0.39230750882848814,
            0.38981980891188894,
            0.38077066993591285,
            0.386587471388178,
            0.3881227905624994,
            0.39179337068377895,
            0.3955122021447045,
            0.4056207681078237
        ],
        "y_sigma": 0.02696015,
        "y_chi2": 0.000729076,
        "y_quality": 0.8203125
    }
}