{
    "x": {
        "x_gains": [
            0.4033252554006764,
            0.40533214435904324,
            0.40918075588533886,
            0.41769649738095943,
            0.4267459435450964,
            0.4219840169333746,
            0.42204973518489364,
            0.4204628505514412,
            0.42277931570800187,
            0.42777518617310817,
            0.4342501047845503,
            0.43804900682024783,
            0.4494185288248505,
            0.4499698745169011,
            0.45833593438976106,
            0.4557752189544152,
            0.45320197848042915,
            0.4497224470459689,
            0.44850605548208283,
            0.458505777356197,
            0.4572056432343898,
            0.47520282369319466,
            0.489093627828997,
            0.4837127156657328
        ],
        "x_sigma": 0.03278582,
        "x_chi2": 0.0010784589,
        "x_quality": 0.82942706
    },
    "y": {
        "y_gains": [
            0.41413481893984305,
            0.414134973296784,
            0.42260922145154267,
            0.432549674437162,
            0.4385010980067494,
            0.4394416454452972,
            0.43993207096878584,
            0.43281330814359875,
            0.4388365040002141,
            0.44367487558358226,
            0.45351171581758615,
            0.4597657815179213,
            0.4740820526994351,
            0.465439618890593,
            0.4742488112242173,
            0.47221063994458135,
            0.4721640857076026,
            0.4679493532799553,
            0.4636800785511147,
            0.46991553738131103,
            0.4699917328454193,
            0.4914924379219247,
            0.5019309282810974,
            0.4955199054310171
        ],
        "y_sigma": 0.03407184,
        "y_chi2": 0.0011647318,
        "y_quality": 0.83203125
    }
}