{
    "x": {
        "x_gains": [
            0.34251063170126334,
            0.3402998845090252,
            0.3546005485103125,
            0.36256275598743387,
            0.36991912384211617,
            0.36399210967024026,
            0.36424973369701974,
            0.37003054528145185,
            0.37241474802622976,
            0.36270610819936694,
            0.3720470763071158,
            0.3893667067325008,
            0.38430835180447376,
            0.3929996389119318,
            0.3932899542379608,
            0.3945799083304065,
            0.3982252216899898,
            0.3892905090934954,
            0.3910054360703766,
            0.3953996046794752,
            0.39915113326790186,
            0.40520835367816943,
            0.41141008007356666,
            0.42129907823553375
        ],
        "x_sigma": 0.032846715,
        "x_chi2": 0.0010821916,
        "x_quality": 0.8333333
    },
    "y": {
        "y_gains": [
            0.3642303106928258,
            0.3653638037002585,
            0.3835502361058543,
            0.3857993434466773,
            0.39691722330999596,
            0.3968000142213125,
            0.39592380604722144,
            0.4016421057163793,
            0.4007702804790808,
            0.3946346732653793,
            0.40609033162676583,
            0.4237272515139457,
            0.4253390462605552,
            0.43075259974270286,
            0.43205696792097986,
            0.43471762786067025,
            0.43583944354809223,
            0.4262533532285665,
            0.4276708880919574,
            0.4303340399131379,
            0.4405754091073105,
            0.4453197848054485,
            0.44979290185419923,
            0.4599045973903173
        ],
        "y_sigma": 0.030154353,
        "y_chi2": 0.0009120488,
        "y_quality": 0.8177083
    }
}