{
    "x": {
        "x_gains": [
            0.3350593132048014,
            0.34455048445004044,
            0.34118467507618655,
            0.35018572975641954,
            0.3597264639967769,
            0.3563182349419914,
            0.35743126587821383,
            0.3590209212261426,
            0.36162550229330237,
            0.37041347552370724,
            0.3710915937548996,
            0.38774633185184504,
            0.3851517380376588,
            0.3923374148848499,
            0.3993620271488702,
            0.4061966765312883,
            0.40612359656884045,
            0.3941319429199202,
            0.39408253546398,
            0.38880121853412297,
            0.39158131499270876,
            0.4090131947247605,
            0.4101681504841317,
            0.41741720018498263
        ],
        "x_sigma": 0.026057452,
        "x_chi2": 0.0006811342,
        "x_quality": 0.81640625
    },
    "y": {
        "y_gains": [
            0.34148756696699245,
            0.34773035527784263,
            0.34799112553031675,
            0.36068169850927007,
            0.37295693723586026,
            0.3684035049909465,
            0.3716358316700772,
            0.36509731048145455,
            0.3674657577033684,
            0.3765279693259231,
            0.381472404133696,
            0.39618339107310074,
            0.39461270006518606,
            0.40192919583131903,
            0.40809578791686324,
            0.4175656507155196,
            0.4194184888477673,
            0.4059156853046101,
            0.4053114936368932,
            0.40174852205758077,
            0.40601931758709214,
            0.41832007677010047,
            0.410888208823249,
            0.42054576326427623
        ],
        "y_sigma": 0.029313644,
        "y_chi2": 0.00086203986,
        "y_quality": 0.8203125
    }
}