{
    "x": {
        "x_gains": [
            1.652386385506073,
            1.7115034942055338,
            1.7846847138506132,
            1.8261495743966671,
            1.8854086340402987,
            1.8763084906336556,
            1.948883893682927,
            1.9461328336079393,
            2.0283612775933704,
            2.0486280798690433,
            2.1784048195028225,
            2.257509707630369,
            2.239955451765975,
            2.336460062070398,
            2.3798219655187594,
            2.3072705208928537,
            2.3029206560928834,
            2.28293995272077,
            2.2688156283280687,
            2.2726100267099856,
            2.3495142026958797,
            2.352619891627035,
            2.3181764926981847,
            2.326413493942717
        ],
        "x_sigma": 0.034510996,
        "x_chi2": 0.001194808,
        "x_quality": 0.8333333
    },
    "y": {
        "y_gains": [
            1.6293661309528076,
            1.721743520132175,
            1.7763666005704337,
            1.8185063719735872,
            1.8763148276154515,
            1.8525911729588382,
            1.9213593755920186,
            1.8926618471925392,
            1.9611903955015,
            2.005252759603782,
            2.1448412129008423,
            2.2131455712434134,
            2.1995413340446945,
            2.280273423025608,
            2.3129885176311022,
            2.2462356291740813,
            2.2317033411031573,
            2.18106661005781,
            2.1436033311767253,
            2.1503548773661216,
            2.2153260598862006,
            2.247023368144219,
            2.2193786063931373,
            2.2158391283066137
        ],
        "y_sigma": 0.036868423,
        "y_chi2": 0.0013636707,
        "y_quality": 0.828125
    }
}