{
    "x": {
        "x_gains": [
            1.7121115283146435,
            1.7770498981395,
            1.8530235460922468,
            1.9200763238019016,
            1.9297065784662113,
            1.9444371257991515,
            2.034965509980061,
            2.037728419421891,
            2.1189729126395145,
            2.1424789647130287,
            2.240192348291486,
            2.337079172670234,
            2.3050237993707285,
            2.3896128499806073,
            2.407110334331257,
            2.4334887375464387,
            2.4647764952997946,
            2.387601624084826,
            2.3125624218411716,
            2.300065485164428,
            2.3831975232476745,
            2.425790225423834,
            2.3826043199475446,
            2.3505502520612565
        ],
        "x_sigma": 0.029512849,
        "x_chi2": 0.00087367627,
        "x_quality": 0.8333333
    },
    "y": {
        "y_gains": [
            1.6001208411259218,
            1.6694120147248819,
            1.740372303924,
            1.812618857950063,
            1.8161859948812613,
            1.8018077753627146,
            1.914446341256608,
            1.8914003322812105,
            1.9486389439000489,
            1.9625221078115445,
            2.048067488575265,
            2.1749639293107146,
            2.1366611460328198,
            2.198396827906836,
            2.2012178589999776,
            2.204858812086454,
            2.2364751791399846,
            2.149301578004323,
            2.0692253548638715,
            2.06073140303249,
            2.127115575973974,
            2.1725785135113527,
            2.1382025508157736,
            2.1412671907889194
        ],
        "y_sigma": 0.032702535,
        "y_chi2": 0.0010727833,
        "y_quality": 0.82942706
    }
}