{
    "x": {
        "x_gains": [
            0.393408549900806,
            0.40932055652860144,
            0.42055635736961516,
            0.42850054845927704,
            0.43528219910835053,
            0.42439316869594507,
            0.42933072449087495,
            0.431179299530256,
            0.43888471143791047,
            0.4530509424524272,
            0.4597686352273809,
            0.4573218973590392,
            0.4717320467627978,
            0.4809440354282614,
            0.483177452234285,
            0.4832929260172772,
            0.4920540407207194,
            0.47981283460947555,
            0.48461006844293386,
            0.4845233549947575,
            0.5013922911837737,
            0.5107814731795799,
            0.5273768161143573,
            0.53090975155388
        ],
        "x_sigma": 0.029125925,
        "x_chi2": 0.0008509419,
        "x_quality": 0.82682294
    },
    "y": {
        "y_gains": [
            0.3990151508047836,
            0.41344120510503973,
            0.4172437495425966,
            0.42522618631302367,
            0.4338311980161767,
            0.41850477451172,
            0.4257831631967681,
            0.4304196134986822,
            0.44288383989501173,
            0.46231101881328457,
            0.4701558467899381,
            0.458563765446835,
            0.46757157351861633,
            0.47057605567855887,
            0.4704012480309592,
            0.4746475326753295,
            0.49153855697256293,
            0.47797443611085394,
            0.48092377377422624,
            0.4769971237550435,
            0.4910217170067041,
            0.49921932082609216,
            0.5081157001806402,
            0.5102457343456609
        ],
        "y_sigma": 0.033026118,
        "y_chi2": 0.0010940586,
        "y_quality": 0.8255208
    }
}