{
    "x": {
        "x_gains": [
            1.398223780402803,
            1.400220954866678,
            1.4349666650068886,
            1.4656557218385942,
            1.453208291541485,
            1.4535772346780387,
            1.5277187144748108,
            1.4897135280885485,
            1.5066553486716874,
            1.5255834082674478,
            1.5588428086294421,
            1.5805651184135678,
            1.6597775662372827,
            1.6541197821577178,
            1.609067675616462,
            1.6507282253595301,
            1.5876664985857067,
            1.5460684330086227,
            1.529662776968773,
            1.530889054633144,
            1.5436241299941451,
            1.5524743390352145,
            1.5527178773725527,
            1.5915908995124255
        ],
        "x_sigma": 0.03455443,
        "x_chi2": 0.0011978851,
        "x_quality": 0.82161456
    },
    "y": {
        "y_gains": [
            1.4451537419582614,
            1.4693947842068862,
            1.5213137578792644,
            1.5813521139349016,
            1.5444647541559615,
            1.5593318761896726,
            1.6044077058611115,
            1.5684037166525608,
            1.5794107010192286,
            1.594745504930714,
            1.624276725816761,
            1.6454431918965213,
            1.7101804992906173,
            1.7112618656758687,
            1.6752380220062617,
            1.717189530844931,
            1.6620771177189388,
            1.6071195395602518,
            1.577883252260377,
            1.574601724569942,
            1.5656984283206035,
            1.5832229035358116,
            1.5788690731346997,
            1.6174966554212906
        ],
        "y_sigma": 0.03565242,
        "y_chi2": 0.0012753922,
        "y_quality": 0.81901044
    }
}