{
    "x": {
        "x_gains": [
            1.0664583006219468,
            1.0755321491079053,
            1.1295765499908221,
            1.191786588205794,
            1.1545347005795072,
            1.1416602914453224,
            1.1527281848496473,
            1.1424766654853458,
            1.1395184709448885,
            1.1931072191529406,
            1.2336202980870745,
            1.2756676448996436,
            1.333409319885776,
            1.3020280649545346,
            1.3849981022063504,
            1.3687766175722995,
            1.3155584720025149,
            1.286489671417673,
            1.3081764034018342,
            1.375852116810395,
            1.3760598068617498,
            1.429614025657283,
            1.4620360553881246,
            1.4613017913484914
        ],
        "x_sigma": 0.037079573,
        "x_chi2": 0.0013791289,
        "x_quality": 0.8125
    },
    "y": {
        "y_gains": [
            1.0970730858021958,
            1.0982929825250822,
            1.144781120883357,
            1.2169918347149842,
            1.1714273866134433,
            1.1733931231887944,
            1.1938584198046978,
            1.186194930544491,
            1.1934620763044037,
            1.2450781128390886,
            1.2863299783703614,
            1.3240948586853143,
            1.3760615110503933,
            1.3187470415558558,
            1.4175594219646297,
            1.4009799883037783,
            1.3620938542597714,
            1.3588704959727835,
            1.3984306531524193,
            1.456061028759535,
            1.445817030842675,
            1.4838339188022633,
            1.5085634357713276,
            1.4907281035073343
        ],
        "y_sigma": 0.035965223,
        "y_chi2": 0.0012974673,
        "y_quality": 0.8203125
    }
}