{
    "x": {
        "x_gains": [
            1.3091666922281464,
            1.2984442236079363,
            1.343097472881519,
            1.3989090803384252,
            1.4060846202815755,
            1.4449852221361332,
            1.4299956020485258,
            1.4330046741889764,
            1.4481948830061282,
            1.4805395074120693,
            1.4862350115056884,
            1.5749025048729846,
            1.6149634763897587,
            1.679274660820104,
            1.6681407470401344,
            1.6783573486968821,
            1.6716389567435002,
            1.710842999582024,
            1.7393975457448507,
            1.7087904881886264,
            1.7576257316688337,
            1.7650068471675628,
            1.8099771588122466,
            1.826386277410177
        ],
        "x_sigma": 0.03597136,
        "x_chi2": 0.0012978764,
        "x_quality": 0.828125
    },
    "y": {
        "y_gains": [
            1.2777872405021755,
            1.2581798993430917,
            1.2895928374982133,
            1.3384384946689327,
            1.3710549863658865,
            1.3945354014665212,
            1.35759131804061,
            1.3637837142676734,
            1.3954724176503817,
            1.4165948677362912,
            1.4214500652765407,
            1.520737460341068,
            1.5712759691064517,
            1.603134319971663,
            1.5962443562785478,
            1.5568006501199514,
            1.5689501009540943,
            1.5801959727441477,
            1.6191571681375063,
            1.5888420831899601,
            1.6077922616636888,
            1.6460455566152432,
            1.6829021850128811,
            1.6676329209749616
        ],
        "y_sigma": 0.041053638,
        "y_chi2": 0.0016905305,
        "y_quality": 0.8177083
    }
}