{
    "x": {
        "x_gains": [
            1.8442104682328662,
            1.8597827922481278,
            1.930788939668638,
            1.899620626764629,
            1.86675373206073,
            2.0458215751443154,
            2.014308519711258,
            1.921653052075068,
            2.07014937142088,
            2.0911385078137483,
            2.0384400877996915,
            2.0810590392911648,
            2.2913857666402784,
            2.0781809167047216,
            2.1395219032912993,
            2.2923759038924154,
            2.300284683232397,
            2.1866736150407458,
            2.214719981325481,
            2.3068085870672834,
            2.3022022636633976,
            2.4372990203227842,
            2.352187922879285,
            2.2743406072507617
        ],
        "x_sigma": 0.051098034,
        "x_chi2": 0.0026190272,
        "x_quality": 0.79557294
    },
    "y": {
        "y_gains": [
            1.2050826530039216,
            1.2186052258910227,
            1.2546525653755538,
            1.266210421506888,
            1.2974404898429484,
            1.3245605042019033,
            1.3258634188316358,
            1.2940653515943208,
            1.3634815465044015,
            1.3486311259208792,
            1.3622920290931086,
            1.3792747690507845,
            1.3998109135417989,
            1.4070456403394356,
            1.4411077068624367,
            1.4453268968108863,
            1.4475873495920555,
            1.4348584659196362,
            1.4398416243325634,
            1.4860289502215966,
            1.4669402999306136,
            1.441105484699041,
            1.4817504795611338,
            1.5126271238305842
        ],
        "y_sigma": 0.032523125,
        "y_chi2": 0.0010609687,
        "y_quality": 0.82161456
    }
}