{
    "x": {
        "x_gains": [
            1.3830141521072157,
            1.4282432182798679,
            1.4653839672340145,
            1.5001254854968618,
            1.4547366545514258,
            1.5542581817122096,
            1.5179197177422212,
            1.5527223376110575,
            1.5331492940920706,
            1.5408395754413777,
            1.5829796257700028,
            1.6202502768197597,
            1.6305090416617887,
            1.6795110070112866,
            1.7362418115363685,
            1.7412465793210952,
            1.738640440550624,
            1.732827763505053,
            1.699266932846636,
            1.714111560551162,
            1.7955407028428616,
            1.796205730938081,
            1.8251884178507514,
            1.9162881039517308
        ],
        "x_sigma": 0.03468691,
        "x_chi2": 0.001206854,
        "x_quality": 0.83203125
    },
    "y": {
        "y_gains": [
            1.5582366402049517,
            1.5905698295943012,
            1.6318894701679183,
            1.6713968590608805,
            1.6802907440680275,
            1.7794612271858612,
            1.7308352188619498,
            1.7398652328228499,
            1.7416992746153446,
            1.7594878623489303,
            1.8012267074368327,
            1.821485330212522,
            1.804466234376706,
            1.8819756604087838,
            1.9372311534820588,
            1.9779478593164803,
            1.9939067406350237,
            1.9825152857380448,
            1.9830554259628834,
            1.99590902518925,
            2.0604787604819133,
            2.0537090087383265,
            2.0785127858570838,
            2.196496079166639
        ],
        "y_sigma": 0.03693633,
        "y_chi2": 0.0013684543,
        "y_quality": 0.8255208
    }
}