{
    "x": {
        "x_gains": [
            1.2621484947995696,
            1.2786320233083366,
            1.3395298196751746,
            1.3406141192406547,
            1.3473367248852661,
            1.3533887500913537,
            1.4095042590285443,
            1.3909469107555943,
            1.4097097139854058,
            1.4488996983245936,
            1.4374501474320742,
            1.4942896468291247,
            1.5240131900293572,
            1.5090643383091662,
            1.5050076722281114,
            1.5561892877064858,
            1.5541406658933263,
            1.546082846818425,
            1.6370553368904361,
            1.558981816503787,
            1.619833500554145,
            1.649831238762587,
            1.713013092387764,
            1.6640887158976219
        ],
        "x_sigma": 0.048611514,
        "x_chi2": 0.0023702693,
        "x_quality": 0.82161456
    },
    "y": {
        "y_gains": [
            1.6927585650621064,
            1.6919058698694625,
            1.7848980136048496,
            1.7730131791615635,
            1.7906334115004505,
            1.803208499372772,
            1.8595028797563247,
            1.8869033173005674,
            1.8961079237326235,
            1.926791183620117,
            1.899344612148132,
            1.9821393388455306,
            2.020660444783736,
            2.040076278452051,
            2.057140492019046,
            2.0996031582062735,
            2.053786912994583,
            2.067114750997011,
            2.1348802846666453,
            2.06329189142793,
            2.1088932513454686,
            2.1548657633914723,
            2.2725390135294474,
            2.2017052647616633
        ],
        "y_sigma": 0.046575792,
        "y_chi2": 0.0021758985,
        "y_quality": 0.82161456
    }
}