{
    "x": {
        "x_gains": [
            0.40895577151510176,
            0.4191990832619088,
            0.42235041214220265,
            0.42986236666744043,
            0.43257122934147946,
            0.4299311718887612,
            0.42736266380276705,
            0.42559026603562417,
            0.42032012421300313,
            0.42904092192313303,
            0.439014768325102,
            0.4466733643848744,
            0.4561149460748982,
            0.45963560548832494,
            0.4645233528199331,
            0.4667943940607322,
            0.45703651127577627,
            0.4491977956247057,
            0.4485250254537952,
            0.4461184593513143,
            0.45430198997900667,
            0.4577701120612079,
            0.4632022197762057,
            0.47084747837632956
        ],
        "x_sigma": 0.028192336,
        "x_chi2": 0.00079728547,
        "x_quality": 0.8229167
    },
    "y": {
        "y_gains": [
            0.4285907763836196,
            0.44532599198591344,
            0.4477327930690964,
            0.4630176247658867,
            0.468411389797672,
            0.4676708932579535,
            0.4716154470282473,
            0.4740066148571117,
            0.46378317209138387,
            0.47570991856131617,
            0.48696900169601565,
            0.4949780516832322,
            0.49894074879031813,
            0.5024296997851913,
            0.5102560965143284,
            0.5175604642600174,
            0.5052809948457296,
            0.5048796619325784,
            0.5030584191177895,
            0.5011332125335021,
            0.5140266565999686,
            0.5172353686786467,
            0.5211253263677638,
            0.5229256897494433
        ],
        "y_sigma": 0.031428598,
        "y_chi2": 0.0009907935,
        "y_quality": 0.82161456
    }
}