{
    "x": {
        "x_gains": [
            0.4385857189472539,
            0.44821695708735,
            0.44485879581261534,
            0.4580187984655454,
            0.46137340342887173,
            0.4556920586180391,
            0.4750589310603981,
            0.46933769879971576,
            0.46456018971894847,
            0.4682298990074931,
            0.4839591732041485,
            0.49481647578543825,
            0.5024773389001123,
            0.5074542491935283,
            0.5033502742579472,
            0.5005472232518201,
            0.4949980447577232,
            0.4992821321503942,
            0.4942336524188166,
            0.4887634504646796,
            0.504082971250535,
            0.5076149089138345,
            0.5093577162192944,
            0.513554105107578
        ],
        "x_sigma": 0.030873433,
        "x_chi2": 0.00095628656,
        "x_quality": 0.81901044
    },
    "y": {
        "y_gains": [
            0.3926442805765353,
            0.402466086798895,
            0.40253991414709217,
            0.41448646784579773,
            0.4185897902517721,
            0.41181141014110306,
            0.42774477512965264,
            0.4189495928228907,
            0.4161829580237036,
            0.4186514933968612,
            0.4328563040434622,
            0.44368178503475536,
            0.45289055129913924,
            0.45068683772695917,
            0.45238218350675174,
            0.44616320391224457,
            0.43987486791657404,
            0.4439436759779413,
            0.437753585179975,
            0.43093144927805405,
            0.44906139432664816,
            0.45135987961329294,
            0.4581369777335808,
            0.4632460148566703
        ],
        "y_sigma": 0.033535987,
        "y_chi2": 0.001128365,
        "y_quality": 0.8072917
    }
}