{
    "x": {
        "x_gains": [
            0.4218189033585896,
            0.43132717170966484,
            0.44100208020681236,
            0.43465844756519545,
            0.44967047473106,
            0.44086054214384307,
            0.44845512814044713,
            0.45096245534626134,
            0.45070069084303294,
            0.4705748820398179,
            0.4758512169323852,
            0.48360251374652236,
            0.48748444619938847,
            0.4915742212186243,
            0.49625323842457064,
            0.4904071458206032,
            0.4962220629459671,
            0.4947428133906298,
            0.49006332892374355,
            0.4952655093632421,
            0.4943996386531921,
            0.5069362567198203,
            0.5125232756039075,
            0.5178575136801125
        ],
        "x_sigma": 0.028085878,
        "x_chi2": 0.00079124846,
        "x_quality": 0.8333333
    },
    "y": {
        "y_gains": [
            0.44364483870471144,
            0.4504315810193537,
            0.4600415288688941,
            0.4527094912038772,
            0.4712058364685799,
            0.462036536925267,
            0.4680614304416015,
            0.47741579793700994,
            0.47829501982963324,
            0.49494659526237117,
            0.49573695958970426,
            0.4994462389825281,
            0.504738714181154,
            0.5064443524516414,
            0.5108799288609917,
            0.5022363328310133,
            0.5112203407212,
            0.512058543448449,
            0.5085001908909716,
            0.5138745881873285,
            0.5138683298734579,
            0.5276899218032136,
            0.5259805184179706,
            0.5300501040461851
        ],
        "y_sigma": 0.03359466,
        "y_chi2": 0.0011320906,
        "y_quality": 0.82682294
    }
}