{
    "x": {
        "x_gains": [
            0.4407688631001883,
            0.4443842649397657,
            0.4524730662013796,
            0.4677977392270859,
            0.46814736998318646,
            0.47542160625753715,
            0.4787599122452231,
            0.47972276629446736,
            0.47490908103098206,
            0.48716312974055404,
            0.49040017144389997,
            0.5025551663600829,
            0.5249375796724012,
            0.5150584019571395,
            0.5151306227022598,
            0.5163645744572415,
            0.5113961826627387,
            0.506996475309804,
            0.5141628998664154,
            0.5153692117917507,
            0.5152195865878038,
            0.5164831197563728,
            0.5354456449849733,
            0.5412092704168897
        ],
        "x_sigma": 0.032590173,
        "x_chi2": 0.001065442,
        "x_quality": 0.8307292
    },
    "y": {
        "y_gains": [
            0.42597607198688914,
            0.4302968945301003,
            0.44114195771742565,
            0.45683709477007867,
            0.4567007916542863,
            0.460253158567845,
            0.46872430072544935,
            0.4669109544780496,
            0.46545196735841204,
            0.47591421931745337,
            0.479350353722213,
            0.493937973343847,
            0.5137781425830936,
            0.5064091137435383,
            0.5073017976949424,
            0.5087372571491829,
            0.5064509955231251,
            0.5007989746842112,
            0.5070949171138145,
            0.5071723810962248,
            0.5083252751069097,
            0.5095434689240393,
            0.5292518559274833,
            0.5361442734215698
        ],
        "y_sigma": 0.032258794,
        "y_chi2": 0.001043834,
        "y_quality": 0.8229167
    }
}