{
    "x": {
        "x_gains": [
            1.56268573985036,
            1.614084996360077,
            1.6853126853317293,
            1.7267178857237382,
            1.7575396694278789,
            1.7108862322247473,
            1.7691067956699342,
            1.73438768379393,
            1.7244477369899904,
            1.7256032061707571,
            1.757133690427413,
            1.861804333785249,
            1.8598664987827176,
            1.9087513769255244,
            1.9002505290297473,
            1.9168817088463705,
            1.8643346077924712,
            1.8429802908001742,
            1.8678164945006812,
            1.8537808137764091,
            1.8132093388259072,
            1.8880134631974443,
            1.9115067930172658,
            1.9072762397820058
        ],
        "x_sigma": 0.030837055,
        "x_chi2": 0.0009538385,
        "x_quality": 0.8203125
    },
    "y": {
        "y_gains": [
            1.6812238233450705,
            1.7177989567119816,
            1.7973838000360196,
            1.8564210541167159,
            1.899473048186972,
            1.845656938516553,
            1.9018326116100452,
            1.8814386947782458,
            1.849702429121715,
            1.8574589701244444,
            1.8675587123107977,
            1.9817162891728335,
            1.980130185639185,
            2.026133967410608,
            2.035570370889064,
            2.0307688283645766,
            1.9878127202123776,
            1.9584725480902934,
            1.9908215164804186,
            1.9614941053669521,
            1.9300630088369866,
            1.9985993815534076,
            2.0195230524719348,
            2.000412565087424
        ],
        "y_sigma": 0.039111312,
        "y_chi2": 0.0015343848,
        "y_quality": 0.8177083
    }
}