{
    "x": {
        "x_gains": [
            1.769041292661116,
            1.8450419387257881,
            1.8788530579085057,
            1.8954906088865529,
            1.9302477936302596,
            1.9271361388709718,
            1.9417746068425847,
            1.9720019112642524,
            1.9729975554560286,
            1.9834959647956443,
            2.0004992445914804,
            2.017948847821836,
            2.1129495791490416,
            2.164032213523847,
            2.1379063777873406,
            2.1215259270410627,
            2.1414780310051755,
            2.051106182075055,
            2.061000758489499,
            2.0192827774119957,
            2.0326511667936025,
            2.07499518134244,
            2.0961949743054706,
            2.1141371931277013
        ],
        "x_sigma": 0.034992293,
        "x_chi2": 0.0012283287,
        "x_quality": 0.8203125
    },
    "y": {
        "y_gains": [
            1.9168291658592025,
            2.0300358419068174,
            2.0643442903498594,
            2.07766209493744,
            2.1172581608445453,
            2.1131438944912326,
            2.149463642187901,
            2.1731449784552233,
            2.1635260021749927,
            2.1459084714243315,
            2.1617956151088933,
            2.1914091589244546,
            2.277530792216311,
            2.3222184989318952,
            2.317455372819822,
            2.299698661285617,
            2.32986824455285,
            2.222891954869425,
            2.2362416184825546,
            2.164794786654603,
            2.179384530475794,
            2.2184384535957693,
            2.240964805266769,
            2.2605882733384886
        ],
        "y_sigma": 0.03943428,
        "y_chi2": 0.0015600407,
        "y_quality": 0.81901044
    }
}