{
    "x": {
        "x_gains": [
            1.842262194808542,
            1.89680676943022,
            1.9567641226515404,
            1.972594507791906,
            1.9949694849467585,
            2.068679839688897,
            2.077979937519299,
            2.048731873895964,
            2.0431048541433574,
            2.058145279741563,
            2.1349222620363877,
            2.167019706682181,
            2.215414254219007,
            2.2484933183547704,
            2.2089329868489407,
            2.193956938680615,
            2.2080096565977527,
            2.1356385928858206,
            2.181036022645261,
            2.132934730490899,
            2.221015963774341,
            2.207364890616461,
            2.235667526727964,
            2.296658717548069
        ],
        "x_sigma": 0.02857003,
        "x_chi2": 0.0008188749,
        "x_quality": 0.81640625
    },
    "y": {
        "y_gains": [
            1.8496439250479888,
            1.9146938777854725,
            1.9814726364077964,
            1.9912883920650901,
            2.0097977640999876,
            2.083875227720675,
            2.0920995792536696,
            2.06775367098648,
            2.0677425544726096,
            2.074922548328577,
            2.1324961210428683,
            2.126061499985713,
            2.196597882839883,
            2.247247318668771,
            2.235431885999233,
            2.2345233727010916,
            2.24289307368377,
            2.1686015725050467,
            2.2076942693135773,
            2.161183811773684,
            2.2250787288481235,
            2.21039806616694,
            2.234868099202219,
            2.2897679862820914
        ],
        "y_sigma": 0.03083522,
        "y_chi2": 0.00095383497,
        "y_quality": 0.82682294
    }
}