{
    "x": {
        "x_gains": [
            0.455736106554383,
            0.482781081663289,
            0.49033625691423155,
            0.4939059415403049,
            0.5010242438617265,
            0.5018192201277683,
            0.496239595592519,
            0.5060089575729705,
            0.5197692952006322,
            0.5154756884396896,
            0.531086765503684,
            0.5267678949506822,
            0.5525501737659786,
            0.5500433571676288,
            0.5499546947322479,
            0.5590622424120718,
            0.5619029359877927,
            0.5585210541213604,
            0.5509386589855534,
            0.550154051386699,
            0.5518900855705577,
            0.5652716328040696,
            0.5872047842627239,
            0.6106357108556862
        ],
        "x_sigma": 0.028868409,
        "x_chi2": 0.00083594664,
        "x_quality": 0.82161456
    },
    "y": {
        "y_gains": [
            0.4559525240346254,
            0.48549864108930363,
            0.49222069797879414,
            0.4997943845901796,
            0.5053509591662275,
            0.5053668187365961,
            0.5030204618160437,
            0.5119272653741357,
            0.5253250264737547,
            0.518410466417007,
            0.5333610965562794,
            0.5267049135195302,
            0.5482332306967628,
            0.5482929283480932,
            0.5502554037969494,
            0.5556780208171435,
            0.5631733194612482,
            0.5586304437279823,
            0.554773140503066,
            0.5504419498415278,
            0.5524523081733661,
            0.5669531405292009,
            0.5842004962082175,
            0.6064872790506194
        ],
        "y_sigma": 0.032300394,
        "y_chi2": 0.0010465794,
        "y_quality": 0.8177083
    }
}