{
    "x": {
        "x_gains": [
            0.4612881453005993,
            0.4656334787491167,
            0.4907789506085954,
            0.48661172982440865,
            0.4979184767040625,
            0.48653083179938267,
            0.49251228645775413,
            0.49081142122103666,
            0.49487017575809156,
            0.5155951550966942,
            0.5242947711033888,
            0.5239661872044208,
            0.5356297709882777,
            0.5476916767514961,
            0.5458584707982367,
            0.5526684462959083,
            0.5502956160534659,
            0.5331746889818757,
            0.5456756433038369,
            0.5527136249214594,
            0.5526682324863029,
            0.5494263988396114,
            0.5708868161510959,
            0.5848903064550308
        ],
        "x_sigma": 0.031270396,
        "x_chi2": 0.0009808673,
        "x_quality": 0.81640625
    },
    "y": {
        "y_gains": [
            0.4720533556243222,
            0.47639918440459633,
            0.5064055234663256,
            0.5015911474379025,
            0.5124736863979797,
            0.5060217601501387,
            0.510468926454751,
            0.5068880253431848,
            0.5103753959045743,
            0.5256636898331911,
            0.539282205677164,
            0.5396368093174987,
            0.555754392126961,
            0.5617039356291783,
            0.5608424301975512,
            0.5679839919391712,
            0.5702159989608383,
            0.5505028871399168,
            0.5647803004631199,
            0.5703211056108076,
            0.5697007179824208,
            0.5616997709107484,
            0.5807727739299,
            0.5901114319219127
        ],
        "y_sigma": 0.03342849,
        "y_chi2": 0.0011208737,
        "y_quality": 0.80598956
    }
}