{
    "x": {
        "x_gains": [
            1.8888595066298968,
            1.923380373318898,
            1.957205888958511,
            2.005994473164267,
            2.022461743265349,
            1.9883443255635465,
            2.0409966839926876,
            1.9856100851518956,
            1.9784910325883192,
            1.9894074398745367,
            2.0642917045653424,
            2.133248003413197,
            2.1263797653021093,
            2.164225405980551,
            2.15896297581439,
            2.163190203690316,
            2.105835812235508,
            2.1034886991121384,
            2.0589868857977778,
            2.039563867820761,
            2.048880133341119,
            2.077680311485832,
            2.0669059523687725,
            2.0804832879458566
        ],
        "x_sigma": 0.03128943,
        "x_chi2": 0.0009823733,
        "x_quality": 0.83203125
    },
    "y": {
        "y_gains": [
            1.7930179522336431,
            1.8366815425627072,
            1.8824917051767995,
            1.9072269865600002,
            1.9203800447471595,
            1.8768644067192197,
            1.9441651327203768,
            1.8946646055241976,
            1.8939374928278954,
            1.8995910370456346,
            1.9533086567944102,
            2.0136005426895096,
            1.9961534123743545,
            2.0122412685329936,
            2.024432470601192,
            2.017524337446521,
            1.9691572863397886,
            1.9803909608619295,
            1.9234233612154066,
            1.9063192768339698,
            1.9176771866601772,
            1.9386143203578776,
            1.9222848677773652,
            1.9343388671544426
        ],
        "y_sigma": 0.034234356,
        "y_chi2": 0.0011758751,
        "y_quality": 0.828125
    }
}