{
    "x": {
        "x_gains": [
            2.093777794900227,
            2.070939365256256,
            2.1035234333036352,
            2.214641651491942,
            2.2128071213089853,
            2.2180065311420316,
            2.2304845317236017,
            2.2043800679248857,
            2.2780671138163107,
            2.3083300104922833,
            2.301345974411978,
            2.3744739115601545,
            2.409388906691596,
            2.3956997381356446,
            2.3977950068940204,
            2.4011494782782417,
            2.3894882588312796,
            2.3979185683160047,
            2.3942009770829955,
            2.437776961935088,
            2.4489352910971016,
            2.4554601022723688,
            2.4440333471730793,
            2.426342725325896
        ],
        "x_sigma": 0.03193995,
        "x_chi2": 0.0010233105,
        "x_quality": 0.82421875
    },
    "y": {
        "y_gains": [
            2.241117482134988,
            2.1953289546765555,
            2.250128667982557,
            2.3639482758661448,
            2.3449572866030244,
            2.346287216338568,
            2.3586175642429046,
            2.3430644705904404,
            2.4144938978133546,
            2.455822817295378,
            2.4469403018017015,
            2.5346235919215463,
            2.566337119895318,
            2.5662525573348294,
            2.578912930432173,
            2.5557782632336603,
            2.5312283975476446,
            2.5019077046247764,
            2.5183813506809516,
            2.5486525019357016,
            2.5769708995561165,
            2.58322798929593,
            2.567659760432209,
            2.5527823489600374
        ],
        "y_sigma": 0.030063737,
        "y_chi2": 0.00090662617,
        "y_quality": 0.8151042
    }
}