{
    "x": {
        "x_gains": [
            0.20757290297658507,
            0.20755185735043866,
            0.20533477401686376,
            0.20714183622952145,
            0.20240570105613068,
            0.2046939181138356,
            0.2058764679017896,
            0.2109801229296784,
            0.20475909273703116,
            0.20913232774841967,
            0.20875615152189497,
            0.20677749209629223,
            0.21413445888115173,
            0.21837389191627893,
            0.21694351877658088,
            0.22003123431383578,
            0.22161917183131677,
            0.2251290180633168,
            0.2291747001948031,
            0.2285308937203367,
            0.2308827895812756,
            0.23040197887651617,
            0.233990049807122,
            0.23649147677622953
        ],
        "x_sigma": 0.027998345,
        "x_chi2": 0.00078723475,
        "x_quality": 0.83203125
    },
    "y": {
        "y_gains": [
            0.26306960719209155,
            0.26000550587659244,
            0.254783911904284,
            0.2645467932484272,
            0.2594499453598415,
            0.2644833740461407,
            0.26167550301227754,
            0.2672574338791078,
            0.26480482745555767,
            0.2703112553011416,
            0.2716711535874393,
            0.26852143371649106,
            0.2803039077392021,
            0.2830289314721011,
            0.28094804231189896,
            0.28271452307332173,
            0.2855045948252978,
            0.2897260813736261,
            0.29271882986467374,
            0.2936291948931188,
            0.297775521565737,
            0.29818624044641107,
            0.3018394549141652,
            0.3071451168533597
        ],
        "y_sigma": 0.027876172,
        "y_chi2": 0.0007796241,
        "y_quality": 0.8333333
    }
}