{
    "x": {
        "x_gains": [
            0.2483758084943036,
            0.24989377015830572,
            0.26530027826284985,
            0.2660013511804635,
            0.2987453263907708,
            0.2985700732765602,
            0.29475451620659077,
            0.29456037129688273,
            0.28814709517328546,
            0.2680765132188663,
            0.32353078201272384,
            0.3289423693626761,
            0.3261241417635554,
            0.32114827206975083,
            0.3156407039141215,
            0.3544792745539109,
            0.3592498575574315,
            0.3293035904135115,
            0.3319732940763847,
            0.34721047975669156,
            0.3648627269665079,
            0.3765837512094929,
            0.38496050170516327,
            0.3927219973997877
        ],
        "x_sigma": 0.05683255,
        "x_chi2": 0.003239797,
        "x_quality": 0.84505206
    },
    "y": {
        "y_gains": [
            0.2733185103594548,
            0.2749565706096722,
            0.2851087960910444,
            0.29098471730805614,
            0.3000888863281304,
            0.30638920142289594,
            0.31601571432381675,
            0.32151453408058883,
            0.3317112982559914,
            0.33152711833810755,
            0.3398348613271564,
            0.3372946908297837,
            0.35328183991443235,
            0.3618803229202873,
            0.3588378533745471,
            0.37646789538258363,
            0.38424813207376796,
            0.3769860994292544,
            0.3907537197702665,
            0.3972452156580717,
            0.41151442039119795,
            0.413653716409767,
            0.41577164889714074,
            0.42519949935310153
        ],
        "y_sigma": 0.02773829,
        "y_chi2": 0.00077226595,
        "y_quality": 0.8307292
    }
}