{
    "x": {
        "x_gains": [
            0.25645844429435355,
            0.2571247335223543,
            0.255567656400122,
            0.25942109766981225,
            0.2532003639805872,
            0.2632489927435415,
            0.2644239146892297,
            0.2539197141920324,
            0.2627263183619792,
            0.26993409289187953,
            0.26752438551655083,
            0.266910708465631,
            0.27150424237596404,
            0.27321262253244605,
            0.2778645873059286,
            0.27615010304541093,
            0.2805426030594293,
            0.28197020477240214,
            0.2880906715837214,
            0.2986587266452236,
            0.3025865094830612,
            0.2996415388271011,
            0.303851623175371,
            0.30405874950183776
        ],
        "x_sigma": 0.023050457,
        "x_chi2": 0.00053316285,
        "x_quality": 0.8333333
    },
    "y": {
        "y_gains": [
            0.25911278280314065,
            0.25822549556894087,
            0.2543724914261844,
            0.26124307238886174,
            0.25565975082326914,
            0.2616805496484806,
            0.26885112868811994,
            0.2570475035353671,
            0.2665938332314278,
            0.2711587916730389,
            0.26607050554433725,
            0.2665109674060285,
            0.27196986138784046,
            0.2726183988521675,
            0.2763136760376331,
            0.2740307873589598,
            0.27840009478966427,
            0.2789853348010938,
            0.28512471297920766,
            0.29558400453071165,
            0.2954736276786457,
            0.29578201244283936,
            0.29703667892081587,
            0.30003264955292436
        ],
        "y_sigma": 0.024572594,
        "y_chi2": 0.00060561777,
        "y_quality": 0.84505206
    }
}