{
    "x": {
        "x_gains": [
            0.2630274400483529,
            0.27310915878118597,
            0.28030400202357064,
            0.28515368985452827,
            0.288419620552263,
            0.2929647102912995,
            0.2955832356775586,
            0.3079103555948928,
            0.305814568602373,
            0.31168980132268687,
            0.3206571162151173,
            0.335119632682073,
            0.33380213618012256,
            0.3366509158924818,
            0.3484229870393269,
            0.351495788570784,
            0.35865449618063444,
            0.36721787293453717,
            0.3774069268286092,
            0.38104114539444145,
            0.37517989876145613,
            0.3918556717189925,
            0.3859922337590583,
            0.39123319951723384
        ],
        "x_sigma": 0.028521653,
        "x_chi2": 0.00081678724,
        "x_quality": 0.8333333
    },
    "y": {
        "y_gains": [
            0.2755696154847637,
            0.28902109998540443,
            0.2935738705398533,
            0.2995595695472774,
            0.30201338734742095,
            0.30856026397947706,
            0.3098190294379818,
            0.3219349682349986,
            0.31753128318201906,
            0.32403560684707977,
            0.33474339525338553,
            0.3496486747598447,
            0.34928671287147733,
            0.3500782529918913,
            0.3590776444362894,
            0.36199819674218275,
            0.36450543738228525,
            0.3733156232401668,
            0.38141194965926756,
            0.38556928302158,
            0.38315487192722725,
            0.3957435407728634,
            0.39342241780736875,
            0.39425393809416776
        ],
        "y_sigma": 0.02837909,
        "y_chi2": 0.00080831896,
        "y_quality": 0.83984375
    }
}