{
    "x": {
        "x_gains": [
            0.2502874426134694,
            0.26268243952130854,
            0.26769381139022175,
            0.27461630335478965,
            0.27868344478488105,
            0.2830692061748717,
            0.2886395402457038,
            0.297077261804417,
            0.30178554738752855,
            0.30582739108163903,
            0.3096285627642796,
            0.32172023035039804,
            0.32827089281738686,
            0.3295657052345218,
            0.3390269519646273,
            0.33402634893367766,
            0.3474215553395983,
            0.35349716512948426,
            0.3616753336735251,
            0.367038517058684,
            0.36891089057044213,
            0.37319796696675517,
            0.37953452671133636,
            0.3829688835484304
        ],
        "x_sigma": 0.033257645,
        "x_chi2": 0.0011104955,
        "x_quality": 0.8411458
    },
    "y": {
        "y_gains": [
            0.2542962913403441,
            0.26703392732805187,
            0.27375969270145983,
            0.2800939054031011,
            0.28213237340614605,
            0.28717623428273703,
            0.2889558919811215,
            0.2975989419762415,
            0.30522657472265513,
            0.307732871619139,
            0.31401297338319273,
            0.32221210726814814,
            0.33082370470940775,
            0.33307198285078976,
            0.34062845950779186,
            0.33595391948535086,
            0.34868731430221217,
            0.35315550446886507,
            0.361697847311858,
            0.36629588487818504,
            0.369228224396238,
            0.37650969563295067,
            0.3790411759252149,
            0.38169784775469867
        ],
        "y_sigma": 0.032153778,
        "y_chi2": 0.0010373588,
        "y_quality": 0.82682294
    }
}