{
    "x": {
        "x_gains": [
            0.2421070381847589,
            0.24715805312612918,
            0.259317646067925,
            0.2584146596569106,
            0.2690843935303286,
            0.2733245464958126,
            0.2707119844303792,
            0.26837182250445873,
            0.28381075079097345,
            0.2916194546920331,
            0.30297707087706227,
            0.3046976454794143,
            0.30969044953055264,
            0.32149737531150285,
            0.3275760424378694,
            0.3337476253856454,
            0.3342077880106632,
            0.3446692641631753,
            0.34199398911364737,
            0.35173885444212577,
            0.35688835750591713,
            0.3637637073894923,
            0.36779561038881364,
            0.37399834827369466
        ],
        "x_sigma": 0.03369093,
        "x_chi2": 0.0011420874,
        "x_quality": 0.83984375
    },
    "y": {
        "y_gains": [
            0.2479201667312705,
            0.25338385266803315,
            0.26772331705441704,
            0.26227987833361005,
            0.274410230671984,
            0.2776415174908048,
            0.27573186267516486,
            0.2720621302845688,
            0.2859725925011237,
            0.29529282565409576,
            0.30623136735245343,
            0.30483207304069104,
            0.31165399575016145,
            0.3242568859030162,
            0.3259073709329408,
            0.33362369715775964,
            0.3341456078915569,
            0.34570719644496845,
            0.3424174866309941,
            0.353884991907358,
            0.3588373383168663,
            0.36362115766067965,
            0.3678994486658862,
            0.37891940975268834
        ],
        "y_sigma": 0.03550472,
        "y_chi2": 0.0012663875,
        "y_quality": 0.82421875
    }
}