{
    "x": {
        "x_gains": [
            0.2670581525536581,
            0.2613103070871693,
            0.2643455016854669,
            0.26493699546557686,
            0.2647112201768398,
            0.2668686114823476,
            0.27289708914319866,
            0.2764173972355441,
            0.2821339892685259,
            0.27816620597706854,
            0.28171930474492785,
            0.28553916862130124,
            0.2903090990651931,
            0.2982193738693385,
            0.29259498276849627,
            0.29638865539225956,
            0.3040978061259104,
            0.30371602017573374,
            0.3162680571665899,
            0.31288367360475783,
            0.31437908307693624,
            0.31365287033151223,
            0.3170219415324042,
            0.32204963725295005
        ],
        "x_sigma": 0.025021667,
        "x_chi2": 0.00062799425,
        "x_quality": 0.8333333
    },
    "y": {
        "y_gains": [
            0.16304481629169892,
            0.16062941028124603,
            0.1635335278074046,
            0.16353276295504093,
            0.1634969245411009,
            0.16570117288095498,
            0.16775479415941555,
            0.16766138208608886,
            0.1719707223972416,
            0.171223239541295,
            0.17180926148132572,
            0.17533281850942278,
            0.17783403972570594,
            0.18066426274798653,
            0.17989499636998882,
            0.18116711989245052,
            0.18397096658511417,
            0.1867509535970568,
            0.19440139533545517,
            0.19327764875420958,
            0.19397009058791173,
            0.1959060187109055,
            0.19689773055085075,
            0.20113747263524684
        ],
        "y_sigma": 0.027060628,
        "y_chi2": 0.00073457963,
        "y_quality": 0.81901044
    }
}