{
    "x": {
        "x_gains": [
            0.22967820980351122,
            0.23010585329463262,
            0.2310976721138622,
            0.24197317509578206,
            0.24518429841714412,
            0.24447779664874725,
            0.25192740208054243,
            0.2555893558279229,
            0.2632470246373417,
            0.26475464392883186,
            0.2690156394932176,
            0.2733634142434367,
            0.27848365649040974,
            0.28851737212145495,
            0.28862464468863114,
            0.2964113390260712,
            0.3023790701432358,
            0.30357781942663076,
            0.3095158704417327,
            0.31030316992065055,
            0.30981610183680053,
            0.3097444648431824,
            0.3127030615505944,
            0.31570385147649166
        ],
        "x_sigma": 0.031941537,
        "x_chi2": 0.0010261929,
        "x_quality": 0.8385417
    },
    "y": {
        "y_gains": [
            0.2343770141774656,
            0.23565386406353983,
            0.23719647804976673,
            0.25044416899481653,
            0.25258503098258506,
            0.25171563081069803,
            0.25684689613368367,
            0.25994265716971365,
            0.2673584620343498,
            0.2635894392047696,
            0.27126581581430875,
            0.27732342186818865,
            0.28456403722382173,
            0.2939748963077047,
            0.29336092255908236,
            0.30247041196621344,
            0.30911152907798245,
            0.3126245906689,
            0.3182156502911832,
            0.3215851523877874,
            0.321871966155549,
            0.321618569896013,
            0.32562621666165525,
            0.3297943105864304
        ],
        "y_sigma": 0.032853685,
        "y_chi2": 0.0010830101,
        "y_quality": 0.83984375
    }
}