{
    "x": {
        "x_gains": [
            1.1312355399817102,
            1.1434908851083707,
            1.1465594159701509,
            1.1529521281593915,
            1.1699486749366048,
            1.2031152021305727,
            1.220584225315942,
            1.2590957073901867,
            1.2485445092383554,
            1.2433017120264576,
            1.2647890838988478,
            1.286538828449439,
            1.2895052173638994,
            1.315679891398519,
            1.349067343876888,
            1.3768904361465684,
            1.4185987804731863,
            1.4463882456077166,
            1.478606632083043,
            1.5092259738393787,
            1.5147104131190887,
            1.5681137492150805,
            1.6002378593554145,
            1.6079251414371154
        ],
        "x_sigma": 0.033688355,
        "x_chi2": 0.0011385272,
        "x_quality": 0.8385417
    },
    "y": {
        "y_gains": [
            1.0951483504382729,
            1.1085222190530803,
            1.1178780867422644,
            1.1240736284413289,
            1.1357948999742344,
            1.1600872896080192,
            1.1682826176591736,
            1.2052573809058065,
            1.2357078035442077,
            1.230545173104112,
            1.2502949133126777,
            1.2653987961248934,
            1.2727009440157437,
            1.2900125781386418,
            1.307350184205641,
            1.3322339738581057,
            1.365295632241784,
            1.3912945337554279,
            1.4226467147103947,
            1.4520981147845806,
            1.4650649404685512,
            1.5181169035030242,
            1.5627319680265042,
            1.559271674180329
        ],
        "y_sigma": 0.031294588,
        "y_chi2": 0.0009839641,
        "y_quality": 0.82942706
    }
}