{
    "x": {
        "x_gains": [
            0.25778052514533023,
            0.2639654902076722,
            0.26662618925612175,
            0.2729840787768719,
            0.2757841266654431,
            0.27722911056473565,
            0.28112017167671544,
            0.291940611572374,
            0.2992845124873769,
            0.3052137187340211,
            0.31424434087579456,
            0.32016143307843253,
            0.3260091572712186,
            0.3235832836228514,
            0.33442317386721004,
            0.34470489503701474,
            0.34944760894492227,
            0.3529410934256251,
            0.3584582067303755,
            0.3668866188635415,
            0.36631293901918904,
            0.3671506091083677,
            0.37259531640235377,
            0.38707917332894437
        ],
        "x_sigma": 0.029222127,
        "x_chi2": 0.0008572869,
        "x_quality": 0.8307292
    },
    "y": {
        "y_gains": [
            0.2675928733916698,
            0.27423146973396395,
            0.27634718978673845,
            0.288026015431397,
            0.2942383453589036,
            0.2970632917108053,
            0.2971342589263588,
            0.3065572911126282,
            0.31629541650302334,
            0.3201072897200809,
            0.3304787460525966,
            0.3404222870386257,
            0.34675677349479994,
            0.3471963030537651,
            0.35618507547490513,
            0.36881831460283376,
            0.36995211894700525,
            0.37301518619426033,
            0.3805727795395549,
            0.38793404097157613,
            0.38702563139167995,
            0.3896400477963654,
            0.3974712876678571,
            0.41319438763021615
        ],
        "y_sigma": 0.025294766,
        "y_chi2": 0.0006425348,
        "y_quality": 0.83723956
    }
}