{
    "x": {
        "x_gains": [
            1.4196614306240563,
            1.4531072482515304,
            1.443813145167904,
            1.4808633362168706,
            1.48246671788095,
            1.5337189020854836,
            1.5207171093600897,
            1.5405982296985743,
            1.5655996426675374,
            1.567902403719817,
            1.5794597701093145,
            1.5935219635211908,
            1.6235375011835587,
            1.6353061284896004,
            1.6382553596138436,
            1.6690149707304844,
            1.6893424285277228,
            1.706353607658115,
            1.7551035867402203,
            1.7898807125049747,
            1.798062706106309,
            1.8139738934691225,
            1.8712767440533165,
            1.8630029595665014
        ],
        "x_sigma": 0.034122948,
        "x_chi2": 0.0011741563,
        "x_quality": 0.84505206
    },
    "y": {
        "y_gains": [
            1.56865451796031,
            1.5844096624272617,
            1.5923197704206093,
            1.6235125134824595,
            1.625554761201129,
            1.6940311996502164,
            1.6820306146392172,
            1.71251350745029,
            1.7421177880678869,
            1.7343177783528005,
            1.752615515764952,
            1.7546538728536043,
            1.8007702038223363,
            1.8162028175480789,
            1.819962601952485,
            1.866445380902307,
            1.8794971668459706,
            1.902605618394391,
            1.9555373386388366,
            1.967354312740675,
            1.973792379542905,
            1.9886899226717814,
            2.0397144644515506,
            2.0501531423394264
        ],
        "y_sigma": 0.029686669,
        "y_chi2": 0.00088662887,
        "y_quality": 0.83723956
    }
}