{
    "x": {
        "x_gains": [
            0.26828940259810924,
            0.27815622477470736,
            0.2847492866532058,
            0.2856387546664446,
            0.29264348990706257,
            0.30358267630958585,
            0.3062257783065004,
            0.3125044629543616,
            0.3265053980321193,
            0.32917218002637194,
            0.3325532742031442,
            0.3360521633610055,
            0.3399729714688223,
            0.33934597849564535,
            0.3465803505992963,
            0.3542932386642904,
            0.3680489357865022,
            0.3738954287769215,
            0.38042624782852696,
            0.38319085786316837,
            0.3856827319080377,
            0.38856292992302527,
            0.4063409009991842,
            0.3982372426690497
        ],
        "x_sigma": 0.03272831,
        "x_chi2": 0.0010790218,
        "x_quality": 0.8333333
    },
    "y": {
        "y_gains": [
            0.2693559378991266,
            0.28096011939681237,
            0.2887416345051797,
            0.2904728534963854,
            0.29679491174803296,
            0.3062071558775085,
            0.3123121442452365,
            0.31777570227874097,
            0.3307581933683181,
            0.3296692138668366,
            0.33331693414017366,
            0.3370567089149275,
            0.341164072284479,
            0.3415689361087449,
            0.3492240398984275,
            0.35939460553728614,
            0.371109662051584,
            0.37357666822435687,
            0.38574694360159806,
            0.39040710403506046,
            0.3876110665595258,
            0.39391177833638846,
            0.4112580408143995,
            0.4049419438784481
        ],
        "y_sigma": 0.030259756,
        "y_chi2": 0.00092052727,
        "y_quality": 0.82682294
    }
}