{
    "x": {
        "x_gains": [
            1.2740735561395795,
            1.332763088433229,
            1.353915612633208,
            1.3135024240030484,
            1.3404952239763763,
            1.3655918352793632,
            1.3771198694710702,
            1.409248219626262,
            1.4344024795655024,
            1.4690748721353957,
            1.4790958641965175,
            1.495077673546112,
            1.5371915817240218,
            1.5593813834251544,
            1.579031048755947,
            1.5821599191554254,
            1.6285379784013523,
            1.6725353982499962,
            1.7012055627244356,
            1.7831039488976674,
            1.7592485897423493,
            1.8196415015099385,
            1.8467996236813344,
            1.8793664730793909
        ],
        "x_sigma": 0.028502004,
        "x_chi2": 0.00081757485,
        "x_quality": 0.83463544
    },
    "y": {
        "y_gains": [
            1.2707802756093678,
            1.334249696024563,
            1.366004518742948,
            1.3458390492239285,
            1.3731134176853381,
            1.383331929251425,
            1.3982430181601286,
            1.460105451151851,
            1.459414485827115,
            1.4585928109169253,
            1.4816739234857363,
            1.505137334750972,
            1.5493352499643265,
            1.5713876704523493,
            1.5771205481869155,
            1.5791814612939858,
            1.6451251241041265,
            1.6653954980396046,
            1.684776611257172,
            1.7582317421171965,
            1.7602753521281218,
            1.8151131548801205,
            1.863379268116798,
            1.873135176860487
        ],
        "y_sigma": 0.02848791,
        "y_chi2": 0.0008157762,
        "y_quality": 0.8385417
    }
}