{
    "x": {
        "x_gains": [
            0.6788080077080006,
            0.6001871023272795,
            0.6306823693122068,
            0.67624536670487,
            0.654599688724756,
            0.6598221990316714,
            0.6494682705848481,
            0.6790080452947255,
            0.6518086026611911,
            0.6946843034970129,
            0.7072757527412064,
            0.6908082982103367,
            0.692616849830347,
            0.7209771027765837,
            0.7316123859050484,
            0.7452996559249608,
            0.7271542143567729,
            0.745673620296878,
            0.7748053146685833,
            0.7696325174048546,
            0.8025876710655427,
            0.787992879696339,
            0.7990944022957662,
            0.8170036765982451
        ],
        "x_sigma": 0.049424518,
        "x_chi2": 0.0024527381,
        "x_quality": 0.83203125
    },
    "y": {
        "y_gains": [
            0.8756787495447564,
            0.886594225416759,
            0.8693481071509793,
            0.8948562677388476,
            0.90372524583586,
            0.9336362049182089,
            0.91642984592065,
            0.9416346589352185,
            0.9378690807917002,
            0.9553789314678987,
            0.9851240359822465,
            0.9673706835799177,
            0.9771189043292133,
            0.9888286098968295,
            0.9993957653202874,
            1.0263412535403642,
            1.0399757852038174,
            1.048265454022008,
            1.0575967731453335,
            1.0822121975703902,
            1.1037310258703075,
            1.1121178990882903,
            1.133327272299081,
            1.1361303423262972
        ],
        "y_sigma": 0.036831364,
        "y_chi2": 0.0013637869,
        "y_quality": 0.8307292
    }
}