{
    "x": {
        "x_gains": [
            1.248689032601897,
            1.0763131881946526,
            0.9991978439708602,
            1.081289857695767,
            1.1645652378091709,
            1.07341043211103,
            1.1630685358139508,
            1.2018598492721122,
            1.118484871759502,
            1.097955083909186,
            1.2242734243294962,
            1.1718111912187281,
            1.0828056099725532,
            1.2719435704778845,
            1.4300740891354025,
            0.9633570759107073,
            1.2486293639393369,
            1.2687368002209227,
            1.3812908300936309,
            1.375226585770338,
            1.3268885472003449,
            1.3716998889636374,
            1.3319142940855573,
            1.2052682758444473
        ],
        "x_sigma": 0.082646295,
        "x_chi2": 0.006856538,
        "x_quality": 0.83463544
    },
    "y": {
        "y_gains": [
            0.9266135933287528,
            0.9349039470335779,
            0.9481663978930985,
            0.9180194831274905,
            0.9279997475840687,
            0.9489337021775371,
            0.9528780824891311,
            0.9692837845801683,
            0.967365443094486,
            0.9960198052562157,
            1.0324914742016518,
            0.9779983620483432,
            0.9944714349516731,
            0.9993473262612187,
            0.9996329347863465,
            1.0411253899144726,
            1.055115142288713,
            1.0614345585260156,
            1.0885243517592569,
            1.1094065695506947,
            1.1090332141584724,
            1.160918837540391,
            1.1616505241773742,
            1.1593890233174697
        ],
        "y_sigma": 0.04384083,
        "y_chi2": 0.0019337723,
        "y_quality": 0.83203125
    }
}