{
    "x": {
        "x_gains": [
            0.6081174435326466,
            0.6439690335898756,
            0.6154566900973081,
            0.625812461027529,
            0.6173459900785091,
            0.5976856535659749,
            0.6124165995764281,
            0.621816687196981,
            0.6463240481343372,
            0.6450276239530234,
            0.639240602619787,
            0.6452089941617619,
            0.6492944052768416,
            0.6654355222258126,
            0.6632757357949884,
            0.6795702098981712,
            0.6879114355301441,
            0.7001172416332839,
            0.6959772860852913,
            0.7026476607032491,
            0.699283632867981,
            0.7472169530973414,
            0.7464249603312455,
            0.7592084583718031
        ],
        "x_sigma": 0.047087107,
        "x_chi2": 0.0022290181,
        "x_quality": 0.83203125
    },
    "y": {
        "y_gains": [
            0.6495733602170095,
            0.6514585831948441,
            0.5708158739784679,
            0.526322631667896,
            0.5091997111819239,
            0.5471149697549373,
            0.5538250062512998,
            0.5378197829370113,
            0.5149615910747681,
            0.48590520203306625,
            0.46865580750543834,
            0.49255284722636106,
            0.4642005517209238,
            0.47264679558706707,
            0.4516557609866619,
            0.3967171182405056,
            0.42821025157609205,
            0.4447501162576804,
            0.43453258242626835,
            0.41128151783937694,
            0.41200860043232884,
            0.3524562091664062,
            0.3935275113509075,
            0.41353464144540947
        ],
        "y_sigma": 0.11479048,
        "y_chi2": 0.013216966,
        "y_quality": 0.83463544
    }
}