{
    "x": {
        "x_gains": [
            1.4277512059000848,
            1.4295208346228803,
            1.4696640759428337,
            1.4763268044256734,
            1.4864354957228931,
            1.4724469830739275,
            1.4818252649429482,
            1.5330900626021997,
            1.5566935331214569,
            1.5473332330661398,
            1.5633659581752706,
            1.5722449708600117,
            1.6363226985448511,
            1.604523086399637,
            1.6585435350677884,
            1.7059156052502418,
            1.7034744917470919,
            1.7814210609573784,
            1.7747661967381574,
            1.7766340991869944,
            1.8072081218824532,
            1.8291333383329642,
            1.846438027169597,
            1.8838731603272134
        ],
        "x_sigma": 0.02907594,
        "x_chi2": 0.00084800454,
        "x_quality": 0.83463544
    },
    "y": {
        "y_gains": [
            0.6702828875304191,
            0.6462940979388905,
            0.6802215780977359,
            0.6906262882338483,
            0.688083968262815,
            0.6832222345657706,
            0.686746870460174,
            0.7177258254331458,
            0.7284625848139882,
            0.7371243540579285,
            0.7490283791123249,
            0.7472785981651321,
            0.7708560302255733,
            0.7544421933565933,
            0.7744436687100363,
            0.7960619769275765,
            0.7892592549329492,
            0.82011458969093,
            0.8283097040043556,
            0.834277596526335,
            0.8422517263001945,
            0.8467313038764545,
            0.8549301513517045,
            0.8759792900976235
        ],
        "y_sigma": 0.034257192,
        "y_chi2": 0.0011787259,
        "y_quality": 0.83203125
    }
}