{
    "x": {
        "x_gains": [
            0.2952935232385667,
            0.2966446406043387,
            0.3086733189882553,
            0.30846762445658416,
            0.3167083613224348,
            0.3218461092828464,
            0.32814773499799615,
            0.3326370463799493,
            0.34388044459890027,
            0.3463071896454704,
            0.3435014337749846,
            0.35357403239162427,
            0.3679507534711554,
            0.36843248373416637,
            0.3660483292877062,
            0.37454805159354465,
            0.3792096777343435,
            0.3852609931334933,
            0.3909858218766342,
            0.401356778562796,
            0.403374469461729,
            0.4003718172992895,
            0.40570365790126334,
            0.40852503506778903
        ],
        "x_sigma": 0.03425575,
        "x_chi2": 0.001179109,
        "x_quality": 0.8333333
    },
    "y": {
        "y_gains": [
            0.30007528888998247,
            0.3005736327551679,
            0.31116436585511265,
            0.31246904603512715,
            0.3190958202946792,
            0.3196914593787244,
            0.32543684689706376,
            0.3333215226407144,
            0.346731500834236,
            0.34587762296295377,
            0.3447198909582041,
            0.3553932940341798,
            0.36902803771702725,
            0.3683968276317661,
            0.36565709109472505,
            0.37209576464972655,
            0.3774374675757625,
            0.38062085656135547,
            0.3907967979360927,
            0.40410827790348464,
            0.4023503699209301,
            0.402350693692831,
            0.4053903950042931,
            0.40755054217671277
        ],
        "y_sigma": 0.030782582,
        "y_chi2": 0.00095229386,
        "y_quality": 0.82942706
    }
}