{
    "x": {
        "x_gains": [
            0.2869867851195056,
            0.2945841210144499,
            0.30095049797677,
            0.3034230796095382,
            0.3087582075264568,
            0.3130419342836076,
            0.3146611319871291,
            0.31717851190435975,
            0.32750430258777524,
            0.3344630715476379,
            0.34171826811850914,
            0.3418264676917587,
            0.3508087421959526,
            0.35127629215227685,
            0.3539470815842006,
            0.36281814933936074,
            0.3668228671799692,
            0.36984189369996895,
            0.37886978067569377,
            0.383953507837643,
            0.39175074780320873,
            0.4001112629399984,
            0.3971106231062787,
            0.40230234413127575
        ],
        "x_sigma": 0.03364995,
        "x_chi2": 0.0011364691,
        "x_quality": 0.828125
    },
    "y": {
        "y_gains": [
            0.29608355477915865,
            0.3020966595722287,
            0.30969025771432235,
            0.31099126475295913,
            0.315160873710405,
            0.31806701767482515,
            0.31911832457518413,
            0.32131315803729843,
            0.3354692774048794,
            0.3405198921505398,
            0.34778902171956355,
            0.3455287235609195,
            0.352656213654369,
            0.3543212452152459,
            0.35595321066236485,
            0.3602259019858462,
            0.3657361278938277,
            0.3711268919213914,
            0.37870376064952843,
            0.38224666086518166,
            0.3886896746337037,
            0.3998816670170963,
            0.39639172540201056,
            0.4028937440271002
        ],
        "y_sigma": 0.031007955,
        "y_chi2": 0.00096559245,
        "y_quality": 0.8359375
    }
}