{
    "x": {
        "x_gains": [
            0.24326248070320372,
            0.258592665789641,
            0.26734969880650283,
            0.2671597937761493,
            0.272984861242341,
            0.2786725488868286,
            0.27777808642009605,
            0.2865910578316681,
            0.2910802249118682,
            0.294187940671471,
            0.3035534267691018,
            0.31529153210812305,
            0.31661473499014237,
            0.32452510537573565,
            0.325949639607262,
            0.32675680797809425,
            0.34444353166908553,
            0.342870081794401,
            0.3520255125561868,
            0.3614640044023424,
            0.3712690477264504,
            0.37038753165933724,
            0.381306567544245,
            0.3855533172043529
        ],
        "x_sigma": 0.02701861,
        "x_chi2": 0.0007323616,
        "x_quality": 0.8307292
    },
    "y": {
        "y_gains": [
            0.28133734381592523,
            0.2803996861991032,
            0.2763807880528324,
            0.28234723045460475,
            0.2874787646623513,
            0.2981800698707467,
            0.3042396649177348,
            0.31728243784595683,
            0.32177485863626026,
            0.32605390812289947,
            0.33420759812953366,
            0.3430597990623284,
            0.34311772410288094,
            0.34971677138119384,
            0.35505973436205973,
            0.35611313058910654,
            0.3697958172395112,
            0.3742838406208081,
            0.37923214062170485,
            0.3941422577650952,
            0.40918673318406207,
            0.40219571511142205,
            0.4073395914000999,
            0.4167476372596892
        ],
        "y_sigma": 0.024675349,
        "y_chi2": 0.00061143894,
        "y_quality": 0.83984375
    }
}