{
    "x": {
        "x_gains": [
            0.2623438417957499,
            0.27089055106127063,
            0.2786909240733332,
            0.2843418165103019,
            0.2893849016842288,
            0.30451113143486075,
            0.29409187077132654,
            0.2911661895957178,
            0.3095877851024872,
            0.31967610928089435,
            0.3217540175734966,
            0.31971541747032467,
            0.33249494732365675,
            0.3422023513681729,
            0.3533874466106663,
            0.3575793593751229,
            0.36051971657093546,
            0.36322550935658016,
            0.3714786977026717,
            0.3684677122797761,
            0.38037901573734495,
            0.3798970630917846,
            0.3887260126895719,
            0.3951729778820894
        ],
        "x_sigma": 0.0320209,
        "x_chi2": 0.0010306189,
        "x_quality": 0.82942706
    },
    "y": {
        "y_gains": [
            0.25013213229888687,
            0.2563632959131794,
            0.264785166819686,
            0.2690119776507001,
            0.27182730441665276,
            0.28621180360375004,
            0.2802580066419466,
            0.2786637970611949,
            0.29396331631775674,
            0.30262291756091736,
            0.3024832208776339,
            0.30159807773449177,
            0.3144984113584498,
            0.32101321014301587,
            0.3296917668811498,
            0.3338777766945299,
            0.33367134240318774,
            0.3377507757290942,
            0.3473647261888862,
            0.34764353480191634,
            0.3562784746663915,
            0.35558172637061647,
            0.365387753503283,
            0.37202602396442835
        ],
        "y_sigma": 0.029478075,
        "y_chi2": 0.0008728352,
        "y_quality": 0.828125
    }
}