{
    "x": {
        "x_gains": [
            0.27407775849123045,
            0.2803019434959494,
            0.287706364582656,
            0.29665704004683147,
            0.296409432483237,
            0.3044411756933678,
            0.3109188513302026,
            0.31200081819094566,
            0.3220858174470409,
            0.3274714846017996,
            0.3356812784139516,
            0.33313852502851415,
            0.34060293531609653,
            0.352251679034047,
            0.35570314864870156,
            0.3554996488907718,
            0.36491253575641097,
            0.3687790750032471,
            0.38133138803481254,
            0.3878480082608523,
            0.39971600976937904,
            0.3971568178858461,
            0.40178711695323865,
            0.40782768138543957
        ],
        "x_sigma": 0.03457267,
        "x_chi2": 0.0012081305,
        "x_quality": 0.8385417
    },
    "y": {
        "y_gains": [
            0.2796445214771886,
            0.2811626322265685,
            0.2936996606124202,
            0.2994575296903906,
            0.29778613577433793,
            0.30557126701153436,
            0.3132080459388505,
            0.31756980343064306,
            0.3216838424929108,
            0.32822863408835545,
            0.3369149186060725,
            0.3357401763179825,
            0.34238017010747895,
            0.35294220207910487,
            0.3570203481605312,
            0.358017263162809,
            0.36458272759432236,
            0.37065508839011896,
            0.3803172728391551,
            0.3848738866416317,
            0.39467571410748997,
            0.3931382591774981,
            0.3954903813773071,
            0.3974902149833778
        ],
        "y_sigma": 0.031052765,
        "y_chi2": 0.00097214914,
        "y_quality": 0.8359375
    }
}