{
    "x": {
        "x_gains": [
            1.3134475621165473,
            1.3387409005278963,
            1.3277331320135843,
            1.3608184179696616,
            1.3878266232610013,
            1.3978510556151817,
            1.4183164736635792,
            1.4553608164737182,
            1.5097682762356583,
            1.5121265746719101,
            1.5442892823219785,
            1.5544770524677665,
            1.5545454878975213,
            1.5626799523632644,
            1.593276957564996,
            1.61894659677998,
            1.6569783144620072,
            1.6860901441118108,
            1.6975726747837803,
            1.7462453977702543,
            1.7920669390046897,
            1.8279773171413052,
            1.810785155900363,
            1.870072592477895
        ],
        "x_sigma": 0.03462175,
        "x_chi2": 0.0012082701,
        "x_quality": 0.83463544
    },
    "y": {
        "y_gains": [
            1.3950892857142858,
            1.4269339199744064,
            1.434367502740359,
            1.4555932699771805,
            1.4782376805149944,
            1.4903409512607837,
            1.5138033127466175,
            1.563807489668315,
            1.62879554153054,
            1.6270164387558308,
            1.639927511924118,
            1.657125023636817,
            1.658669942429225,
            1.65210828842903,
            1.6810132744575244,
            1.6966043820576624,
            1.741688232685786,
            1.7767007023297876,
            1.7845022899982537,
            1.8442018294482145,
            1.890506406170008,
            1.9172990318310943,
            1.9265563950739109,
            1.9779449642351947
        ],
        "y_sigma": 0.031140434,
        "y_chi2": 0.0009791643,
        "y_quality": 0.83723956
    }
}