{
    "x": {
        "x_gains": [
            1.1531938985064363,
            1.1610992191329088,
            1.1979446623838548,
            1.213294946298959,
            1.186329404289435,
            1.2215606928154763,
            1.1975267719085128,
            1.2366821697143462,
            1.2353491299238422,
            1.2506230604086956,
            1.2730978136327387,
            1.2960522352598165,
            1.3168079206523151,
            1.3311976662933456,
            1.3548715640016804,
            1.3691894100209385,
            1.3865002570571476,
            1.4183312793532523,
            1.4410856724423506,
            1.482405492276771,
            1.5266487997868798,
            1.5494375154459552,
            1.5541510519815347,
            1.5865444782032905
        ],
        "x_sigma": 0.031820454,
        "x_chi2": 0.0010162866,
        "x_quality": 0.8333333
    },
    "y": {
        "y_gains": [
            1.2292703530599673,
            1.2272675381624363,
            1.272723523977984,
            1.3059801024789528,
            1.291342824789185,
            1.3251462792536144,
            1.3117261430627558,
            1.3488039346229337,
            1.3545126741073659,
            1.3714303331287938,
            1.382774146382407,
            1.403058690393998,
            1.4454954963419568,
            1.4491277193062793,
            1.4624295986391216,
            1.4744744294875067,
            1.5000487515844263,
            1.5371585955387723,
            1.558115851522778,
            1.6292137577326558,
            1.6729873802881332,
            1.6927087080214587,
            1.7103968387487802,
            1.7544336731963763
        ],
        "y_sigma": 0.030198492,
        "y_chi2": 0.0009158554,
        "y_quality": 0.8359375
    }
}