{
    "x": {
        "x_gains": [
            0.2977554568377114,
            0.29679867311998004,
            0.31118683047375456,
            0.3145554725653367,
            0.3247636224212388,
            0.3265546893220731,
            0.32842526947375467,
            0.3321821008989844,
            0.33773849023532165,
            0.3444034474234041,
            0.3440543537067986,
            0.3566178392653501,
            0.36507350535986316,
            0.36904127505236695,
            0.37769625078305874,
            0.38082831071568607,
            0.39062602234154287,
            0.3926371889061933,
            0.3938936091786034,
            0.4068156593761775,
            0.41150849343242735,
            0.41183074415344484,
            0.4174078438614166,
            0.41747868009439526
        ],
        "x_sigma": 0.030996861,
        "x_chi2": 0.0009656506,
        "x_quality": 0.8359375
    },
    "y": {
        "y_gains": [
            0.2632779910709796,
            0.2692425496278637,
            0.27828230359419404,
            0.2832361554804483,
            0.288121823438889,
            0.2904289432191086,
            0.29346336186227623,
            0.29343764846111026,
            0.29932358855458435,
            0.2991313524655752,
            0.30148021964160515,
            0.31071503919825577,
            0.3166136623734487,
            0.3201827654454405,
            0.32631158658044906,
            0.3281677541052145,
            0.3348794718548873,
            0.33724872356416863,
            0.33809062911498555,
            0.3493356422090379,
            0.3507174750137472,
            0.354144467710949,
            0.35794939383059904,
            0.35910897880179693
        ],
        "y_sigma": 0.02784478,
        "y_chi2": 0.00077880104,
        "y_quality": 0.8411458
    }
}