{
    "x": {
        "x_gains": [
            0.2630255651906496,
            0.273437863159662,
            0.27611065996163225,
            0.28232222451844297,
            0.28957312895725207,
            0.2932901719695192,
            0.3066683279912222,
            0.30689172632795275,
            0.3122363944240075,
            0.3168861398945834,
            0.32394611985598265,
            0.33070076782434976,
            0.3330695422558667,
            0.3331340081517892,
            0.3430744756363946,
            0.34161303114335695,
            0.34804822041030636,
            0.3534927540878521,
            0.35519667115362946,
            0.3630235139405567,
            0.36621871160082364,
            0.37686511014090124,
            0.3741196030441364,
            0.37760799683111373
        ],
        "x_sigma": 0.031262096,
        "x_chi2": 0.0009814864,
        "x_quality": 0.82942706
    },
    "y": {
        "y_gains": [
            0.2663352178148005,
            0.27656358680847004,
            0.2786584934272821,
            0.28591756493388043,
            0.292042607030476,
            0.296173833900679,
            0.30656280768367794,
            0.30985342569609503,
            0.31076452579431024,
            0.3129009336557089,
            0.32171368903650255,
            0.3280706858475162,
            0.33410079627245076,
            0.33275589094391533,
            0.34042492929033796,
            0.34120358061767125,
            0.3472840460174976,
            0.35424897198719574,
            0.3557631061705261,
            0.3616165707177366,
            0.36806440597091744,
            0.376806674964452,
            0.37334685744989765,
            0.38007968902792033
        ],
        "y_sigma": 0.028603457,
        "y_chi2": 0.00082079985,
        "y_quality": 0.83203125
    }
}