{
    "x": {
        "x_gains": [
            0.23361137915421187,
            0.24445445295298043,
            0.2402873163499059,
            0.23790312565691002,
            0.2460169850126453,
            0.2408736235818746,
            0.24833762791871214,
            0.25389624093412694,
            0.25758356274798694,
            0.2656817878216357,
            0.26378196816536764,
            0.27084968362590156,
            0.2764493770876766,
            0.28264652113008865,
            0.28740838570297333,
            0.28937733983282554,
            0.29615978199323056,
            0.3010993891446143,
            0.3166108655846617,
            0.32495595790663506,
            0.3292738911421833,
            0.3362426843679162,
            0.3322229887344846,
            0.33624024230816824
        ],
        "x_sigma": 0.038083844,
        "x_chi2": 0.001455492,
        "x_quality": 0.8151042
    },
    "y": {
        "y_gains": [
            0.25680978658952647,
            0.2624798677941402,
            0.26094188696315807,
            0.26467530612742923,
            0.2782658018870484,
            0.26691021690138483,
            0.2758337627145573,
            0.28350143550951873,
            0.2872466233441309,
            0.29588248163265113,
            0.29831443988659756,
            0.30805501640793437,
            0.31804852549046025,
            0.3204663528916512,
            0.32533465549337326,
            0.327954152796529,
            0.3345760267644762,
            0.3410302729162965,
            0.3528795180399773,
            0.3626843107264465,
            0.36747685759367776,
            0.3752011547190738,
            0.36858844998604895,
            0.37043247954944153
        ],
        "y_sigma": 0.030514367,
        "y_chi2": 0.0009350954,
        "y_quality": 0.83463544
    }
}