{
    "x": {
        "x_gains": [
            0.17281021377487496,
            0.1850717773127541,
            0.18683039984694855,
            0.19260687375025826,
            0.20435570702037262,
            0.207087469232497,
            0.20937931386817604,
            0.21261454874581867,
            0.20915185784366525,
            0.20887599752649044,
            0.21055437493038545,
            0.21033530918817195,
            0.2083353732838634,
            0.21214032403585936,
            0.2086696392352341,
            0.21367692126428534,
            0.20780773129961605,
            0.21438177569680722,
            0.20752487694086086,
            0.21743377483623705,
            0.21233440809225113,
            0.21029304546178143,
            0.21112781225940663,
            0.2120792493497385
        ],
        "x_sigma": 0.047251567,
        "x_chi2": 0.0022395188,
        "x_quality": 0.8203125
    },
    "y": {
        "y_gains": [
            0.20832851573640693,
            0.22736527527454928,
            0.226172480400119,
            0.22756355349409274,
            0.2445108834850625,
            0.24613882032555304,
            0.25359065346000353,
            0.25098165198633154,
            0.24842412158472726,
            0.24698901862124306,
            0.2518282352134141,
            0.25242602232602146,
            0.2516918220897227,
            0.26174607772193803,
            0.25239821209183294,
            0.2577315070684928,
            0.2514042309019142,
            0.2583114618865958,
            0.2519540612160185,
            0.26118722338967104,
            0.25778301707438706,
            0.2554975536364737,
            0.25990378985468676,
            0.2631397865646877
        ],
        "y_sigma": 0.043403987,
        "y_chi2": 0.00188965,
        "y_quality": 0.8177083
    }
}