{
    "x": {
        "x_gains": [
            0.06418952856963585,
            0.0745288435568026,
            0.0821255741090915,
            0.09285389893985918,
            0.10244546021394813,
            0.11179078667288372,
            0.12298265403454435,
            0.12667496928195332,
            0.1348162037213047,
            0.13839623672953086,
            0.14884223809310468,
            0.156382076881276,
            0.16470715660501392,
            0.16865744290355256,
            0.17340898126732138,
            0.180520365116158,
            0.18706384311254778,
            0.19358451995965775,
            0.20285543365521758,
            0.20728004840403688,
            0.21621722133410998,
            0.22005713871629626,
            0.2347198327743246,
            0.2431514391173233
        ],
        "x_sigma": 0.055354994,
        "x_chi2": 0.0030735198,
        "x_quality": 0.8151042
    },
    "y": {
        "y_gains": [
            0.06641226342291462,
            0.07736453682354673,
            0.08393237971042154,
            0.09442056600785975,
            0.1047680790940327,
            0.11227703325005745,
            0.1241612596507443,
            0.12914797464980235,
            0.13935264869739344,
            0.14161233001563966,
            0.14973855797516095,
            0.1571021712714046,
            0.16724315381787688,
            0.16901076142221205,
            0.17362866991323342,
            0.17950507936547827,
            0.18795478950529623,
            0.19364541719336606,
            0.2030965728265722,
            0.20837344522153847,
            0.2181805963704785,
            0.22522791375662818,
            0.2379287163186622,
            0.24857432680603664
        ],
        "y_sigma": 0.054123756,
        "y_chi2": 0.0029383153,
        "y_quality": 0.8177083
    }
}