{
    "x": {
        "x_gains": [
            0.0660918526061802,
            0.07591416597812518,
            0.08520150411327301,
            0.09511119878250057,
            0.10577034339188145,
            0.11034168627254529,
            0.12416352584681076,
            0.13350928076414303,
            0.14023091825308737,
            0.14566452696158627,
            0.15315501005416696,
            0.1594231814219065,
            0.164964562312724,
            0.17056095416982814,
            0.17616971937079787,
            0.1829490731982901,
            0.19749528578752826,
            0.19718615358829503,
            0.20598966871175958,
            0.21519280576019495,
            0.2274377385210638,
            0.2316683498916742,
            0.23970150068000917,
            0.2476688969993848
        ],
        "x_sigma": 0.052385647,
        "x_chi2": 0.0027526235,
        "x_quality": 0.8098958
    },
    "y": {
        "y_gains": [
            0.07002227898850577,
            0.08069437184192489,
            0.08871931276600824,
            0.0965888209064571,
            0.10805146577756158,
            0.11092778445932798,
            0.12789761642328176,
            0.1364991378168459,
            0.14307916083499855,
            0.1496420771014641,
            0.15432639384126573,
            0.16073312306226176,
            0.16720322180544034,
            0.17131980978155936,
            0.1787911501241347,
            0.18326994636788288,
            0.19802944856323693,
            0.19465784892565413,
            0.20536693629291733,
            0.21838443128653978,
            0.22873418274534543,
            0.23090454083015724,
            0.23908478154357296,
            0.2494709967513887
        ],
        "y_sigma": 0.047581278,
        "y_chi2": 0.0022708823,
        "y_quality": 0.8177083
    }
}