{
    "x": {
        "x_gains": [
            0.06690050176045326,
            0.0746309592354506,
            0.08692964158213339,
            0.09608094473702694,
            0.10441774784283374,
            0.11175031047030007,
            0.12389393687851705,
            0.13267184918288735,
            0.14194336218545084,
            0.14647395518040515,
            0.15531924939798258,
            0.15679272331242816,
            0.168387772117797,
            0.1721622136479701,
            0.17585612521040525,
            0.18303623806352054,
            0.18713330176893553,
            0.19216285325249272,
            0.20570066480397858,
            0.2139082731377627,
            0.21756085993105495,
            0.22387551804794875,
            0.23566484339847277,
            0.24415093703908883
        ],
        "x_sigma": 0.058203526,
        "x_chi2": 0.0033979816,
        "x_quality": 0.8177083
    },
    "y": {
        "y_gains": [
            0.072545923746109,
            0.08369250670021286,
            0.09392802295600881,
            0.10385517686380837,
            0.1108227134697583,
            0.1186048698922368,
            0.13120642470627472,
            0.13996498048195344,
            0.150486206637456,
            0.15608960329920976,
            0.16239931607801622,
            0.16790842220922014,
            0.17858316403649382,
            0.18378058083595278,
            0.18521771147329447,
            0.19534101139410448,
            0.2017160793736635,
            0.20415543692672897,
            0.21654753628779097,
            0.22527631830011896,
            0.22995377929036265,
            0.23396308787758865,
            0.24334150717455932,
            0.2530396194506798
        ],
        "y_sigma": 0.048290394,
        "y_chi2": 0.0023390725,
        "y_quality": 0.8203125
    }
}