{
    "x": {
        "x_gains": [
            0.1743954060064568,
            0.1905744724541275,
            0.1968380913200799,
            0.1997571671972683,
            0.2072072912101631,
            0.21034957785994968,
            0.2151910229191351,
            0.2227555981266254,
            0.22501543887179956,
            0.22501290730289514,
            0.21824722727264495,
            0.22535676454752285,
            0.2311878087455389,
            0.23198325266502362,
            0.23649859105964377,
            0.23663444857098115,
            0.24045056588838432,
            0.23728699339820128,
            0.2403924743693544,
            0.23725671636989254,
            0.23103665036040794,
            0.2419116594743105,
            0.2392290127377488,
            0.2456357889379396
        ],
        "x_sigma": 0.049721323,
        "x_chi2": 0.0024797483,
        "x_quality": 0.81640625
    },
    "y": {
        "y_gains": [
            0.21076450186231513,
            0.2270160237444232,
            0.22569856187584755,
            0.2379133816379975,
            0.2423249626213745,
            0.2434728875287952,
            0.24774903894431557,
            0.2511966884640081,
            0.2577545986513455,
            0.2541160123454641,
            0.2499841885000774,
            0.25286090622213314,
            0.25304763614158937,
            0.2545957719280156,
            0.2554834672049669,
            0.25340579286149295,
            0.2585551236420944,
            0.25805659129435765,
            0.25894099967176637,
            0.2586301987741187,
            0.25992690751389946,
            0.2569994837394371,
            0.25446736545101667,
            0.2581532075781287
        ],
        "y_sigma": 0.043916382,
        "y_chi2": 0.0019345314,
        "y_quality": 0.8151042
    }
}