{
    "x": {
        "x_gains": [
            0.07022150883411159,
            0.08311482445982844,
            0.09204254464132448,
            0.10195053808474495,
            0.11430524415314389,
            0.11994575573142802,
            0.13523897673862553,
            0.14426088369023957,
            0.15510799316470095,
            0.16232944836216648,
            0.16933717028782916,
            0.17264042831399704,
            0.18187008754116607,
            0.18969647293364247,
            0.19742024256748816,
            0.2055647867849141,
            0.20904189826766978,
            0.21715227633999568,
            0.2236377997976525,
            0.23814054149825167,
            0.2462511949339234,
            0.25583983198486554,
            0.2637892674065569,
            0.2694159377685824
        ],
        "x_sigma": 0.05314768,
        "x_chi2": 0.0028332942,
        "x_quality": 0.81640625
    },
    "y": {
        "y_gains": [
            0.07621455708710402,
            0.09057277771764752,
            0.1005824124007654,
            0.11094654040950366,
            0.12498609529689822,
            0.1299957243106317,
            0.14508260640902415,
            0.153044881482809,
            0.16496086138602756,
            0.16859495744283937,
            0.17573966628794768,
            0.18112486875239198,
            0.18947361879226637,
            0.19547420145172434,
            0.2019795204884996,
            0.20921609449203063,
            0.2156540097099943,
            0.22497471284227655,
            0.23242077885458068,
            0.2465461047995993,
            0.2539034094556067,
            0.26626995992903374,
            0.2727237521115637,
            0.28172615417711705
        ],
        "y_sigma": 0.049746424,
        "y_chi2": 0.0024822569,
        "y_quality": 0.81640625
    }
}