{
    "x": {
        "x_gains": [
            0.06988696970728332,
            0.07978994499081717,
            0.09013017771958573,
            0.09960447064706053,
            0.10587629308040192,
            0.11391496339114822,
            0.1327005586812951,
            0.14113004776842838,
            0.14749298431183497,
            0.15721097665904352,
            0.1616720406991902,
            0.17374453847074156,
            0.17605114018024504,
            0.1841321708087352,
            0.19329711332023938,
            0.1960644108449735,
            0.2021584579854178,
            0.20884192869280305,
            0.21732738175054164,
            0.22376232860504885,
            0.23640952560173314,
            0.24644126491400922,
            0.25241366146537186,
            0.2593891277098998
        ],
        "x_sigma": 0.056507874,
        "x_chi2": 0.0032028852,
        "x_quality": 0.8072917
    },
    "y": {
        "y_gains": [
            0.06788111871070404,
            0.08128573879917066,
            0.0891995928752182,
            0.10078798058984755,
            0.10631868984754324,
            0.11471451057111423,
            0.13149617398732166,
            0.13917647193906574,
            0.1454583178499015,
            0.1545505811287311,
            0.15666564374445677,
            0.16613043362186258,
            0.17289079283913997,
            0.17716555660634414,
            0.1879236998207546,
            0.18850885817262716,
            0.19571413445521896,
            0.20147637860715753,
            0.21258971152957978,
            0.22103323044531165,
            0.2335138847122336,
            0.24162194043197657,
            0.24626459702615797,
            0.2528235204350425
        ],
        "y_sigma": 0.05173887,
        "y_chi2": 0.00268508,
        "y_quality": 0.8151042
    }
}