{
    "x": {
        "x_gains": [
            0.35101686074388894,
            0.42376517476605513,
            0.5195130936261821,
            0.5571022260857881,
            0.6292337204337233,
            0.6678889925749445,
            0.7713497857614537,
            0.8507909250215824,
            0.9005018406707874,
            0.9779713900337674,
            1.000425480957051,
            1.047676290655995,
            1.1069342790979815,
            1.1666796751450446,
            1.1867090954725268,
            1.234269543238807,
            1.2411174773542601,
            1.2693453950256182,
            1.2821638001437434,
            1.346142579975946,
            1.3301556800906422,
            1.400133987222041,
            1.4241760956143978,
            1.4489315455623841
        ],
        "x_sigma": 0.083878316,
        "x_chi2": 0.007057028,
        "x_quality": 0.82682294
    },
    "y": {
        "y_gains": [
            0.4067487095083694,
            0.49399441114483,
            0.6027525902539126,
            0.6591900452810826,
            0.7520823656540229,
            0.7879587298735642,
            0.8955479445920905,
            0.9632873838829304,
            1.0083134435103989,
            1.0806079850640957,
            1.1116270295669446,
            1.182012977556883,
            1.2340819624173913,
            1.3000229324045276,
            1.3111493850184925,
            1.3466014875637313,
            1.3651038502754096,
            1.3960184715580084,
            1.4309313000295616,
            1.4769807382510984,
            1.4760579852257223,
            1.5468169677777917,
            1.5612546554662259,
            1.5941751899376044
        ],
        "y_sigma": 0.081342384,
        "y_chi2": 0.0066367616,
        "y_quality": 0.8359375
    }
}