{
    "x": {
        "x_gains": [
            0.3289544019855688,
            0.40487823206195095,
            0.4766397431941326,
            0.5518719330407161,
            0.6305863646040271,
            0.6663537469471003,
            0.7505090327514636,
            0.8238951339682324,
            0.8438259575209576,
            0.8797703236402292,
            0.9483241121457748,
            0.9950666585203877,
            1.0081867791023447,
            1.0579580077423483,
            1.1122980938425213,
            1.1394845810416019,
            1.1324957772063708,
            1.1644903932686679,
            1.184098831519432,
            1.196796214830378,
            1.2689252266776303,
            1.2674418053461356,
            1.273696908077829,
            1.2684419407993792
        ],
        "x_sigma": 0.08034322,
        "x_chi2": 0.0064747254,
        "x_quality": 0.83463544
    },
    "y": {
        "y_gains": [
            0.3155614987706986,
            0.3935580838601436,
            0.4613054667926953,
            0.5387203645887036,
            0.6116840211618204,
            0.6617546384533312,
            0.732519752944528,
            0.8093653935915582,
            0.8424017885874775,
            0.8683612910934614,
            0.9240265380421726,
            0.982437456803453,
            1.005394342806896,
            1.0409705176329995,
            1.1047235992601887,
            1.1317702311313615,
            1.122780417496916,
            1.166118746338387,
            1.167336836690172,
            1.1914772441250492,
            1.2404678419504045,
            1.2313174360237626,
            1.2423763130519956,
            1.2408785037616052
        ],
        "y_sigma": 0.08282147,
        "y_chi2": 0.0068803155,
        "y_quality": 0.82942706
    }
}