{
    "x": {
        "x_gains": [
            0.18970428194624378,
            0.20246997167850037,
            0.21903823378082113,
            0.2198662043789169,
            0.22293178933748461,
            0.2199640952607306,
            0.23329317580133874,
            0.23316559555832597,
            0.2351982121172708,
            0.2401914806483729,
            0.23893450121968896,
            0.24019041335208902,
            0.24129902267139444,
            0.24173007568858745,
            0.2421891574820465,
            0.2369930286604675,
            0.2405993213607422,
            0.23739833831608706,
            0.24278179379328343,
            0.24211439469343354,
            0.24622866936426588,
            0.24442760066689626,
            0.23746384998762696,
            0.2419513082670165
        ],
        "x_sigma": 0.04368123,
        "x_chi2": 0.0019138672,
        "x_quality": 0.8255208
    },
    "y": {
        "y_gains": [
            0.2058280203975568,
            0.21102636831449212,
            0.2198802435446349,
            0.2344101157341344,
            0.26048045724531077,
            0.25814139230108785,
            0.25716982397059873,
            0.24709903264682306,
            0.24545328471721942,
            0.2503319589524679,
            0.2556057667523764,
            0.2630096611075805,
            0.2566071398832494,
            0.2531075981407627,
            0.2645367647772684,
            0.2591525555940541,
            0.2438730315056643,
            0.24291749744450794,
            0.2531789016299202,
            0.25519256907820415,
            0.258180067533193,
            0.2676555146122915,
            0.2582649097042601,
            0.2553960981503551
        ],
        "y_sigma": 0.04941391,
        "y_chi2": 0.0024491786,
        "y_quality": 0.8125
    }
}