{
    "x": {
        "x_gains": [
            0.2498614393388147,
            0.30962636736035254,
            0.376932670439436,
            0.448486403237713,
            0.49790275889412405,
            0.5487564629792427,
            0.6262360333708658,
            0.6933034306941651,
            0.7313602063839993,
            0.7791798773368286,
            0.8268463789709813,
            0.8769771229993739,
            0.9186257432371232,
            0.9722140259178648,
            0.9998605194575357,
            1.0173809980129125,
            1.0589908748874293,
            1.0642304926577302,
            1.0856702385217514,
            1.1263768210753573,
            1.10209953708954,
            1.1516909944881681,
            1.1772472112956023,
            1.1768076536368877
        ],
        "x_sigma": 0.08009199,
        "x_chi2": 0.006434286,
        "x_quality": 0.8307292
    },
    "y": {
        "y_gains": [
            0.3903152939622556,
            0.46475158957824303,
            0.5568552557224117,
            0.6508587397669547,
            0.7168013799286725,
            0.75370104900112,
            0.8760547260874729,
            0.9487746148900119,
            1.001457420984759,
            1.0663108202632239,
            1.1451836980581176,
            1.1992522901821172,
            1.2317684413288368,
            1.2870918141153687,
            1.3199452866839327,
            1.3427812135669885,
            1.3961701878963046,
            1.400219386373457,
            1.4359942881891192,
            1.468769984451601,
            1.4435178182787176,
            1.5195260233646881,
            1.552810848508022,
            1.5664153040028332
        ],
        "y_sigma": 0.085723825,
        "y_chi2": 0.0073709846,
        "y_quality": 0.8333333
    }
}