{
    "x": {
        "x_gains": [
            0.244477318494538,
            0.2990084133492306,
            0.36594139521743874,
            0.42782798576872993,
            0.4948985853818835,
            0.5459115428956,
            0.6114712744859085,
            0.6837125784449081,
            0.7342815110485503,
            0.7824088208144532,
            0.8328519449091759,
            0.8703988324121902,
            0.9165407186962392,
            0.9621922897030126,
            1.0229286804099318,
            1.0518968013501304,
            1.087409096677302,
            1.1030918782874897,
            1.1279254720988459,
            1.1647584622905371,
            1.1909907268271018,
            1.2304031233734072,
            1.2304359151447097,
            1.2402526220955843
        ],
        "x_sigma": 0.08769789,
        "x_chi2": 0.0077143773,
        "x_quality": 0.8359375
    },
    "y": {
        "y_gains": [
            0.2590221829705762,
            0.3259717821874806,
            0.38620950892611283,
            0.4563757078330182,
            0.5135118841541838,
            0.5737378498818358,
            0.6478283368925022,
            0.7026009584882276,
            0.7447264615982917,
            0.800089417993355,
            0.8591144265673233,
            0.8811209267982356,
            0.9210511772876149,
            0.9667249408461009,
            1.0187662862525435,
            1.0454195048935042,
            1.0687016570133696,
            1.079513231075507,
            1.0884163009497194,
            1.112006028851886,
            1.1571684735466659,
            1.1816262320078206,
            1.2115406271673326,
            1.2230031233053762
        ],
        "y_sigma": 0.08968386,
        "y_chi2": 0.008067722,
        "y_quality": 0.83723956
    }
}