{
    "x": {
        "x_gains": [
            0.0684514562465479,
            0.07953449414988005,
            0.08726438289377246,
            0.10106615699677468,
            0.11181843727248443,
            0.11850801256374546,
            0.12853098225831583,
            0.1416001181511386,
            0.15087991051493566,
            0.15807349133790463,
            0.16188607377640515,
            0.1620628789384622,
            0.17906634877375902,
            0.1809050716917754,
            0.19255519979912641,
            0.1941276389225916,
            0.20492203464547165,
            0.20874421152301448,
            0.22112008600686864,
            0.2297596351196425,
            0.235820691379103,
            0.24744411876674346,
            0.25779713891579287,
            0.2656465696713118
        ],
        "x_sigma": 0.05528077,
        "x_chi2": 0.0030652855,
        "x_quality": 0.8203125
    },
    "y": {
        "y_gains": [
            0.07088935157581003,
            0.07914786871806334,
            0.08891421956210635,
            0.10600932966908551,
            0.11999011281470406,
            0.1271592385770917,
            0.13176718372548785,
            0.14315214466176993,
            0.15052401020528705,
            0.15776356888959214,
            0.16275178902055926,
            0.16553740634700545,
            0.18422708833103044,
            0.18141174035829252,
            0.19239988515266054,
            0.19438431489636984,
            0.20389080750138747,
            0.20652740606286807,
            0.21935988285480304,
            0.2309926539716184,
            0.23497390626519624,
            0.2472580931900918,
            0.2584602170538564,
            0.2677942733694288
        ],
        "y_sigma": 0.05583422,
        "y_chi2": 0.0031269651,
        "y_quality": 0.828125
    }
}