{
    "x": {
        "x_gains": [
            0.06442853532097942,
            0.07202849677823737,
            0.07986641224422382,
            0.08751309742894395,
            0.09586738702699511,
            0.0985675668349708,
            0.11329547300746685,
            0.12467262527011881,
            0.12804957423900715,
            0.1378334484012905,
            0.13891997995217983,
            0.14428401488797493,
            0.15297486549531977,
            0.1572664078795503,
            0.16528037750038221,
            0.1720164233024181,
            0.17624044413296883,
            0.17963386666029565,
            0.18919875651009274,
            0.20092671419119262,
            0.20155843368457443,
            0.20979248376468418,
            0.214632575859201,
            0.2276967296328577
        ],
        "x_sigma": 0.055119846,
        "x_chi2": 0.0030474649,
        "x_quality": 0.82161456
    },
    "y": {
        "y_gains": [
            0.06859012114318606,
            0.07902034995268262,
            0.08973070648484714,
            0.09810129841973524,
            0.10924483307444129,
            0.11012206811005865,
            0.12522699898105297,
            0.13503951985564383,
            0.1393864404034457,
            0.1520708784115771,
            0.1534727357910222,
            0.15934563757854545,
            0.17221515183348862,
            0.17507174440085546,
            0.1871896570975626,
            0.19271205408116915,
            0.19621535891419128,
            0.2015500407433407,
            0.21149567840305536,
            0.22497696010951518,
            0.23240356414105967,
            0.23613042494007658,
            0.2464405968495527,
            0.2551562419904861
        ],
        "y_sigma": 0.04863917,
        "y_chi2": 0.0023729866,
        "y_quality": 0.8125
    }
}