{
    "x": {
        "x_gains": [
            0.24682903063846795,
            0.305495372967081,
            0.3719330954845983,
            0.4513135367659188,
            0.51222992485126,
            0.560129761901161,
            0.6137915524605184,
            0.6850443984125055,
            0.7226374416668991,
            0.7787719234031086,
            0.8397535289802303,
            0.8769995809696003,
            0.9058479733463292,
            0.9582702991116164,
            0.995273941687895,
            1.0149998710950163,
            1.0530873995144003,
            1.0843566587848397,
            1.0663999244988853,
            1.1392006991958212,
            1.1490129633940556,
            1.1659222020222315,
            1.2104360357362842,
            1.2253489806150282
        ],
        "x_sigma": 0.08649266,
        "x_chi2": 0.007503793,
        "x_quality": 0.83463544
    },
    "y": {
        "y_gains": [
            0.2633020179466655,
            0.3349453359163424,
            0.40109241530231743,
            0.48252557747454794,
            0.5454618447257767,
            0.5991405329055469,
            0.6573770091988738,
            0.7125023717422699,
            0.7455175199972027,
            0.790986424932778,
            0.8580906795906564,
            0.8870680732491139,
            0.933158596275652,
            0.9772914601731253,
            1.0188378015314152,
            1.0322783104907347,
            1.0617096772511938,
            1.0971052822273168,
            1.0725370768023421,
            1.1528194794213076,
            1.1510412434192094,
            1.1821306855875666,
            1.2329534932408257,
            1.2330950377172945
        ],
        "y_sigma": 0.08560738,
        "y_chi2": 0.007350975,
        "y_quality": 0.83463544
    }
}