{
    "x": {
        "x_gains": [
            0.26094273129017787,
            0.3347978507317175,
            0.3891034383631165,
            0.4591118013908057,
            0.5237989904612537,
            0.5901480333228267,
            0.653729191636398,
            0.6995586554398695,
            0.7845856536473308,
            0.8229520673214292,
            0.8818283052071256,
            0.9430162620325339,
            0.9944848851722998,
            1.001379360013244,
            1.088249764638782,
            1.1176756673758765,
            1.1427063056248004,
            1.1673835374406167,
            1.1739043780223781,
            1.187079447428762,
            1.2237988341015364,
            1.2659613995709655,
            1.273519355456572,
            1.2981611962067314
        ],
        "x_sigma": 0.085662566,
        "x_chi2": 0.007360467,
        "x_quality": 0.83203125
    },
    "y": {
        "y_gains": [
            0.31454537059043564,
            0.40374673742355155,
            0.45568913069779443,
            0.5291300371988998,
            0.5999410257971641,
            0.6712440589027402,
            0.7225247152223024,
            0.7671732106797262,
            0.8407666210943133,
            0.8747495154762434,
            0.9262036154913853,
            0.9968550220908058,
            1.0576418398712064,
            1.065327479003727,
            1.140195171540254,
            1.1661988459995938,
            1.2004655789664218,
            1.2364297965980253,
            1.238844821802083,
            1.258672331027802,
            1.2942829193741987,
            1.3244447199289462,
            1.3350191242824572,
            1.3332432060926016
        ],
        "y_sigma": 0.06794859,
        "y_chi2": 0.0046310904,
        "y_quality": 0.82682294
    }
}