{
    "x": {
        "x_gains": [
            0.18764088312055793,
            0.18703936879450134,
            0.20602698994773713,
            0.21416219012364077,
            0.21714915000113894,
            0.21553430296324966,
            0.21798819868569247,
            0.22427111327507815,
            0.22691240069462423,
            0.23140303478138025,
            0.2284023325359808,
            0.22699540595347661,
            0.22858797050319113,
            0.23154797648602513,
            0.23293601049796014,
            0.23568820496257073,
            0.2354003191934168,
            0.2345889983155337,
            0.23591762851070203,
            0.24285632061502876,
            0.24082643927513167,
            0.2426533660268302,
            0.24084457641977938,
            0.24063176039891357
        ],
        "x_sigma": 0.047137525,
        "x_chi2": 0.0022287215,
        "x_quality": 0.8125
    },
    "y": {
        "y_gains": [
            0.20893774234035806,
            0.21129089971151396,
            0.22445600841799815,
            0.23575844529187553,
            0.2412302957365223,
            0.2370672130591793,
            0.24309757851717526,
            0.2449324096768876,
            0.24580357983417597,
            0.2502431237068374,
            0.25050290964139604,
            0.24574625519569018,
            0.2476339504660285,
            0.25290198707620265,
            0.2503939510630563,
            0.24901074257244532,
            0.24908923634346467,
            0.2466564120085562,
            0.24785506229093426,
            0.25157352953385187,
            0.25188253860824067,
            0.253172132897749,
            0.2526769863316911,
            0.2552630127978664
        ],
        "y_sigma": 0.043222107,
        "y_chi2": 0.001873847,
        "y_quality": 0.8177083
    }
}