{
    "x": {
        "x_gains": [
            0.32996490856193933,
            0.40936537927395367,
            0.469052282209058,
            0.5086872592764717,
            0.5665950301683524,
            0.5437688521262477,
            0.6286430256236782,
            0.678878837031673,
            0.7078068046989028,
            0.7331977113086803,
            0.7868598187200875,
            0.7889430577192319,
            0.8606360065663085,
            0.8532997656582854,
            0.8223485386126355,
            0.8474826924965831,
            0.9018435305081943,
            0.9110528199271304,
            0.9243476023948367,
            0.938824593486604,
            0.9195663582533057,
            0.9359162250155995,
            0.9414664865704041,
            0.9340151893286149
        ],
        "x_sigma": 0.09673424,
        "x_chi2": 0.009386043,
        "x_quality": 0.8255208
    },
    "y": {
        "y_gains": [
            0.4988558242814281,
            0.5933515903662012,
            0.6586544861253445,
            0.6874526688837473,
            0.7373421396562879,
            0.7008856320758348,
            0.8680251143970299,
            0.9179410288980686,
            0.9659913099421757,
            0.9997050869993352,
            1.0345596727811903,
            1.0302724330849902,
            1.077895288724493,
            1.0941102186940328,
            1.111574563599161,
            1.1308937091097107,
            1.172280719030102,
            1.165643814219689,
            1.2022190655689797,
            1.206772736841338,
            1.2176497849265184,
            1.2146814071656535,
            1.2224806763701968,
            1.2600129448689905
        ],
        "y_sigma": 0.08739165,
        "y_chi2": 0.007660597,
        "y_quality": 0.82421875
    }
}