{
    "x": {
        "x_gains": [
            1.1333195143907213,
            1.2235302984643104,
            1.314568827340192,
            1.346150480777644,
            1.3810510406081487,
            1.326382910033702,
            1.421329753477461,
            1.3920038842476385,
            1.410323454863726,
            1.4909383376976826,
            1.466916844444764,
            1.5115485331026106,
            1.4949524425728968,
            1.4996265180156882,
            1.4656367539487551,
            1.4883902583071527,
            1.4974552245913293,
            1.512360065104076,
            1.487684885014455,
            1.4868325367132407,
            1.51524426646722,
            1.511012713963178,
            1.5537631413013644,
            1.5304161408093038
        ],
        "x_sigma": 0.058984257,
        "x_chi2": 0.0034897497,
        "x_quality": 0.8125
    },
    "y": {
        "y_gains": [
            0.6649518445198959,
            0.7335030757250971,
            0.7494533300047613,
            0.7723279826708137,
            0.7903894960397535,
            0.7621431893284101,
            0.8286812548819685,
            0.834489170375067,
            0.8231823290412881,
            0.859690217507643,
            0.8457186718529519,
            0.8555043707290548,
            0.861534220139224,
            0.8543650235262225,
            0.8344277548694908,
            0.8357487167705265,
            0.8419753685157794,
            0.859273511742574,
            0.8532913923548162,
            0.8361464784813105,
            0.8685262334440443,
            0.8715872239606998,
            0.8789446265764203,
            0.8711367480848493
        ],
        "y_sigma": 0.052649718,
        "y_chi2": 0.002780445,
        "y_quality": 0.81901044
    }
}