{
    "x": {
        "x_gains": [
            0.06652745132203018,
            0.07711112128977912,
            0.08423565159393227,
            0.0940091980479554,
            0.10025463675188612,
            0.11249922656781736,
            0.1253612173787704,
            0.13556311154214157,
            0.1412883297224275,
            0.1484248913054836,
            0.15558494728081854,
            0.16704574915341214,
            0.17204783549198885,
            0.1775591953059883,
            0.18830383139546095,
            0.1843944403601076,
            0.19668296539064267,
            0.19865032992840045,
            0.2046107142027008,
            0.2176265586577351,
            0.2302089376317946,
            0.2435270865680833,
            0.24864962738734414,
            0.2509487367943246
        ],
        "x_sigma": 0.053057764,
        "x_chi2": 0.0028237137,
        "x_quality": 0.8151042
    },
    "y": {
        "y_gains": [
            0.06758043068062347,
            0.07828769160912522,
            0.08499283255443069,
            0.09451166954486204,
            0.10289857040958159,
            0.1109220383344346,
            0.1284263013469222,
            0.1394369069190601,
            0.1443946571666534,
            0.15260944680250627,
            0.15475602403299152,
            0.16227385920665607,
            0.1697868682421643,
            0.17639011284028297,
            0.18560397994326272,
            0.18174706914676295,
            0.18942543854830404,
            0.19496004118491878,
            0.20129871894501758,
            0.21497755043185227,
            0.22342267224016862,
            0.2310166460430406,
            0.23878688430562936,
            0.23921128975862072
        ],
        "y_sigma": 0.053747997,
        "y_chi2": 0.002897657,
        "y_quality": 0.83203125
    }
}