{
    "x": {
        "x_gains": [
            0.24039509799778286,
            0.28268399406476685,
            0.3479976770459062,
            0.401797561932574,
            0.4361511181628024,
            0.48276418413070127,
            0.5558073980632559,
            0.5896746204927852,
            0.6418205934298881,
            0.6754225291372213,
            0.701243437851564,
            0.7601952059657687,
            0.7939245716082253,
            0.8266867716889541,
            0.8701666917419701,
            0.8925948634200433,
            0.9249502746732335,
            0.9190833503823295,
            0.9249299134358093,
            0.978817987229166,
            0.9865281686347575,
            0.9896636558789039,
            1.0099292201205372,
            1.0378043696005763
        ],
        "x_sigma": 0.07772991,
        "x_chi2": 0.0060603665,
        "x_quality": 0.82942706
    },
    "y": {
        "y_gains": [
            0.24513607135616872,
            0.2935395985211945,
            0.3596717348010817,
            0.425391101388183,
            0.4798982615685474,
            0.5246534113332062,
            0.5966879403818051,
            0.6257731427178278,
            0.6771430171420786,
            0.7067084868480844,
            0.7479114945470521,
            0.8021417183880962,
            0.8407951096665878,
            0.8824062229404618,
            0.9163085885420743,
            0.9302843944513745,
            0.9515105467807782,
            0.950647876033996,
            0.9501637227110603,
            1.0064652307024635,
            1.0068799705636626,
            1.0199069934573783,
            1.0490692709881257,
            1.0781766480307426
        ],
        "y_sigma": 0.08874977,
        "y_chi2": 0.0079005435,
        "y_quality": 0.83203125
    }
}