{
    "x": {
        "x_gains": [
            0.06974915865949231,
            0.08142800620188266,
            0.09314947118113716,
            0.10375896957382351,
            0.11059235921813856,
            0.11611476737161104,
            0.13325795552659653,
            0.14198092784394364,
            0.15149449317517308,
            0.1584071840826125,
            0.16389489263196413,
            0.17277182995395665,
            0.18318660910283938,
            0.1868680566136959,
            0.20104276863234224,
            0.2008657595448446,
            0.20970981613901582,
            0.22069585535611294,
            0.2287237925991202,
            0.23527955799441114,
            0.2510087224778035,
            0.25742370051614993,
            0.2600226037649453,
            0.27013390375528806
        ],
        "x_sigma": 0.051643014,
        "x_chi2": 0.002675134,
        "x_quality": 0.8177083
    },
    "y": {
        "y_gains": [
            0.07383633202367369,
            0.08904111357665954,
            0.09777466810877783,
            0.1082909852411299,
            0.11694857315139097,
            0.12355908484233984,
            0.14033768052688378,
            0.14671182847978817,
            0.1549949117495396,
            0.1664012926584898,
            0.1689442805375192,
            0.18363508740589435,
            0.19097795321861352,
            0.1929162317209459,
            0.20624995101563662,
            0.205894979147986,
            0.21244886621351322,
            0.22532139280165744,
            0.23116920506250388,
            0.23890994946457295,
            0.2529276054167482,
            0.26301704218924865,
            0.2665969888776536,
            0.2730352018278942
        ],
        "y_sigma": 0.04784447,
        "y_chi2": 0.0022960766,
        "y_quality": 0.82161456
    }
}