{
    "x": {
        "x_gains": [
            0.06762598179400368,
            0.07664419229016142,
            0.08715108843865862,
            0.09704465072902368,
            0.10714979509208936,
            0.11605977078195269,
            0.12657229689354876,
            0.13836730181409218,
            0.1473487538715885,
            0.15744932843689013,
            0.16218644454130218,
            0.16955177665337823,
            0.17612141302984607,
            0.1877762893377243,
            0.19745864406412855,
            0.203427617015939,
            0.21023664952074664,
            0.21137517177931772,
            0.21990979739930275,
            0.2232922386297359,
            0.23949112924857266,
            0.25547021118981494,
            0.26815733541709463,
            0.27312964235038983
        ],
        "x_sigma": 0.05928841,
        "x_chi2": 0.003525839,
        "x_quality": 0.81640625
    },
    "y": {
        "y_gains": [
            0.07097515677879819,
            0.08266251326113369,
            0.09018762272280761,
            0.09927596056441164,
            0.10971248417260276,
            0.11970444016088756,
            0.13128387649148987,
            0.1417365031946345,
            0.14729604163835205,
            0.15547217755420187,
            0.16043600087598056,
            0.16848391735082088,
            0.1729499379109723,
            0.1889733877092918,
            0.19207898902681547,
            0.19662802598242735,
            0.2048739932748063,
            0.2086658205824084,
            0.21668228223647315,
            0.22220790215741654,
            0.23890700998559627,
            0.250817816572717,
            0.26239885770430077,
            0.26901929419828957
        ],
        "y_sigma": 0.055776473,
        "y_chi2": 0.003120509,
        "y_quality": 0.828125
    }
}