{
    "x": {
        "x_gains": [
            0.07389847487588566,
            0.0876688348338439,
            0.09964149984769798,
            0.10768879703752428,
            0.11800475205136511,
            0.1268310326670193,
            0.1420226986357868,
            0.14647270867761744,
            0.15549393503681086,
            0.15852638941246633,
            0.16914475001759105,
            0.1708089838009884,
            0.18402043804593113,
            0.1901243156356431,
            0.19779942600188968,
            0.20415762928894346,
            0.21415917680638982,
            0.21553472570490415,
            0.22575099114843908,
            0.233006069318793,
            0.24190553830634676,
            0.2598092745311852,
            0.2668916527713976,
            0.27653643644086545
        ],
        "x_sigma": 0.04920365,
        "x_chi2": 0.002428381,
        "x_quality": 0.8098958
    },
    "y": {
        "y_gains": [
            0.0716973134443074,
            0.0825795472262521,
            0.09294449076178234,
            0.10277619045661407,
            0.11455699178838298,
            0.12298109620675877,
            0.13614794707275787,
            0.14443422010648557,
            0.15351547207220434,
            0.15768728759620915,
            0.17005533090301592,
            0.17512909422269257,
            0.18532767127645156,
            0.19031830241250908,
            0.2012032963136035,
            0.2031291063818412,
            0.21082019470256919,
            0.21322082551683555,
            0.22660032171807273,
            0.23719741200545288,
            0.24351513117794846,
            0.2615598329888154,
            0.2667319057343839,
            0.2761947216979126
        ],
        "y_sigma": 0.046413824,
        "y_chi2": 0.0021608109,
        "y_quality": 0.81119794
    }
}