{
    "x": {
        "x_gains": [
            0.26596031154058974,
            0.3383319625249985,
            0.41036237213416255,
            0.47443990589958907,
            0.5385486963540199,
            0.5740135018307874,
            0.6389268482428617,
            0.6872106928884276,
            0.7434915493263521,
            0.7923309965907582,
            0.8368116105267888,
            0.894464143526432,
            0.920542033560201,
            0.9833993341796468,
            0.9991491246054859,
            1.017359655439004,
            1.0386066717599938,
            1.0782641887436766,
            1.1401249734308125,
            1.162153540239276,
            1.1727010579546049,
            1.1746320817393576,
            1.1854633739235994,
            1.2387513634007192
        ],
        "x_sigma": 0.08264647,
        "x_chi2": 0.0068512647,
        "x_quality": 0.82682294
    },
    "y": {
        "y_gains": [
            0.2739626124866515,
            0.3331375705922676,
            0.40362536301056084,
            0.47612449893848047,
            0.5507441324270875,
            0.5824825593072093,
            0.651231057886431,
            0.6950506830958113,
            0.749536973534599,
            0.7999463076038337,
            0.8403648763449305,
            0.906406462750592,
            0.9275297795029832,
            1.008481063539289,
            1.0380121502643826,
            1.058004123888474,
            1.090381742648101,
            1.1259167918217006,
            1.1686203466852492,
            1.208526833585976,
            1.226015609875948,
            1.2296338209503632,
            1.2287669078326517,
            1.2883908754251385
        ],
        "y_sigma": 0.0786311,
        "y_chi2": 0.0062017054,
        "y_quality": 0.83203125
    }
}