{
    "x": {
        "x_gains": [
            0.18574845016136896,
            0.2449480325602561,
            0.29221831396461645,
            0.35173463563316665,
            0.39436142041096406,
            0.4373490298483278,
            0.4994788936702338,
            0.5486798652705617,
            0.6027052182639691,
            0.6397644029200382,
            0.6869398177521185,
            0.7423374260622644,
            0.7797278858840169,
            0.8281386267623101,
            0.8686314763208454,
            0.8889199418255234,
            0.922755576996294,
            0.9429108941661726,
            0.9932335961263888,
            1.000630837705323,
            1.0107248621558271,
            1.0725121956166148,
            1.0804230859013928,
            1.0969290374667082
        ],
        "x_sigma": 0.08226472,
        "x_chi2": 0.0067881215,
        "x_quality": 0.8385417
    },
    "y": {
        "y_gains": [
            0.2518356425906252,
            0.3125009082057645,
            0.3747217784475471,
            0.43594810648119686,
            0.4944325657020534,
            0.5489826473172975,
            0.6180130534245092,
            0.6591601943177886,
            0.7171000245535049,
            0.7566626606423204,
            0.8163411247923534,
            0.8869647666550917,
            0.9262661572079299,
            0.9690892508911019,
            1.0339761459635175,
            1.058021284150692,
            1.0874623099156662,
            1.127901682163848,
            1.1795411419821928,
            1.1899511103826494,
            1.1882838068525474,
            1.257976672835365,
            1.2635733044362543,
            1.2729584419803364
        ],
        "y_sigma": 0.06994961,
        "y_chi2": 0.004907869,
        "y_quality": 0.8385417
    }
}