{
    "x": {
        "x_gains": [
            0.08184522682934005,
            0.09211178612674913,
            0.10379823698694478,
            0.11304604489759329,
            0.1307576910006686,
            0.13788146562041476,
            0.15546818934284218,
            0.16384454540945842,
            0.171468028671512,
            0.1779557398449379,
            0.18625740699143253,
            0.1964223244971441,
            0.2029397033670944,
            0.20954557192907403,
            0.2177812985754381,
            0.22503045224595017,
            0.2282780325994727,
            0.23687473538131126,
            0.24756890430582978,
            0.2514588258049662,
            0.26002956796217297,
            0.27170235463509684,
            0.2838848586859498,
            0.2859425904482879
        ],
        "x_sigma": 0.056104828,
        "x_chi2": 0.0031573507,
        "x_quality": 0.8177083
    },
    "y": {
        "y_gains": [
            0.07936228278940012,
            0.08906290593202594,
            0.09839650109913813,
            0.10741986612262085,
            0.12293046561143156,
            0.1306194956128177,
            0.14482882174656897,
            0.15518192644519455,
            0.15971290009079678,
            0.16371417162421828,
            0.1727097819366293,
            0.18145308501454455,
            0.18908959110207918,
            0.1958171000141517,
            0.20239829839702572,
            0.21233642795982383,
            0.21818302413889706,
            0.2254884779446563,
            0.23268765998003774,
            0.2348528374544057,
            0.24127344122277378,
            0.25386223465176855,
            0.2646966880356303,
            0.2662291704959296
        ],
        "y_sigma": 0.054289922,
        "y_chi2": 0.0029563839,
        "y_quality": 0.81640625
    }
}