{
    "x": {
        "x_gains": [
            1.5731465148433454,
            1.5146700336771737,
            1.4957128010056575,
            1.5079442271748138,
            1.485575507494877,
            1.4647408176276986,
            1.4419920485674458,
            1.4013980010122578,
            1.3742401757356348,
            1.3682252667970858,
            1.3285710262042034,
            1.2977413072096278,
            1.3066154856670162,
            1.2799723116389548,
            1.28690166391881,
            1.2873698193937293,
            1.2499086004335933,
            1.2331164166465587,
            1.2062242231391296,
            1.1743755437138572,
            1.1300270099055907,
            1.0974407790775988,
            1.060735677684348,
            1.0514257596156829
        ],
        "x_sigma": 0.031376485,
        "x_chi2": 0.0009885373,
        "x_quality": 0.83723956
    },
    "y": {
        "y_gains": [
            1.6360469571653458,
            1.6014829988806916,
            1.5773760362256395,
            1.6128466200928175,
            1.6030815073967783,
            1.589049920559422,
            1.5809081938155505,
            1.522225018042172,
            1.5069633612299376,
            1.4945494677640327,
            1.4368001059323983,
            1.408029485263845,
            1.418820886064994,
            1.3882832503209364,
            1.3624126693478948,
            1.3595961999286212,
            1.3275660853436213,
            1.2954561809679739,
            1.2542771320557022,
            1.2264033856582426,
            1.1804214867259892,
            1.150909696287591,
            1.110337699218178,
            1.0952992014589735
        ],
        "y_sigma": 0.02984828,
        "y_chi2": 0.0009058209,
        "y_quality": 0.83723956
    }
}