{
    "x": {
        "x_gains": [
            0.30254641213235317,
            0.29542114943642506,
            0.2871879207841517,
            0.28351847562322324,
            0.2791794758863195,
            0.27358053559846346,
            0.2693051098705601,
            0.2619515115178508,
            0.26011398611053743,
            0.25115316977904045,
            0.24719509578772883,
            0.24406280614628248,
            0.23822079747127672,
            0.24044339685928026,
            0.23249772256855858,
            0.22769043572663303,
            0.22033065903323754,
            0.21659669582606902,
            0.20755876725534625,
            0.20253802013333239,
            0.1912605993755265,
            0.1907154239039356,
            0.1778842236972382,
            0.1719188269442051
        ],
        "x_sigma": 0.029669546,
        "x_chi2": 0.00088447094,
        "x_quality": 0.8203125
    },
    "y": {
        "y_gains": [
            0.2587195606734884,
            0.25597376862730714,
            0.25289330808143073,
            0.25480872477304445,
            0.25880149596581525,
            0.25815306762773954,
            0.25568845445943167,
            0.24937719914841674,
            0.24729151495332224,
            0.2341410967028485,
            0.2280260943941381,
            0.22340677458703256,
            0.21779405289816806,
            0.21800608149764944,
            0.21054880683465008,
            0.2086405739652116,
            0.20236295171458082,
            0.19569253337095846,
            0.19000483372296992,
            0.18349053120050057,
            0.17650435144120305,
            0.16846375375990041,
            0.16272732559886016,
            0.15718037767081094
        ],
        "y_sigma": 0.031031031,
        "y_chi2": 0.0009659934,
        "y_quality": 0.82942706
    }
}