{
    "x": {
        "x_gains": [
            0.21970460276748704,
            0.2125771889030626,
            0.21097970896319654,
            0.20610940002522368,
            0.2008901038722371,
            0.19003545301411431,
            0.18863582345196012,
            0.1845946191406899,
            0.18037827127268596,
            0.17598541714439375,
            0.170145952899857,
            0.1677019410594087,
            0.16677048129127048,
            0.16312697444811697,
            0.1615398860717338,
            0.16107004630280622,
            0.15898077804747632,
            0.1545083290032374,
            0.15056940001873384,
            0.14788398791001076,
            0.14491385342383975,
            0.14408677320452284,
            0.13225576625221677,
            0.1304225795916834
        ],
        "x_sigma": 0.031897295,
        "x_chi2": 0.0010236646,
        "x_quality": 0.8333333
    },
    "y": {
        "y_gains": [
            0.46056756385688674,
            0.45401450521862435,
            0.44690813977481103,
            0.439801315357774,
            0.4313207533172232,
            0.4245580509898465,
            0.42309191680354397,
            0.41634152128610563,
            0.4052362685487784,
            0.39211580591365536,
            0.37638059696296233,
            0.3741551856524358,
            0.3712930059870626,
            0.36390734889784476,
            0.35513889713107083,
            0.3522601043521243,
            0.347838463956474,
            0.3366754997973045,
            0.3224831616223367,
            0.31827161707188584,
            0.3138294305034612,
            0.3045431441704199,
            0.28848722492021883,
            0.27888912771094526
        ],
        "y_sigma": 0.03204338,
        "y_chi2": 0.0010552217,
        "y_quality": 0.83723956
    }
}