{
    "x": {
        "x_gains": [
            0.35283086078874915,
            0.341454253666365,
            0.331621635101593,
            0.32496103717164315,
            0.32124609561510964,
            0.31765991881819583,
            0.3094134078730861,
            0.3001880498019179,
            0.288477945644697,
            0.2817411161461692,
            0.2783998700206687,
            0.2720659052448865,
            0.26998514406744767,
            0.26536068872986884,
            0.26724675603861414,
            0.2644821708865855,
            0.25908004303837673,
            0.2509177190113982,
            0.24548303844765168,
            0.23376644020932383,
            0.22982336442697898,
            0.22421398983189555,
            0.21666868132428851,
            0.2112946900418883
        ],
        "x_sigma": 0.030652711,
        "x_chi2": 0.0009473187,
        "x_quality": 0.82682294
    },
    "y": {
        "y_gains": [
            0.357575523526324,
            0.3463990433844018,
            0.34470565549606624,
            0.3429705073487262,
            0.3429350341813636,
            0.34360532283128864,
            0.3410766603219586,
            0.3281592141873204,
            0.3149214011294026,
            0.30557033327639543,
            0.2988653606469574,
            0.2893839218871767,
            0.284185400736654,
            0.28108296995863924,
            0.28172673357657807,
            0.2796807489000226,
            0.27188223801495515,
            0.2659750888795656,
            0.256531457657405,
            0.24729236498424192,
            0.24111979892537727,
            0.23558485707655685,
            0.23006828173526794,
            0.22276509084794796
        ],
        "y_sigma": 0.031242348,
        "y_chi2": 0.000989257,
        "y_quality": 0.83463544
    }
}