{
    "x": {
        "x_gains": [
            1.0953518339645536,
            1.0828544337409818,
            1.0502202732001011,
            1.0274079565759862,
            0.9911807708551621,
            1.0183369905209119,
            1.0101864167707917,
            0.961590886733921,
            0.9326109329047053,
            0.8985485655166354,
            0.8849458846742063,
            0.869264829701458,
            0.8606359324968813,
            0.8558328216166254,
            0.8539641828634496,
            0.8413573584609757,
            0.8175003276132562,
            0.805592811985352,
            0.784104139066201,
            0.7588060581254547,
            0.7251684729525575,
            0.6836505984848252,
            0.6732648416521488,
            0.6492102681692855
        ],
        "x_sigma": 0.027606642,
        "x_chi2": 0.0007647008,
        "x_quality": 0.83463544
    },
    "y": {
        "y_gains": [
            1.4577780110222596,
            1.4579788622224557,
            1.409020067404702,
            1.3785585075394744,
            1.3366112387352076,
            1.3865746572699427,
            1.3844377293061516,
            1.3199101985897288,
            1.2772380106083048,
            1.2413475746520053,
            1.2285256782751695,
            1.2052935528606799,
            1.1984764487992285,
            1.1862617132964397,
            1.1659614348927718,
            1.1429699637894544,
            1.1104804815842915,
            1.0895065117298341,
            1.044638947395054,
            1.0181556082647927,
            0.9925363253407029,
            0.9427657295983846,
            0.9162393250101543,
            0.8857177830342176
        ],
        "y_sigma": 0.028408727,
        "y_chi2": 0.0008102826,
        "y_quality": 0.8385417
    }
}