{
    "x": {
        "x_gains": [
            1.3097662722087242,
            1.2624488503067688,
            1.2443154537272494,
            1.2271885588719782,
            1.2119138940510699,
            1.1938428272490327,
            1.1716876215186525,
            1.161463388118787,
            1.133371278603741,
            1.0882948878653596,
            1.0735147518156811,
            1.059968120398811,
            1.0506496114014814,
            1.0488306167921138,
            1.0383121612831046,
            1.0280740287322017,
            1.0094439029058306,
            0.9899709997895321,
            0.9644030166912123,
            0.9304670358325646,
            0.9106189276515083,
            0.8794081653399916,
            0.8603348715834059,
            0.8330048517534585
        ],
        "x_sigma": 0.028045364,
        "x_chi2": 0.00079177925,
        "x_quality": 0.83723956
    },
    "y": {
        "y_gains": [
            1.2654651867743094,
            1.232970215385101,
            1.2278556238243281,
            1.240427681602458,
            1.2291854347917741,
            1.2236999350704816,
            1.2125882570236992,
            1.196582607935042,
            1.1675387792167824,
            1.1193881155907035,
            1.0896312110477273,
            1.0811821862260633,
            1.0753561176203015,
            1.0718845434570399,
            1.0706479467156504,
            1.0541854482981599,
            1.0241525276094623,
            1.0040718124209105,
            0.9659139588959178,
            0.9306587565635872,
            0.9125201598516316,
            0.8671091119814189,
            0.8616544057553,
            0.831576143643802
        ],
        "y_sigma": 0.026513824,
        "y_chi2": 0.00070943317,
        "y_quality": 0.8333333
    }
}