{
    "x": {
        "x_gains": [
            0.3791321135136713,
            0.37389984643933305,
            0.3668646121367912,
            0.35916723914931525,
            0.3511313751368578,
            0.34738526411857956,
            0.33663017707757203,
            0.3233723545675682,
            0.31408008784694424,
            0.30675253119918644,
            0.29805026248094413,
            0.2889034496227499,
            0.28256186409452483,
            0.28074459305565896,
            0.2771916713881648,
            0.2782452684739902,
            0.2703922390937966,
            0.2687128252600804,
            0.2617243546839251,
            0.2517686115540141,
            0.24595407393040045,
            0.24155939537296842,
            0.22775619155206736,
            0.2215617515644032
        ],
        "x_sigma": 0.028759295,
        "x_chi2": 0.00083248114,
        "x_quality": 0.8359375
    },
    "y": {
        "y_gains": [
            0.4106266902421137,
            0.4073638345646584,
            0.4054108894094635,
            0.3990149915917566,
            0.3949044218751302,
            0.3961461319697455,
            0.3916701473087091,
            0.3739125268286912,
            0.36479076057961607,
            0.3584768647814153,
            0.34702087781707214,
            0.3366114350135944,
            0.3288843611013469,
            0.32380154410594736,
            0.3214381192887076,
            0.3164153632568608,
            0.3073557862062657,
            0.3024838156034461,
            0.29484348233740115,
            0.28396025510534983,
            0.2788596292014665,
            0.2660558379368753,
            0.2563868331721387,
            0.24905207666470452
        ],
        "y_sigma": 0.03042985,
        "y_chi2": 0.0009480316,
        "y_quality": 0.8411458
    }
}