{
    "x": {
        "x_gains": [
            0.3773848647837577,
            0.36568399454180067,
            0.36007593281271155,
            0.35454710383411847,
            0.34508989022241976,
            0.33977778532839525,
            0.33091489696137394,
            0.3189551336020126,
            0.3117131969268071,
            0.3016488791361114,
            0.293513923449338,
            0.29503250815691123,
            0.29007952675265686,
            0.290066627724255,
            0.28495115395813964,
            0.2834406302563179,
            0.28338558491209803,
            0.2741784469035753,
            0.2723038056526349,
            0.2648842920515667,
            0.2501556030389803,
            0.240357598266118,
            0.23697912285021425,
            0.22794887544385634
        ],
        "x_sigma": 0.031103378,
        "x_chi2": 0.00097031327,
        "x_quality": 0.82942706
    },
    "y": {
        "y_gains": [
            0.3504711383512857,
            0.34461944794376775,
            0.3449991221497337,
            0.34387196601334546,
            0.3388497278375929,
            0.33824205995367573,
            0.33344904015026544,
            0.323145064925337,
            0.31592572080822645,
            0.29987803060861057,
            0.2911375968687569,
            0.2906783071313969,
            0.2878028628671738,
            0.28527284636117367,
            0.27997103979564353,
            0.2780602174436462,
            0.2748226480135008,
            0.2710981674387407,
            0.26434693420338723,
            0.2547061481912463,
            0.2438430008060962,
            0.2394690492240604,
            0.23043208204488194,
            0.22394583878846736
        ],
        "y_sigma": 0.028204838,
        "y_chi2": 0.0008072103,
        "y_quality": 0.82421875
    }
}