{
    "x": {
        "x_gains": [
            0.3781011811616229,
            0.37533803882121336,
            0.37127781460234904,
            0.3651293843275953,
            0.35543398133687254,
            0.34530788566151477,
            0.33329778156996587,
            0.3311729815834705,
            0.3193119517154348,
            0.3098851791742161,
            0.2978071713455896,
            0.2948216812336094,
            0.2885666183307962,
            0.2906231599921183,
            0.2891485191995918,
            0.2872610304214028,
            0.2811219103155886,
            0.27221821970699844,
            0.2649730016358903,
            0.25666756235090343,
            0.24991128149506922,
            0.23393910382654892,
            0.2375449821116751,
            0.22910622271745826
        ],
        "x_sigma": 0.03131332,
        "x_chi2": 0.000984994,
        "x_quality": 0.83723956
    },
    "y": {
        "y_gains": [
            0.3615449902066501,
            0.35965220193464115,
            0.3586214662561407,
            0.3615742465416418,
            0.3529469481912704,
            0.342478889601245,
            0.3327750477282612,
            0.33047735901265796,
            0.3194985661703097,
            0.30879860482319954,
            0.29678343442716926,
            0.2930038017243274,
            0.28663957464062995,
            0.2849146848618503,
            0.28493015791969073,
            0.2816839755366481,
            0.2731910816443568,
            0.266073457666622,
            0.25945592300510567,
            0.2443574385348797,
            0.2366206743906911,
            0.23168580476365475,
            0.22540779538598357,
            0.22234307803752884
        ],
        "y_sigma": 0.03208806,
        "y_chi2": 0.0010408598,
        "y_quality": 0.83203125
    }
}