{
    "x": {
        "x_gains": [
            1.0509116237971792,
            1.0155070980391878,
            1.0008836802012497,
            0.9878806798199686,
            0.9739644688022138,
            0.964221221660574,
            0.9490487968623688,
            0.9292059368454035,
            0.9285752887915577,
            0.8892806466564293,
            0.872443598484356,
            0.8712715458918762,
            0.8352531627278633,
            0.8168012755168719,
            0.804917401388563,
            0.8183950324076249,
            0.788510891661521,
            0.7597324769223662,
            0.7422929577924801,
            0.7327389062230489,
            0.6924862951768538,
            0.6655399961917802,
            0.6464894716603582,
            0.6316228418315976
        ],
        "x_sigma": 0.02788269,
        "x_chi2": 0.0007798885,
        "x_quality": 0.8359375
    },
    "y": {
        "y_gains": [
            1.0083885829437929,
            0.9905427926868225,
            0.9814354612457145,
            0.9782049098647758,
            0.9821514597373394,
            0.9709690922089537,
            0.9632370931045711,
            0.9535502774640596,
            0.9516873988594217,
            0.9216570324320972,
            0.8995974571258598,
            0.8980141494701447,
            0.8682870233896554,
            0.8601566740975602,
            0.8458290477994912,
            0.8549236463416834,
            0.8356829953552739,
            0.7970734015330591,
            0.7803795719415149,
            0.771275598829944,
            0.7283360449284286,
            0.7054938001557589,
            0.6967849159443968,
            0.6800866811280298
        ],
        "y_sigma": 0.030953657,
        "y_chi2": 0.0009658169,
        "y_quality": 0.8411458
    }
}