{
    "x": {
        "x_gains": [
            1.1315485116912158,
            1.1022896827427313,
            1.0998665641884326,
            1.0750111613033824,
            1.0852412507579052,
            1.0667167312385861,
            1.0085430657470233,
            0.9858788626980309,
            0.9925602645371616,
            0.9533531910447341,
            0.9255897997042186,
            0.929576234082169,
            0.9083683433632338,
            0.9252722382242916,
            0.8942117938845392,
            0.9106415661067951,
            0.8771960603370538,
            0.8543477243081407,
            0.8347140198817192,
            0.804554874785918,
            0.7826393683098519,
            0.7403356948561328,
            0.7311528891871993,
            0.708457587938538
        ],
        "x_sigma": 0.029727923,
        "x_chi2": 0.0008864969,
        "x_quality": 0.83723956
    },
    "y": {
        "y_gains": [
            1.223717754884194,
            1.2129463096593707,
            1.2330457747282089,
            1.2131674771636387,
            1.2327779988970582,
            1.2343849531930484,
            1.1701841661584753,
            1.1663329049548086,
            1.1685770564385325,
            1.1186254151918056,
            1.0740438297954151,
            1.0562621520980107,
            1.0351445443752285,
            1.0580673722283132,
            1.0205755168219932,
            1.0243862732813036,
            0.989525477015599,
            0.9542861619822508,
            0.9324393602048682,
            0.910601514221046,
            0.8641889103130922,
            0.8074583963117238,
            0.7991565382232976,
            0.7741854369216157
        ],
        "y_sigma": 0.029403375,
        "y_chi2": 0.00087831536,
        "y_quality": 0.83203125
    }
}