{
    "x": {
        "x_gains": [
            0.31793209841511805,
            0.3012102991271287,
            0.29354256264418443,
            0.30671454889727684,
            0.29479727616750334,
            0.2837168542110731,
            0.27442659454955304,
            0.262377453002885,
            0.24353972521364092,
            0.2636762058301815,
            0.24910245893022848,
            0.2341353021552365,
            0.22792989058909394,
            0.2422265855304496,
            0.24174584790023304,
            0.22970168160236767,
            0.2197631458742711,
            0.21112787466435945,
            0.22768582179895933,
            0.21378996589622462,
            0.1967886648154757,
            0.18567845719918455,
            0.2000446819801671,
            0.18747182064195977
        ],
        "x_sigma": 0.038337704,
        "x_chi2": 0.0014755329,
        "x_quality": 0.8255208
    },
    "y": {
        "y_gains": [
            0.3450582040728048,
            0.3348414704777474,
            0.3293799830250732,
            0.34021654919442845,
            0.33592762399029813,
            0.3303998125179304,
            0.31595371973104125,
            0.30596635618424706,
            0.2887304797984523,
            0.30476491409774226,
            0.29035679216835725,
            0.27238012673193585,
            0.2676358868357321,
            0.27841937977071607,
            0.2758942781954572,
            0.26588783511040354,
            0.24985801818116857,
            0.24316911806670433,
            0.25816582372943564,
            0.2428664654598956,
            0.22705920904923588,
            0.2200115655679788,
            0.22682155857258474,
            0.21188239882742585
        ],
        "y_sigma": 0.034881897,
        "y_chi2": 0.0012256504,
        "y_quality": 0.82682294
    }
}