{
    "x": {
        "x_gains": [
            1.59110366842316,
            1.5585284312211274,
            1.5043655786472998,
            1.4905658509932593,
            1.5192673485138526,
            1.4921618231591274,
            1.4549026728307983,
            1.4384685028621207,
            1.4150045068601047,
            1.3704729680374184,
            1.3385750146138928,
            1.3013963722795285,
            1.3393531722432557,
            1.2905385585174707,
            1.2957098915918406,
            1.302936179710339,
            1.2693539990934275,
            1.2544437887187996,
            1.21226425930381,
            1.1760433386082798,
            1.1525264711415497,
            1.1119500650802134,
            1.075277720041338,
            1.0659752324918632
        ],
        "x_sigma": 0.029691806,
        "x_chi2": 0.0008849943,
        "x_quality": 0.8307292
    },
    "y": {
        "y_gains": [
            1.500731756804618,
            1.4824423237283426,
            1.4424101172953485,
            1.441955764978802,
            1.4896272044061982,
            1.4763446768768698,
            1.4483806618992443,
            1.4303769729904778,
            1.404895724424646,
            1.3629416413058437,
            1.3341132559427575,
            1.2829281634510008,
            1.3144863161645866,
            1.2932634617571972,
            1.2838143871429584,
            1.2811668826970266,
            1.2372774318851862,
            1.2126838974496286,
            1.187250120951106,
            1.1357318855023257,
            1.1062560483166621,
            1.0698432166162912,
            1.0483663830835601,
            1.0263882362770353
        ],
        "y_sigma": 0.027980937,
        "y_chi2": 0.0007905869,
        "y_quality": 0.84505206
    }
}