{
    "x": {
        "x_gains": [
            0.4261306738233893,
            0.41574725892635345,
            0.40817779310349334,
            0.3995368568755099,
            0.38717493856888835,
            0.3679384065220468,
            0.3606755322876556,
            0.3522167660322996,
            0.3420181781293603,
            0.3396752283619577,
            0.3305285670717327,
            0.3247296747231558,
            0.31818792739002405,
            0.3164244142446171,
            0.31368779845433475,
            0.31619323580458375,
            0.3087269705116347,
            0.30170857262971634,
            0.2888809157756135,
            0.2785674468477294,
            0.2662827933917132,
            0.26033097438759745,
            0.25014348855862445,
            0.24503074584541182
        ],
        "x_sigma": 0.03706171,
        "x_chi2": 0.001378201,
        "x_quality": 0.8333333
    },
    "y": {
        "y_gains": [
            0.4313741899331931,
            0.42761821869131206,
            0.42677819803575334,
            0.430800569190944,
            0.42878006069810537,
            0.42434726373458265,
            0.42132925419202594,
            0.4072885093322016,
            0.38636344142571816,
            0.37357852437528893,
            0.3587567500082514,
            0.34542016044766455,
            0.3380571638437316,
            0.32875800813413064,
            0.3202389443669057,
            0.3202976154194859,
            0.3094130249269321,
            0.3007365941400272,
            0.29553316399283036,
            0.27985150071906445,
            0.2717373582346202,
            0.2665977635860086,
            0.2573002447620038,
            0.2551672191164544
        ],
        "y_sigma": 0.042441014,
        "y_chi2": 0.0018152758,
        "y_quality": 0.8385417
    }
}