{
    "x": {
        "x_gains": [
            0.8257287159134026,
            0.785165090774899,
            0.7906472127392874,
            0.7430920491157094,
            0.7332287309225799,
            0.7751009065115142,
            0.7456341443173395,
            0.7284158368674856,
            0.7143723574473533,
            0.713183845244811,
            0.6863228148185057,
            0.6696870445290989,
            0.633391687709522,
            0.6366035722500174,
            0.6251560545801246,
            0.6194174997832039,
            0.6360807250048104,
            0.6201680767118143,
            0.6243401894835015,
            0.5895068256637316,
            0.5605214643286942,
            0.5421040859360744,
            0.5164926697552584,
            0.5121777428859536
        ],
        "x_sigma": 0.055090647,
        "x_chi2": 0.0030497035,
        "x_quality": 0.83723956
    },
    "y": {
        "y_gains": [
            1.186163216295795,
            1.1575080730979312,
            1.2003018903290403,
            1.1137800250591596,
            1.0630612730977302,
            1.1465867602709523,
            1.1388044696298898,
            1.1217984852803773,
            1.0981365545104664,
            1.0587770553271363,
            1.039355227254189,
            1.0094762055101754,
            0.945503360933522,
            0.9308600877261164,
            0.9374220182058606,
            0.9386326656369867,
            0.9370446548630275,
            0.9085409114609618,
            0.908042037987757,
            0.8265321447029662,
            0.8143648088860882,
            0.8007588631594389,
            0.7724190775153441,
            0.7790317679027537
        ],
        "y_sigma": 0.051284626,
        "y_chi2": 0.0026463545,
        "y_quality": 0.8411458
    }
}