{
    "x": {
        "x_gains": [
            0.91621027942123,
            0.8898135831645135,
            0.8660567087004404,
            0.8624139310896773,
            0.8526826205290333,
            0.8261171995948721,
            0.7999632016927221,
            0.8104418626288076,
            0.7819581608594284,
            0.7799708478095922,
            0.7354401782295146,
            0.7386785690436949,
            0.7060715302709458,
            0.7102065919955456,
            0.6889939283099061,
            0.7078464853687777,
            0.7007279792904051,
            0.6743069692120204,
            0.6826124013471493,
            0.6629205907974821,
            0.6129895426435983,
            0.6000692599939885,
            0.580735538726872,
            0.5637175276859998
        ],
        "x_sigma": 0.034736194,
        "x_chi2": 0.0012121453,
        "x_quality": 0.8359375
    },
    "y": {
        "y_gains": [
            1.1740820908805287,
            1.148894207707389,
            1.1267765604334212,
            1.1398786074878169,
            1.1360336702203315,
            1.119373079435639,
            1.0898809210274136,
            1.077353391757346,
            1.058368426008024,
            1.048371988381103,
            1.001684131530342,
            1.0161849194784216,
            0.97566267984878,
            0.9631669545893748,
            0.9394686271497978,
            0.9545532428321404,
            0.9333944644481249,
            0.8961022330778037,
            0.900157176444579,
            0.8763232700458511,
            0.8168491140005243,
            0.8039814447514403,
            0.7820246932117129,
            0.751384802190437
        ],
        "y_sigma": 0.034684654,
        "y_chi2": 0.0012118104,
        "y_quality": 0.8307292
    }
}