{
    "x": {
        "x_gains": [
            1.2158994908299292,
            1.309687295917977,
            1.232578732199098,
            1.2129518121172576,
            1.1968098793304471,
            1.0086571326982365,
            1.0478946538929705,
            1.0558207131963335,
            1.1036270482214388,
            1.1969013277896694,
            1.0901626664419477,
            1.014180813652318,
            0.9160270660349256,
            0.8887638299428622,
            0.9002770332486713,
            0.9751884746765007,
            1.0189774357636625,
            1.0315591386097454,
            0.9439487035619716,
            0.8576872189680617,
            0.7953054708665689,
            0.7807928701742902,
            0.8402468140991735,
            0.8713005450159169
        ],
        "x_sigma": 0.08514523,
        "x_chi2": 0.0072719827,
        "x_quality": 0.83984375
    },
    "y": {
        "y_gains": [
            1.1957851920179905,
            1.1887724672498239,
            1.1659619107060897,
            1.133811658236966,
            1.0940950758774082,
            1.1046368346233835,
            1.0917896490371206,
            1.1243268865741372,
            1.1304023056589747,
            1.0690596497867493,
            1.004322806222543,
            0.9385061665955435,
            0.9179346250631768,
            0.9318143020822695,
            0.92476380607629,
            0.9674241210564891,
            0.9379884574892375,
            0.9174524034867595,
            0.8838365648313122,
            0.8501473347838547,
            0.832316519984752,
            0.8018528574347316,
            0.7781512557960596,
            0.7427616024933021
        ],
        "y_sigma": 0.057183206,
        "y_chi2": 0.003306733,
        "y_quality": 0.83203125
    }
}