{
    "x": {
        "x_gains": [
            1.3231999155269174,
            1.284416584592447,
            1.3353360882029013,
            1.2550430768435266,
            1.2669215265132405,
            1.1964341476662954,
            1.2024039807074762,
            1.195825230620875,
            1.1900448983709393,
            1.1895617856607128,
            1.1326987766003689,
            1.102416717929044,
            1.0562232940541494,
            1.0424770840081201,
            1.0475251364917395,
            1.0414823459889755,
            1.069807621844402,
            1.0428097817142596,
            1.0331015552775709,
            0.9999800003999921,
            0.9466158813557092,
            0.9009077185809333,
            0.8984041467460521,
            0.849481841561103
        ],
        "x_sigma": 0.07357228,
        "x_chi2": 0.0054393434,
        "x_quality": 0.82942706
    },
    "y": {
        "y_gains": [
            0.13137701570934096,
            0.13844375376393955,
            0.1409808886307372,
            0.1644855417784476,
            0.1601317358954326,
            0.14622090677345392,
            0.14112665785895195,
            0.14492035322307212,
            0.14583394067093208,
            0.13594533257530217,
            0.1299563331125982,
            0.12934605493174325,
            0.12658213427351792,
            0.1209817865549795,
            0.12341277290112207,
            0.12598805184751022,
            0.1313873120586618,
            0.12751522181081562,
            0.12443763521704537,
            0.12977793697204712,
            0.10717072918749797,
            0.0982328017203314,
            0.1042322678502449,
            0.10040092095756777
        ],
        "y_sigma": 0.16942063,
        "y_chi2": 0.028847478,
        "y_quality": 0.84375
    }
}