{
    "x": {
        "x_gains": [
            1.3402817111322995,
            1.3226783654922738,
            1.2944848086382523,
            1.26653868377703,
            1.2199388761825476,
            1.2756278417001976,
            1.2120503989948708,
            1.2098983282508127,
            1.1751901839654466,
            1.121962445156933,
            1.1142649762226997,
            1.1366589093484967,
            1.079793570248249,
            1.0558749377799295,
            1.0536056651112287,
            1.0321852175449564,
            1.0455522000300284,
            1.0110801237521627,
            0.9813108369786577,
            0.962055936625912,
            0.9087019846414824,
            0.8762003397028718,
            0.8599241959622774,
            0.840731560886242
        ],
        "x_sigma": 0.044403173,
        "x_chi2": 0.0019775385,
        "x_quality": 0.828125
    },
    "y": {
        "y_gains": [
            0.774860368224495,
            0.75500365459519,
            0.7522219885319245,
            0.7087675538688148,
            0.6945058406899444,
            0.7509461546074977,
            0.69785623449756,
            0.7020074042124937,
            0.6812807287414694,
            0.6537351747571406,
            0.6576211750861797,
            0.6285767984132207,
            0.5994234984561249,
            0.6054047142622938,
            0.5893724362299024,
            0.5750503039629649,
            0.5781644850207989,
            0.5574654010492502,
            0.5556061157120853,
            0.5231204048449738,
            0.47873946749234547,
            0.48256660577319527,
            0.4762916314607769,
            0.45836242597847887
        ],
        "y_sigma": 0.047966324,
        "y_chi2": 0.0023187979,
        "y_quality": 0.8385417
    }
}