{
    "x": {
        "x_gains": [
            2.2756063284794044,
            2.1982697770308155,
            2.137704511518486,
            2.123142160376129,
            2.09724624646926,
            2.0365273998265776,
            2.0050617784597216,
            1.9664865850021493,
            1.9214957537826083,
            1.899464028235153,
            1.8823349770572542,
            1.8455428295124443,
            1.8134743684439503,
            1.7961863730165386,
            1.7994244217090767,
            1.783424814109173,
            1.725038817685995,
            1.695209387432189,
            1.6188755711190654,
            1.6265806704310082,
            1.5774950766378657,
            1.5284077662311326,
            1.461695751245109,
            1.4201362856508706
        ],
        "x_sigma": 0.03643961,
        "x_chi2": 0.0013341238,
        "x_quality": 0.83203125
    },
    "y": {
        "y_gains": [
            1.0763710674729232,
            1.0626304843820416,
            1.0475478841994477,
            1.0110733767292768,
            0.9992799188904475,
            1.002570490480543,
            0.988457973930014,
            0.9851596534957061,
            0.952566294565695,
            0.9240460910494032,
            0.9344941120796727,
            0.908181406693079,
            0.9004192171791343,
            0.8673686628202337,
            0.8643851451263761,
            0.8633014772210568,
            0.8323747844045263,
            0.8145287824741426,
            0.7757111195939431,
            0.7674190699034357,
            0.737317077163034,
            0.7200300108508523,
            0.7002319588386849,
            0.6852324928751239
        ],
        "y_sigma": 0.03946631,
        "y_chi2": 0.0015628025,
        "y_quality": 0.8255208
    }
}