{
    "x": {
        "x_gains": [
            0.3659712602769305,
            0.3561892241005465,
            0.348668105271269,
            0.33900221883732273,
            0.3289054546141061,
            0.3254309160932357,
            0.3235687301237796,
            0.31394683379438,
            0.29807254370339636,
            0.28582218767330647,
            0.2792481589587752,
            0.277528372280555,
            0.273118527432298,
            0.27138610725667456,
            0.2677435383176078,
            0.26776955591356344,
            0.2574654952467235,
            0.2555393129089619,
            0.24831579809939092,
            0.23957248768717196,
            0.2236153458267227,
            0.21598743298719908,
            0.2125580575764513,
            0.20166937878369567
        ],
        "x_sigma": 0.028750025,
        "x_chi2": 0.0008300386,
        "x_quality": 0.83723956
    },
    "y": {
        "y_gains": [
            0.3314134002700025,
            0.3202077507887117,
            0.31229632424103404,
            0.3072751037383796,
            0.2968074382793384,
            0.29615208997195264,
            0.2944852772821836,
            0.2840549341790747,
            0.27378726751217286,
            0.2638166448991553,
            0.254756072970801,
            0.2494488614492924,
            0.2481881889921291,
            0.24599301970207293,
            0.24675526085300578,
            0.24411330528829486,
            0.23299421801548573,
            0.22851255329141254,
            0.22637586724594744,
            0.22001375834036407,
            0.20868313844415035,
            0.20080458380639546,
            0.19361243533949699,
            0.18471667869510894
        ],
        "y_sigma": 0.032927442,
        "y_chi2": 0.001104974,
        "y_quality": 0.84505206
    }
}