{
    "x": {
        "x_gains": [
            0.35261042788922814,
            0.3453327007759142,
            0.33642640404952423,
            0.3305641205637427,
            0.3256797612402589,
            0.31646342752424206,
            0.3086888312244433,
            0.3004071568400231,
            0.29038927931566166,
            0.28104543054417475,
            0.2701769861892279,
            0.26569815791201423,
            0.2625154916954537,
            0.26107330682603835,
            0.2570172454716453,
            0.25470320937760166,
            0.2488491101927252,
            0.24180118671186415,
            0.23917612626184243,
            0.2294304318406123,
            0.2202478956139504,
            0.21458311115040365,
            0.20614034364419848,
            0.20170613538023643
        ],
        "x_sigma": 0.025425645,
        "x_chi2": 0.00064847525,
        "x_quality": 0.83463544
    },
    "y": {
        "y_gains": [
            0.38512503835363976,
            0.37602028403820215,
            0.36947105046531187,
            0.3659653538403727,
            0.36400970522676074,
            0.35785455316598574,
            0.3507131945703846,
            0.34192976680526677,
            0.3301359773967781,
            0.32277753946036114,
            0.30652711794835513,
            0.2999118828896882,
            0.2955509561915753,
            0.29401498394442976,
            0.2874543206339081,
            0.2821562311466733,
            0.2732950705658804,
            0.26305602975058473,
            0.2587171777805616,
            0.25002457741596,
            0.23719212906382756,
            0.23094266871343458,
            0.2223571831498527,
            0.21571485757437317
        ],
        "y_sigma": 0.028396545,
        "y_chi2": 0.0008220148,
        "y_quality": 0.83723956
    }
}