{
    "x": {
        "x_gains": [
            0.3799304043485314,
            0.3667015081992991,
            0.36443674624458866,
            0.3686945036424436,
            0.35963303332985447,
            0.3543693600344504,
            0.3398666927276447,
            0.3297566824367304,
            0.3169216713510859,
            0.30945843937571466,
            0.30192361574060655,
            0.29366571280127607,
            0.2929987880984127,
            0.29599408414383666,
            0.2942555403977988,
            0.29409847875797274,
            0.28472867706087684,
            0.2771274673836213,
            0.27855215276245743,
            0.26858932214554954,
            0.2538550169011593,
            0.24408806502115513,
            0.23471381672925543,
            0.22934422687831776
        ],
        "x_sigma": 0.031866215,
        "x_chi2": 0.0010238761,
        "x_quality": 0.8385417
    },
    "y": {
        "y_gains": [
            0.45699611699539305,
            0.45104747883628854,
            0.4496705556124888,
            0.4532652891481264,
            0.44412802789834627,
            0.4407703396117836,
            0.42238659067875584,
            0.4075144690049793,
            0.3932337062630726,
            0.3817092121663094,
            0.37235620115501167,
            0.36229937355177616,
            0.36343772839789745,
            0.3621158720094208,
            0.3594247292192932,
            0.3571988863396001,
            0.3438967170862814,
            0.3324262197457651,
            0.32694921399774207,
            0.3156041940893836,
            0.30100904553252456,
            0.29276786664212884,
            0.2821412966999569,
            0.2734322930373885
        ],
        "y_sigma": 0.030913388,
        "y_chi2": 0.000967371,
        "y_quality": 0.84244794
    }
}