{
    "x": {
        "x_gains": [
            1.2143223000818695,
            1.177587315067125,
            1.153205468371172,
            1.152534746617541,
            1.1458894413323744,
            1.144682315916225,
            1.0930460356559268,
            1.0650294182425906,
            1.0342703408913674,
            1.0130615443195279,
            1.0041338483509064,
            0.981281563534792,
            0.9642714292932545,
            0.9644984516424108,
            0.9454194239824166,
            0.9484204389536381,
            0.9396327313920771,
            0.9037197738495488,
            0.9011081557767295,
            0.8706599776762781,
            0.8272587721692942,
            0.8096472383175596,
            0.7726506398319949,
            0.7531593339450493
        ],
        "x_sigma": 0.031884067,
        "x_chi2": 0.0010203186,
        "x_quality": 0.8333333
    },
    "y": {
        "y_gains": [
            1.3241862081239353,
            1.300399705157774,
            1.2912017640914981,
            1.2821344564147366,
            1.2844517247168201,
            1.279224687501399,
            1.2424965632545062,
            1.2082732499321918,
            1.1740541086317045,
            1.1566619361121249,
            1.149679221102445,
            1.1048081804416914,
            1.1035768204901195,
            1.087939333021385,
            1.0765325274841446,
            1.075468842844889,
            1.0541404422878136,
            1.016358451900694,
            1.0076884106511657,
            0.9653882255652759,
            0.9259532758421289,
            0.899346328108341,
            0.863632736378871,
            0.8408614962373551
        ],
        "y_sigma": 0.026862029,
        "y_chi2": 0.0007262022,
        "y_quality": 0.83723956
    }
}