{
    "x": {
        "x_gains": [
            1.3548988059954272,
            1.350394760900454,
            1.3199599217929026,
            1.3009764023045758,
            1.3287939958709054,
            1.2891694809236436,
            1.2371890619125285,
            1.20641770789563,
            1.1749086508523963,
            1.144073299311873,
            1.1084796297358794,
            1.1028410287742252,
            1.1104906429725276,
            1.1193566654275389,
            1.1099507932174548,
            1.1019930977764314,
            1.0889174015860954,
            1.0536481830785367,
            1.0168363698778902,
            0.9871772584369843,
            0.9819231868984738,
            0.9193978605979543,
            0.9193822229540505,
            0.8752877727374817
        ],
        "x_sigma": 0.02686988,
        "x_chi2": 0.0007243269,
        "x_quality": 0.83203125
    },
    "y": {
        "y_gains": [
            1.4394951402644065,
            1.4387051952493437,
            1.414947305239932,
            1.4292633962356918,
            1.4543919976792559,
            1.432690618770482,
            1.3862508535146505,
            1.3433795555310524,
            1.3160926945142228,
            1.2927243791400307,
            1.2530093211614002,
            1.2406027443621428,
            1.2282640256697355,
            1.2286089959242126,
            1.222588107523592,
            1.204384392768057,
            1.1938342757461107,
            1.1585587251405158,
            1.1225121552631872,
            1.0722908464535266,
            1.0540686628759546,
            1.0184100012750494,
            0.9902767694834725,
            0.9783986217102937
        ],
        "y_sigma": 0.028261995,
        "y_chi2": 0.0008035143,
        "y_quality": 0.83463544
    }
}