{
    "x": {
        "x_gains": [
            1.402358739352416,
            1.3655379248526456,
            1.3539854018709911,
            1.3264041978040053,
            1.3373226559709384,
            1.2862664431478594,
            1.2694047557995296,
            1.2306316423650554,
            1.1938146077543033,
            1.1765758294827242,
            1.1322656068660586,
            1.119844780554657,
            1.1066208127266706,
            1.1006313155187937,
            1.1104056827187208,
            1.0830969293768813,
            1.067008029566195,
            1.0628689085122833,
            1.0381199299260742,
            0.9530002210007512,
            0.9840145846705682,
            0.9244370686692192,
            0.9409483404305929,
            0.8793263515993451
        ],
        "x_sigma": 0.030515067,
        "x_chi2": 0.000934511,
        "x_quality": 0.82161456
    },
    "y": {
        "y_gains": [
            1.588086656679931,
            1.5554237938777276,
            1.5613187647720272,
            1.5382118748418525,
            1.5921586821766274,
            1.553360777593765,
            1.5296839764685655,
            1.4874659426079118,
            1.464160784766754,
            1.426783261492418,
            1.3832054513786685,
            1.3504435065794351,
            1.3489162476381993,
            1.3458379624551584,
            1.3516339159010673,
            1.3300415691192014,
            1.2903621240005743,
            1.2698651352431767,
            1.2364254396512488,
            1.1638269096101028,
            1.1446475547764219,
            1.102027466050942,
            1.105279289155099,
            1.067897225998129
        ],
        "y_sigma": 0.029577507,
        "y_chi2": 0.000887445,
        "y_quality": 0.83463544
    }
}