{
    "x": {
        "x_gains": [
            0.4210120371551543,
            0.41129247921266116,
            0.3996549219541879,
            0.39434297649132233,
            0.38422047985065194,
            0.37438436702666594,
            0.3640778643134227,
            0.35287879580252085,
            0.346460910461162,
            0.3390181018715494,
            0.33370172891866856,
            0.32746382801809326,
            0.3233771962162281,
            0.3223183196385651,
            0.32455712476401044,
            0.32185331895464364,
            0.31979970816357833,
            0.3144832097414319,
            0.3121893715752826,
            0.2982143491380875,
            0.29026142162729723,
            0.2764274297832864,
            0.27298156746562,
            0.2636902158905631
        ],
        "x_sigma": 0.034989484,
        "x_chi2": 0.0012329615,
        "x_quality": 0.84765625
    },
    "y": {
        "y_gains": [
            0.4375757881265035,
            0.4333081740163894,
            0.43624988777471635,
            0.4409630704011653,
            0.4398318206270832,
            0.4382222724717094,
            0.4298492106163126,
            0.4220474729970861,
            0.4096349415328048,
            0.3935524769956771,
            0.3823248616643511,
            0.3719074639187465,
            0.364803682357554,
            0.35812523302761257,
            0.3521237109191098,
            0.3440872409801573,
            0.3347659082433427,
            0.3256784035843905,
            0.3159629839253516,
            0.3050928136577605,
            0.2924091947369503,
            0.28579780399826554,
            0.2786477780626177,
            0.27487785458934005
        ],
        "y_sigma": 0.038927566,
        "y_chi2": 0.0015199586,
        "y_quality": 0.84375
    }
}