{
    "x": {
        "x_gains": [
            1.138163745797046,
            1.102113286797849,
            1.1021950876487578,
            1.0885428362832663,
            1.0554784376098885,
            1.0290656823502486,
            1.025330166566936,
            0.9870215548728218,
            0.9562190334442388,
            0.9200629102215493,
            0.8981019782222844,
            0.8917901796065422,
            0.8698274514586267,
            0.8718661099627181,
            0.8665473719784577,
            0.8889487052595451,
            0.8592850301720752,
            0.8128039378725181,
            0.7874827413313703,
            0.7689665404971999,
            0.7353496473593998,
            0.70164281244821,
            0.6979118060017345,
            0.6754552399453422
        ],
        "x_sigma": 0.02664589,
        "x_chi2": 0.0007124867,
        "x_quality": 0.828125
    },
    "y": {
        "y_gains": [
            1.0997929463811567,
            1.0741730451957234,
            1.0742353565875926,
            1.0716803589014654,
            1.0436381643865782,
            1.0147471786831979,
            1.0187917462016158,
            0.988998675434074,
            0.956988166841317,
            0.9221772753018239,
            0.8926300800805225,
            0.884765879888608,
            0.8656963826184095,
            0.8560047621256925,
            0.8423020958581899,
            0.8490864339422642,
            0.8134755809273165,
            0.7722882584459568,
            0.7486073283566916,
            0.7113407635247219,
            0.6921412962159182,
            0.6643677769935286,
            0.6527083676821112,
            0.6350681723455627
        ],
        "y_sigma": 0.02799365,
        "y_chi2": 0.00078868493,
        "y_quality": 0.8333333
    }
}