{
    "x": {
        "x_gains": [
            1.2774787271048667,
            1.2565216141884812,
            1.236642774068729,
            1.2145461823898576,
            1.2107851950465374,
            1.222868970445825,
            1.1873098894246426,
            1.1344655980681413,
            1.1071904267886938,
            1.1054685906138841,
            1.0696653236483695,
            1.0598565204397463,
            1.056954411230944,
            1.061884663057519,
            1.0487260128831795,
            1.0724470590799073,
            1.035504766117787,
            1.0146384939436737,
            0.981572835011054,
            0.9369270105750952,
            0.9312750664325068,
            0.8866064879557611,
            0.8774231905932512,
            0.8321679514646364
        ],
        "x_sigma": 0.030594252,
        "x_chi2": 0.00093935314,
        "x_quality": 0.8411458
    },
    "y": {
        "y_gains": [
            1.557384478670218,
            1.5297626022608057,
            1.5249986160637559,
            1.498974042206552,
            1.5046050544137408,
            1.5232808728094747,
            1.4866484106241842,
            1.454996810428742,
            1.4035083779625606,
            1.3995266520957281,
            1.3457905085971116,
            1.329503918878989,
            1.3013638045412468,
            1.3034725839177606,
            1.266977177433312,
            1.2674183522126703,
            1.2396629158185823,
            1.199636903499144,
            1.1805894565097408,
            1.1448565202841672,
            1.101153866101672,
            1.046326525444673,
            1.0246339418395234,
            0.9832598051651031
        ],
        "y_sigma": 0.027479732,
        "y_chi2": 0.0007614312,
        "y_quality": 0.8333333
    }
}