{
    "x": {
        "x_gains": [
            0.23649699702025612,
            0.23081923331729756,
            0.22208869262960476,
            0.21257846324222887,
            0.2017433449409729,
            0.1972881170013232,
            0.19213456059412004,
            0.18368421303988924,
            0.18049928991579348,
            0.17790270501062969,
            0.17232759959199717,
            0.16984516897411803,
            0.16586526101386798,
            0.16521134744227228,
            0.1574572542918911,
            0.15187900528668036,
            0.14831093862878528,
            0.1466196179951946,
            0.1454400120307978,
            0.14039101424505504,
            0.13594987354146687,
            0.13052013710357283,
            0.1265831437328812,
            0.12050116434250047
        ],
        "x_sigma": 0.03320851,
        "x_chi2": 0.0011122702,
        "x_quality": 0.83723956
    },
    "y": {
        "y_gains": [
            0.22261471670273766,
            0.2173072159034113,
            0.20683642794068088,
            0.20065695085710616,
            0.19181661962875582,
            0.18917247145548202,
            0.1866738921907871,
            0.1794262858862889,
            0.1732382278560834,
            0.17008778400620342,
            0.16200624122564072,
            0.15704785216645942,
            0.15496567355365112,
            0.152851467045453,
            0.1479226132789893,
            0.14353050597373967,
            0.14066277542791233,
            0.13814220341842828,
            0.1350790700195057,
            0.1292125103500836,
            0.12580459903872707,
            0.12121357577503052,
            0.11756853687249115,
            0.11179246132008785
        ],
        "y_sigma": 0.03472813,
        "y_chi2": 0.0012194798,
        "y_quality": 0.83984375
    }
}