{
    "x": {
        "x_gains": [
            0.26803805657934926,
            0.26892896163489016,
            0.27132256182762876,
            0.27907146004271577,
            0.2757509318313364,
            0.28393565597810766,
            0.2881595251131026,
            0.29811063738349725,
            0.30567197582208033,
            0.30889266458689235,
            0.3202120264720563,
            0.31428738180476573,
            0.32374732608989704,
            0.3315961233495135,
            0.33221664245914734,
            0.33697384146202974,
            0.3456418229923982,
            0.3502720212517041,
            0.35257030983561516,
            0.36207421746619234,
            0.37162508677445777,
            0.37932914124055045,
            0.3833637021279369,
            0.39136144746127155
        ],
        "x_sigma": 0.036383957,
        "x_chi2": 0.0013450711,
        "x_quality": 0.8333333
    },
    "y": {
        "y_gains": [
            0.27762833661369724,
            0.27746372737501807,
            0.2776468826974128,
            0.28947853221415526,
            0.2842750256259722,
            0.29374777541137836,
            0.2972346948505397,
            0.3086620764500404,
            0.3131686444153873,
            0.31455339473101046,
            0.32845970300345195,
            0.3220527902492721,
            0.32874341773491844,
            0.34141040941902157,
            0.34358951470626686,
            0.34856932161926624,
            0.35669620979244526,
            0.3574714500064381,
            0.3620294400168445,
            0.3700622181906822,
            0.3787832874753033,
            0.38486498436024164,
            0.3892103117379992,
            0.39653600422009483
        ],
        "y_sigma": 0.03552672,
        "y_chi2": 0.001277381,
        "y_quality": 0.8307292
    }
}