{
    "x": {
        "x_gains": [
            0.2717392042769577,
            0.2695542976295099,
            0.2787292044321511,
            0.2819214434919196,
            0.2840372002385004,
            0.29008719266784894,
            0.29490308673586374,
            0.30146087942167743,
            0.3068092634307289,
            0.3146364008263862,
            0.3189516645656789,
            0.3271542617404214,
            0.3352587017066545,
            0.34171501022821366,
            0.350672904483048,
            0.3570389460581633,
            0.3564223112525553,
            0.36091086974033765,
            0.3688261635248333,
            0.3796977150550903,
            0.3856517049102679,
            0.3915961431382586,
            0.3936587867987313,
            0.39567270175687386
        ],
        "x_sigma": 0.03038795,
        "x_chi2": 0.0009316375,
        "x_quality": 0.82682294
    },
    "y": {
        "y_gains": [
            0.2736996829134434,
            0.2730200768316719,
            0.2821813987884316,
            0.2879671265943228,
            0.2930508643403371,
            0.29870746293712475,
            0.3013442726929414,
            0.3097514399570065,
            0.31441010031128486,
            0.32012079566151813,
            0.32392850120549993,
            0.33200294221007387,
            0.3375870995816114,
            0.3466106590056468,
            0.35516942167443416,
            0.36238220494641565,
            0.3597987890036279,
            0.36409126588380003,
            0.37053356982267893,
            0.37877862453739297,
            0.3873948532889203,
            0.3958692939350489,
            0.40189319021327385,
            0.39944212315311944
        ],
        "y_sigma": 0.032628108,
        "y_chi2": 0.0010739693,
        "y_quality": 0.83984375
    }
}