{
    "x": {
        "x_gains": [
            0.25856298552957424,
            0.2697865284417187,
            0.2737056160341567,
            0.2728538049585886,
            0.27975619806850727,
            0.28018923420499736,
            0.2918324871018066,
            0.2937276976230791,
            0.30692264014855053,
            0.315904103644851,
            0.3125751743294262,
            0.32123477507783516,
            0.33148717078351636,
            0.3378358519108705,
            0.33324445703664163,
            0.3399111465464705,
            0.3470087636369239,
            0.36039719230404954,
            0.3566515696057253,
            0.3660890672002976,
            0.3695896737827832,
            0.3857116959357558,
            0.38230230860895104,
            0.3887953533667656
        ],
        "x_sigma": 0.034180753,
        "x_chi2": 0.0011829624,
        "x_quality": 0.8411458
    },
    "y": {
        "y_gains": [
            0.2615881729499623,
            0.2736780801373207,
            0.2789650686078321,
            0.28191551443097324,
            0.28418960038849855,
            0.2859383224747779,
            0.2932223013857275,
            0.2932797124169527,
            0.3075496519691251,
            0.3168699334478079,
            0.3181241263715007,
            0.32492740715564883,
            0.33278277750622703,
            0.33927358404339336,
            0.3359110588134916,
            0.33836086829489304,
            0.341637493102339,
            0.35835666235205244,
            0.35645430200597866,
            0.3658399172323771,
            0.36853821674970816,
            0.3856688539232936,
            0.380502416913302,
            0.38743096464498733
        ],
        "y_sigma": 0.03646313,
        "y_chi2": 0.0013450419,
        "y_quality": 0.8229167
    }
}