{
    "x": {
        "x_gains": [
            0.22235652556366267,
            0.22758565755186108,
            0.2296670902034033,
            0.23946173790553596,
            0.24686298857271224,
            0.24989621185581096,
            0.2560570945867226,
            0.2540458452148458,
            0.2545807996179251,
            0.26092794273946734,
            0.26630606694753434,
            0.26623145278616805,
            0.2728818528546826,
            0.2756282905538932,
            0.28021469601665283,
            0.2850344216118571,
            0.2930990932276113,
            0.2900039159228767,
            0.2963719216293058,
            0.29938497344904363,
            0.3080071004260847,
            0.3107006934466637,
            0.31532955059800044,
            0.313174205343942
        ],
        "x_sigma": 0.045482412,
        "x_chi2": 0.0021056314,
        "x_quality": 0.85026044
    },
    "y": {
        "y_gains": [
            0.2679072917533179,
            0.27376480400287945,
            0.2745458695589745,
            0.2810869757028699,
            0.2895752672142651,
            0.295363743255775,
            0.3039020137246404,
            0.30054571889453996,
            0.3032691136723603,
            0.30808848103998837,
            0.3114013759456637,
            0.31183822082574136,
            0.32062730090166813,
            0.3262342264528132,
            0.33556603312023325,
            0.3425041678475925,
            0.354992616153584,
            0.34835461663922795,
            0.35786602769925996,
            0.35942201633091436,
            0.36611527022126034,
            0.3676897757239444,
            0.3738139863474908,
            0.3720086413143273
        ],
        "y_sigma": 0.03995863,
        "y_chi2": 0.0016189005,
        "y_quality": 0.83463544
    }
}