{
    "x": {
        "x_gains": [
            0.2858046979890324,
            0.2955856383569423,
            0.3022056205228804,
            0.30492767390009995,
            0.3119142250852898,
            0.31956400221445075,
            0.32279925314582397,
            0.328946881493103,
            0.3331891734842725,
            0.34098582821979617,
            0.34791423329653326,
            0.3490552714361998,
            0.36294926767726265,
            0.36919050588218316,
            0.3749121393401456,
            0.3814548550849191,
            0.3784235028241746,
            0.3959619797307063,
            0.39911269266167454,
            0.39753602401880855,
            0.4205902125629287,
            0.41284535287853324,
            0.4241428020951806,
            0.43051396910201245
        ],
        "x_sigma": 0.037511356,
        "x_chi2": 0.0014341418,
        "x_quality": 0.82942706
    },
    "y": {
        "y_gains": [
            0.18475156641615587,
            0.19330624545802813,
            0.20030699049363054,
            0.20691511985889383,
            0.21242363901236602,
            0.21663398959567606,
            0.22745848331092752,
            0.23132683520831446,
            0.24022552372166991,
            0.24742809015972791,
            0.25559961240874773,
            0.26199439829777,
            0.2844300434353119,
            0.29097439614447285,
            0.30038863981831054,
            0.3131120361832269,
            0.3091165646417141,
            0.3207094297840859,
            0.32594941649676284,
            0.32391724264281097,
            0.3379361361531175,
            0.32378806128660426,
            0.3301322935838756,
            0.3415452422098824
        ],
        "y_sigma": 0.027904766,
        "y_chi2": 0.0007821166,
        "y_quality": 0.8333333
    }
}