{
    "x": {
        "x_gains": [
            0.2604727429209825,
            0.25843882892476316,
            0.2576643417956659,
            0.2620125207923311,
            0.2606933206643331,
            0.2605999756755983,
            0.2623501118385409,
            0.26467281926866826,
            0.26448848060096014,
            0.26218396410512756,
            0.26968333728599214,
            0.2682023576060043,
            0.2753869827382207,
            0.275087468186822,
            0.27591182443024276,
            0.2831496135942168,
            0.2926292143801039,
            0.29332327586485046,
            0.29728592811923543,
            0.3047729114179057,
            0.30485639282331467,
            0.3057674405008666,
            0.3128769384916478,
            0.3102856079729997
        ],
        "x_sigma": 0.02869355,
        "x_chi2": 0.0008258624,
        "x_quality": 0.8255208
    },
    "y": {
        "y_gains": [
            0.2778396125270991,
            0.2745164461430302,
            0.2806922679721926,
            0.2812350945399894,
            0.28065057159961593,
            0.279290851481839,
            0.28199210275476394,
            0.2823838027361635,
            0.2806585034334358,
            0.2801035710964486,
            0.28537372071598327,
            0.28316002854139827,
            0.29187425006559875,
            0.29286616104300184,
            0.29618356225064674,
            0.3023640758580669,
            0.30986936403403303,
            0.30898602743554915,
            0.314730792184328,
            0.31845838626244405,
            0.32033594784059455,
            0.31994363872860154,
            0.3321124326787342,
            0.32695933734235616
        ],
        "y_sigma": 0.02993664,
        "y_chi2": 0.00089897343,
        "y_quality": 0.828125
    }
}