{
    "x": {
        "x_gains": [
            0.27468930099181793,
            0.28145492381184084,
            0.28379446481032355,
            0.2922143518507425,
            0.2971412603906213,
            0.30410442751414,
            0.3113621464957654,
            0.31414953046425803,
            0.3197457075177939,
            0.32435636021304765,
            0.33186452307848946,
            0.3317197379546758,
            0.34212207305585796,
            0.35516533461315974,
            0.3630515733638645,
            0.3695089628648296,
            0.3749441052075162,
            0.3865807014274879,
            0.3949350371357416,
            0.38898094771318104,
            0.3978169397613655,
            0.40997606231767336,
            0.4169326001768128,
            0.4149474701399651
        ],
        "x_sigma": 0.035621565,
        "x_chi2": 0.0012881447,
        "x_quality": 0.82682294
    },
    "y": {
        "y_gains": [
            0.2784205425358376,
            0.2841300173276691,
            0.2868045527354701,
            0.29200183610754543,
            0.29873881137264,
            0.30837313865202576,
            0.3162229321075689,
            0.31707786116397063,
            0.32122594210429206,
            0.32988665556356156,
            0.33988065838418285,
            0.3378222363852318,
            0.3452825853102632,
            0.35788149899381616,
            0.36539365466148765,
            0.3747247272153876,
            0.37581516658477027,
            0.3875098897367734,
            0.3976646269917729,
            0.39469602742000665,
            0.39806808007107586,
            0.40847238720535406,
            0.4147782848304051,
            0.41137183126448956
        ],
        "y_sigma": 0.033891607,
        "y_chi2": 0.0011637723,
        "y_quality": 0.8307292
    }
}