{
    "x": {
        "x_gains": [
            0.24072463893711404,
            0.24742496794547683,
            0.2493526182648299,
            0.25187989298731617,
            0.24475418358325998,
            0.2432958017119752,
            0.24779800497826193,
            0.25140531801691685,
            0.24992677145596337,
            0.2543739861288848,
            0.2519902250975763,
            0.2513208355000331,
            0.25730605093260067,
            0.2635189295397289,
            0.260336904591601,
            0.2588140951812646,
            0.26648116734953353,
            0.26622143084648087,
            0.27295046680534735,
            0.27205085043912003,
            0.2752427689389526,
            0.27853671294925536,
            0.27901777929191424,
            0.2801969123028776
        ],
        "x_sigma": 0.0,
        "x_chi2": 0.0,
        "x_quality": 0.0
    },
    "y": {
        "y_gains": [
            0.26074573593371925,
            0.2627379219968418,
            0.26807528433270994,
            0.27057745612491846,
            0.2641073048964068,
            0.2603282770813389,
            0.264680181907278,
            0.26888404945401484,
            0.2670522901736775,
            0.2709435283241655,
            0.27064916447084486,
            0.26517690985846604,
            0.2748521522174096,
            0.28149349187046796,
            0.27838366435749273,
            0.28042447066936704,
            0.28314143611261755,
            0.2843311042532976,
            0.29093740176316796,
            0.2915626577627319,
            0.29392006361840994,
            0.2975329755796835,
            0.30093734761285057,
            0.3016084658842219
        ],
        "y_sigma": 0.0,
        "y_chi2": 0.0,
        "y_quality": 0.0
    }
}