{
    "x": {
        "x_gains": [
            1.3191467020409047,
            1.3398747806624984,
            1.3359444099637192,
            1.346678848903091,
            1.3764448713870558,
            1.363381535233051,
            1.4358241867743076,
            1.4545349818935849,
            1.4784862654392037,
            1.5006066577565647,
            1.5416942103184792,
            1.5297076101576867,
            1.5481433890406928,
            1.5496987618061864,
            1.5839133703291148,
            1.5899980220424605,
            1.6251002057100594,
            1.6750805965029008,
            1.7157975574386395,
            1.7629403701638842,
            1.7973489103572233,
            1.8212111877586052,
            1.8652754099660842,
            1.8886506356112065
        ],
        "x_sigma": 0.033882577,
        "x_chi2": 0.001164926,
        "x_quality": 0.83463544
    },
    "y": {
        "y_gains": [
            1.3026951590414926,
            1.3238646999685715,
            1.3273061247081088,
            1.3361440459483904,
            1.3693166938533086,
            1.348010707572573,
            1.4227419264517545,
            1.4418354911843294,
            1.4617039770261062,
            1.474180466224314,
            1.5142872930383806,
            1.5109113484853567,
            1.5315170041959123,
            1.5317695906054731,
            1.5526163837359708,
            1.5843648036717717,
            1.5976842525370027,
            1.635825093000746,
            1.6660480907780288,
            1.7120760600062115,
            1.7629137042811691,
            1.7931322496897208,
            1.8431350518134755,
            1.8703391149256055
        ],
        "y_sigma": 0.032705378,
        "y_chi2": 0.001083052,
        "y_quality": 0.8307292
    }
}