{
    "x": {
        "x_gains": [
            0.8283733786972686,
            0.8583729300765977,
            0.8605147719838075,
            0.8694317785139933,
            0.9035058466315088,
            0.8746547191164449,
            0.8834758910031056,
            0.9110238532464471,
            0.9721776370755886,
            0.9982655136699984,
            0.9963192976188068,
            1.0313683462947112,
            1.0588816557859517,
            1.0667557621079178,
            1.0904329523691363,
            1.1245830538041581,
            1.1430980426046358,
            1.1787457755961552,
            1.217792137982669,
            1.3130723468985874,
            1.3555406313544356,
            1.3779719064599598,
            1.4280331416789096,
            1.4890074767532429
        ],
        "x_sigma": 0.028815212,
        "x_chi2": 0.0008366312,
        "x_quality": 0.82421875
    },
    "y": {
        "y_gains": [
            0.7920918813908944,
            0.8213130068219902,
            0.8396357089342361,
            0.8408758495578926,
            0.8646314050381381,
            0.8458841392494469,
            0.8575739473151162,
            0.8769605109943662,
            0.9367944766597657,
            0.9611243463273179,
            0.9669424612185971,
            0.9926054861702264,
            1.0137776436887882,
            1.018795088368503,
            1.042207963427672,
            1.0859040918212701,
            1.0876892341335371,
            1.1180727288420949,
            1.15032063347145,
            1.2344985559453143,
            1.2916465600352154,
            1.3027839189564179,
            1.355269839375045,
            1.4253233203419864
        ],
        "y_sigma": 0.02797818,
        "y_chi2": 0.0007872367,
        "y_quality": 0.83203125
    }
}