{
    "x": {
        "x_gains": [
            1.3266927936700832,
            1.370450880806597,
            1.337498607162388,
            1.3804499300456998,
            1.4028861858077861,
            1.4266926781275742,
            1.4651162415900496,
            1.4630409663467514,
            1.499073947069198,
            1.5152807731932283,
            1.5161926340935927,
            1.5716604474753044,
            1.5168824619050898,
            1.540743735490046,
            1.5808203243413321,
            1.600854651474492,
            1.6543810947916526,
            1.6607712056816977,
            1.671719438670047,
            1.6838048534159475,
            1.7252376212906744,
            1.7601442304425885,
            1.7885603323431267,
            1.8211182886441526
        ],
        "x_sigma": 0.037693363,
        "x_chi2": 0.0014457253,
        "x_quality": 0.84244794
    },
    "y": {
        "y_gains": [
            1.4271195586821144,
            1.4490644499381053,
            1.4478055249706638,
            1.470709655353017,
            1.4988634118747755,
            1.5329604744230605,
            1.5597283140444331,
            1.5511241283516128,
            1.5807564276757382,
            1.6121279742652788,
            1.6139611513095036,
            1.6744119381552602,
            1.6263370320032227,
            1.6368966992141751,
            1.6602393268194395,
            1.6872065789583575,
            1.7373322505815458,
            1.7561966961374034,
            1.775077135976944,
            1.7759005325215336,
            1.8214541433437053,
            1.8484431856957113,
            1.9021284532072122,
            1.9284103126446788
        ],
        "y_sigma": 0.03850904,
        "y_chi2": 0.0015100001,
        "y_quality": 0.83463544
    }
}