{
    "x": {
        "x_gains": [
            1.321012758129856,
            1.3533288574236921,
            1.355500097528232,
            1.366283986006738,
            1.3959292191297583,
            1.4121201481528678,
            1.3908014340275425,
            1.4418916233882897,
            1.4710938156245756,
            1.4957276782462414,
            1.5136674330364879,
            1.5181613851097213,
            1.5474424181201794,
            1.5638603141201104,
            1.5628567708972314,
            1.6012097459872885,
            1.601303691792851,
            1.6284465909252273,
            1.6559159908776913,
            1.6688554818881953,
            1.7136813135751132,
            1.7415094881790691,
            1.7487593470531315,
            1.7928739356827992
        ],
        "x_sigma": 0.040226437,
        "x_chi2": 0.0016476312,
        "x_quality": 0.83463544
    },
    "y": {
        "y_gains": [
            1.371691873562381,
            1.389587214363574,
            1.4128361476275881,
            1.405090361361139,
            1.4275896547717042,
            1.4615888458788762,
            1.439927727147519,
            1.4788812795517452,
            1.4931399179609202,
            1.5156376674154421,
            1.5472730202699727,
            1.561174611541508,
            1.5823390705783356,
            1.6064422188436958,
            1.6182092032832753,
            1.658004147663176,
            1.6446056523451666,
            1.6546536057135852,
            1.67403016736284,
            1.6907665715835904,
            1.737816524598428,
            1.75260415069241,
            1.7797753343321314,
            1.8223130349650483
        ],
        "y_sigma": 0.041817483,
        "y_chi2": 0.0017779312,
        "y_quality": 0.8333333
    }
}