{
    "x": {
        "x_gains": [
            0.8570480676265777,
            0.8586822781974301,
            0.8703153535464654,
            0.868841359211947,
            0.8714149661511928,
            0.878563078456913,
            0.8866723656055179,
            0.9071274729088648,
            0.9190956833752135,
            0.9201751719071255,
            0.9170735339822973,
            0.912671068783455,
            0.9352452114743738,
            0.9440909348388437,
            0.9460294905773098,
            0.9597508333276549,
            0.974418019093916,
            0.9843954615825398,
            0.9925794758386304,
            1.0199544916704906,
            1.0396599388781842,
            1.0400790726355444,
            1.066256803238205,
            1.0908008834614515
        ],
        "x_sigma": 0.037972882,
        "x_chi2": 0.0014620756,
        "x_quality": 0.8385417
    },
    "y": {
        "y_gains": [
            0.8536053944446508,
            0.8585995571515205,
            0.8630466634659142,
            0.8751817533706312,
            0.8865086329097182,
            0.8940847531548228,
            0.889707498872963,
            0.9071345497342412,
            0.9197592806010811,
            0.9199313804784675,
            0.9296241947711429,
            0.9269726325234837,
            0.9382143622792792,
            0.9521062017341663,
            0.9433333968511154,
            0.9684009792083341,
            0.9889874272006355,
            0.9991034046047078,
            1.023948381205702,
            1.0390061075376518,
            1.0538790389255492,
            1.0436200407358298,
            1.0744873991316894,
            1.0967580818183722
        ],
        "y_sigma": 0.036193665,
        "y_chi2": 0.0013260386,
        "y_quality": 0.8359375
    }
}