{
    "x": {
        "x_gains": [
            0.7062655643273739,
            0.7199914407417525,
            0.7122133768486211,
            0.7083903380941651,
            0.7144321728811549,
            0.6958614890489494,
            0.7110254594042147,
            0.7335595190754451,
            0.74055949566121,
            0.7406583356429529,
            0.7298458186111267,
            0.7251031132882251,
            0.7525262494325012,
            0.7543453308437925,
            0.7547166963333222,
            0.7628206115960022,
            0.7828543008723581,
            0.8008754529751562,
            0.820800327926147,
            0.8029352744240064,
            0.8075580977484472,
            0.8366546431027907,
            0.8446539486558515,
            0.8535779255188388
        ],
        "x_sigma": 0.04521242,
        "x_chi2": 0.0020722249,
        "x_quality": 0.8359375
    },
    "y": {
        "y_gains": [
            0.8355457889536669,
            0.8494290223054966,
            0.8522922186146586,
            0.849918140134333,
            0.8491570927034988,
            0.8367281486142988,
            0.8610271968355528,
            0.8814688797412007,
            0.8804328207746929,
            0.893543336271006,
            0.8907875729076224,
            0.8928270099455572,
            0.9218026514547105,
            0.9352765261959264,
            0.928820319244832,
            0.9369456209878818,
            0.959295370689958,
            0.9826931038627013,
            0.9971791795369259,
            0.9947801893902317,
            1.0104414982664867,
            1.047813588681593,
            1.0466742397036823,
            1.0636482881006262
        ],
        "y_sigma": 0.04186369,
        "y_chi2": 0.0017718428,
        "y_quality": 0.8229167
    }
}