{
    "x": {
        "x_gains": [
            0.930553967151631,
            0.9159929996150996,
            0.9219564764630503,
            0.9414666638422667,
            0.9541925551034273,
            0.9725374864574156,
            0.9404465955174929,
            0.9602884245488901,
            0.9552573687836984,
            0.9962769131754632,
            0.9888394633963768,
            1.011659834843497,
            1.00765302395161,
            1.036793736106964,
            1.0310510934894856,
            1.0681687569055776,
            1.0484752025129853,
            1.0624365260577964,
            1.0998671690419948,
            1.1099828135811058,
            1.1198615851080806,
            1.1093984464427915,
            1.1510464105365867,
            1.1776966397135087
        ],
        "x_sigma": 0.045128062,
        "x_chi2": 0.0020672486,
        "x_quality": 0.84244794
    },
    "y": {
        "y_gains": [
            1.277383199784623,
            1.254152813503714,
            1.251487236144253,
            1.2800700290470932,
            1.279778035297558,
            1.2823057046549389,
            1.3137542608991943,
            1.3517647356211773,
            1.3322009092724154,
            1.3525187212260095,
            1.3556164136950877,
            1.3873219857793946,
            1.3779043122617776,
            1.4165360124675568,
            1.391125180580221,
            1.436653074156713,
            1.4204575719976678,
            1.4877103373225493,
            1.514430692033946,
            1.512730001142111,
            1.540840002795084,
            1.5228114876634757,
            1.5727280154838217,
            1.5923708873837092
        ],
        "y_sigma": 0.044004027,
        "y_chi2": 0.0019644236,
        "y_quality": 0.83203125
    }
}