{
    "x": {
        "x_gains": [
            1.2404413142872668,
            1.218221326206901,
            1.2275053506958238,
            1.2606104001618623,
            1.2678656534053414,
            1.2900036584503753,
            1.2944590705374823,
            1.293717027034132,
            1.2836883138022295,
            1.292482159901059,
            1.3334927301643458,
            1.3136066397035768,
            1.3212181155386746,
            1.3310562510361441,
            1.3437266107586814,
            1.3334751261884181,
            1.3515750918226328,
            1.3786829965233751,
            1.402384207414868,
            1.4282935234601497,
            1.4368622468956376,
            1.4665843521755937,
            1.4924124631066311,
            1.4878164053599836
        ],
        "x_sigma": 0.036637302,
        "x_chi2": 0.0013628146,
        "x_quality": 0.8307292
    },
    "y": {
        "y_gains": [
            1.3735964865819403,
            1.3431073944643293,
            1.3575309606995467,
            1.3838028368788438,
            1.3827199606024367,
            1.4128739948107965,
            1.42183061089265,
            1.422070534698521,
            1.4137278915930833,
            1.427245456374794,
            1.4564287493209402,
            1.4461719611263193,
            1.452034016510498,
            1.4623978396289194,
            1.489506723037545,
            1.4777209334656742,
            1.4899565752156152,
            1.50343836353741,
            1.534370670197765,
            1.5389945040967263,
            1.5426553300423147,
            1.5777984820000803,
            1.5968670745491007,
            1.6084980167219454
        ],
        "y_sigma": 0.038759127,
        "y_chi2": 0.0015186538,
        "y_quality": 0.83723956
    }
}