{
    "x": {
        "x_gains": [
            0.2764291872733108,
            0.28607179372163954,
            0.29389835566515093,
            0.30232209976967894,
            0.29786050965958655,
            0.3116117604148051,
            0.31328490596142644,
            0.32499402985967146,
            0.3278360688521312,
            0.3301658868973833,
            0.3385580056170836,
            0.34684129894841187,
            0.3476370570395583,
            0.3536958385562419,
            0.36873174017376925,
            0.3622613512783116,
            0.37474216801984817,
            0.38051391295850784,
            0.3907528952542709,
            0.3983597616486071,
            0.4143090067380731,
            0.41380044341200317,
            0.41460026439888065,
            0.41727890174863647
        ],
        "x_sigma": 0.031575177,
        "x_chi2": 0.0010095313,
        "x_quality": 0.8255208
    },
    "y": {
        "y_gains": [
            0.27752858794231533,
            0.2841871451923492,
            0.29476642796677843,
            0.30468295879571256,
            0.30311092135020273,
            0.3161992046135488,
            0.32112535683851057,
            0.3313698235352965,
            0.3344984136078236,
            0.33894921337513934,
            0.34805341728938644,
            0.3537371891866079,
            0.3538593457225624,
            0.3580960320452977,
            0.3726605072095833,
            0.3658692570600327,
            0.37607967774484574,
            0.3801102448947678,
            0.3935537470449033,
            0.40177484842842953,
            0.4141000229618463,
            0.41708902143699933,
            0.4185154587054982,
            0.425105127435252
        ],
        "y_sigma": 0.034887075,
        "y_chi2": 0.0012347953,
        "y_quality": 0.8359375
    }
}