{
    "x": {
        "x_gains": [
            0.27899184956000617,
            0.28440660041737237,
            0.29043189546310527,
            0.29687054508638283,
            0.3031596511481262,
            0.3054145448118422,
            0.31834744567560014,
            0.3278626069450939,
            0.33809695031479364,
            0.3316502415226301,
            0.3407458736356194,
            0.34514507206698136,
            0.35636813826513575,
            0.3631548862853105,
            0.36265592663557644,
            0.3800436062033758,
            0.3836782210467686,
            0.3950554075085416,
            0.39825936760793273,
            0.40035099572497196,
            0.41635826662892245,
            0.4107931462614209,
            0.42445841440842763,
            0.43813389485741655
        ],
        "x_sigma": 0.035224445,
        "x_chi2": 0.0012616481,
        "x_quality": 0.83463544
    },
    "y": {
        "y_gains": [
            0.2840245183597425,
            0.2950667553125884,
            0.299386972241768,
            0.30768097556529994,
            0.3173201224081411,
            0.3210393250058301,
            0.3350371311601351,
            0.3417203233070654,
            0.35609976462517756,
            0.3459227298561411,
            0.35512013092568984,
            0.35923922329031227,
            0.3697641899134023,
            0.3758350679374502,
            0.3732959878072571,
            0.3864783290779493,
            0.3893478326466211,
            0.4002956263259542,
            0.40612798392382987,
            0.4105622222649207,
            0.4205899295293161,
            0.4138364050064604,
            0.42964991738046915,
            0.4425844684629134
        ],
        "y_sigma": 0.04067577,
        "y_chi2": 0.0016879811,
        "y_quality": 0.8385417
    }
}