{
    "x": {
        "x_gains": [
            0.2649360970159956,
            0.27437939838749975,
            0.2768247777221606,
            0.2817923242983294,
            0.28318140603702546,
            0.29260328735111685,
            0.2964641345249887,
            0.2954190374290603,
            0.30688409773251935,
            0.3058403736513013,
            0.30781249663330085,
            0.3109789049947628,
            0.32114667346641224,
            0.33406867416327907,
            0.3342702370962078,
            0.3329007731653747,
            0.34261441522742914,
            0.3470819673633273,
            0.35509628506788876,
            0.3617399256335061,
            0.36945095745432327,
            0.37267228425414506,
            0.37181923977912595,
            0.3766744213885379
        ],
        "x_sigma": 0.03441224,
        "x_chi2": 0.0011996548,
        "x_quality": 0.8333333
    },
    "y": {
        "y_gains": [
            0.2908027353603215,
            0.29711021101242563,
            0.3023533247739123,
            0.3075715503697625,
            0.310035027757436,
            0.3175570967659985,
            0.32306753920747655,
            0.32361688731297533,
            0.3352445288679567,
            0.3316883030816464,
            0.3309915679898055,
            0.34110621153729,
            0.34449499410879114,
            0.3599609658328651,
            0.35765278059479017,
            0.35625967668080555,
            0.3606447563676971,
            0.36896869927833414,
            0.3752521788454886,
            0.38151865637675236,
            0.3879432212508469,
            0.39207706353099114,
            0.3932691203513624,
            0.3982140418792947
        ],
        "y_sigma": 0.035649743,
        "y_chi2": 0.0012887805,
        "y_quality": 0.8359375
    }
}