{
    "x": {
        "x_gains": [
            0.29773269998839436,
            0.2955026244031327,
            0.3126854811188312,
            0.3196486319949549,
            0.32336237892787073,
            0.3198106720821274,
            0.32665604816739424,
            0.3277938360335897,
            0.34622622075037607,
            0.3462061672266494,
            0.3479318098188027,
            0.3615001736646834,
            0.3621206713543429,
            0.37183277490247757,
            0.3742413286225831,
            0.3787964877989651,
            0.3826799073914624,
            0.3905567288530618,
            0.3954929152783382,
            0.4052535448540702,
            0.412533017080022,
            0.4191193882533409,
            0.41090661202156603,
            0.41941124140400937
        ],
        "x_sigma": 0.03458393,
        "x_chi2": 0.0012154236,
        "x_quality": 0.8359375
    },
    "y": {
        "y_gains": [
            0.26653748483235123,
            0.2697809095744301,
            0.27879250505381115,
            0.2859403256265553,
            0.28707685911619885,
            0.2841026283243275,
            0.2886322755537699,
            0.28981564913503216,
            0.3031445425918689,
            0.301435953465885,
            0.30746575746172505,
            0.31662025857996573,
            0.31891678510704535,
            0.3257366550741334,
            0.3255537066275377,
            0.33320632618866775,
            0.33218665820786564,
            0.33812423820609133,
            0.3428314089520686,
            0.3511989158348989,
            0.35475261007459097,
            0.36256078422187676,
            0.3574346131458374,
            0.36497216174836267
        ],
        "y_sigma": 0.03458678,
        "y_chi2": 0.001213027,
        "y_quality": 0.83203125
    }
}