{
    "x": {
        "x_gains": [
            0.2891086943744392,
            0.29737095527921464,
            0.2964508020624675,
            0.30188192588834944,
            0.29854495458578933,
            0.3103674362485888,
            0.30584672503608684,
            0.3123680245096447,
            0.31434574983327884,
            0.31926876724869474,
            0.3304508545888686,
            0.33134229746784905,
            0.329366443883204,
            0.3463146493694043,
            0.34820526129096474,
            0.351041073736353,
            0.35471786645432785,
            0.3643793530123934,
            0.3695999597875244,
            0.3684404248412851,
            0.3598282295177316,
            0.3677870612953181,
            0.3726469950789728,
            0.3817221946491557
        ],
        "x_sigma": 0.039625425,
        "x_chi2": 0.0015984366,
        "x_quality": 0.8385417
    },
    "y": {
        "y_gains": [
            0.3199026881614828,
            0.32788451566358434,
            0.3316243624521632,
            0.33703925974854043,
            0.3346999130784326,
            0.3457099094219295,
            0.3441950980422527,
            0.3489410598421705,
            0.3542748001925555,
            0.35805709198848334,
            0.3761285219123262,
            0.37837835588020585,
            0.38150533842327583,
            0.39859363410890086,
            0.3992687950994067,
            0.4044292770883292,
            0.40660044256831773,
            0.42088590759500405,
            0.4242557535868279,
            0.42692341271476114,
            0.4242044797944407,
            0.42839784176594503,
            0.4352495936618606,
            0.444893529860008
        ],
        "y_sigma": 0.03637418,
        "y_chi2": 0.0013436218,
        "y_quality": 0.8385417
    }
}