{
    "x": {
        "x_gains": [
            0.5161507172481982,
            0.5137120798933246,
            0.507849267493452,
            0.5011292195268208,
            0.5047530576425973,
            0.49993000979862817,
            0.5030567741826434,
            0.5030226631830671,
            0.5013231924341106,
            0.49841312736444066,
            0.49791433642757216,
            0.4972900180466547,
            0.4864675668424679,
            0.4754584965146515,
            0.4652104679612575,
            0.45439903478374627,
            0.4547493269368899,
            0.4518934561760504,
            0.4455493474194651,
            0.4395225730003041,
            0.43255233126241693,
            0.42272895211410977,
            0.40941420115387656,
            0.4038203994236029
        ],
        "x_sigma": 0.019565318,
        "x_chi2": 0.00038421404,
        "x_quality": 0.83463544
    },
    "y": {
        "y_gains": [
            0.52099001022495,
            0.5142342085873822,
            0.5086496897033433,
            0.5070343409288768,
            0.50357358476561,
            0.4950233324297507,
            0.5010837188128625,
            0.49656483892901493,
            0.49527605696863314,
            0.48791157598024976,
            0.49234012313032605,
            0.4917469615692865,
            0.4800275420602533,
            0.4707763686081045,
            0.46031805215495597,
            0.45383052706470534,
            0.45452768664497656,
            0.4537202611323442,
            0.44785322452530246,
            0.44505781323246785,
            0.4416947474102333,
            0.4354171250339026,
            0.4225210478860004,
            0.4182305876704368
        ],
        "y_sigma": 0.023767838,
        "y_chi2": 0.0005675445,
        "y_quality": 0.84765625
    }
}