{
    "x": {
        "x_gains": [
            0.5012870293835909,
            0.5051734305852807,
            0.49537336141637944,
            0.4868209298338178,
            0.4852452213414536,
            0.4859342445442704,
            0.4848156466686838,
            0.48600422055785214,
            0.49498033022414745,
            0.48707782529492566,
            0.49333180663583576,
            0.48027537837535134,
            0.46840875690171024,
            0.45857385914390314,
            0.45049679885984667,
            0.44615329086459643,
            0.45076287785592656,
            0.4488098684313871,
            0.4449214595719669,
            0.44397284662070063,
            0.4310027334624359,
            0.4172356718141032,
            0.41265904240570983,
            0.3910768771103486
        ],
        "x_sigma": 0.021851737,
        "x_chi2": 0.0004789265,
        "x_quality": 0.83723956
    },
    "y": {
        "y_gains": [
            0.5476048802985016,
            0.5502971301839572,
            0.5391784301022023,
            0.5300082172474002,
            0.5246512643046167,
            0.5281376698576569,
            0.5297083484101572,
            0.5285755892164237,
            0.5347811499056806,
            0.5307550244985905,
            0.5310370159883032,
            0.5207814450570628,
            0.5087685755222687,
            0.49251944232811573,
            0.48093087441072147,
            0.47500240469967375,
            0.4775949692820468,
            0.4746674942336206,
            0.4784412460753465,
            0.4846570423794296,
            0.474810225475031,
            0.46539144446707276,
            0.46292299299157735,
            0.4379101247273134
        ],
        "y_sigma": 0.021243114,
        "y_chi2": 0.00045270444,
        "y_quality": 0.8385417
    }
}