{
    "x": {
        "x_gains": [
            0.5158557817864013,
            0.5130476482229287,
            0.5096717866595448,
            0.4967952236914886,
            0.4851686608796719,
            0.47770331710017844,
            0.4711718231710995,
            0.48424595374976587,
            0.4968299763359883,
            0.49371549545831117,
            0.4868434216621467,
            0.48089190444447033,
            0.4649406828676797,
            0.44795830905772593,
            0.44818606103702546,
            0.43878819163056276,
            0.4354603554061946,
            0.4429425345845102,
            0.4431052425465046,
            0.43478621931164735,
            0.4258911132708522,
            0.4169841653599078,
            0.4054841405623749,
            0.39239676335453716
        ],
        "x_sigma": 0.022003181,
        "x_chi2": 0.00048595414,
        "x_quality": 0.83203125
    },
    "y": {
        "y_gains": [
            0.514001767960481,
            0.5090761403292816,
            0.5018432703319292,
            0.4894930320666885,
            0.47889406121080225,
            0.4762674500821704,
            0.4714826989895089,
            0.4844141679130643,
            0.49897440800179316,
            0.4956236186659983,
            0.4903483508236504,
            0.48051213367616913,
            0.467910094070049,
            0.4534861109901815,
            0.4531725887864799,
            0.4478499351602864,
            0.4449231817880484,
            0.45126598158473785,
            0.45116725767321586,
            0.44926253554789813,
            0.44066980400064726,
            0.4320607387530053,
            0.42184381519596165,
            0.409819672786859
        ],
        "y_sigma": 0.021645952,
        "y_chi2": 0.00047025149,
        "y_quality": 0.8307292
    }
}