{
    "x": {
        "x_gains": [
            0.4847940703867663,
            0.483387190722833,
            0.47564525083437686,
            0.4679614848979469,
            0.46053848370099043,
            0.4626960987038124,
            0.4651778556361461,
            0.4681988348684715,
            0.4775785924822825,
            0.4726253729782209,
            0.4665329769767842,
            0.46003824850005676,
            0.4471587977151974,
            0.44203374954199776,
            0.4327627918514402,
            0.42519217729731434,
            0.42276433762974636,
            0.42910346169348346,
            0.42442407774770025,
            0.41779951263686854,
            0.4099494905332209,
            0.39990698163607147,
            0.3821193516168272,
            0.36949657938541636
        ],
        "x_sigma": 0.023513751,
        "x_chi2": 0.0005548226,
        "x_quality": 0.8385417
    },
    "y": {
        "y_gains": [
            0.46317904885533867,
            0.46376314762726484,
            0.45235087427889054,
            0.44797673101344704,
            0.43991275650213046,
            0.4392724313149234,
            0.43624983068053447,
            0.4406272222758564,
            0.44937359343256666,
            0.44918591117609136,
            0.4374482854105091,
            0.4327293455795161,
            0.4181675396611003,
            0.41089911547391006,
            0.40346738254691283,
            0.39583768754789633,
            0.3929963955156596,
            0.3997226404542416,
            0.4002247341927439,
            0.39521383400181115,
            0.38770705010376977,
            0.38073141169306124,
            0.36610153159674047,
            0.35531943394771615
        ],
        "y_sigma": 0.026684646,
        "y_chi2": 0.00071423117,
        "y_quality": 0.83463544
    }
}