{
    "x": {
        "x_gains": [
            0.38528367396648233,
            0.3890060661605957,
            0.39178873497686095,
            0.38870924043493454,
            0.38909229553287417,
            0.3900465122664948,
            0.39303613853313335,
            0.39415608423273185,
            0.40335169121330605,
            0.40900815930376994,
            0.4015121106692649,
            0.3934196162876193,
            0.39327505940813046,
            0.38255378754072045,
            0.37985013544696133,
            0.3695163769658271,
            0.3714353166939226,
            0.3694305936705309,
            0.36046955340778186,
            0.35551776006746305,
            0.35172930350035725,
            0.34197665653663417,
            0.3284814650063111,
            0.31837233797745185
        ],
        "x_sigma": 0.020929769,
        "x_chi2": 0.00043955093,
        "x_quality": 0.8411458
    },
    "y": {
        "y_gains": [
            0.3382329190261936,
            0.33893518630555425,
            0.33548941195415877,
            0.3326125397854489,
            0.3274368826934774,
            0.3267858306448118,
            0.3257112768865702,
            0.3287404998104811,
            0.3324029375112394,
            0.337811280849644,
            0.3323740795813894,
            0.3292682858566331,
            0.3229067080219746,
            0.3099063741852949,
            0.30401547900891684,
            0.2992831689251173,
            0.2981461096017299,
            0.29752158273627444,
            0.29562828149240133,
            0.2915715414512682,
            0.2893290136125829,
            0.2832634097606339,
            0.2754551248618799,
            0.2673086851024299
        ],
        "y_sigma": 0.018399049,
        "y_chi2": 0.00033969717,
        "y_quality": 0.8333333
    }
}