{
    "x": {
        "x_gains": [
            0.3808276145719879,
            0.3846552556120721,
            0.3761225943010807,
            0.37216974215335924,
            0.374095894394824,
            0.3783901677887953,
            0.38185453228681265,
            0.38360323273185115,
            0.38672046773376506,
            0.3855748431230914,
            0.3850054247264344,
            0.3805579923952335,
            0.3697124055260026,
            0.3606174448616828,
            0.3578710992676454,
            0.35087005246910763,
            0.34803238845092105,
            0.3490624357506954,
            0.34460545828166694,
            0.339526581111627,
            0.32755364919331725,
            0.3196760888423327,
            0.3127029637674203,
            0.302001283988659
        ],
        "x_sigma": 0.022597406,
        "x_chi2": 0.0005126891,
        "x_quality": 0.8385417
    },
    "y": {
        "y_gains": [
            0.3435051152033715,
            0.34593085513311744,
            0.3411515023118131,
            0.33676627258838726,
            0.33612228558986285,
            0.33900270151252837,
            0.3413397996744984,
            0.34423481385743404,
            0.3468392899686412,
            0.3467817371698213,
            0.3461517119954064,
            0.34194620598032455,
            0.33272948477338377,
            0.32209031979446,
            0.31497183994264993,
            0.3116909088426898,
            0.30639303154395925,
            0.3078480314349782,
            0.30721433889747657,
            0.30592379517802304,
            0.2955241158612935,
            0.28994763719640815,
            0.28480448997696106,
            0.2763074384449196
        ],
        "y_sigma": 0.017472958,
        "y_chi2": 0.00030631231,
        "y_quality": 0.83723956
    }
}