{
    "x": {
        "x_gains": [
            0.5074165268099865,
            0.5012796416051074,
            0.49303854230196736,
            0.48666513204928363,
            0.49023460029726845,
            0.4853099116299182,
            0.4927900382296656,
            0.4865659861084438,
            0.48956317403975735,
            0.49417657383625613,
            0.4892029724168285,
            0.4851455938907362,
            0.4739795197241363,
            0.45774773284414144,
            0.44442178880925487,
            0.4420537392353283,
            0.4474190053034364,
            0.4527614714476165,
            0.45111902103202584,
            0.44094572628346956,
            0.43602145940655473,
            0.42295450214977204,
            0.41293362624642466,
            0.40634988334101196
        ],
        "x_sigma": 0.021872927,
        "x_chi2": 0.00047996308,
        "x_quality": 0.8359375
    },
    "y": {
        "y_gains": [
            0.5080272109534731,
            0.4980048679975847,
            0.4882578860972473,
            0.4823949481285536,
            0.48605696976531226,
            0.48225217940610543,
            0.4853360328370594,
            0.48064368571420746,
            0.48307031764771813,
            0.4847059519225013,
            0.4787539986730854,
            0.4729772936844666,
            0.4559340223347487,
            0.4381146803729968,
            0.4224814728143523,
            0.4207640494483594,
            0.423062561730116,
            0.4240118953993183,
            0.42735422605465895,
            0.418206537990091,
            0.4156985566904542,
            0.410010084608041,
            0.392778639032228,
            0.3815643374707626
        ],
        "y_sigma": 0.02668661,
        "y_chi2": 0.00071516965,
        "y_quality": 0.828125
    }
}