{
    "x": {
        "x_gains": [
            0.36367474123996646,
            0.36304163542995926,
            0.35724160893046863,
            0.35160045362084125,
            0.3522253757742838,
            0.34750382097826354,
            0.35874345512924755,
            0.36664810449529645,
            0.36947686583415645,
            0.36837223749370723,
            0.36336541195863187,
            0.3592258539157773,
            0.3566744289722644,
            0.3497194865026813,
            0.337947236838628,
            0.3322892141645854,
            0.33063827868125056,
            0.33097814799522396,
            0.32986183440190425,
            0.3208887849209226,
            0.31285922104686575,
            0.3037187690545563,
            0.2979291422012221,
            0.29199946575777747
        ],
        "x_sigma": 0.0,
        "x_chi2": 0.0,
        "x_quality": 0.0
    },
    "y": {
        "y_gains": [
            0.3870159253183109,
            0.38667964415109723,
            0.3808020330563583,
            0.3762274797755156,
            0.3775550899126681,
            0.37046032362524767,
            0.38309631930250726,
            0.3906108556147205,
            0.3961105116638702,
            0.39397877510265317,
            0.39322368631634264,
            0.39014417778089894,
            0.3863074707692726,
            0.38079936488758725,
            0.3692627053419131,
            0.36420054338721075,
            0.3621964811597705,
            0.3600238710227443,
            0.35905056975939664,
            0.3497720116073941,
            0.34168383570993804,
            0.3316917906613503,
            0.32233567005205077,
            0.3154463477495679
        ],
        "y_sigma": 0.0,
        "y_chi2": 0.0,
        "y_quality": 0.0
    }
}