{
    "x": {
        "x_gains": [
            1.4186071320757285,
            1.4110752246459979,
            1.3761421808082936,
            1.35011891172315,
            1.3153590397458095,
            1.3016584299890648,
            1.3001218760249023,
            1.269381229964404,
            1.2518372902950337,
            1.2246136068532316,
            1.2124795916950726,
            1.1448756567722314,
            1.1114906234095263,
            1.0655804679270722,
            1.0547920929367187,
            1.0392766551338137,
            1.0422840027958225,
            1.0387628915668659,
            1.0240121216820497,
            1.0068056031550872,
            0.9914735259713515,
            0.9703126065827755,
            0.9340068145137187,
            0.9071379236084641
        ],
        "x_sigma": 0.03161285,
        "x_chi2": 0.0010050436,
        "x_quality": 0.8333333
    },
    "y": {
        "y_gains": [
            2.119136138391457,
            2.1188118220292145,
            2.0382315161955837,
            2.0088567278962177,
            1.9373916392638766,
            1.9084827190229636,
            1.8834250310200105,
            1.8504030547933952,
            1.8671015768606365,
            1.843308798278792,
            1.8264112954041283,
            1.746197219006309,
            1.6998848820958996,
            1.6384577492129055,
            1.6050631138102422,
            1.55703272287997,
            1.5354529954845397,
            1.5333517734217603,
            1.5320406382971552,
            1.5019789323423076,
            1.5004433059747502,
            1.477905257287344,
            1.4175041635641046,
            1.3887158780357503
        ],
        "y_sigma": 0.03285408,
        "y_chi2": 0.0010839913,
        "y_quality": 0.828125
    }
}