{
    "x": {
        "x_gains": [
            1.9675968283913206,
            1.9387194060384128,
            1.913128837078809,
            1.8384995784320466,
            1.8329599410637394,
            1.8066565320461845,
            1.7581692675704184,
            1.7492141218254171,
            1.7176092390888016,
            1.7091938305281333,
            1.7101506676941252,
            1.621386213871867,
            1.6172246064605211,
            1.5624012269474339,
            1.4918667749841512,
            1.4715637955279766,
            1.440440867093546,
            1.40976762574662,
            1.40976466446015,
            1.3795520042821294,
            1.349171054463256,
            1.3248894946107006,
            1.2799457057271197,
            1.22867772639625
        ],
        "x_sigma": 0.025987394,
        "x_chi2": 0.0006791403,
        "x_quality": 0.8255208
    },
    "y": {
        "y_gains": [
            2.052683349782169,
            2.028677383493058,
            1.9929791331098805,
            1.9185463496624393,
            1.925127442955442,
            1.8918712347032753,
            1.8512828909100456,
            1.8320561459254707,
            1.8039642836719405,
            1.8061790360158783,
            1.807287489196939,
            1.729193287237075,
            1.7089727426367032,
            1.6440282334887037,
            1.5763726706413959,
            1.5501710536249123,
            1.5418353113281569,
            1.5115026104405833,
            1.5020272110253603,
            1.4854030555780637,
            1.4637048189817221,
            1.4310684999970735,
            1.3915050149492862,
            1.350961033150152
        ],
        "y_sigma": 0.030334871,
        "y_chi2": 0.0009254388,
        "y_quality": 0.8489583
    }
}