{
    "x": {
        "x_gains": [
            2.3240862512100646,
            2.2229131530282533,
            2.116390649819971,
            2.0794710191714127,
            2.007905364368161,
            1.9823901900549195,
            1.9948187773967165,
            1.9644329590597436,
            1.9650650731298966,
            1.9700613713518402,
            1.9299161003713854,
            1.8855213268488997,
            1.7861375365198147,
            1.7079244277599206,
            1.63234258300258,
            1.6079742659798473,
            1.6077803707702312,
            1.6525710617950855,
            1.5981329715671688,
            1.6031328036497048,
            1.587516279979451,
            1.4893829337567153,
            1.4697407568371237,
            1.425344651900191
        ],
        "x_sigma": 0.02690811,
        "x_chi2": 0.00072713435,
        "x_quality": 0.83723956
    },
    "y": {
        "y_gains": [
            2.1578146205923185,
            2.049018883655581,
            1.9175256862153296,
            1.883643817797168,
            1.8080601331871338,
            1.7775653231703525,
            1.796530845042298,
            1.7714970726896622,
            1.779757817675202,
            1.797547928919203,
            1.7283085182796278,
            1.686062852713811,
            1.57690204347582,
            1.5158700375493135,
            1.4582817101607937,
            1.4444432808651348,
            1.4298247721145279,
            1.4712629391690448,
            1.4391945346299708,
            1.4456463708999483,
            1.421030022243383,
            1.3465371172283096,
            1.310872494447472,
            1.268447346877476
        ],
        "y_sigma": 0.03273066,
        "y_chi2": 0.00107625,
        "y_quality": 0.83203125
    }
}