{
    "x": {
        "x_gains": [
            0.5209036010586845,
            0.5214816545361343,
            0.5094277241774907,
            0.5087267754144762,
            0.5014675447697687,
            0.49926996745358937,
            0.49799018630659453,
            0.5012443641963356,
            0.4971989303858851,
            0.5070255488145945,
            0.5011116912314123,
            0.4960712890159448,
            0.4841404074961395,
            0.46760841442637424,
            0.46430896455711446,
            0.46149387413031484,
            0.46156648927589494,
            0.45497271528626426,
            0.4524489910138653,
            0.4577128273104428,
            0.4565695101967952,
            0.453691112935151,
            0.4426851742123314,
            0.4211135024275298
        ],
        "x_sigma": 0.022082143,
        "x_chi2": 0.00048909447,
        "x_quality": 0.82942706
    },
    "y": {
        "y_gains": [
            0.5386530130337331,
            0.5362346056428826,
            0.5319002097761237,
            0.5310036292505048,
            0.5254477497910294,
            0.5207701357074896,
            0.5224135527031427,
            0.522416445627915,
            0.5135359078429002,
            0.5248477626579634,
            0.5231710359121341,
            0.5168372393221555,
            0.508623559870537,
            0.492249458439452,
            0.48641432626386855,
            0.47838132598309996,
            0.47910838313185866,
            0.47295575163144904,
            0.46997498981094227,
            0.4706217214137777,
            0.4627186004131985,
            0.4464942898068524,
            0.4385185964773801,
            0.4209838383883459
        ],
        "y_sigma": 0.017520256,
        "y_chi2": 0.00030832796,
        "y_quality": 0.83463544
    }
}