{
    "x": {
        "x_gains": [
            2.3248244757520804,
            2.2405126221183003,
            2.2130616224795716,
            2.1705937809058637,
            2.0841978412295603,
            2.0479659847595286,
            2.0874855159817476,
            2.0449545215406615,
            2.015250448070785,
            2.0286670947154235,
            1.9917378729554065,
            1.9222333583608116,
            1.844719619220355,
            1.7732999196340478,
            1.7388422405816915,
            1.7074658225957353,
            1.6769590869105344,
            1.6452226969329513,
            1.5994197561032018,
            1.603330823586151,
            1.5714234755267293,
            1.5520592489305924,
            1.483481104122349,
            1.4127009443482004
        ],
        "x_sigma": 0.023876008,
        "x_chi2": 0.0005728519,
        "x_quality": 0.8333333
    },
    "y": {
        "y_gains": [
            2.5013818884242602,
            2.401070147360398,
            2.3451467364175844,
            2.2886149416803696,
            2.2356769234009244,
            2.221216751439404,
            2.227767879062502,
            2.1961836828296124,
            2.176147521214555,
            2.166677001715965,
            2.1281383603196176,
            2.049165924919831,
            1.9899444128927701,
            1.8940597815270226,
            1.8401979464126996,
            1.8113495722633834,
            1.8036615556068678,
            1.7444015612393973,
            1.70580685995005,
            1.7260428276102642,
            1.68981659068688,
            1.6660808726318495,
            1.601901777790593,
            1.517144583393311
        ],
        "y_sigma": 0.028904868,
        "y_chi2": 0.00084092136,
        "y_quality": 0.8229167
    }
}