{
    "x": {
        "x_gains": [
            2.3299951105052603,
            2.297763389285557,
            2.2239869311411167,
            2.185614490868863,
            2.125919667533376,
            2.1067629069670777,
            2.0658450938451454,
            2.0930043214260223,
            2.08138615322478,
            2.06879359336,
            2.030031679659377,
            1.9530109472122623,
            1.8816716786246275,
            1.810418087090524,
            1.7535664033511358,
            1.7266935565805361,
            1.7026150276922674,
            1.6992043051040275,
            1.7064167926428864,
            1.7015323404721974,
            1.6586630644928009,
            1.5979535201022474,
            1.5370532429863684,
            1.4858695293627135
        ],
        "x_sigma": 0.029036596,
        "x_chi2": 0.00084609335,
        "x_quality": 0.83984375
    },
    "y": {
        "y_gains": [
            2.4328059010139933,
            2.418351378910099,
            2.3369853403246585,
            2.2796264066178287,
            2.218872710594873,
            2.1987338810819175,
            2.1295115245543537,
            2.173275612292151,
            2.164672339609036,
            2.15819258104898,
            2.1219556673382938,
            2.0557048739631925,
            1.982099657988704,
            1.9050012091995174,
            1.8331437709912146,
            1.8058527688237578,
            1.7725662753667526,
            1.756243793544199,
            1.7836612597532158,
            1.7599232391879995,
            1.7298679695570915,
            1.689762909366187,
            1.622348696921415,
            1.5855345970783987
        ],
        "y_sigma": 0.032732345,
        "y_chi2": 0.0010753832,
        "y_quality": 0.8333333
    }
}