{
    "x": {
        "x_gains": [
            1.5319466172979508,
            1.516526039207051,
            1.4739690434073565,
            1.4773134003966644,
            1.5086759579179585,
            1.5161012607064228,
            1.5622301491515802,
            1.5166541517421577,
            1.5174876413909626,
            1.5151038352929407,
            1.4871070421879629,
            1.4644008616944701,
            1.4510510281828355,
            1.4244265507981133,
            1.4429181576820962,
            1.4317864026681626,
            1.4241530141899472,
            1.3798726476897012,
            1.3517742374810497,
            1.330307327598822,
            1.2952108568304226,
            1.3064945044856333,
            1.2923698612628032,
            1.2846003903643666
        ],
        "x_sigma": 0.02606531,
        "x_chi2": 0.0006831165,
        "x_quality": 0.83723956
    },
    "y": {
        "y_gains": [
            1.687226249650027,
            1.6881651687295762,
            1.658145374678923,
            1.6657022250783464,
            1.7031380335299169,
            1.7032672105698496,
            1.7543281028625721,
            1.6860472174151142,
            1.6823924374171884,
            1.6786598519791316,
            1.652442442124856,
            1.6427738894232469,
            1.6142748386855155,
            1.610175795773031,
            1.6350491757390095,
            1.6215082825751244,
            1.6092181163200787,
            1.5612681594222158,
            1.5304884002753654,
            1.5065258784085374,
            1.4763067529223493,
            1.4823422282019907,
            1.4731301864218262,
            1.4782388823686234
        ],
        "y_sigma": 0.033610765,
        "y_chi2": 0.0011368186,
        "y_quality": 0.83984375
    }
}