{
    "x": {
        "x_gains": [
            1.5650708734519687,
            1.553649055536739,
            1.523439812534028,
            1.5563923758563076,
            1.5709875054650728,
            1.5648729831721384,
            1.5824334693540396,
            1.5804669457982023,
            1.5742081732888356,
            1.5715422612858736,
            1.5217331493618826,
            1.4858592852030228,
            1.5015850807191327,
            1.4846396068531795,
            1.4587810332324325,
            1.4589217955183964,
            1.4370836858379856,
            1.4443398228869626,
            1.3712669656577159,
            1.3844006044459167,
            1.3812508784755588,
            1.3692312916451697,
            1.3377309901904857,
            1.3130114179472905
        ],
        "x_sigma": 0.025900604,
        "x_chi2": 0.00067410956,
        "x_quality": 0.83723956
    },
    "y": {
        "y_gains": [
            1.1401632303287068,
            1.1137188838777108,
            1.1019423750915536,
            1.1323624721714847,
            1.1363632489670743,
            1.1272440399366783,
            1.1297819759170478,
            1.1315784098686763,
            1.1315423145793095,
            1.126147304797286,
            1.092380738295135,
            1.0660383692367594,
            1.0760849640100694,
            1.0754324448289712,
            1.0413366280391174,
            1.041694445185205,
            1.036309529324171,
            1.02418070152691,
            0.9709509911516265,
            0.9922981784580798,
            0.9912739148549236,
            0.9771690318717361,
            0.9870386038694283,
            0.9630420108779448
        ],
        "y_sigma": 0.031504996,
        "y_chi2": 0.000997708,
        "y_quality": 0.8359375
    }
}