{
    "x": {
        "x_gains": [
            1.170718503896678,
            1.1503331779003143,
            1.1477036658974948,
            1.1264569086751195,
            1.1630210028799888,
            1.1760259120845364,
            1.1371703036253809,
            1.1403378433314924,
            1.1491602804286638,
            1.0879937463860248,
            1.0582019988250573,
            1.045546078261215,
            1.033046005360889,
            1.0560781176759333,
            1.0584338016338408,
            1.0251594950831147,
            1.0158221409203327,
            0.9759735800047998,
            0.941513909173283,
            0.8924977531369064,
            0.9023405812336621,
            0.912478776884248,
            0.8851263544424758,
            0.8574540149555414
        ],
        "x_sigma": 0.03521945,
        "x_chi2": 0.0012487291,
        "x_quality": 0.8333333
    },
    "y": {
        "y_gains": [
            1.5220076986193412,
            1.5086660796949838,
            1.5163305080709497,
            1.48715425894211,
            1.5078888371079862,
            1.5194293995610064,
            1.4532862216694569,
            1.4588213394634952,
            1.4891023765329379,
            1.4416058104787155,
            1.4421683982542264,
            1.4121420235856808,
            1.3807518497587343,
            1.3975925908585425,
            1.3836086156422986,
            1.3462108271159707,
            1.3228127390570645,
            1.3039776665137102,
            1.2676456271296446,
            1.215400510018516,
            1.2275736111446989,
            1.2477651745869913,
            1.2320907903061562,
            1.1592450657632192
        ],
        "y_sigma": 0.03567505,
        "y_chi2": 0.0012783677,
        "y_quality": 0.8463542
    }
}