{
    "x": {
        "x_gains": [
            1.804414789488851,
            1.8107373829629891,
            1.7971709294662528,
            1.7958620285895848,
            1.7759299897141685,
            1.7702069566655108,
            1.757814937594933,
            1.7490643598839846,
            1.762841822301067,
            1.7761742318930094,
            1.7378219002262227,
            1.783477740931524,
            1.7355021788362102,
            1.646759729340547,
            1.6264929151513785,
            1.5864237661509837,
            1.5690938718254288,
            1.4928719841373392,
            1.51439076324613,
            1.5642725162950266,
            1.482585183784966,
            1.4722850438071053,
            1.4514908000739217,
            1.4116605419421289
        ],
        "x_sigma": 0.03481544,
        "x_chi2": 0.0012164197,
        "x_quality": 0.83203125
    },
    "y": {
        "y_gains": [
            1.0967017900037606,
            1.0735466406095426,
            1.0617618929940438,
            1.0577459923696744,
            1.0361949636054653,
            1.0442969242761293,
            1.0413921513564353,
            1.051430844922467,
            1.0774928551448775,
            1.0447723613412077,
            1.0201539575546583,
            1.034947228661779,
            1.0119115140048047,
            0.9754791846398706,
            0.9530600757606515,
            0.9324899645430016,
            0.914308284638798,
            0.87630368795036,
            0.8678171318383447,
            0.8873351453308558,
            0.8445558620073421,
            0.8535013570244825,
            0.8367274485008898,
            0.8311632353893347
        ],
        "y_sigma": 0.034499634,
        "y_chi2": 0.0011951906,
        "y_quality": 0.84375
    }
}