{
    "x": {
        "x_gains": [
            0.9062334725670441,
            0.898919633438552,
            0.8903883820699285,
            0.8894756265444077,
            0.9012714777499504,
            0.9202369867907342,
            0.9229814441964496,
            0.9231814272144838,
            0.913057813268538,
            0.8985027081320874,
            0.9048872962872474,
            0.9006127859456853,
            0.8859407929311848,
            0.8599784025023997,
            0.8214590739642571,
            0.80269390496056,
            0.8119602392814347,
            0.7970124149029845,
            0.7940120691422534,
            0.7720187069396917,
            0.7825968614265911,
            0.7755813486335885,
            0.7403614014952486,
            0.7292084442337842
        ],
        "x_sigma": 0.02450237,
        "x_chi2": 0.00060263247,
        "x_quality": 0.8307292
    },
    "y": {
        "y_gains": [
            1.87111112940642,
            1.8694568384759194,
            1.8785226996925988,
            1.8859135459512264,
            1.9206867761291668,
            1.9616615226016558,
            1.9557306673334405,
            1.9683706457672945,
            1.943627796831809,
            1.8910457358110018,
            1.91997085330647,
            1.9013763683255034,
            1.8862280079960976,
            1.8512690449302995,
            1.8046980983715666,
            1.7793274533678312,
            1.7631683995085696,
            1.7147604383641022,
            1.6930598901651097,
            1.667104559464286,
            1.6887841092170461,
            1.6937009567716703,
            1.6291604072966184,
            1.6060446380834619
        ],
        "y_sigma": 0.03068532,
        "y_chi2": 0.0009464276,
        "y_quality": 0.8463542
    }
}