{
    "x": {
        "x_gains": [
            1.243955619644149,
            1.2095006274284505,
            1.1812181680898495,
            1.183867391698627,
            1.185583119572697,
            1.1947848120866342,
            1.2140570813217924,
            1.2437744424998722,
            1.2330269676437817,
            1.2242058301333614,
            1.1995459862387605,
            1.1860410464610944,
            1.159843562156086,
            1.1616335215837896,
            1.175377570062964,
            1.1757515262665712,
            1.1587269345264823,
            1.1570995171539424,
            1.152431278506108,
            1.1330690321401375,
            1.1115916398259897,
            1.09625586962799,
            1.0664832884201672,
            1.072475997450939
        ],
        "x_sigma": 0.023262957,
        "x_chi2": 0.0005441368,
        "x_quality": 0.8385417
    },
    "y": {
        "y_gains": [
            2.0112186581237608,
            1.9753648301304767,
            1.9392549712073965,
            1.9619489420052991,
            1.967566128372711,
            1.9479287478830885,
            1.9409972925611065,
            1.9574038772295148,
            1.9593524496901968,
            1.9811760538420253,
            2.004942584459209,
            1.9690698507838866,
            1.9294883903648294,
            1.8841294314017678,
            1.8714047040676627,
            1.8470532758505727,
            1.8077720095790222,
            1.8138592267481837,
            1.8115945310859658,
            1.796425795309137,
            1.8048946432459687,
            1.8420509808239915,
            1.8196590504837107,
            1.7401989169175962
        ],
        "y_sigma": 0.025423076,
        "y_chi2": 0.00064859196,
        "y_quality": 0.8385417
    }
}