{
    "x": {
        "x_gains": [
            0.4728400665758814,
            0.45709527744243494,
            0.44871334365344107,
            0.4427596358000919,
            0.43866036633404515,
            0.4283570114096745,
            0.42752180147426616,
            0.43732491150511754,
            0.4446218189087344,
            0.44706847810468714,
            0.44475300419535513,
            0.43311764796327507,
            0.40714240143418357,
            0.38972147035207555,
            0.37694854124684024,
            0.37357111383776515,
            0.37724568698778527,
            0.3816961140129346,
            0.3832003436540682,
            0.3807963632424125,
            0.3688306390562509,
            0.35661829710055776,
            0.34759039044654766,
            0.3337822147818458
        ],
        "x_sigma": 0.024263162,
        "x_chi2": 0.00059049705,
        "x_quality": 0.8411458
    },
    "y": {
        "y_gains": [
            0.5004650321078346,
            0.5012801441681695,
            0.50401518658239,
            0.49705821068587663,
            0.489763981757663,
            0.4760064883492414,
            0.47859715898026073,
            0.48353584620465456,
            0.4883247652683894,
            0.48967016307485445,
            0.48636270586335045,
            0.4700352526439483,
            0.4502775195436203,
            0.4372501825738137,
            0.42329350282569583,
            0.42484182713933777,
            0.42677433671052667,
            0.42679473695509357,
            0.42443884939721194,
            0.41839633454686403,
            0.40848304917890826,
            0.3978318640805845,
            0.39197523218260905,
            0.37958388344527644
        ],
        "y_sigma": 0.023778047,
        "y_chi2": 0.00056728197,
        "y_quality": 0.8333333
    }
}