{
    "x": {
        "x_gains": [
            0.5449795313862704,
            0.5522959661296767,
            0.5449111105577236,
            0.533056200968158,
            0.541077523423246,
            0.5416655065997067,
            0.5419238230688084,
            0.5526722948970938,
            0.5434701974258751,
            0.5399801870469769,
            0.5383715434460721,
            0.5118566997793591,
            0.4903135133248091,
            0.4826867968942773,
            0.4912415560488931,
            0.4953200674071173,
            0.48679239735422486,
            0.4823939474996195,
            0.4645541253637401,
            0.46397231755564533,
            0.4637468239139397,
            0.4462794662711797,
            0.4229074234081881,
            0.4269515742985399
        ],
        "x_sigma": 0.02665888,
        "x_chi2": 0.0007150145,
        "x_quality": 0.85026044
    },
    "y": {
        "y_gains": [
            0.5460253802425193,
            0.5449105760876347,
            0.5427973157370023,
            0.5353368636658145,
            0.5348548313062513,
            0.5360410410174316,
            0.5332412745596934,
            0.5395305975894852,
            0.538593655485229,
            0.5406668520072635,
            0.5414807853377399,
            0.5194128204277167,
            0.49273754137763504,
            0.48215380031214633,
            0.4754622943661237,
            0.4779874815078593,
            0.46721719179854415,
            0.46160827091235496,
            0.46437306617641255,
            0.47483795679886287,
            0.4694626296010272,
            0.4501499449466617,
            0.42550973406705395,
            0.4166264622130631
        ],
        "y_sigma": 0.025573937,
        "y_chi2": 0.0006572233,
        "y_quality": 0.82682294
    }
}