{
    "x": {
        "x_gains": [
            0.5417837145233252,
            0.537712579291097,
            0.533918108921857,
            0.5281624120543563,
            0.5149231950860674,
            0.5133435967829784,
            0.5150604977184108,
            0.5221550382739643,
            0.5155535547494933,
            0.524290070611911,
            0.528147209415386,
            0.5080342569531601,
            0.48892143149936945,
            0.4781408354267933,
            0.4664813336328144,
            0.4677254911608769,
            0.46945385803752887,
            0.4678733588464676,
            0.46534137443228346,
            0.45950242045197487,
            0.4526937928935857,
            0.4450555947872062,
            0.43814044083588083,
            0.4265555756700207
        ],
        "x_sigma": 0.020402662,
        "x_chi2": 0.00041772693,
        "x_quality": 0.83723956
    },
    "y": {
        "y_gains": [
            0.5528685835247041,
            0.5536461530063153,
            0.5498002768024474,
            0.5409063394168889,
            0.5339404022130334,
            0.5316628627961043,
            0.5363795400169978,
            0.5435838756714959,
            0.5384762554318119,
            0.5469199628028795,
            0.5444379511144808,
            0.5245858434110208,
            0.5029969817666109,
            0.48668246957090855,
            0.4804485775407009,
            0.4836626027722573,
            0.4819730046920072,
            0.4829096348585036,
            0.48128024395133007,
            0.4758525755425481,
            0.4651356633281089,
            0.4521253917327426,
            0.44652608953705425,
            0.43278086547690586
        ],
        "y_sigma": 0.022755664,
        "y_chi2": 0.0005200933,
        "y_quality": 0.8203125
    }
}