{
    "x": {
        "x_gains": [
            2.025720574129725,
            2.041024594346362,
            2.0045693356177674,
            1.9193624031645682,
            1.8950258036188548,
            1.8714324415508607,
            1.8671224935047477,
            1.847880756106978,
            1.8370639294757034,
            1.8348261937952601,
            1.816125435861024,
            1.7230693309683631,
            1.6834627144573673,
            1.618074016206953,
            1.5704188369854992,
            1.538658841868415,
            1.5248287018872515,
            1.5024978877133446,
            1.484026311786508,
            1.4759982028245882,
            1.4462487200698828,
            1.4083834588742876,
            1.3709581839245968,
            1.294205430729298
        ],
        "x_sigma": 0.02450321,
        "x_chi2": 0.0006023831,
        "x_quality": 0.8203125
    },
    "y": {
        "y_gains": [
            2.213610588354673,
            2.2157581172082863,
            2.194979213327352,
            2.1373898370575817,
            2.09496001224127,
            2.0799993976321747,
            2.0815099739609346,
            2.0457215493116676,
            2.0485761658160158,
            2.0353380273113055,
            1.9953708593286092,
            1.8991281862148364,
            1.8726967001024177,
            1.7901051579373979,
            1.7485612313619985,
            1.7310495942246646,
            1.7037471909042254,
            1.6921384263992545,
            1.6602307820400883,
            1.6536148773613888,
            1.6270011911275721,
            1.596933223885918,
            1.5462981776257458,
            1.4656978482060576
        ],
        "y_sigma": 0.029673297,
        "y_chi2": 0.0008849611,
        "y_quality": 0.8359375
    }
}