{
    "x": {
        "x_gains": [
            2.0328603748147303,
            2.0053579957072505,
            1.931263996835817,
            1.898523068659536,
            1.8621767251894188,
            1.7857211097199552,
            1.767547464438138,
            1.7860363144404805,
            1.7612914634429868,
            1.772534856011676,
            1.7571258481646468,
            1.6883920513879005,
            1.6247135833041833,
            1.547946401427083,
            1.5021358945391245,
            1.4714061640147025,
            1.4546247977162392,
            1.436315343263424,
            1.4099231803355194,
            1.3986741687819282,
            1.355127579163504,
            1.2961942570039533,
            1.2633771106135931,
            1.2161344558254361
        ],
        "x_sigma": 0.023531493,
        "x_chi2": 0.000555458,
        "x_quality": 0.83463544
    },
    "y": {
        "y_gains": [
            1.8890168592865675,
            1.8599339537453026,
            1.7945762879763747,
            1.7746118702013385,
            1.7371274513039747,
            1.6686701833334556,
            1.6509312829074974,
            1.6560250496973117,
            1.6414057064125946,
            1.6383950675133454,
            1.625446428861687,
            1.5659180320519308,
            1.4947957937044285,
            1.4408889708594614,
            1.3946987778394078,
            1.3670468970906233,
            1.363351980807276,
            1.3451867603490597,
            1.3191068538549646,
            1.3037420395140746,
            1.272275476139555,
            1.2357343734591937,
            1.1951210854854577,
            1.164108983417384
        ],
        "y_sigma": 0.02744147,
        "y_chi2": 0.00075588765,
        "y_quality": 0.8333333
    }
}