{
    "x": {
        "x_gains": [
            0.47266361782877714,
            0.4632674540761814,
            0.4615495103236625,
            0.4564087849015227,
            0.44865266687893923,
            0.44509507453339575,
            0.4447664553581237,
            0.4444466963077057,
            0.4438682245790343,
            0.4404114499930415,
            0.43654734183486,
            0.42868095043024995,
            0.407486488461144,
            0.3979751660312595,
            0.39618982659009006,
            0.38692955073068164,
            0.38443075435270757,
            0.3865797001510019,
            0.3803620590367559,
            0.3784345442015143,
            0.37100655041745284,
            0.3674023310502218,
            0.3554744378687203,
            0.34691652612499996
        ],
        "x_sigma": 0.020897267,
        "x_chi2": 0.0004385109,
        "x_quality": 0.84244794
    },
    "y": {
        "y_gains": [
            0.5375650164728736,
            0.5298993593940665,
            0.5229503562180942,
            0.5211489270090799,
            0.5185755310965373,
            0.5126316803405186,
            0.5091408863603142,
            0.5082838578297519,
            0.505901595057139,
            0.5039463027072398,
            0.5007232947993376,
            0.4907092063131898,
            0.4686491964868932,
            0.45672306861633827,
            0.4533288435644667,
            0.44181612938143533,
            0.4400857762384751,
            0.43806408965244437,
            0.43353654925543134,
            0.4360375056788434,
            0.425184023897383,
            0.4213804567030949,
            0.4097464587252558,
            0.39853747904240844
        ],
        "y_sigma": 0.023519512,
        "y_chi2": 0.0005565314,
        "y_quality": 0.8411458
    }
}