{
    "x": {
        "x_gains": [
            0.4491615792754691,
            0.43653015277464025,
            0.4301654743340049,
            0.4267082496700692,
            0.4170085789506913,
            0.41290551037268186,
            0.4164764237069542,
            0.41349054243756805,
            0.4120115541224146,
            0.4105597275722716,
            0.40337557589930967,
            0.3938150557858717,
            0.3844132719450965,
            0.37077995863133845,
            0.36155472872006367,
            0.3602977529454161,
            0.35373295984320857,
            0.35678174305007004,
            0.3632268814625781,
            0.3615572908859289,
            0.35238565085629714,
            0.34037867263482097,
            0.3333622247261429,
            0.3235302900542874
        ],
        "x_sigma": 0.020158928,
        "x_chi2": 0.00040762435,
        "x_quality": 0.828125
    },
    "y": {
        "y_gains": [
            0.4536075590615186,
            0.4435130670037366,
            0.43971013428527644,
            0.43638617610634695,
            0.42821692613043916,
            0.42466460520311816,
            0.4243867929132498,
            0.41963997324207675,
            0.41913467132297344,
            0.41732551933030937,
            0.4086223066018205,
            0.39815295252710864,
            0.38955072258153084,
            0.37728892703028416,
            0.36638969559757867,
            0.363369689924289,
            0.35811370339275495,
            0.3596988514887612,
            0.36526591449892,
            0.36185531179172475,
            0.35417590032753477,
            0.3463975314880552,
            0.33802822995438514,
            0.32929581538780905
        ],
        "y_sigma": 0.022127371,
        "y_chi2": 0.00049141963,
        "y_quality": 0.8411458
    }
}