{
    "x": {
        "x_gains": [
            0.2605303569581132,
            0.3226145717259299,
            0.39513814128203756,
            0.47753172637221963,
            0.5517706540998325,
            0.6071930763473645,
            0.7086748821455955,
            0.7626915108850189,
            0.7975973178397395,
            0.8108227320963853,
            0.8918229467471115,
            0.9396573652176619,
            0.9999558019535536,
            1.0051240217504818,
            1.065287020548268,
            1.107283036802567,
            1.1448460348085858,
            1.1306556242315782,
            0.9259193244640757,
            1.0661864676542907,
            1.1836863401649396,
            1.1542800299512583,
            1.183572580694795,
            1.2375268125653027
        ],
        "x_sigma": 0.28450924,
        "x_chi2": 0.081198506,
        "x_quality": 0.81640625
    },
    "y": {
        "y_gains": [
            0.29415990226360755,
            0.35719185621141814,
            0.413329700991921,
            0.5314971029687409,
            0.6043024886868531,
            0.6675355309137039,
            0.7957848866125904,
            0.8133148092752372,
            0.8268139056869914,
            0.8418020726345552,
            0.9199742885585833,
            0.9782074934606829,
            1.0437829365705635,
            1.0476258681623187,
            1.1075368435975232,
            1.1591663349905394,
            1.2005538971504204,
            1.2132883219543067,
            0.7015474663858793,
            1.260677687880813,
            1.259068757493033,
            1.2928860483722713,
            1.2976300629534845,
            1.3141045323110512
        ],
        "y_sigma": 0.2819976,
        "y_chi2": 0.08016453,
        "y_quality": 0.8203125
    }
}