{
    "x": {
        "x_gains": [
            0.19438610593428512,
            0.20144326038334248,
            0.2176774271294338,
            0.21824021132636146,
            0.21738646513608045,
            0.2210473017794794,
            0.22418920851793445,
            0.2373702077506785,
            0.2297194482322629,
            0.23251244813519203,
            0.23610758884498362,
            0.2349955903077479,
            0.23351331761477356,
            0.23184427483747713,
            0.24628533979126335,
            0.2448924016254978,
            0.2344672262180127,
            0.22815334734042786,
            0.23261327970139525,
            0.23147362638110475,
            0.2262729761256894,
            0.23448607312176187,
            0.24295904682306751,
            0.24826284282305638
        ],
        "x_sigma": 0.29924428,
        "x_chi2": 0.08982837,
        "x_quality": 0.81640625
    },
    "y": {
        "y_gains": [
            0.2006731097852282,
            0.21239993361227674,
            0.21569309633263498,
            0.21044435325189137,
            0.2207252391254469,
            0.222259482789737,
            0.2287698020567,
            0.23679181192857698,
            0.22941223621550197,
            0.21975482964528692,
            0.22020359143249482,
            0.22202107113177685,
            0.2254551488545075,
            0.2260883633811551,
            0.23393310037339468,
            0.23243968718917732,
            0.22033400873051476,
            0.2281768000554013,
            0.22072823542343842,
            0.23867410235147454,
            0.2044355314187155,
            0.21181609745150287,
            0.24529475599058853,
            0.2484581494732675
        ],
        "y_sigma": 0.2134924,
        "y_chi2": 0.0457285,
        "y_quality": 0.81901044
    }
}