{
    "x": {
        "x_gains": [
            0.06140587020469279,
            0.06784336459668647,
            0.0836693144379016,
            0.08921344343104912,
            0.10386895228218784,
            0.10706083325018276,
            0.12210730839104329,
            0.13325909913117734,
            0.13603635762108324,
            0.14471785264755885,
            0.15355022712381844,
            0.16059092320831117,
            0.17120694061980027,
            0.17021066548540464,
            0.18348297287185897,
            0.18408129059245568,
            0.18700849725469654,
            0.19186545718775586,
            0.19972761148345886,
            0.21340544730208566,
            0.23171188999209236,
            0.21357258018529132,
            0.23045018489709687,
            0.2527192145223984
        ],
        "x_sigma": 0.350756,
        "x_chi2": 0.12367598,
        "x_quality": 0.81640625
    },
    "y": {
        "y_gains": [
            0.06663565443309351,
            0.07833699336822515,
            0.0905191508651911,
            0.10196987442817844,
            0.11672310617927455,
            0.12359995243873831,
            0.13996388931655632,
            0.1463885791143901,
            0.14270100756900414,
            0.15133719273442245,
            0.16173007971012535,
            0.16822347115439337,
            0.17469145035235792,
            0.17288973768529306,
            0.18212692337869338,
            0.18439729651435635,
            0.20076173015656001,
            0.20590901210209628,
            0.19913403379260744,
            0.20865267625434059,
            0.20921089895893935,
            0.22914587502021927,
            0.24392054268808294,
            0.2620134819037114
        ],
        "y_sigma": 0.18790735,
        "y_chi2": 0.03541983,
        "y_quality": 0.81901044
    }
}