{
    "x": {
        "x_gains": [
            0.17921813400767145,
            0.18781188393593684,
            0.2225206966499954,
            0.217068415080394,
            0.23150500710604618,
            0.24271178970091356,
            0.23364895412886905,
            0.22599042166716612,
            0.23863738245527938,
            0.2436728932157397,
            0.2287089676100073,
            0.23649062107758137,
            0.22722096220624646,
            0.24388241687280013,
            0.23791267976563127,
            0.23838578496028853,
            0.22733726005404717,
            0.16929392211457048,
            0.23678710211183313,
            0.20558259537747534,
            0.23259567939569784,
            0.2083878962308298,
            0.23494079433247622,
            0.23029108447641192
        ],
        "x_sigma": 0.30894497,
        "x_chi2": 0.09574625,
        "x_quality": 0.81380206
    },
    "y": {
        "y_gains": [
            0.18433381556288375,
            0.2037429204428719,
            0.22072165829064763,
            0.2275346506831159,
            0.24256878401723983,
            0.24339605649709264,
            0.23981319703054665,
            0.2337100201324823,
            0.2370616099655201,
            0.24400440906207,
            0.2306255350944837,
            0.2430490641201347,
            0.22418832895736399,
            0.24652451586467847,
            0.2372059979908652,
            0.24088868654239218,
            0.2272971617176119,
            0.19881150482416116,
            0.23773309135274406,
            0.22897169726644429,
            0.24841079195844584,
            0.23308901874744303,
            0.24628080883641754,
            0.23516019253411538
        ],
        "y_sigma": 0.19787651,
        "y_chi2": 0.039284576,
        "y_quality": 0.81640625
    }
}