{
    "x": {
        "x_gains": [
            0.19856052751337072,
            0.19750230682694372,
            0.20581810742429135,
            0.22885800587414423,
            0.23511429117296778,
            0.24504290456215982,
            0.23813150212113254,
            0.24386619812816596,
            0.24222821080336365,
            0.2511831984563285,
            0.24949545781044283,
            0.24225213476214935,
            0.24380167163103755,
            0.25269891921935744,
            0.2510522856553243,
            0.2477589337287962,
            0.25331444215549515,
            0.24273792455287793,
            0.24828530444470917,
            0.2433933136400558,
            0.2456901041922594,
            0.24769165618703912,
            0.2551814986064283,
            0.26458058632539583
        ],
        "x_sigma": 0.23863545,
        "x_chi2": 0.05716727,
        "x_quality": 0.8125
    },
    "y": {
        "y_gains": [
            0.21244008339887818,
            0.21382717717762664,
            0.22204342791976284,
            0.23782796476340873,
            0.2377384605911652,
            0.2601518875983592,
            0.2492102092351472,
            0.25757725308489976,
            0.24972502153566156,
            0.25470800363610957,
            0.25835743011554235,
            0.24800517041179274,
            0.24446805462589788,
            0.25112012130106337,
            0.24954699110836623,
            0.24669224552775945,
            0.25382384351130566,
            0.2546899887987343,
            0.24800956205826707,
            0.24158919303894563,
            0.24378665225660018,
            0.25379515761377225,
            0.25745696420187064,
            0.2660492904199375
        ],
        "y_sigma": 0.24323104,
        "y_chi2": 0.059379797,
        "y_quality": 0.81640625
    }
}