{
    "x": {
        "x_gains": [
            0.17038152341868482,
            0.17807085866836475,
            0.193651694653726,
            0.20506017142128066,
            0.20670257917277213,
            0.21241725418623958,
            0.21141550715831767,
            0.21785324795228841,
            0.2255047698768924,
            0.2344318167485873,
            0.22136238186277063,
            0.22025267386746075,
            0.22700738659335237,
            0.22142612150669846,
            0.2343579870748758,
            0.2345138211893087,
            0.23279105510613562,
            0.24590863363080903,
            0.24459272742659835,
            0.23692935387422379,
            0.235006248816156,
            0.25326499095742677,
            0.2476364340551605,
            0.23729889689709385
        ],
        "x_sigma": 0.2482561,
        "x_chi2": 0.061827652,
        "x_quality": 0.8125
    },
    "y": {
        "y_gains": [
            0.20218042285752388,
            0.21102021415386435,
            0.2199710192581548,
            0.23734319921543834,
            0.24696372912860132,
            0.24596960356833023,
            0.25288525640010856,
            0.25412938006281316,
            0.2483378437694208,
            0.26470375070920754,
            0.25146048248225694,
            0.2456772655196601,
            0.24304852655841078,
            0.23808815213832923,
            0.25213959355601795,
            0.24661465892329518,
            0.25253224180143974,
            0.26597937595918814,
            0.24429068246022215,
            0.26650728820146113,
            0.2322626528273739,
            0.26859776281700176,
            0.26240079937779526,
            0.24550375824518234
        ],
        "y_sigma": 0.29245657,
        "y_chi2": 0.08580398,
        "y_quality": 0.8151042
    }
}