{
    "x": {
        "x_gains": [
            0.1964620485616463,
            0.25544988927652273,
            0.2729585877603076,
            0.3386350832109365,
            0.4257372289368316,
            0.475673125039243,
            0.5057729429481039,
            0.5765929331155657,
            0.6263273442242472,
            0.6580556574262272,
            0.7194187671896121,
            0.7762769756249029,
            0.7817131650502923,
            0.8340710691940355,
            0.8961750710263553,
            0.8678823557694519,
            0.9389081568491144,
            0.866163829691403,
            0.8612331239216285,
            1.0155853763018028,
            1.0416413851622142,
            1.063739029925319,
            1.0548875281027312,
            1.0778538119809056
        ],
        "x_sigma": 0.3196854,
        "x_chi2": 0.10278421,
        "x_quality": 0.81380206
    },
    "y": {
        "y_gains": [
            0.19715493598083494,
            0.2419900389640261,
            0.27695794379775535,
            0.33429666488932275,
            0.4130121459024879,
            0.4386223276221928,
            0.5012041931945693,
            0.5577990543409512,
            0.5765923014433778,
            0.6125799416823896,
            0.6596944440467952,
            0.7093571011469453,
            0.7081354065366422,
            0.759537781763832,
            0.8081677963236124,
            0.8222183121173602,
            0.8591103671597158,
            0.9052162543527323,
            0.8735314298792299,
            1.0022560784325516,
            0.9156506302057028,
            0.9573084468876658,
            1.024353124842986,
            0.9843689107554412
        ],
        "y_sigma": 0.2429538,
        "y_chi2": 0.059221175,
        "y_quality": 0.8151042
    }
}