{
    "x": {
        "x_gains": [
            0.06458415489760376,
            0.07733242720350632,
            0.09026681788163998,
            0.09385799829234757,
            0.10659554611829654,
            0.11600299612538394,
            0.13481606922341388,
            0.1440353831560846,
            0.1435330749651864,
            0.15870754668350745,
            0.16630732642645701,
            0.17106001529447595,
            0.17243615034225127,
            0.18298387225895876,
            0.1996729756005614,
            0.196689209216935,
            0.20096864071262513,
            0.20560914072444733,
            0.21627607208048932,
            0.23157226638665565,
            0.22883422964649963,
            0.23095370948610028,
            0.25194241301877146,
            0.2584521075838946
        ],
        "x_sigma": 0.22747454,
        "x_chi2": 0.051915232,
        "x_quality": 0.81380206
    },
    "y": {
        "y_gains": [
            0.07186909561690868,
            0.08317810911869965,
            0.09625958360414362,
            0.10335138571987702,
            0.11805385853133916,
            0.12450978939542653,
            0.14297463941581479,
            0.14811823265384044,
            0.1519218186013986,
            0.1644643789890835,
            0.17241772898402027,
            0.17769566816343282,
            0.17758404857676685,
            0.18890618220039054,
            0.20585037892834826,
            0.19465855371341947,
            0.19914023196252498,
            0.21121178473894742,
            0.2105966328967946,
            0.2257429595850122,
            0.23753352785745707,
            0.2512374701592695,
            0.256219077560077,
            0.2692109035369413
        ],
        "y_sigma": 0.19396786,
        "y_chi2": 0.03779699,
        "y_quality": 0.81901044
    }
}