{
    "x": {
        "x_gains": [
            0.32764057828562065,
            0.4117939432523238,
            0.4694888580904198,
            0.5672894975879985,
            0.6438302647095256,
            0.7041713491127335,
            0.7255801993226854,
            0.792315804402582,
            0.869341985488422,
            0.9575847414616956,
            0.9897778710808385,
            1.025260049522111,
            1.1069226388371556,
            1.1445766239682358,
            1.1586457100099805,
            1.2285236105714308,
            1.2553116314891106,
            1.2542932891420722,
            1.330623120162187,
            1.3191797656820132,
            1.3448954895164051,
            1.2757618253202159,
            1.3555775475419685,
            1.3392745337349192
        ],
        "x_sigma": 0.28003347,
        "x_chi2": 0.07875978,
        "x_quality": 0.81380206
    },
    "y": {
        "y_gains": [
            0.2971950140186888,
            0.390096115001583,
            0.4176084607474147,
            0.5326801963885348,
            0.6207467210606327,
            0.6646700863499496,
            0.7106910895185785,
            0.7423541788118904,
            0.8034568570583563,
            0.876562242098953,
            0.8987825271643538,
            0.9151826141660567,
            1.0175813016423783,
            1.0674153489459763,
            1.0671338607165788,
            1.0648226777415324,
            1.1406834044161605,
            1.147111418587954,
            1.1670951753861027,
            1.14765736735204,
            1.16033079638608,
            1.2926374858924776,
            1.2385968580265783,
            1.2636830494875848
        ],
        "y_sigma": 0.34554097,
        "y_chi2": 0.11986051,
        "y_quality": 0.81901044
    }
}