{
    "x": {
        "x_gains": [
            0.06269829118315312,
            0.06541429687022679,
            0.0758666916015193,
            0.0799466659801913,
            0.09733484539771163,
            0.10609229148793432,
            0.11364149687443267,
            0.12215581560628497,
            0.1312381719136847,
            0.1359525516893641,
            0.13859973519134594,
            0.1512751672146534,
            0.14977122445464552,
            0.1550371828776439,
            0.1672134938079004,
            0.16377902409975584,
            0.18512767218835866,
            0.18364747764780637,
            0.1898484971023424,
            0.1947599447349181,
            0.18917632571032825,
            0.20895479973354084,
            0.21775097214921516,
            0.22490021402403965
        ],
        "x_sigma": 0.30101004,
        "x_chi2": 0.09104154,
        "x_quality": 0.81380206
    },
    "y": {
        "y_gains": [
            0.06461172520607425,
            0.07194277729048537,
            0.08536265255906562,
            0.09325584021693546,
            0.10951682600087154,
            0.11950064742463258,
            0.1296136631465324,
            0.13333018674092625,
            0.1473625724648082,
            0.14858095677102437,
            0.15243520189165988,
            0.16485790616808932,
            0.16775480823025218,
            0.174357995987081,
            0.1858102301538416,
            0.16239697941618286,
            0.1919497429505017,
            0.2000547950083528,
            0.2124402774614483,
            0.22140433002662277,
            0.2352559508286832,
            0.2345990255741794,
            0.25007314639532063,
            0.2590727067602924
        ],
        "y_sigma": 0.25764874,
        "y_chi2": 0.06667144,
        "y_quality": 0.8177083
    }
}