{
    "x": {
        "x_gains": [
            0.2620212053761511,
            0.31501708495160236,
            0.3159928766357806,
            0.41347320635736556,
            0.4702725441015713,
            0.5116773992706755,
            0.6163266279666959,
            0.5955605487351961,
            0.6481042690887446,
            0.6672179221139172,
            0.7306502977619158,
            0.8339184661237302,
            0.8543376516684276,
            0.8869820745357646,
            0.9314252156365802,
            0.9512943024891376,
            1.0258830814388564,
            1.0172014357391383,
            0.9234813510790741,
            1.037689720811656,
            1.0161148705667797,
            1.0479485725525712,
            1.131222615221528,
            1.124411778033469
        ],
        "x_sigma": 0.2498651,
        "x_chi2": 0.06265491,
        "x_quality": 0.8151042
    },
    "y": {
        "y_gains": [
            0.22517871871957978,
            0.29355314436221497,
            0.34574960502429497,
            0.4285639960472686,
            0.4795370051034246,
            0.5365254739075859,
            0.6314788546463866,
            0.6400429289593311,
            0.689966513855183,
            0.6966849639361029,
            0.7561078200678123,
            0.8500734038384214,
            0.8761727791692375,
            0.9047717753911305,
            0.9690672756543844,
            0.9672761764037038,
            1.0189468686866052,
            1.0401178228827876,
            1.078282477595959,
            1.0366712072865547,
            1.113489214771303,
            1.1302518891792994,
            1.2015016848658127,
            1.1511438525073456
        ],
        "y_sigma": 0.21761662,
        "y_chi2": 0.047556486,
        "y_quality": 0.8177083
    }
}