{
    "x": {
        "x_gains": [
            0.9359778951972446,
            0.915404956386904,
            0.984660273004938,
            1.0239833803401437,
            1.0173006212858353,
            1.0198837972958108,
            1.0625152072489037,
            1.1123942702617944,
            1.098525185996792,
            1.064626172914624,
            1.0863388436422725,
            1.151419227826026,
            1.10987245645396,
            1.158762824622046,
            1.1802840164640178,
            1.1960796813930787,
            1.0526637572163258,
            1.1757652121032236,
            0.9966914826234315,
            1.251756057278855,
            1.154634547196784,
            1.055256390368886,
            1.218596657508791,
            1.2561163445105077
        ],
        "x_sigma": 0.27317706,
        "x_chi2": 0.0749416,
        "x_quality": 0.8151042
    },
    "y": {
        "y_gains": [
            0.4255428522503302,
            0.4519591184898961,
            0.48086454829483755,
            0.5133293670084242,
            0.4874939044980916,
            0.49489525442960947,
            0.5178839572238209,
            0.5182743537118809,
            0.5080314178821572,
            0.5049316166062314,
            0.5022591364829434,
            0.5288952953388352,
            0.5325928446470878,
            0.5445988025034771,
            0.5304020909299068,
            0.4851399216304971,
            0.5517573499182764,
            0.5525460826195635,
            0.5412598309699674,
            0.5148699062761715,
            0.49658330820621793,
            0.5423974161054933,
            0.532960317959862,
            0.5899782982382775
        ],
        "y_sigma": 0.2918517,
        "y_chi2": 0.08546386,
        "y_quality": 0.8177083
    }
}