{
    "x": {
        "x_gains": [
            0.07677602426030235,
            0.0868125035701642,
            0.1065371969829092,
            0.1162423655646871,
            0.12832540859772537,
            0.13940939710789071,
            0.14473962643860333,
            0.16304090859437542,
            0.1724110791152546,
            0.1765609542088459,
            0.1820369074368721,
            0.19057374608430508,
            0.20182371949409253,
            0.20722704312912837,
            0.2250681337507897,
            0.21391479824925283,
            0.2384946029863817,
            0.2282613427112832,
            0.2675113319137756,
            0.2501589447395139,
            0.25764373570431526,
            0.2591011346349607,
            0.2731224436592781,
            0.2867215384789623
        ],
        "x_sigma": 0.2938748,
        "x_chi2": 0.086653225,
        "x_quality": 0.81901044
    },
    "y": {
        "y_gains": [
            0.08208488381418248,
            0.09293315819769894,
            0.11128553263592916,
            0.12537646792022406,
            0.14080300800282056,
            0.1595328978850979,
            0.15805139072579727,
            0.17222778709338743,
            0.189407581761997,
            0.18335628434503862,
            0.19233173377441412,
            0.19136017973772787,
            0.204677075860488,
            0.2186529461068373,
            0.23648374215657328,
            0.1973724983529265,
            0.24297728818394157,
            0.24422159495262344,
            0.26815120896508865,
            0.25037177078314166,
            0.2661883085303504,
            0.28084213209392833,
            0.2835686433197041,
            0.30337164209305806
        ],
        "y_sigma": 0.24479564,
        "y_chi2": 0.060116794,
        "y_quality": 0.82161456
    }
}