{
    "x": {
        "x_gains": [
            0.06284797746724034,
            0.07114706282869054,
            0.07987784441010051,
            0.08249502915889925,
            0.1023874605667494,
            0.11424291562543769,
            0.12373166536449401,
            0.12671322617449224,
            0.14287454497672103,
            0.14908639854968753,
            0.15316612687604958,
            0.16181281354570012,
            0.16930551891972245,
            0.17904786534927306,
            0.17921177785538844,
            0.1809311258529772,
            0.1917324580618801,
            0.188173555480997,
            0.2103915898739117,
            0.18336995842636303,
            0.2220149835692261,
            0.2279103582978743,
            0.23044405647907293,
            0.24556150646581865
        ],
        "x_sigma": 0.23587348,
        "x_chi2": 0.055839974,
        "x_quality": 0.8151042
    },
    "y": {
        "y_gains": [
            0.06487931506647567,
            0.07221508135426097,
            0.08520165655876814,
            0.09233554070676947,
            0.10363076606763938,
            0.11504142469141002,
            0.1274717570388311,
            0.12974925580043722,
            0.14174143527377359,
            0.15031389298703016,
            0.1489349305671311,
            0.1635385904546744,
            0.1664886265042934,
            0.17523572271330087,
            0.1768898066718236,
            0.18031540048591393,
            0.18888919740791132,
            0.19088395496283966,
            0.1905663919016906,
            0.19228638179964785,
            0.2267551226306442,
            0.22942465756190328,
            0.23789044274432602,
            0.24382605010698477
        ],
        "y_sigma": 0.2582843,
        "y_chi2": 0.06693526,
        "y_quality": 0.81380206
    }
}