{
    "x": {
        "x_gains": [
            0.0729375822781514,
            0.07001828317410243,
            0.08297404190288685,
            0.08865607409803748,
            0.10694585523851813,
            0.11219507762048152,
            0.1336073834539788,
            0.12777283012985552,
            0.14804644133958814,
            0.14840441509071073,
            0.16421798492380368,
            0.16369982559420582,
            0.1728646419722611,
            0.18071450902578615,
            0.18366236231268895,
            0.19787234202535084,
            0.19916368777538862,
            0.19852519602377858,
            0.2166351065422286,
            0.21925115469716877,
            0.21951352291106543,
            0.22648512524967152,
            0.2445447268025789,
            0.2623210698145755
        ],
        "x_sigma": 0.3266236,
        "x_chi2": 0.107220486,
        "x_quality": 0.81119794
    },
    "y": {
        "y_gains": [
            0.0698041052492338,
            0.07168630931280429,
            0.08484688869853019,
            0.09340404891607403,
            0.10837611932210739,
            0.12123166522603036,
            0.13778958634532756,
            0.13492085347100152,
            0.14587783519043113,
            0.1475593753103358,
            0.160189151349914,
            0.16411522201507234,
            0.1682861969305271,
            0.17824794992130977,
            0.18021869177809888,
            0.17976532715132357,
            0.19136692148129097,
            0.19650457659158882,
            0.20090276057268858,
            0.2102437747133673,
            0.19523251949030648,
            0.23005061458596812,
            0.24958699591850386,
            0.25410947107164417
        ],
        "y_sigma": 0.23221014,
        "y_chi2": 0.054189805,
        "y_quality": 0.8177083
    }
}