{
    "x": {
        "x_gains": [
            0.06847597540945552,
            0.07529025144835857,
            0.08305844448975745,
            0.09632700320431777,
            0.10583902244538733,
            0.11312755958174026,
            0.1284130157069921,
            0.1389334247700513,
            0.14974246168371172,
            0.1478810574317825,
            0.15848188804798224,
            0.16417371614922668,
            0.18111129783685917,
            0.18768575024094158,
            0.19176435014820317,
            0.20503798841330328,
            0.21678687426582413,
            0.20745072988116373,
            0.22420685144749064,
            0.23757472318981127,
            0.2393823284805269,
            0.25554524884779123,
            0.24977320592901647,
            0.26847720534559594
        ],
        "x_sigma": 0.314207,
        "x_chi2": 0.09921459,
        "x_quality": 0.8125
    },
    "y": {
        "y_gains": [
            0.06934030878348946,
            0.07540001972464516,
            0.08536924760667314,
            0.10473303235852714,
            0.11388334814765887,
            0.11980844546505265,
            0.13445766835612727,
            0.1429696190989111,
            0.14807050217044704,
            0.14583832191543236,
            0.15962146726766277,
            0.1657665267983969,
            0.17567924623765324,
            0.17723335786302083,
            0.17988214301871555,
            0.19786485616629798,
            0.2062301297270008,
            0.20170627371057248,
            0.20409078341737077,
            0.22492236017510295,
            0.23420796580638648,
            0.25146014735112004,
            0.2489731104061299,
            0.2621937049860931
        ],
        "y_sigma": 0.2405004,
        "y_chi2": 0.058027063,
        "y_quality": 0.8229167
    }
}