{
    "x": {
        "x_gains": [
            0.06252424768480526,
            0.0675453962476371,
            0.08166982783346934,
            0.08965703047845923,
            0.10537381148878022,
            0.11297954166459537,
            0.1248689812214534,
            0.12910755692352185,
            0.13489914730653685,
            0.13940433642281225,
            0.139486987781986,
            0.15033623525864892,
            0.1522916868262787,
            0.15553561277928502,
            0.1688309186544439,
            0.17561707890141684,
            0.17568361348867162,
            0.1857739682555016,
            0.1998728968274495,
            0.1919091597224817,
            0.21035851612261292,
            0.21931464611717674,
            0.23358870028677683,
            0.24371117924625788
        ],
        "x_sigma": 0.31199467,
        "x_chi2": 0.09789084,
        "x_quality": 0.8177083
    },
    "y": {
        "y_gains": [
            0.06651240665898271,
            0.07599598437218577,
            0.08560336332190358,
            0.0945058995307782,
            0.10959755667591049,
            0.11641503169515652,
            0.13232518480138333,
            0.1353841688251416,
            0.1454325031755187,
            0.14582216578580356,
            0.14902320578928926,
            0.15594493272535603,
            0.16113168583704043,
            0.1636137432926546,
            0.17102502858939891,
            0.17954018573468122,
            0.18169690739144836,
            0.1870471005174284,
            0.20036321844239238,
            0.21198211973216483,
            0.22460168743696973,
            0.22271777421914365,
            0.23030999264389887,
            0.2465244003934924
        ],
        "y_sigma": 0.16471583,
        "y_chi2": 0.027218888,
        "y_quality": 0.8072917
    }
}