{
    "x": {
        "x_gains": [
            0.06960418605143248,
            0.08576842029064688,
            0.087446381158313,
            0.10705140083716336,
            0.1168440651686089,
            0.12020658222394677,
            0.1375774793370664,
            0.13996324285316192,
            0.15313988916929314,
            0.15197806287849186,
            0.16410957688349875,
            0.16821479508670825,
            0.16956653706131017,
            0.18657268826224388,
            0.18615162235792673,
            0.1799297536248873,
            0.20459336659203103,
            0.19042826421609357,
            0.19566331821508093,
            0.19309472412305742,
            0.22408122496242436,
            0.23775662171806408,
            0.24089435014581576,
            0.24751084530646422
        ],
        "x_sigma": 0.3404429,
        "x_chi2": 0.11629811,
        "x_quality": 0.81380206
    },
    "y": {
        "y_gains": [
            0.08003631727932867,
            0.09165055220832463,
            0.10922151816818039,
            0.11926357129993714,
            0.13654279167800087,
            0.13850987201410805,
            0.1594741690120001,
            0.1594862501321742,
            0.1720860285590531,
            0.16611044583877554,
            0.18947885678386509,
            0.1907860269840125,
            0.18721464042451594,
            0.20556070485121208,
            0.2027336195796886,
            0.20725534646254504,
            0.23551814250420883,
            0.21651332867959586,
            0.22712169134798088,
            0.2090753329786022,
            0.255747797480787,
            0.2708633145164589,
            0.2746979181331529,
            0.28364206164438305
        ],
        "y_sigma": 0.30460066,
        "y_chi2": 0.09321933,
        "y_quality": 0.81640625
    }
}