{
    "x": {
        "x_gains": [
            0.3062662003334994,
            0.3066395433769232,
            0.29985172032578167,
            0.2949445240319471,
            0.294188070491345,
            0.2888869912223421,
            0.29746783480302275,
            0.29436815435818237,
            0.29994172132354685,
            0.3058914728255345,
            0.30187294047186364,
            0.2896652619542898,
            0.2825128421156358,
            0.2800419715705311,
            0.27126045156347606,
            0.26903937875578976,
            0.2634434813360568,
            0.2595835521838998,
            0.2564804268244671,
            0.24713746848688353,
            0.24402135479680098,
            0.2363017974721568,
            0.22683362892023518,
            0.216232893031988
        ],
        "x_sigma": 0.026916679,
        "x_chi2": 0.0007267646,
        "x_quality": 0.8333333
    },
    "y": {
        "y_gains": [
            0.3898775316697519,
            0.3906178285008049,
            0.3816504013626446,
            0.377897472183345,
            0.37803756014861106,
            0.37093469943142754,
            0.38275745050773924,
            0.379236383271155,
            0.3871290132987333,
            0.3890404201325305,
            0.3894601945392618,
            0.3809782584470404,
            0.3728340439239516,
            0.36269985941028055,
            0.35425364036354645,
            0.3493269168965238,
            0.3496965071438625,
            0.34452087946396137,
            0.35025337329023815,
            0.33853293974591003,
            0.33612137046900825,
            0.328144353851445,
            0.31609221016667605,
            0.3021538554136997
        ],
        "y_sigma": 0.02477706,
        "y_chi2": 0.00061613595,
        "y_quality": 0.83203125
    }
}