{
    "x": {
        "x_gains": [
            0.3603567243285473,
            0.3566617840857298,
            0.3548774462678284,
            0.3534367946506069,
            0.35730843131772666,
            0.35235355437528865,
            0.3498720168162486,
            0.3600991684301923,
            0.36887406687310575,
            0.3729406914283125,
            0.37426770313370233,
            0.36026186281970407,
            0.3606882422197562,
            0.3535903600518703,
            0.3394519317734204,
            0.33695281306066843,
            0.3358502398105052,
            0.33689186596487597,
            0.3294204769086128,
            0.3260398225039206,
            0.31326264770529627,
            0.3077782014857685,
            0.2980847873561495,
            0.28899728663337554
        ],
        "x_sigma": 0.026133541,
        "x_chi2": 0.00068526744,
        "x_quality": 0.82942706
    },
    "y": {
        "y_gains": [
            0.3494489888344059,
            0.34587519446400466,
            0.3442729387595935,
            0.33846896811574934,
            0.34275349028449803,
            0.3347918204198102,
            0.33043263048660665,
            0.3364961730290242,
            0.3425084262210477,
            0.3412038600256203,
            0.33547896734742955,
            0.3314474196122344,
            0.3316271888264984,
            0.3233092381735097,
            0.31039472835525994,
            0.3077361671977372,
            0.3072362178902052,
            0.3079111235479835,
            0.3108006102507822,
            0.30786126195286745,
            0.29696891549149634,
            0.28830565104158634,
            0.27955286079022323,
            0.2724362117853726
        ],
        "y_sigma": 0.025504643,
        "y_chi2": 0.00065357535,
        "y_quality": 0.82421875
    }
}