{
    "x": {
        "x_gains": [
            0.4794810863890663,
            0.4716372453064548,
            0.4598783079219143,
            0.45006690019437934,
            0.44725703521898685,
            0.4444824526328385,
            0.44816039122609513,
            0.44941689281699226,
            0.45521760402951345,
            0.4583883112814176,
            0.4561308825603466,
            0.43221439078560414,
            0.41864113525093577,
            0.4086341953676002,
            0.39925701463632296,
            0.40498783011570505,
            0.4043232669643429,
            0.394173485211005,
            0.3953513637803434,
            0.3781917254297818,
            0.37089536589235833,
            0.36695730051825015,
            0.36317332425109483,
            0.34110370995651373
        ],
        "x_sigma": 0.025614792,
        "x_chi2": 0.0006582506,
        "x_quality": 0.83723956
    },
    "y": {
        "y_gains": [
            0.5345712006608155,
            0.5250594879273335,
            0.5143185777733523,
            0.5011740000952231,
            0.49214814545044716,
            0.4865945630843089,
            0.49253295414862974,
            0.4907946554425201,
            0.49321914915455084,
            0.4890088177581009,
            0.4851875162416521,
            0.4743504032120732,
            0.44674997213397044,
            0.4363896420125574,
            0.4242656174295104,
            0.42652308193636357,
            0.4289036818721886,
            0.4278936145221958,
            0.4251755454162526,
            0.4231798632062629,
            0.4166082547176198,
            0.4127566231753268,
            0.4006985779007121,
            0.37491658106071396
        ],
        "y_sigma": 0.03199211,
        "y_chi2": 0.0010269185,
        "y_quality": 0.82942706
    }
}