{
    "x": {
        "x_gains": [
            2.268097364339313,
            2.2154255428152587,
            2.1456567037675027,
            2.0741381603340323,
            2.0361290742942777,
            1.9388759657420003,
            1.9586582094416725,
            1.96186314611633,
            1.9843195103651923,
            1.982421865320206,
            1.9165962477261982,
            1.851765916196556,
            1.771134370828425,
            1.7139166052056174,
            1.6833775556617205,
            1.6439420447959412,
            1.6277476278223415,
            1.6286395615441718,
            1.6164718742622826,
            1.6113075115933575,
            1.541494630727562,
            1.5072070496293892,
            1.4397541429753324,
            1.376762669245435
        ],
        "x_sigma": 0.02653381,
        "x_chi2": 0.000706148,
        "x_quality": 0.82942706
    },
    "y": {
        "y_gains": [
            2.271296356022978,
            2.2116884416609115,
            2.140311777076255,
            2.0893829676007742,
            2.023993716875825,
            1.9695092396571714,
            1.9971630299160041,
            2.0005729640969174,
            2.005846480854677,
            2.0068618620788197,
            1.9162787767104827,
            1.8699778239329858,
            1.7871420845868646,
            1.728413190862308,
            1.7140257700346473,
            1.6633947691557371,
            1.6686380234381903,
            1.6789915842225833,
            1.6609325737777945,
            1.6590554731742344,
            1.614147577380782,
            1.5833128954027087,
            1.5363567297417922,
            1.478615267929892
        ],
        "y_sigma": 0.031210935,
        "y_chi2": 0.0009771204,
        "y_quality": 0.82942706
    }
}