{
    "x": {
        "x_gains": [
            0.5322562170719691,
            0.5201437094652007,
            0.5258801669501248,
            0.5180996292116383,
            0.5041380406584305,
            0.5040006564104549,
            0.4986782035536607,
            0.505362400430973,
            0.5138560777509464,
            0.5044063424860554,
            0.5200221799860207,
            0.48260428716692466,
            0.4853030108247322,
            0.4662659825487833,
            0.46340938066633824,
            0.4498845686173842,
            0.44565827894705384,
            0.4601050079255388,
            0.4496744177345835,
            0.44437701763830145,
            0.4322453286166723,
            0.42308948232547916,
            0.41242036935955856,
            0.40379905456912163
        ],
        "x_sigma": 0.025845312,
        "x_chi2": 0.0006700809,
        "x_quality": 0.83463544
    },
    "y": {
        "y_gains": [
            0.5408550550639123,
            0.5341734813848554,
            0.5382719714948389,
            0.5330519955974169,
            0.5137406354714791,
            0.5122386097598257,
            0.5109798846636644,
            0.5119697241583921,
            0.5181825596539535,
            0.515929370920095,
            0.5116467950726162,
            0.49112382095904306,
            0.4827821305146453,
            0.47825844292346564,
            0.47072482302394186,
            0.46135746036005165,
            0.45618777199625665,
            0.45528025618437906,
            0.4598262243126127,
            0.4541671539501756,
            0.43974669886550627,
            0.43296359685374014,
            0.42570750565328924,
            0.4183697803140284
        ],
        "y_sigma": 0.026653927,
        "y_chi2": 0.0007131493,
        "y_quality": 0.8333333
    }
}