{
    "x": {
        "x_gains": [
            0.5459329117239038,
            0.53288360798865,
            0.5201189012613039,
            0.5056605410780167,
            0.5139708058414633,
            0.5251585611243603,
            0.523133212210557,
            0.5261454568050101,
            0.5234067772489102,
            0.5400600330732764,
            0.5138546518953323,
            0.5027345997184385,
            0.4929308296784977,
            0.4827849041657482,
            0.46447940219643025,
            0.46302585730858076,
            0.46857648759094656,
            0.45826517211729556,
            0.4711629432229807,
            0.4613834508953745,
            0.4476921024426977,
            0.43460173878940467,
            0.41990976978866784,
            0.40010738882316016
        ],
        "x_sigma": 0.028778903,
        "x_chi2": 0.0008318596,
        "x_quality": 0.8359375
    },
    "y": {
        "y_gains": [
            0.40146486499940987,
            0.3929441533230364,
            0.38676430660508343,
            0.37040610770039106,
            0.3746114717121138,
            0.38036642828088296,
            0.37898808211337703,
            0.3777181923132535,
            0.3720212767896707,
            0.37257221697681936,
            0.3664998603635532,
            0.35560749637671524,
            0.3493067222157503,
            0.3394464009380669,
            0.33188146256177975,
            0.3304177273075713,
            0.3282693410551036,
            0.327011759996913,
            0.32885548360270656,
            0.3239688306996233,
            0.31764600423879535,
            0.3112604054353537,
            0.3032914369575234,
            0.2902792840853628
        ],
        "y_sigma": 0.027233226,
        "y_chi2": 0.00074508175,
        "y_quality": 0.8307292
    }
}