{
    "x": {
        "x_gains": [
            2.463678905771796,
            2.4041080629264706,
            2.3464516090580725,
            2.364824558986824,
            2.2968590131435,
            2.2296693177434856,
            2.2168352141258865,
            2.2524389408851904,
            2.198077416418491,
            2.192812897844785,
            2.1672497868943283,
            2.1054331882465287,
            2.0151624855739554,
            1.9452213982912785,
            1.9020935392539797,
            1.823879950762537,
            1.7741126974931165,
            1.769230616804747,
            1.8057242904586972,
            1.7880173158748938,
            1.7613044925593693,
            1.6811367712356153,
            1.6559012935784991,
            1.6179894539447393
        ],
        "x_sigma": 0.030955305,
        "x_chi2": 0.00096126425,
        "x_quality": 0.83723956
    },
    "y": {
        "y_gains": [
            2.410679038142921,
            2.3767327183664184,
            2.288163274178592,
            2.312960965892499,
            2.251572216589539,
            2.202022191847528,
            2.1703725053738423,
            2.207160753432863,
            2.168718020897333,
            2.168422362358686,
            2.1213468974516725,
            2.0573102446067817,
            2.0098906719968967,
            1.932293965291363,
            1.9029359923692264,
            1.8366536787089558,
            1.7744336407066432,
            1.7640047423503493,
            1.810969877594735,
            1.7846159820499043,
            1.762248064611063,
            1.692568894747434,
            1.680823119251375,
            1.657429810333677
        ],
        "y_sigma": 0.032259434,
        "y_chi2": 0.0010439713,
        "y_quality": 0.828125
    }
}