{
    "x": {
        "x_gains": [
            0.531447756692588,
            0.5301887625749508,
            0.5269490157857063,
            0.5118267814387041,
            0.5107310205457896,
            0.5138765951050684,
            0.5016318334357582,
            0.5086079091276352,
            0.5161468543094468,
            0.5207019645668561,
            0.4974857072356312,
            0.4941966243306539,
            0.4756912269218401,
            0.4658589666018253,
            0.45712104071467397,
            0.45517939530327695,
            0.44958091640505926,
            0.43995661323862884,
            0.43660903922172517,
            0.4469555399915704,
            0.4452612911250564,
            0.4233417787195909,
            0.407468191097529,
            0.39362922126992816
        ],
        "x_sigma": 0.023219788,
        "x_chi2": 0.000540877,
        "x_quality": 0.828125
    },
    "y": {
        "y_gains": [
            0.5311558210933344,
            0.532276501887346,
            0.5231303660751213,
            0.5071119664174228,
            0.50095396663867,
            0.5092159688294647,
            0.4918031658156669,
            0.5020805464725,
            0.5014902535118485,
            0.502689413496678,
            0.4921398377946466,
            0.4766829350607687,
            0.46176668794795406,
            0.44787322249754985,
            0.4374876519110248,
            0.4406720760339125,
            0.4327220614948245,
            0.43318809980307266,
            0.4380370717782439,
            0.4424375085777572,
            0.4453337264145692,
            0.41990232903865626,
            0.4056640600992928,
            0.38686575294134035
        ],
        "y_sigma": 0.024635602,
        "y_chi2": 0.0006088816,
        "y_quality": 0.83203125
    }
}