{
    "x": {
        "x_gains": [
            0.5073297994768821,
            0.500158024927976,
            0.49265990927766307,
            0.48569131529045145,
            0.4803139485668296,
            0.47718939265242866,
            0.47512319112880386,
            0.49216086179335544,
            0.4907287115260102,
            0.5014996846569982,
            0.47660157909541595,
            0.4653323664347202,
            0.4455063335407908,
            0.4402593779319899,
            0.43453564130855715,
            0.4306181195836853,
            0.4384368079274987,
            0.43924051800512764,
            0.44516111426853994,
            0.4288169446501098,
            0.4200322626780963,
            0.41804475118896106,
            0.39572243047334976,
            0.3777036974925762
        ],
        "x_sigma": 0.029282834,
        "x_chi2": 0.00086104113,
        "x_quality": 0.82942706
    },
    "y": {
        "y_gains": [
            0.5744890881829835,
            0.5683465418016892,
            0.5634594517111305,
            0.5612418396138072,
            0.563690200150043,
            0.5600106581228453,
            0.5585172796030774,
            0.5721501999550519,
            0.5661004982363705,
            0.560936494696626,
            0.5530495956626754,
            0.5429566388855663,
            0.5299348540485221,
            0.5220547238643743,
            0.5095747308413532,
            0.5139665792203929,
            0.5115454006518214,
            0.5075677591538196,
            0.519588134955536,
            0.5023534253269718,
            0.49860609679579765,
            0.4968344688650731,
            0.48002758814554586,
            0.4663355404528128
        ],
        "y_sigma": 0.028689634,
        "y_chi2": 0.0008277259,
        "y_quality": 0.83203125
    }
}