{
    "x": {
        "x_gains": [
            0.4389712533090202,
            0.43103639641158753,
            0.43018396085773347,
            0.4150597800224672,
            0.4035657129278886,
            0.4049599330617429,
            0.4018723554538479,
            0.4140165467509141,
            0.41501085979667374,
            0.4183164719724199,
            0.4067131751316693,
            0.4051055780080821,
            0.3960970811764527,
            0.3743451393305122,
            0.3634338979157793,
            0.36538553728043255,
            0.36302612332353174,
            0.3640598115320606,
            0.36023877490573813,
            0.36002056581480163,
            0.355811334882441,
            0.3512679755239285,
            0.340004088889173,
            0.32790540584852085
        ],
        "x_sigma": 0.026768407,
        "x_chi2": 0.0007187706,
        "x_quality": 0.8307292
    },
    "y": {
        "y_gains": [
            0.5264750343169589,
            0.520725743800747,
            0.523538116663768,
            0.5144596075125919,
            0.5033220260362444,
            0.49711553680921816,
            0.49817960191663635,
            0.5032689076996267,
            0.5047997368579932,
            0.49749444385767744,
            0.4883319430522915,
            0.48704658215791535,
            0.47413087425039313,
            0.45741657522146967,
            0.4454149739784118,
            0.4536607747927201,
            0.44899554309064105,
            0.4478654196660214,
            0.4457115528657359,
            0.44443032143645217,
            0.4389046870192622,
            0.4358548495259076,
            0.4202459363268572,
            0.4073568649815671
        ],
        "y_sigma": 0.030767351,
        "y_chi2": 0.0009503523,
        "y_quality": 0.82682294
    }
}