{
    "x": {
        "x_gains": [
            0.5262255002562718,
            0.5097411014750786,
            0.5176710105476504,
            0.5043778484108516,
            0.4931731520086893,
            0.4864654843252794,
            0.48531214913448223,
            0.48780478286735945,
            0.49509550961740356,
            0.5116670054755021,
            0.49641457129662436,
            0.4845865614067122,
            0.4773500503866846,
            0.4529123555260538,
            0.4413860900351705,
            0.4415455507221036,
            0.43970004190781103,
            0.4360505679122597,
            0.43709541355782555,
            0.42880988362185524,
            0.4152561970862386,
            0.4152844960427125,
            0.3998163243805795,
            0.3877560745963585
        ],
        "x_sigma": 0.026954245,
        "x_chi2": 0.00072872284,
        "x_quality": 0.8359375
    },
    "y": {
        "y_gains": [
            0.577385440521707,
            0.5596469165217787,
            0.5690575201065093,
            0.5521290427164572,
            0.5414069086553424,
            0.5339589338591476,
            0.5385193464421507,
            0.541553890325481,
            0.5500898021602026,
            0.5497848307108046,
            0.5366049061249962,
            0.5190064576340478,
            0.5133411723952632,
            0.4925880279435336,
            0.4770586547909593,
            0.4803174552550668,
            0.4764492335003844,
            0.479624749270167,
            0.48635601162779957,
            0.4809272893726034,
            0.4691338100983868,
            0.47108607906247085,
            0.4515220628128596,
            0.4367965064665975
        ],
        "y_sigma": 0.02896786,
        "y_chi2": 0.00084261235,
        "y_quality": 0.828125
    }
}