{
    "x": {
        "x_gains": [
            0.42367545917522587,
            0.4206288502261806,
            0.4137201859788077,
            0.39685208985286907,
            0.3973812575129894,
            0.3947034585022204,
            0.39461948953838083,
            0.40172770229470484,
            0.3958558327892295,
            0.40241860017402187,
            0.39895957725604864,
            0.3887515969429663,
            0.3715864903786039,
            0.3565573009154288,
            0.3532914503963612,
            0.3514614205191964,
            0.34781244061102573,
            0.3498576709023235,
            0.35753640256882757,
            0.34970904207699194,
            0.34069524656881556,
            0.32628615067013467,
            0.31646067344793366,
            0.31120054323166824
        ],
        "x_sigma": 0.029746223,
        "x_chi2": 0.00088992185,
        "x_quality": 0.83203125
    },
    "y": {
        "y_gains": [
            0.47610634139843194,
            0.4703356263292567,
            0.46407194451667205,
            0.4427899058424977,
            0.4421589151860938,
            0.4386535546685591,
            0.4342858800588388,
            0.4392309294824845,
            0.43343983094459587,
            0.4343991475698647,
            0.43418652722679507,
            0.4146909407944085,
            0.3917831630637177,
            0.38371504154521124,
            0.38198668447896045,
            0.3786120823142043,
            0.37626468203602537,
            0.37638011531157595,
            0.3731072363178405,
            0.3713608585506543,
            0.3654853740793972,
            0.35067953277142316,
            0.34411870168143277,
            0.3384000621031794
        ],
        "y_sigma": 0.03161558,
        "y_chi2": 0.0010040544,
        "y_quality": 0.8151042
    }
}