{
    "x": {
        "x_gains": [
            0.5584107095132971,
            0.5607001350446276,
            0.5451504209024628,
            0.5429060555904313,
            0.5308602324636958,
            0.5231258780013955,
            0.5143090815514709,
            0.5277836391083032,
            0.5326956327374707,
            0.5305734177518087,
            0.534038834235948,
            0.5129262545406796,
            0.500094617901707,
            0.49512115045162225,
            0.4810045529966968,
            0.48008815186609305,
            0.47201770481768646,
            0.46572139195741075,
            0.478081173402432,
            0.4797885706110117,
            0.4693908578714054,
            0.45795509677003354,
            0.44353681042833104,
            0.42281358339374286
        ],
        "x_sigma": 0.0258323,
        "x_chi2": 0.0006704178,
        "x_quality": 0.8411458
    },
    "y": {
        "y_gains": [
            0.5668067321676084,
            0.5658448468142002,
            0.5530108148453984,
            0.5492671485460596,
            0.5328508120566449,
            0.5297338272924694,
            0.5254709428230864,
            0.5285198842921988,
            0.5300585608698049,
            0.5242820167493425,
            0.5277035386849438,
            0.5147491061381773,
            0.5045819064597988,
            0.49256352222323474,
            0.47538017935618787,
            0.47497492488627796,
            0.4588113574163415,
            0.45905030296172367,
            0.4647528639465735,
            0.46596248862177847,
            0.4604210974523611,
            0.4533766700979725,
            0.4403241842774324,
            0.41966482209988526
        ],
        "y_sigma": 0.028155766,
        "y_chi2": 0.0007954181,
        "y_quality": 0.83203125
    }
}