{
    "x": {
        "x_gains": [
            2.1293455631018143,
            2.1042253539501687,
            2.0622107105037673,
            1.9809311604631497,
            1.918865198472545,
            1.8520247074912175,
            1.8626117113015175,
            1.8544274455261938,
            1.846519718411652,
            1.8287972547266043,
            1.8165712131157026,
            1.7931102249958848,
            1.7100382528717013,
            1.5944913767036264,
            1.5337750298664343,
            1.5194975082520112,
            1.4916717875759133,
            1.480704276259143,
            1.4753028258215881,
            1.4949857430684612,
            1.4676524124742003,
            1.4103367018097186,
            1.3502414164140477,
            1.2934942954185236
        ],
        "x_sigma": 0.031738136,
        "x_chi2": 0.0010103567,
        "x_quality": 0.8255208
    },
    "y": {
        "y_gains": [
            2.06725841801065,
            2.045384212129251,
            1.9943867188044562,
            1.936452971980881,
            1.9120722120839904,
            1.8361075694636217,
            1.8437125438273516,
            1.7995136634373194,
            1.8031681809192204,
            1.7784439433579833,
            1.7502314681116578,
            1.7128444975624166,
            1.6406111368358938,
            1.5681409951949652,
            1.5219519423280055,
            1.493803479098179,
            1.4824827613198308,
            1.4822997109219105,
            1.4419975380487633,
            1.4674369145201855,
            1.443782606476621,
            1.4056289535949873,
            1.343179736253227,
            1.3035097260074695
        ],
        "y_sigma": 0.034105007,
        "y_chi2": 0.0011667509,
        "y_quality": 0.8177083
    }
}