{
    "x": {
        "x_gains": [
            2.0648102645847874,
            2.0162506983536326,
            1.9419260791856092,
            1.9045392731901036,
            1.851088654855339,
            1.8161589473252155,
            1.7908829016887668,
            1.767152963010997,
            1.7609242457433176,
            1.771705787702165,
            1.709201572123606,
            1.6592132044168917,
            1.6129609021664535,
            1.5501562991593316,
            1.5009682746339665,
            1.4870978645720796,
            1.4415233719157543,
            1.419549663200486,
            1.4130638002686318,
            1.383286195550743,
            1.3681037821639488,
            1.3347237595644637,
            1.2958605032085506,
            1.2287533191699034
        ],
        "x_sigma": 0.028893236,
        "x_chi2": 0.0008373268,
        "x_quality": 0.8333333
    },
    "y": {
        "y_gains": [
            2.1685593889155776,
            2.116403728900196,
            2.017376348396699,
            1.9883610490648571,
            1.936012577266988,
            1.9141613484883866,
            1.8829755193411242,
            1.8743963272328608,
            1.8801072525983318,
            1.8718905791603246,
            1.8137923088821555,
            1.7533198234196539,
            1.7063815598852903,
            1.636649559041601,
            1.5999594250289813,
            1.569661334579435,
            1.5399396436056085,
            1.511511155043015,
            1.519123101380959,
            1.4929269450830107,
            1.4835188473651963,
            1.4456403102344106,
            1.422139154126137,
            1.36553837237931
        ],
        "y_sigma": 0.03430729,
        "y_chi2": 0.0011805719,
        "y_quality": 0.8333333
    }
}