{
    "x": {
        "x_gains": [
            2.3773564594962173,
            2.3063465722085517,
            2.1495811863495575,
            2.1141887732939733,
            2.0685503948417963,
            2.037998897034997,
            2.0019162342193946,
            2.0049177826323077,
            1.9936432684385834,
            2.004480012828672,
            1.9902767021990766,
            1.8816550021305039,
            1.8034193552342985,
            1.7310879506930759,
            1.6806863923226245,
            1.6185844572514039,
            1.5923129500025677,
            1.611459410157512,
            1.6194182499044136,
            1.6135062086912155,
            1.5808399666695703,
            1.4975315588303177,
            1.4430758665677794,
            1.4346409846801862
        ],
        "x_sigma": 0.03545494,
        "x_chi2": 0.0012608115,
        "x_quality": 0.8463542
    },
    "y": {
        "y_gains": [
            2.1931878270180123,
            2.107542409549022,
            1.9533722236720583,
            1.9097578312484504,
            1.8611444772957124,
            1.8260104228674938,
            1.7991554224700301,
            1.8085416336231037,
            1.8091749885248551,
            1.8277746441596936,
            1.7914597530651875,
            1.6877771013542218,
            1.6061697477285546,
            1.5325538029065926,
            1.4849451214771237,
            1.456916573023354,
            1.4155147207868903,
            1.4351941730886941,
            1.4599987356410948,
            1.474541176606593,
            1.4212485469510168,
            1.3538028321555249,
            1.3104511096899998,
            1.2868342469727803
        ],
        "y_sigma": 0.039642584,
        "y_chi2": 0.0015762463,
        "y_quality": 0.8333333
    }
}