{
    "x": {
        "x_gains": [
            2.1764604484901455,
            2.081859983674054,
            1.9684349642866845,
            1.9429704746595264,
            1.8932249166725452,
            1.8261614797897794,
            1.8658519610663866,
            1.8372227952315985,
            1.8825825719541884,
            1.8284695859500106,
            1.733313735332699,
            1.6799727508419815,
            1.5190083233149672,
            1.4717348032785071,
            1.4339750562906908,
            1.418622889704468,
            1.367545024881456,
            1.3652613349115754,
            1.3107596061639255,
            1.2897565855293696,
            1.2614968088545975,
            1.2031113663043997,
            1.107586107565174,
            1.0827505067813747
        ],
        "x_sigma": 0.03184604,
        "x_chi2": 0.0010173579,
        "x_quality": 0.83463544
    },
    "y": {
        "y_gains": [
            2.3784069192614097,
            2.2971217661521774,
            2.179521425916149,
            2.150058333232639,
            2.0722995470865,
            2.0151205781654995,
            2.058977347131227,
            2.0224283256457465,
            2.053572616709871,
            1.9898386897469384,
            1.9192673619084732,
            1.8461506650942385,
            1.701750233097238,
            1.6144153080151038,
            1.591809186649178,
            1.5706146789019646,
            1.5121653551606136,
            1.5063893504298482,
            1.4651973862636867,
            1.4455487794653434,
            1.4192608744832647,
            1.3557836646507067,
            1.2751940893223725,
            1.2424809710933076
        ],
        "y_sigma": 0.032600205,
        "y_chi2": 0.0010659578,
        "y_quality": 0.82942706
    }
}