{
    "x": {
        "x_gains": [
            2.4950805743855127,
            2.432462910535279,
            2.429064514787562,
            2.365282161368348,
            2.294468245855852,
            2.280600683765136,
            2.2656996388724,
            2.2404617215210485,
            2.271619858046475,
            2.222255556055563,
            2.1585446746436405,
            2.1076622543740946,
            2.0779158171887064,
            2.002518246796076,
            1.9592395877681539,
            1.8503054761825906,
            1.8348982415894914,
            1.8713184149334203,
            1.7889007652023023,
            1.7743053754142737,
            1.732565247887466,
            1.6769443792765226,
            1.599420370057891,
            1.5270033749828593
        ],
        "x_sigma": 0.031644233,
        "x_chi2": 0.0010046579,
        "x_quality": 0.8333333
    },
    "y": {
        "y_gains": [
            2.475246176846141,
            2.3946188126043157,
            2.32591167480666,
            2.254711360306821,
            2.2092327193374848,
            2.2084255985943106,
            2.1606384565643393,
            2.1536915187951045,
            2.163744198352681,
            2.1340034673288337,
            2.0698722640428415,
            2.022160574634944,
            1.9663985744396892,
            1.898760483460116,
            1.8714815094913215,
            1.7647627699998798,
            1.7607811839541985,
            1.792419021107634,
            1.76543074744807,
            1.7242598183664708,
            1.6748532376353458,
            1.6334445817989844,
            1.5737030444386988,
            1.5030746971157936
        ],
        "y_sigma": 0.034408282,
        "y_chi2": 0.0011874815,
        "y_quality": 0.8177083
    }
}