{
    "x": {
        "x_gains": [
            0.34764601236813264,
            0.3482254258187563,
            0.34364084033931097,
            0.34317505630730527,
            0.3393087412310746,
            0.34003396327231955,
            0.34881375766108375,
            0.3532029164529936,
            0.3587185282783196,
            0.3564854724683774,
            0.3599828907331692,
            0.3465017032117971,
            0.34625118002402155,
            0.33592878632221607,
            0.33113179257268743,
            0.33170419031620796,
            0.3243478281458601,
            0.3263685309718351,
            0.3156587577312721,
            0.3169866086471284,
            0.3044573499855672,
            0.29562259211703434,
            0.2846424604630911,
            0.2738756132554263
        ],
        "x_sigma": 0.021188173,
        "x_chi2": 0.00045042636,
        "x_quality": 0.8463542
    },
    "y": {
        "y_gains": [
            0.3638670950692297,
            0.36394181007187126,
            0.3549759571234481,
            0.3539963604926185,
            0.34588510008271844,
            0.34536227846822987,
            0.3546890800844316,
            0.356103327938724,
            0.36281656970212434,
            0.36153436340740064,
            0.35820270218088845,
            0.3568040462149727,
            0.3440238989274298,
            0.33742236375365775,
            0.33255673575876493,
            0.3306909145118351,
            0.32422677587921384,
            0.3250608172536041,
            0.3181711522170564,
            0.319890909522471,
            0.3093526940273244,
            0.3024999747412521,
            0.29391082028570126,
            0.285735952663382
        ],
        "y_sigma": 0.017365107,
        "y_chi2": 0.0003024797,
        "y_quality": 0.83723956
    }
}