{
    "x": {
        "x_gains": [
            1.8799105613751321,
            1.8702798228508357,
            1.8272926995819339,
            1.8086296230381795,
            1.8466123969442552,
            1.8018177097419419,
            1.8161614211535766,
            1.8617663090821766,
            1.885152903338125,
            1.8163816188719144,
            1.7414760061003207,
            1.6960576496779356,
            1.6855394553014067,
            1.690580491242117,
            1.6831830121859421,
            1.6927717461499177,
            1.6646632444519687,
            1.5865408032116664,
            1.5518834200344735,
            1.496379950142715,
            1.498284688774057,
            1.465253419974745,
            1.4506979503683446,
            1.462141294521124
        ],
        "x_sigma": 0.042119633,
        "x_chi2": 0.0017802792,
        "x_quality": 0.84244794
    },
    "y": {
        "y_gains": [
            1.7075059399862886,
            1.6662681508672508,
            1.6172238218362736,
            1.6142429433046883,
            1.6588844801453344,
            1.6176583586429463,
            1.6502875626077844,
            1.6397098369472538,
            1.6663815487836697,
            1.5904487572042556,
            1.532116220208,
            1.5042194860804041,
            1.501981098048515,
            1.474210022446322,
            1.436972379666496,
            1.4777309565291896,
            1.4298859022544295,
            1.3458389224341485,
            1.3274661982303946,
            1.3101237058106738,
            1.3210101579736602,
            1.3053797571628145,
            1.2828770930620852,
            1.2912070991599278
        ],
        "y_sigma": 0.043142527,
        "y_chi2": 0.0018670374,
        "y_quality": 0.84375
    }
}