{
    "x": {
        "x_gains": [
            1.556945742028975,
            1.5326016948275842,
            1.5232793645609666,
            1.510088896366178,
            1.5345576238664222,
            1.5270808859317002,
            1.5243334067147434,
            1.501766678320376,
            1.5409289212634631,
            1.551038071004972,
            1.5151666668181833,
            1.481694977264428,
            1.4821577845891163,
            1.4246373941672494,
            1.406260226148582,
            1.3333873799684681,
            1.3466646852740265,
            1.3395434567990536,
            1.3245861198210007,
            1.2929055557056763,
            1.327872695888577,
            1.2640285682591101,
            1.2202055397185079,
            1.2093923831258317
        ],
        "x_sigma": 0.034205712,
        "x_chi2": 0.0011738207,
        "x_quality": 0.84765625
    },
    "y": {
        "y_gains": [
            1.9517214378253762,
            1.9218827686105036,
            1.9079121402643582,
            1.8923860603814973,
            1.9051309558442082,
            1.9189972088185598,
            1.8963211445648287,
            1.8834251374387116,
            1.9317611180337915,
            1.9299028409713743,
            1.8755274686564662,
            1.869031155553183,
            1.8354888090247312,
            1.7884033737371212,
            1.7527070560480662,
            1.702484587279345,
            1.6930078943265103,
            1.703820546668437,
            1.679103675651976,
            1.6493270168506793,
            1.6915338207894008,
            1.6384412394349213,
            1.6257796629596182,
            1.5846042387529546
        ],
        "y_sigma": 0.035667773,
        "y_chi2": 0.0012760358,
        "y_quality": 0.84244794
    }
}