{
    "x": {
        "x_gains": [
            2.4252070393186447,
            2.3717519598082912,
            2.352530839738471,
            2.372723831199207,
            2.351528046439857,
            2.3840327783527533,
            2.427837035614864,
            2.4052394003324475,
            2.321913851423519,
            2.266755145675853,
            2.3341548002126884,
            2.2887488789994084,
            2.296949756383212,
            2.334206560007432,
            2.2469498049613863,
            2.264826887390656,
            2.1846792377479365,
            2.1056612386931257,
            2.05690518703768,
            2.037268568837166,
            2.0549505278880216,
            1.9864709410091628,
            1.9986802714167833,
            2.0008291435971066
        ],
        "x_sigma": 0.03935468,
        "x_chi2": 0.001553727,
        "x_quality": 0.84505206
    },
    "y": {
        "y_gains": [
            1.2959360740653385,
            1.2385219206923634,
            1.1997871097752415,
            1.2183306521124562,
            1.2496607171153034,
            1.2720929955951872,
            1.259708970696209,
            1.2403032318147207,
            1.2143792214857687,
            1.184644397650201,
            1.22541330740032,
            1.1928932762761346,
            1.1571456166045397,
            1.1980802345706916,
            1.169111471657295,
            1.1808321654903218,
            1.1190262323248408,
            1.0747879362792627,
            1.053191211498489,
            1.0540102798676605,
            1.0976678871233425,
            1.0654828158132355,
            1.0131439213492321,
            1.0486617319791545
        ],
        "y_sigma": 0.0429157,
        "y_chi2": 0.0018477895,
        "y_quality": 0.84375
    }
}