{
    "x": {
        "x_gains": [
            1.50071058646269,
            1.4995331278583068,
            1.5092064764396418,
            1.495808669318137,
            1.518550306838275,
            1.5640634524902042,
            1.5273103868591682,
            1.5489455166159258,
            1.4748954505610914,
            1.4553427495173503,
            1.4476980009317384,
            1.4313418930441222,
            1.4247371555849304,
            1.4012561420559846,
            1.3416798341361722,
            1.3310848647797475,
            1.3409786998943307,
            1.3234874163412023,
            1.280175988353471,
            1.2511307093786008,
            1.2140597786280973,
            1.2246152565017887,
            1.17867712728473,
            1.1439971654495833
        ],
        "x_sigma": 0.040559568,
        "x_chi2": 0.0016504346,
        "x_quality": 0.82942706
    },
    "y": {
        "y_gains": [
            1.2203494143494347,
            1.2158287529518041,
            1.2246549993784877,
            1.221661873069087,
            1.2662624503672604,
            1.284841034327869,
            1.2352114311406683,
            1.266336292191397,
            1.2357886315527955,
            1.1905946829946408,
            1.2235404783284676,
            1.1882371697150713,
            1.1676567033244705,
            1.1452644232310933,
            1.1371543463005698,
            1.1298727740658945,
            1.1207368082413158,
            1.0933954323624493,
            1.0600552013145532,
            1.050316835425624,
            1.0600932517389452,
            1.0358925905762468,
            1.020174720223459,
            1.011671553546106
        ],
        "y_sigma": 0.043460418,
        "y_chi2": 0.0018949028,
        "y_quality": 0.8333333
    }
}