{
    "x": {
        "x_gains": [
            1.7050052731550587,
            1.7143248988548312,
            1.6900656252482282,
            1.6862849052543964,
            1.6534645787377351,
            1.685318167087735,
            1.6535959552381496,
            1.6516651427302949,
            1.7006389130332376,
            1.7218748531025518,
            1.7273442393242353,
            1.6968790322088003,
            1.6648638965440257,
            1.6236404649521783,
            1.604041260047554,
            1.6117686706436627,
            1.5846243267723548,
            1.545090929373739,
            1.50839422896815,
            1.4821336202744022,
            1.5005779475965169,
            1.4825750068424541,
            1.4074947971954823,
            1.3697648784888425
        ],
        "x_sigma": 0.042442843,
        "x_chi2": 0.0018079197,
        "x_quality": 0.8255208
    },
    "y": {
        "y_gains": [
            2.286488399226728,
            2.332467163877137,
            2.2156609117090147,
            2.2369137748031793,
            2.2363317861197327,
            2.3000381346322722,
            2.2416612610873403,
            2.1878528528058765,
            2.271772973184923,
            2.322026534726023,
            2.303586165352567,
            2.260848057671521,
            2.1468496698574575,
            2.127455429276893,
            2.107159290727654,
            2.115248735060104,
            2.1170719624516114,
            2.1076190766841183,
            2.0520211998414197,
            2.0646103285435062,
            2.0885994322142443,
            2.074200584945307,
            2.02597395861697,
            1.9838612884187137
        ],
        "y_sigma": 0.039145194,
        "y_chi2": 0.001537132,
        "y_quality": 0.828125
    }
}