{
    "x": {
        "x_gains": [
            0.5166376970688663,
            0.5056120408473855,
            0.4977711797654821,
            0.49211690237015804,
            0.4758620180975084,
            0.47519893966009397,
            0.4854110674500036,
            0.4878716093654957,
            0.4875396327061672,
            0.4946896060173252,
            0.4787935169442632,
            0.4598017831297071,
            0.4465634176320028,
            0.43345294467341594,
            0.425979918880644,
            0.4238535630020598,
            0.41262217845859706,
            0.42138430982264524,
            0.41533275629769056,
            0.4220720021069835,
            0.4099863659034019,
            0.3958214710586226,
            0.37500690012696236,
            0.3631042244925274
        ],
        "x_sigma": 0.02685138,
        "x_chi2": 0.0007236999,
        "x_quality": 0.84244794
    },
    "y": {
        "y_gains": [
            0.5331918313305226,
            0.5220684330434444,
            0.5139993901911235,
            0.506129199297027,
            0.4928603996082549,
            0.4930167383619825,
            0.49734378630609644,
            0.4981184819640015,
            0.4996497455283846,
            0.5012025101224111,
            0.4906836351610154,
            0.4737819043549938,
            0.4648071930958283,
            0.4497614645096827,
            0.4431011586652198,
            0.43386918202035696,
            0.4278144048703761,
            0.43303546123061665,
            0.4300813150441541,
            0.4285568698823346,
            0.4245267079091533,
            0.41531395450734004,
            0.39726432661293193,
            0.39123125562150407
        ],
        "y_sigma": 0.030250926,
        "y_chi2": 0.0009181908,
        "y_quality": 0.82161456
    }
}