{
    "x": {
        "x_gains": [
            2.223608271378048,
            2.201813999692671,
            2.09798632545101,
            2.0315755599834873,
            2.0178896816885974,
            1.9584084954193806,
            1.985098894847803,
            2.036517736328261,
            2.0066524542162174,
            1.9823960455798049,
            1.947127087972526,
            1.8816881075618082,
            1.7912009902332258,
            1.7194407450199192,
            1.685810164963268,
            1.6238502024169874,
            1.6432787025328677,
            1.6869420228391707,
            1.6559369130428117,
            1.5996331081503148,
            1.5682480210591871,
            1.502046839227816,
            1.4289926956180967,
            1.3980392499519425
        ],
        "x_sigma": 0.032125965,
        "x_chi2": 0.0010351733,
        "x_quality": 0.8333333
    },
    "y": {
        "y_gains": [
            2.218239004383351,
            2.195257532466432,
            2.0831336996871133,
            2.0305369198517433,
            2.005623970174767,
            1.9411223806421802,
            1.9630435073651233,
            1.9921144143024254,
            1.9625067019603872,
            1.9256033517051938,
            1.9113902420469921,
            1.8340401296050135,
            1.7491775891728987,
            1.6960319619258464,
            1.6236980681483941,
            1.592130037539242,
            1.6069000545446155,
            1.6275624179952677,
            1.6111304625781118,
            1.5752741193567874,
            1.5697762563366764,
            1.5305854986972804,
            1.4586084268826434,
            1.4354239373879563
        ],
        "y_sigma": 0.035480436,
        "y_chi2": 0.0012626625,
        "y_quality": 0.8255208
    }
}