{
    "x": {
        "x_gains": [
            1.7896012356838613,
            1.7809540499607477,
            1.6964090718121514,
            1.6586908517062373,
            1.6284739318371295,
            1.6207542114892999,
            1.6046506627367703,
            1.5730111554805124,
            1.6280709651387026,
            1.5455279299307094,
            1.5803034767387625,
            1.5086080420575785,
            1.4077932845895234,
            1.3883900326368845,
            1.2757030239902332,
            1.3178582684022366,
            1.2479650370115232,
            1.2655545353076743,
            1.275563959991375,
            1.2406528747173964,
            1.2041423460016332,
            1.1280494886139931,
            1.1065719896951147,
            1.0700114940634693
        ],
        "x_sigma": 0.042656694,
        "x_chi2": 0.0018252387,
        "x_quality": 0.82421875
    },
    "y": {
        "y_gains": [
            1.8302501549306756,
            1.8016850980553605,
            1.6986144911180296,
            1.6556458599995796,
            1.6106542848155407,
            1.6049251944366874,
            1.5855030480106969,
            1.569188174221314,
            1.5652817992476005,
            1.5418471026087222,
            1.5381691916585576,
            1.46742162574468,
            1.3954929234763174,
            1.333888711237144,
            1.2535198838338053,
            1.2626791931176913,
            1.2530654680343625,
            1.240406540762922,
            1.2666183493986982,
            1.2403733077121823,
            1.223721438708737,
            1.1372082719619936,
            1.1282324522593796,
            1.1046019373613378
        ],
        "y_sigma": 0.032824438,
        "y_chi2": 0.0010806683,
        "y_quality": 0.8307292
    }
}