{
    "x": {
        "x_gains": [
            2.070690473809182,
            2.0154877333184027,
            1.9906995710460473,
            1.9226873570385816,
            1.8879391086775155,
            1.8789975555557101,
            1.8529977593921694,
            1.855472325045798,
            1.8209876290294928,
            1.8721718503984917,
            1.8215868608211097,
            1.7726907069525992,
            1.6733199261363119,
            1.6084646416847446,
            1.5488387581410836,
            1.5104300481328743,
            1.5317682766684764,
            1.5026840190606452,
            1.4832029417491177,
            1.4719946395843206,
            1.4319588294653023,
            1.3810761220846433,
            1.3360176064675438,
            1.27172067113278
        ],
        "x_sigma": 0.030189933,
        "x_chi2": 0.00091450586,
        "x_quality": 0.84505206
    },
    "y": {
        "y_gains": [
            2.2857630312436146,
            2.2109300688567637,
            2.175181457987588,
            2.1467844550049544,
            2.1017743452253055,
            2.085012941571078,
            2.06200872642093,
            2.0412749051868633,
            2.0250922702916574,
            2.03631577775951,
            1.9797772093353463,
            1.9171411591035448,
            1.8586666185891567,
            1.771124019062962,
            1.732983497110094,
            1.6984608344103274,
            1.7068714548279882,
            1.6918877787755215,
            1.6742201900909606,
            1.6644814798971417,
            1.6340962950722977,
            1.5859226904556762,
            1.5389359095366688,
            1.4739789504603635
        ],
        "y_sigma": 0.03470155,
        "y_chi2": 0.0012078165,
        "y_quality": 0.83203125
    }
}