{
    "x": {
        "x_gains": [
            0.35387698959817515,
            0.3541999112800063,
            0.35101002256467934,
            0.34960140545358614,
            0.3420261210136984,
            0.3427274469574439,
            0.3391163293126119,
            0.3482498737420083,
            0.35125371231267205,
            0.34978233744705345,
            0.35676455929409134,
            0.349430843547721,
            0.3443986199120743,
            0.3342505055789585,
            0.3283376540379687,
            0.3272676135675073,
            0.3217109566676896,
            0.3189707197638086,
            0.3142905328085687,
            0.3084503172288132,
            0.302283662384214,
            0.29089495870309723,
            0.2800826792865947,
            0.27209627898270927
        ],
        "x_sigma": 0.026210494,
        "x_chi2": 0.00068947964,
        "x_quality": 0.82942706
    },
    "y": {
        "y_gains": [
            0.38156561867888855,
            0.37936693067570104,
            0.37463573698997793,
            0.36996373911400193,
            0.35896254082301493,
            0.35789543454983663,
            0.35434070553344826,
            0.3646357839118754,
            0.3687261657710984,
            0.37010858023461773,
            0.375131793177238,
            0.3664353970730606,
            0.35778549099690055,
            0.3481011049912616,
            0.3438902362890447,
            0.34294945309164815,
            0.33803629712065414,
            0.340223181644034,
            0.3337778364040004,
            0.33194007021196364,
            0.3262405697308714,
            0.3149727923352253,
            0.3070922682980391,
            0.2975978969113743
        ],
        "y_sigma": 0.020273108,
        "y_chi2": 0.0004123871,
        "y_quality": 0.83984375
    }
}