{
    "x": {
        "x_gains": [
            0.4700609927641161,
            0.468203591777034,
            0.4600603231095661,
            0.4381208034872664,
            0.42858164718241637,
            0.43221403584826434,
            0.4379633652404244,
            0.4445054898650526,
            0.4366308099623782,
            0.43294906938679906,
            0.42404576980420955,
            0.4056558156440354,
            0.40940437885822684,
            0.4092267537719453,
            0.4027849842724547,
            0.3935091453492925,
            0.3874537215588627,
            0.39373101478263095,
            0.40394539934668294,
            0.40594986097029157,
            0.40444162647494303,
            0.3875940748958884,
            0.3716174911434261,
            0.3607993263732257
        ],
        "x_sigma": 0.029094905,
        "x_chi2": 0.0008499566,
        "x_quality": 0.8333333
    },
    "y": {
        "y_gains": [
            0.48784228722319584,
            0.48836852679726944,
            0.4880495932570288,
            0.4662911158019998,
            0.4553154550684464,
            0.4551103706364245,
            0.45915790440332427,
            0.46051689337145796,
            0.45346258589034844,
            0.4612602931964153,
            0.4622196452963419,
            0.4514019936530171,
            0.440500690705083,
            0.43098759428069117,
            0.4183381016904625,
            0.4161366126562957,
            0.41704697875737845,
            0.4203318376945774,
            0.4219692375986406,
            0.4225133714919243,
            0.42248484631353245,
            0.4110357677981673,
            0.39643566281307413,
            0.3869139960218277
        ],
        "y_sigma": 0.02757208,
        "y_chi2": 0.0007626329,
        "y_quality": 0.8255208
    }
}