{
    "x": {
        "x_gains": [
            0.424850382565024,
            0.4218783941435179,
            0.4269131150697341,
            0.4130207773819249,
            0.40038558733602814,
            0.40072523252582526,
            0.402180089567919,
            0.40307049428857167,
            0.40039014015256463,
            0.3876720745499602,
            0.3876142066498473,
            0.3774792411897195,
            0.37431910419149805,
            0.35746654309763204,
            0.35333589007183386,
            0.35092346562750276,
            0.34805210896954647,
            0.34255150861397154,
            0.35254802321035167,
            0.3454045308784742,
            0.3434456320412794,
            0.3304930430718694,
            0.31561544996963303,
            0.30279632405262596
        ],
        "x_sigma": 0.027877571,
        "x_chi2": 0.000779997,
        "x_quality": 0.81640625
    },
    "y": {
        "y_gains": [
            0.4966999750358592,
            0.49196183556864387,
            0.4970954711620004,
            0.4811136896666594,
            0.47053354268939096,
            0.47288941533040335,
            0.47075216781373275,
            0.46377863363486826,
            0.4587589469463629,
            0.4580579260053227,
            0.45037721343511256,
            0.4438461398479295,
            0.4322514008727588,
            0.41747453207053964,
            0.4160930477259558,
            0.41407356546904717,
            0.4102653645609824,
            0.4076958960434173,
            0.41065506998650625,
            0.4073119334901973,
            0.39963585181182903,
            0.3910899846039606,
            0.37856489832693246,
            0.36487123384017234
        ],
        "y_sigma": 0.023565698,
        "y_chi2": 0.0005580231,
        "y_quality": 0.82421875
    }
}