{
    "x": {
        "x_gains": [
            0.21796312587021777,
            0.2149371889052862,
            0.22481837485541367,
            0.23290142540330375,
            0.24031610218817426,
            0.24597242294938448,
            0.24326504899625678,
            0.2476279716594739,
            0.25523535571194395,
            0.2595419764116313,
            0.2760165773348215,
            0.2750966854810792,
            0.2776986105322252,
            0.2939653902787409,
            0.2923717577068464,
            0.2950378179475045,
            0.2957431908087748,
            0.3054360469147324,
            0.31129334915533663,
            0.32042008354633256,
            0.3336439892517256,
            0.3466885024953078,
            0.35341383629305645,
            0.35388672015310557
        ],
        "x_sigma": 0.0473421,
        "x_chi2": 0.002248839,
        "x_quality": 0.84765625
    },
    "y": {
        "y_gains": [
            0.24784390057523822,
            0.2436103680182852,
            0.25474173073315054,
            0.2649729173830872,
            0.27187279876489273,
            0.28057215171007605,
            0.2810782611824175,
            0.28367538911753126,
            0.28850725021604867,
            0.299645624102655,
            0.31620308396029817,
            0.31583525982313987,
            0.32089791858550254,
            0.3377662907215262,
            0.3354299269104898,
            0.3467287357334128,
            0.34685636102308476,
            0.3544602764520767,
            0.3593536004930906,
            0.3675439033030215,
            0.3811776896393312,
            0.3929129505287233,
            0.4030193240511534,
            0.40269629330142903
        ],
        "y_sigma": 0.05235004,
        "y_chi2": 0.00275059,
        "y_quality": 0.85286456
    }
}