{
    "x": {
        "x_gains": [
            0.20593376309375777,
            0.21112249905871033,
            0.21113545268285597,
            0.2143975363836371,
            0.20680987699155326,
            0.21453850193771176,
            0.2230936259250856,
            0.22567624224503088,
            0.22405328524851092,
            0.22217153748880308,
            0.229811501941574,
            0.22976457632216304,
            0.23565080980222536,
            0.23662579192736913,
            0.23899421483433744,
            0.23860018425660628,
            0.24505815720186716,
            0.24266808708386975,
            0.2574564737005509,
            0.2598690873091008,
            0.26607451959713335,
            0.2651491368441059,
            0.26655819525174557,
            0.27046441986463793
        ],
        "x_sigma": 0.041915823,
        "x_chi2": 0.0017622269,
        "x_quality": 0.83463544
    },
    "y": {
        "y_gains": [
            0.2053183067161076,
            0.20939579889208684,
            0.2102118830675379,
            0.21371412060486228,
            0.2095014040469847,
            0.2179887213943483,
            0.22101762703982694,
            0.2254004690132959,
            0.22678051048292908,
            0.22517069233210257,
            0.229746259041664,
            0.22492267383396264,
            0.2350025486026396,
            0.23659483253226266,
            0.24304317469994438,
            0.24547053473571306,
            0.25358520024025677,
            0.2496962445185432,
            0.25946399460958364,
            0.260446428097044,
            0.26295961626618747,
            0.26056608503105166,
            0.2648619117261334,
            0.2700690323453578
        ],
        "y_sigma": 0.038628154,
        "y_chi2": 0.0014979468,
        "y_quality": 0.8463542
    }
}