{
    "x": {
        "x_gains": [
            0.22788150234799984,
            0.23711953074613953,
            0.2463117585169372,
            0.24979604153208906,
            0.25526874693677504,
            0.26656262194406943,
            0.28137560255178407,
            0.28161373229663433,
            0.2898743386045919,
            0.30270147749801973,
            0.3038910514113764,
            0.309295696583396,
            0.3189109471795452,
            0.32484446528213407,
            0.32907956314556364,
            0.32936229991322624,
            0.3478408838052485,
            0.35502508181197984,
            0.36350788012382534,
            0.36599094977579394,
            0.3705203075881744,
            0.38168489606453104,
            0.38408460923039817,
            0.38897303456107096
        ],
        "x_sigma": 0.044927876,
        "x_chi2": 0.0020247437,
        "x_quality": 0.8411458
    },
    "y": {
        "y_gains": [
            0.17928229889389097,
            0.183756512330797,
            0.18821759014968512,
            0.19340687565311082,
            0.19245389434977886,
            0.20464448014899428,
            0.2143791238638201,
            0.21211622738986843,
            0.22198450148607524,
            0.22946291428410542,
            0.22677773332934206,
            0.23239523047831842,
            0.24020246569752657,
            0.24890593396724697,
            0.2522784019313627,
            0.25509426434576804,
            0.2658999883668755,
            0.26910633446171417,
            0.2710151958220297,
            0.27292132475137687,
            0.2797142864015837,
            0.2894376614085299,
            0.2906725109669285,
            0.2940762515017739
        ],
        "y_sigma": 0.04684027,
        "y_chi2": 0.0022008824,
        "y_quality": 0.8541667
    }
}