{
    "x": {
        "x_gains": [
            0.242914429019918,
            0.2516252474734309,
            0.2574213149276407,
            0.2680736027172798,
            0.2713088846768486,
            0.2781750194326114,
            0.2827882354438291,
            0.29279453439271474,
            0.2981014840594852,
            0.30086179152426,
            0.31630024864362544,
            0.31911253018325864,
            0.31720003217677123,
            0.3175912154523879,
            0.33138863436400723,
            0.33869441431945796,
            0.34347909910790575,
            0.35518686842890973,
            0.3608705988763067,
            0.3688334958352244,
            0.379522916922054,
            0.38063753208631657,
            0.3765947422176979,
            0.3746848666093774
        ],
        "x_sigma": 0.045442753,
        "x_chi2": 0.0020712633,
        "x_quality": 0.8463542
    },
    "y": {
        "y_gains": [
            0.24164803963027848,
            0.2478382924536462,
            0.2668484580682205,
            0.2782120203729098,
            0.28642228067464476,
            0.27758802323156373,
            0.2791568513954562,
            0.2914564270018524,
            0.30146437829076633,
            0.30878216622423327,
            0.3196072972354576,
            0.3035606602990771,
            0.3094738295003452,
            0.3143126508798947,
            0.32743052497263503,
            0.3454437148519656,
            0.3518030274550249,
            0.3611828159329298,
            0.36273598696471954,
            0.3601138867369083,
            0.36583904728195304,
            0.37242655115286133,
            0.37483760160910284,
            0.3728707032058081
        ],
        "y_sigma": 0.052749336,
        "y_chi2": 0.0027920196,
        "y_quality": 0.84375
    }
}