{
    "x": {
        "x_gains": [
            0.23000291413692212,
            0.24317859717076293,
            0.2327818266296823,
            0.24485450500458125,
            0.24209141807711143,
            0.2513731256991315,
            0.245797308460481,
            0.2507426558667124,
            0.24397331029574687,
            0.2630549571785988,
            0.261941274023682,
            0.2654670670051619,
            0.26740518273494157,
            0.2791905361778866,
            0.27774356902819247,
            0.2729782663166685,
            0.28592781660772837,
            0.2837083541669835,
            0.28782560163250076,
            0.30041550468452916,
            0.295317871001492,
            0.3061571884483219,
            0.29193031623351506,
            0.3040969461064187
        ],
        "x_sigma": 0.035736617,
        "x_chi2": 0.0012809546,
        "x_quality": 0.83984375
    },
    "y": {
        "y_gains": [
            0.20973493070253024,
            0.21914714942153918,
            0.20067332321484924,
            0.21726406317691335,
            0.21485743457215117,
            0.22020727670541726,
            0.21616751425949007,
            0.22004506214809705,
            0.21534529002165298,
            0.23155837815956198,
            0.22889350134726713,
            0.2289685516273711,
            0.23774433877236908,
            0.2453839415791875,
            0.2470032332723235,
            0.23936522448879546,
            0.253252951859425,
            0.24867079244667442,
            0.2518792712427421,
            0.2637364213984761,
            0.2622535891501704,
            0.26858763407491815,
            0.2592355718489145,
            0.2707354229956712
        ],
        "y_sigma": 0.040138215,
        "y_chi2": 0.0016159335,
        "y_quality": 0.85546875
    }
}