{
    "x": {
        "x_gains": [
            1.0754765576438872,
            1.0858340997512355,
            1.1001823156122492,
            1.1014246200520124,
            1.1315815470281332,
            1.117988354362508,
            1.170498840854998,
            1.203847844418942,
            1.2191155365546917,
            1.2845891691148794,
            1.2886703389905316,
            1.3185328895503237,
            1.3130961924504243,
            1.359946673771028,
            1.3451663130000235,
            1.339907365504286,
            1.3997212735028073,
            1.4187984006226142,
            1.4678901237269908,
            1.5334939617141765,
            1.5588409618385444,
            1.5537193010314054,
            1.5892015660627912,
            1.6504323538611467
        ],
        "x_sigma": 0.047613405,
        "x_chi2": 0.002275152,
        "x_quality": 0.8411458
    },
    "y": {
        "y_gains": [
            1.0801148162049625,
            1.0607952357564372,
            1.081186686721238,
            1.0933482713863159,
            1.125524198826551,
            1.1145892487835651,
            1.1562956371820876,
            1.1752852646517937,
            1.1926703347322323,
            1.2612983002517073,
            1.2833906153344643,
            1.2888780393999706,
            1.295514098471042,
            1.3511955986695048,
            1.3527263794359619,
            1.3345052068389653,
            1.3740666223072158,
            1.3941130176195253,
            1.440010563917497,
            1.5164072611948576,
            1.5366759210412884,
            1.5404991685617886,
            1.5820146450259718,
            1.6410474543333415
        ],
        "y_sigma": 0.051859103,
        "y_chi2": 0.0027013125,
        "y_quality": 0.8489583
    }
}