{
    "x": {
        "x_gains": [
            0.22513750272979224,
            0.23036448037720803,
            0.2458796109496092,
            0.2437316485301885,
            0.24751640186000654,
            0.26029092716929714,
            0.26665237409941495,
            0.27003223320761355,
            0.28528764212103147,
            0.2845732283751381,
            0.29587236160999303,
            0.31110782166441003,
            0.3108791924701578,
            0.31488423454303355,
            0.32505404429804013,
            0.33140016570008285,
            0.3385557361261383,
            0.33091857635916366,
            0.34649846152950586,
            0.35355315618670297,
            0.3636353190112654,
            0.36633861044101673,
            0.36797133356123024,
            0.3659102764583866
        ],
        "x_sigma": 0.046031088,
        "x_chi2": 0.002125796,
        "x_quality": 0.84244794
    },
    "y": {
        "y_gains": [
            0.2357529594717323,
            0.2426246062354281,
            0.255507809379012,
            0.2602756840044976,
            0.25839474127425505,
            0.2708188027761527,
            0.27590073312342805,
            0.28146079390464,
            0.29600606125691514,
            0.29546873869832074,
            0.30917979547138175,
            0.31888844163013347,
            0.32454824507027447,
            0.33001073029889566,
            0.3357788329590295,
            0.3418277529952657,
            0.3472720581741817,
            0.3345630085190448,
            0.3521553314908566,
            0.3552638539314191,
            0.3679042671891496,
            0.3674105787866611,
            0.3716577100875113,
            0.37126947503313024
        ],
        "y_sigma": 0.051282387,
        "y_chi2": 0.0026413882,
        "y_quality": 0.84375
    }
}