{
    "x": {
        "x_gains": [
            0.23926158133721384,
            0.23738643610936358,
            0.23012788206406298,
            0.23758687007523996,
            0.2355238781173352,
            0.2372054071921391,
            0.24068028185393905,
            0.2514440052052932,
            0.2521613124330606,
            0.24613651814296889,
            0.2548364713089428,
            0.26078799753492754,
            0.26584686582496003,
            0.2728474620342988,
            0.27950734594218923,
            0.27513248592160827,
            0.27777149705559434,
            0.28124652396874283,
            0.29068930865071035,
            0.2970608914226995,
            0.29313764480376736,
            0.2932388275420229,
            0.299409391023455,
            0.3022307561441775
        ],
        "x_sigma": 0.038613055,
        "x_chi2": 0.001495427,
        "x_quality": 0.83463544
    },
    "y": {
        "y_gains": [
            0.14065164469594207,
            0.1390180733643693,
            0.13595742031127722,
            0.13906072545477377,
            0.14041280465927877,
            0.1399126804961024,
            0.14129532489093768,
            0.14560215957123077,
            0.14752724422500915,
            0.14466451936298427,
            0.1487946443450893,
            0.1554281493745338,
            0.15637154711491133,
            0.15999971840049562,
            0.16686115168200966,
            0.16212702879684074,
            0.16492524845576367,
            0.16532784180374,
            0.1706367292488247,
            0.17740041791635652,
            0.1755957084408857,
            0.17801072657036168,
            0.18044099056329707,
            0.18265842718856076
        ],
        "y_sigma": 0.04272854,
        "y_chi2": 0.0018316105,
        "y_quality": 0.85026044
    }
}