{
    "x": {
        "x_gains": [
            0.1841785335351537,
            0.1902884609419804,
            0.20636630985794116,
            0.21065738459672362,
            0.2129621544955246,
            0.21727846125131972,
            0.21890043248158447,
            0.22745744856840214,
            0.23652769584392694,
            0.24147906701278343,
            0.24480786988755485,
            0.2547687162461705,
            0.25661800513528554,
            0.26230265004367337,
            0.26887051583131105,
            0.2645749442130501,
            0.27010820534706204,
            0.28712058593731604,
            0.2802680371399992,
            0.2899719185394648,
            0.29042090498464795,
            0.2888355082358268,
            0.2984045353908525,
            0.2975339493674577
        ],
        "x_sigma": 0.041533988,
        "x_chi2": 0.0017312813,
        "x_quality": 0.8333333
    },
    "y": {
        "y_gains": [
            0.18776285626359052,
            0.19570481170026696,
            0.2068990059744157,
            0.21743918823862732,
            0.22169793124792436,
            0.2249517872082066,
            0.22656974315147638,
            0.23373036253004983,
            0.23990302160254737,
            0.24154412006250003,
            0.24785321934068066,
            0.25780538014047816,
            0.2650440809388434,
            0.27188482523787205,
            0.2768156971330669,
            0.2770302577988173,
            0.27966359601631513,
            0.29419813620773544,
            0.29296364602397945,
            0.3003430337926159,
            0.3031526572800701,
            0.29880785824029304,
            0.3132600766290534,
            0.3121613634509114
        ],
        "y_sigma": 0.047681566,
        "y_chi2": 0.0022836041,
        "y_quality": 0.8541667
    }
}