{
    "x": {
        "x_gains": [
            0.2260790811060964,
            0.2260395786260591,
            0.23430269199266332,
            0.22794443808732734,
            0.22956748384120393,
            0.23916762014824564,
            0.23694043554390865,
            0.23323892599072318,
            0.2448021526138725,
            0.25487273337855115,
            0.2480907740325471,
            0.24917516790045752,
            0.2528167834747624,
            0.25678885536367724,
            0.2717082457719548,
            0.262001406737953,
            0.2761563792938278,
            0.27560693677304016,
            0.2875705122896134,
            0.28744629748616424,
            0.2900215448305008,
            0.28862523614956037,
            0.2952684733022528,
            0.2956205558807546
        ],
        "x_sigma": 0.03965479,
        "x_chi2": 0.0015772346,
        "x_quality": 0.8463542
    },
    "y": {
        "y_gains": [
            0.22991905906452784,
            0.2279901345020959,
            0.23249875502729153,
            0.2331005047791431,
            0.2317003954476989,
            0.23660017286955032,
            0.23907513306623066,
            0.23404410186629107,
            0.24094983968884318,
            0.25199290478697567,
            0.24957914716309626,
            0.25566377064382684,
            0.25750929286660634,
            0.26076059903176463,
            0.2736981322538387,
            0.2677857755570125,
            0.2816407148829938,
            0.2772534837385425,
            0.2935643214840499,
            0.2944078812754291,
            0.2941913073705778,
            0.29539837276852376,
            0.3012221758440479,
            0.30516171892713684
        ],
        "y_sigma": 0.043622784,
        "y_chi2": 0.001909143,
        "y_quality": 0.84244794
    }
}