{
    "x": {
        "x_gains": [
            1.0285936697054068,
            1.0428499102460798,
            1.0472867784338098,
            1.071118222574425,
            1.06288054444993,
            1.1350517487118015,
            1.1446780967734902,
            1.1562504877931745,
            1.1191198561026736,
            1.1340830211826523,
            1.1697180125695559,
            1.2081631232853145,
            1.2233792671468837,
            1.2549756647668846,
            1.2631900090158923,
            1.2757791917096806,
            1.3157604923281032,
            1.3288914693008131,
            1.3437234148521509,
            1.3811006322402473,
            1.4275777121199893,
            1.4528028729699822,
            1.5045429825813341,
            1.5093372279868673
        ],
        "x_sigma": 0.044576537,
        "x_chi2": 0.0019931966,
        "x_quality": 0.83723956
    },
    "y": {
        "y_gains": [
            0.9954207658508564,
            1.0059705660858933,
            0.9857452367065108,
            1.0330943510607502,
            1.0261121637254718,
            1.0870927628212537,
            1.075490160017879,
            1.090934519600984,
            1.08552033114449,
            1.1201575031061968,
            1.1419704517429552,
            1.1824708627354714,
            1.1846690555913062,
            1.2344245555880264,
            1.232319906304253,
            1.2309529116689364,
            1.2823880404388759,
            1.276082976529899,
            1.2853658781118387,
            1.3215558042136222,
            1.3748150598781452,
            1.4059232107237074,
            1.4496175981257025,
            1.4557153203119597
        ],
        "y_sigma": 0.048398916,
        "y_chi2": 0.0023514396,
        "y_quality": 0.84765625
    }
}