{
    "x": {
        "x_gains": [
            0.23453697709980956,
            0.23965295950794838,
            0.2514230860951845,
            0.2519198941089994,
            0.2570981918412717,
            0.26203255455773267,
            0.27478206553513795,
            0.2782742577027219,
            0.2817072813444424,
            0.2795876261450441,
            0.28964447993812265,
            0.30796268945787664,
            0.31372269498838035,
            0.3096866899757515,
            0.3263123638808369,
            0.3261298638681768,
            0.3381517706303014,
            0.3381209341591644,
            0.349889008208816,
            0.3557974218989969,
            0.3512205017803016,
            0.35875324922817825,
            0.3716238162109146,
            0.38333629460620916
        ],
        "x_sigma": 0.039520513,
        "x_chi2": 0.0015668481,
        "x_quality": 0.84375
    },
    "y": {
        "y_gains": [
            0.24053706731530852,
            0.24605602941845886,
            0.26044398615563114,
            0.26079549929559137,
            0.26462676128625856,
            0.26302460355813895,
            0.28062270740017514,
            0.2829844078987061,
            0.28388280364019514,
            0.28866860267076194,
            0.2979213136184897,
            0.31571099789995355,
            0.3223582699482953,
            0.31828519142498957,
            0.3320412280983116,
            0.3378687710935697,
            0.34506266907423794,
            0.34813251622454183,
            0.357419384861938,
            0.36193631585747965,
            0.3577415887976512,
            0.36389601336633726,
            0.37547634806897767,
            0.39570736648833454
        ],
        "y_sigma": 0.042130914,
        "y_chi2": 0.0017819044,
        "y_quality": 0.8567708
    }
}