{
    "x": {
        "x_gains": [
            1.1134910621631326,
            1.1648524458692195,
            1.1605188470871934,
            1.2032692343790385,
            1.244309368855678,
            1.2365430115411504,
            1.2245288808810142,
            1.2299328159038774,
            1.302786125379876,
            1.2998161020178864,
            1.3034874676849162,
            1.3449606978947262,
            1.3776207167705485,
            1.3748262116556502,
            1.3758614492110997,
            1.3962976051960143,
            1.4494794658331889,
            1.41476754166738,
            1.5088103965485662,
            1.487631017523252,
            1.5429215311768125,
            1.5981826745171532,
            1.5718994675976503,
            1.6366360321134175
        ],
        "x_sigma": 0.053744107,
        "x_chi2": 0.0028977208,
        "x_quality": 0.83723956
    },
    "y": {
        "y_gains": [
            1.132590821891712,
            1.1874489025894104,
            1.1787391757854913,
            1.2125696424217005,
            1.2466148174631788,
            1.261742039540144,
            1.2472009692248172,
            1.2609488662915924,
            1.3174647341039976,
            1.323771870316371,
            1.3135502162366366,
            1.3687729828960593,
            1.3995037359752232,
            1.4008313653987368,
            1.414030268505683,
            1.4432599802221424,
            1.4816138389844307,
            1.4497163702407443,
            1.5135515077470376,
            1.5052789379715192,
            1.5594281701654256,
            1.6056619493924256,
            1.5906417582559518,
            1.6657976755459236
        ],
        "y_sigma": 0.054440636,
        "y_chi2": 0.0029746923,
        "y_quality": 0.83723956
    }
}