{
    "x": {
        "x_gains": [
            0.2436914675940914,
            0.24914859695704852,
            0.24979810068512126,
            0.26100250854731016,
            0.27211221995026663,
            0.27569655216373135,
            0.26980275314283786,
            0.2940525663070159,
            0.2929717312162493,
            0.29353317071595675,
            0.2985415766315028,
            0.31803443524208275,
            0.31901610329486213,
            0.31920413471499776,
            0.3191759337005197,
            0.32559092229066106,
            0.3333921214774205,
            0.3502721194041227,
            0.3608769540945749,
            0.36474186306496237,
            0.36792266265630963,
            0.3761602003098206,
            0.3791308342216685,
            0.37013928007984054
        ],
        "x_sigma": 0.04591967,
        "x_chi2": 0.0021152312,
        "x_quality": 0.8359375
    },
    "y": {
        "y_gains": [
            0.24912542029949658,
            0.2553334106653123,
            0.2579951137789411,
            0.26276137399393923,
            0.2771284043423139,
            0.278243410396092,
            0.27632406756101346,
            0.2934351514184068,
            0.29948133127717436,
            0.29663335968426346,
            0.3040955774832795,
            0.32023764194933774,
            0.3233162626657529,
            0.3275358397904295,
            0.32855912825640704,
            0.33270145563873577,
            0.34338124073943715,
            0.3594355036660085,
            0.3682333621488214,
            0.371405215346315,
            0.37148195444680243,
            0.3839281090008759,
            0.3876355125297365,
            0.37912916684280373
        ],
        "y_sigma": 0.051546935,
        "y_chi2": 0.0026664396,
        "y_quality": 0.84765625
    }
}