{
    "x": {
        "x_gains": [
            0.7708147936316823,
            0.7894039881478885,
            0.7990319568036932,
            0.8221924880876641,
            0.8274891224486132,
            0.8550594681034174,
            0.8970308994851761,
            0.8755162919573672,
            0.8862459066517187,
            0.870765814152104,
            0.8958126848509476,
            0.9272110576223657,
            0.9789567375522714,
            0.9810714045351792,
            0.987053607473654,
            0.9904934420419695,
            1.015712493315469,
            1.0572336614317037,
            1.0879227627058772,
            1.0831030295258217,
            1.0863760190750247,
            1.0970357764210372,
            1.179631932424077,
            1.1712951174094512
        ],
        "x_sigma": 0.04049076,
        "x_chi2": 0.0016448298,
        "x_quality": 0.8307292
    },
    "y": {
        "y_gains": [
            0.7655469572723745,
            0.7858113895502802,
            0.8114981497436436,
            0.8228041824782203,
            0.8396794204734163,
            0.8695347458693404,
            0.9007997029522898,
            0.8870491882967697,
            0.8827113219731918,
            0.8849340595810173,
            0.900666240831668,
            0.9483981318453599,
            1.004341164248347,
            1.0030716561791346,
            0.9937419103197612,
            1.0174986052383495,
            1.0294436320418447,
            1.063981914009833,
            1.0918519348325988,
            1.0906985067737558,
            1.1005622222112166,
            1.1234404582118178,
            1.2129947153459235,
            1.1942344748025484
        ],
        "y_sigma": 0.04550108,
        "y_chi2": 0.0020797693,
        "y_quality": 0.83463544
    }
}