{
    "x": {
        "x_gains": [
            1.126970465597705,
            1.10066942714559,
            1.1505209271127734,
            1.1045266961175455,
            1.1253283089074821,
            1.1771716285627982,
            1.2257327890262595,
            1.178844781625488,
            1.209212360181798,
            1.2125911536600724,
            1.216893943920416,
            1.2576044195237552,
            1.253573216435458,
            1.296955798319742,
            1.283357674350557,
            1.3015081616275308,
            1.2929626769644076,
            1.2738569522335488,
            1.3539553918003677,
            1.3916466687040374,
            1.4176840203477352,
            1.438461571103551,
            1.4759283829367034,
            1.501363087547184
        ],
        "x_sigma": 0.045552563,
        "x_chi2": 0.0020819772,
        "x_quality": 0.828125
    },
    "y": {
        "y_gains": [
            1.219955247161713,
            1.1958621257071134,
            1.251714222627889,
            1.1899074005731523,
            1.2175520847474695,
            1.265130902335386,
            1.2961703997454321,
            1.2442133967815807,
            1.2903313548983746,
            1.2918229287976914,
            1.2932338586470822,
            1.3335343769760064,
            1.3424921729350088,
            1.3898509746190975,
            1.361278937897502,
            1.3763659847443044,
            1.3700599645105147,
            1.3624252914091455,
            1.4133387662075507,
            1.4826043071434247,
            1.4880235826739057,
            1.5208531012552058,
            1.5592590800022152,
            1.5690108064677888
        ],
        "y_sigma": 0.05059132,
        "y_chi2": 0.0025698913,
        "y_quality": 0.84505206
    }
}