{
    "x": {
        "x_gains": [
            1.1789192312178094,
            1.136503503783477,
            1.212534899634182,
            1.231872457838703,
            1.2299625721159342,
            1.2541493531348467,
            1.2423134958229693,
            1.29972926639381,
            1.2947077139074008,
            1.3154267620628186,
            1.3213320443474974,
            1.3371440154916157,
            1.3898966604883443,
            1.3831794315685808,
            1.395545057335271,
            1.3694364248725808,
            1.4102478764487476,
            1.4690611462326089,
            1.506232246793623,
            1.563926349703628,
            1.5807502556863537,
            1.5651767702035797,
            1.633998942802684,
            1.6961022383291628
        ],
        "x_sigma": 0.051008478,
        "x_chi2": 0.00261071,
        "x_quality": 0.8385417
    },
    "y": {
        "y_gains": [
            1.2096721026508392,
            1.1878233425888132,
            1.2316088469419337,
            1.2555532492437427,
            1.2871063095753246,
            1.2770832644240488,
            1.2720979311871345,
            1.3567828832613154,
            1.3245834880336467,
            1.3454104551308304,
            1.3733107762460632,
            1.3915921532849889,
            1.4496624432007759,
            1.4527191488576614,
            1.4541595470409345,
            1.4400407358723364,
            1.4758062303609853,
            1.5404792344631577,
            1.601529781247047,
            1.6454318205452565,
            1.6560802838574602,
            1.658110814861979,
            1.7369687394262028,
            1.7843022653715677
        ],
        "y_sigma": 0.05249034,
        "y_chi2": 0.002765826,
        "y_quality": 0.83984375
    }
}