{
    "x": {
        "x_gains": [
            0.21697200123864974,
            0.22174661515433663,
            0.21513107183248,
            0.2188304475432781,
            0.2217768450336513,
            0.21896365378518087,
            0.22259609957765286,
            0.21709310808620808,
            0.22198128866442338,
            0.2258144789534131,
            0.2355085967114286,
            0.2342638527829726,
            0.2343252241965164,
            0.23374660512274384,
            0.23862918225382543,
            0.2317593620295149,
            0.23654634389949578,
            0.2481665763547134,
            0.2503545019747963,
            0.2606095312932367,
            0.26354386165760446,
            0.25893269909322286,
            0.2655036192125853,
            0.2677119927610677
        ],
        "x_sigma": 0.035788022,
        "x_chi2": 0.0012846137,
        "x_quality": 0.82942706
    },
    "y": {
        "y_gains": [
            0.2273394824116536,
            0.23043168380348694,
            0.22395333170892517,
            0.2256479084808187,
            0.22552587559857387,
            0.2232228060490702,
            0.22469149688958437,
            0.22237635374385045,
            0.23067421251226292,
            0.23257011960034685,
            0.2457995559680181,
            0.24498101274660708,
            0.24497951236338106,
            0.24815835480937098,
            0.2533863502040077,
            0.2513511064538544,
            0.2545813245912143,
            0.26465429889490155,
            0.2687168327851734,
            0.27766026578307024,
            0.279695111072103,
            0.2773531193350625,
            0.28585760655085013,
            0.2884628088073696
        ],
        "y_sigma": 0.037804216,
        "y_chi2": 0.0014335082,
        "y_quality": 0.84244794
    }
}