{
    "x": {
        "x_gains": [
            1.0506672183370007,
            1.0407069397356792,
            1.0410826084786997,
            1.0218672019397819,
            1.0412888740470514,
            1.0632840058161634,
            1.0734577900295095,
            1.0952734569239901,
            1.0959099271630863,
            1.0898667621535265,
            1.0933822818713281,
            1.0928530101554241,
            1.1070106207705968,
            1.1599188196016537,
            1.15956669775465,
            1.1695028963616356,
            1.1896333918672617,
            1.2042819932263955,
            1.240293924854312,
            1.2819677897901007,
            1.2837884288425923,
            1.309827775330219,
            1.3213624938655746,
            1.3549788494576493
        ],
        "x_sigma": 0.05006647,
        "x_chi2": 0.0025155214,
        "x_quality": 0.8333333
    },
    "y": {
        "y_gains": [
            1.1124238454102848,
            1.0789183455175582,
            1.0901834647949233,
            1.0856912194288353,
            1.0665341661500463,
            1.0852661018218364,
            1.1063495792065756,
            1.1330065893397223,
            1.1418153635687411,
            1.1411836199022287,
            1.1272005589742484,
            1.1336729666384986,
            1.1192280012938276,
            1.1644446152296546,
            1.1711920943596679,
            1.1996098772710324,
            1.2181624859431663,
            1.2378634145717098,
            1.2430244111473285,
            1.2624273346826158,
            1.2726550900444837,
            1.2877166575228052,
            1.3102964008385374,
            1.3283267811400976
        ],
        "y_sigma": 0.056811966,
        "y_chi2": 0.003240668,
        "y_quality": 0.83984375
    }
}