{
    "x": {
        "x_gains": [
            0.9839292861829171,
            0.9695857435214947,
            0.9781403244021949,
            1.01259263235373,
            1.033152628051003,
            1.0391104225549808,
            1.0517418717496707,
            1.0293287145295256,
            1.0526284764634377,
            1.0690731360415877,
            1.0532076835502704,
            1.0917024012703922,
            1.086075502013964,
            1.0810599273679078,
            1.1208256055209895,
            1.1191656217390313,
            1.12988834895291,
            1.1246509716000326,
            1.1886852380508606,
            1.1924141473738032,
            1.1844466519897934,
            1.2375793443057117,
            1.2271508349380886,
            1.2717693529275684
        ],
        "x_sigma": 0.04956381,
        "x_chi2": 0.002464621,
        "x_quality": 0.84244794
    },
    "y": {
        "y_gains": [
            1.025339060658587,
            1.0236936558244063,
            1.0103611117504452,
            1.057239551970212,
            1.0699025083436347,
            1.061411913478371,
            1.081437780180252,
            1.0544987076591088,
            1.0796094275381807,
            1.1150242266888855,
            1.078018854894738,
            1.121228328057954,
            1.1128383598943739,
            1.1053221338115575,
            1.1633013328525021,
            1.1636670336678547,
            1.17305264404541,
            1.1765643673363377,
            1.1887761697929002,
            1.2094832192669709,
            1.2251454137343016,
            1.2676160121857447,
            1.2578795145138542,
            1.3092106214058241
        ],
        "y_sigma": 0.058067895,
        "y_chi2": 0.0033849657,
        "y_quality": 0.8567708
    }
}