{
    "x": {
        "x_gains": [
            0.8610870293771895,
            0.8415005874094851,
            0.8078097104058735,
            0.8678102033131778,
            0.8977954184602,
            0.9122121674142852,
            0.8651614702761665,
            0.9300774298761145,
            0.9113264757838684,
            0.8597678265765756,
            0.9134377100335834,
            0.9159418208410471,
            0.8987884242162723,
            0.9312147948426717,
            0.9526026819956951,
            0.9660763264058899,
            0.9666089762209359,
            1.0170464097600656,
            1.0238385866866624,
            1.0302353469626602,
            1.0528313509255978,
            1.0452927436404913,
            1.0298244365598797,
            1.0135507683525664
        ],
        "x_sigma": 0.043109726,
        "x_chi2": 0.0018640563,
        "x_quality": 0.83463544
    },
    "y": {
        "y_gains": [
            1.2839418040537893,
            1.2377846897050166,
            1.177760305049341,
            1.2847530518345183,
            1.3100226162304467,
            1.3149416823363884,
            1.2506973732215911,
            1.3689916598837693,
            1.3468846994638928,
            1.2542112179736695,
            1.3468959469678576,
            1.3351719006451057,
            1.2918915871451413,
            1.338894637507398,
            1.3736837362439311,
            1.415250284182257,
            1.4248515482793136,
            1.4984757504666255,
            1.4660982447388002,
            1.46473826452801,
            1.502550918257699,
            1.5177672950987213,
            1.5055250511088116,
            1.559175788494686
        ],
        "y_sigma": 0.0462587,
        "y_chi2": 0.002146968,
        "y_quality": 0.8411458
    }
}