{
    "x": {
        "x_gains": [
            0.9090428950979953,
            0.957201601972601,
            0.929513417386753,
            0.9385936375740809,
            0.9248503592118795,
            0.9504271457199652,
            0.9649601731987716,
            0.9653515071695208,
            0.9959986749233629,
            0.9472074855155399,
            0.9496499400391027,
            0.9893335008604728,
            1.00798489345136,
            1.024476222444727,
            1.0440269287953798,
            1.054054185953267,
            1.0864757562170044,
            1.0783206966728092,
            1.10850716619399,
            1.1014459231355962,
            1.1407847736809635,
            1.150188774732653,
            1.1931452848867032,
            1.1628680419209279
        ],
        "x_sigma": 0.050901,
        "x_chi2": 0.002598692,
        "x_quality": 0.828125
    },
    "y": {
        "y_gains": [
            1.1870727398764183,
            1.2193102654462835,
            1.2085174862207857,
            1.2905663727960996,
            1.24287035190569,
            1.244080818973427,
            1.2471123892073148,
            1.252748687213332,
            1.337277946668553,
            1.2719909749696345,
            1.2825328402473375,
            1.360017604067867,
            1.3797099088171796,
            1.364400365823026,
            1.3874779009457325,
            1.3964607317197284,
            1.4335606291496206,
            1.4055497287710688,
            1.4988966621669788,
            1.4628403444345361,
            1.5368924894523068,
            1.565143478424325,
            1.6179963390244034,
            1.5594862927392812
        ],
        "y_sigma": 0.05524675,
        "y_chi2": 0.0030615767,
        "y_quality": 0.8385417
    }
}