{
    "x": {
        "x_gains": [
            1.2926176023494618,
            1.3017042797589515,
            1.3178805686549222,
            1.2996219373791724,
            1.2753694904835118,
            1.3808526334185338,
            1.2809015907644945,
            1.3440823361183256,
            1.3439258884005285,
            1.3666831351984456,
            1.3822236146435756,
            1.4041585278127997,
            1.46096818946303,
            1.415448001323727,
            1.505992661056804,
            1.5046182753343111,
            1.5099337788342615,
            1.5810544146754735,
            1.5159609464204826,
            1.5973945855352087,
            1.6164087470989505,
            1.6326314705062677,
            1.6743646698606625,
            1.729434174103522
        ],
        "x_sigma": 0.04901331,
        "x_chi2": 0.0024095282,
        "x_quality": 0.84244794
    },
    "y": {
        "y_gains": [
            0.6127384900751071,
            0.6041545168676014,
            0.618850444455295,
            0.6138150242644148,
            0.5993636436322828,
            0.6433181216474683,
            0.6075790750495648,
            0.6318906889769575,
            0.6442001852075533,
            0.6640892918523682,
            0.6670681527522031,
            0.673068988629038,
            0.6947497483616412,
            0.6779436721008824,
            0.7124263324456265,
            0.7162643946760068,
            0.7102621300519791,
            0.7393979939836665,
            0.726700404459644,
            0.7688468189577943,
            0.7730160504414617,
            0.7820832241349631,
            0.804311819145018,
            0.8170190292719126
        ],
        "y_sigma": 0.050634217,
        "y_chi2": 0.002571774,
        "y_quality": 0.8307292
    }
}