{
    "x": {
        "x_gains": [
            0.1890695955160406,
            0.19938204724568956,
            0.20455574276951702,
            0.1968409546345376,
            0.20041694741740718,
            0.21086580974316016,
            0.2009125447783834,
            0.2054679542932426,
            0.2149094967754442,
            0.2110391988006558,
            0.21597210469740188,
            0.21557564193575718,
            0.21478572010027058,
            0.21853194609253954,
            0.22650839528451197,
            0.2320764998407955,
            0.2296146400457576,
            0.22745211979348165,
            0.23174512374656595,
            0.2435556217593859,
            0.2398369109005876,
            0.23839337739383307,
            0.23987626222889186,
            0.2477263858105101
        ],
        "x_sigma": 0.062306732,
        "x_chi2": 0.0038948352,
        "x_quality": 0.8359375
    },
    "y": {
        "y_gains": [
            0.17793689290156353,
            0.18878270889330612,
            0.1988158013947843,
            0.19318538552558498,
            0.19014815774006633,
            0.20145676205033264,
            0.19287943145315747,
            0.19277404237373938,
            0.2072399053701144,
            0.20677331482850014,
            0.2048867959475031,
            0.212253820589996,
            0.21650760502448335,
            0.21799085027004161,
            0.22521416741250094,
            0.22734422186358927,
            0.22616344696614177,
            0.2205199746331463,
            0.22886997965117012,
            0.24041998486315777,
            0.24097127036897015,
            0.23716337238441704,
            0.23780288209959016,
            0.24931053172451587
        ],
        "y_sigma": 0.06110261,
        "y_chi2": 0.0037503957,
        "y_quality": 0.8515625
    }
}