{
    "x": {
        "x_gains": [
            0.2461800548612252,
            0.2519852659175313,
            0.26012118525778793,
            0.2581256469435355,
            0.27246375074144197,
            0.2762973153626612,
            0.2769150106018296,
            0.2809640821698564,
            0.28392017788621254,
            0.27800245781972954,
            0.29138649854831244,
            0.3050650871616714,
            0.3167374522082777,
            0.3184448478362246,
            0.31387748075028643,
            0.3221757326219779,
            0.32275305776246926,
            0.3248437371686724,
            0.32775228010706225,
            0.3296405895687873,
            0.3485590915713532,
            0.35569555732691943,
            0.3635048806164548,
            0.36092984913312776
        ],
        "x_sigma": 0.052173067,
        "x_chi2": 0.0027315908,
        "x_quality": 0.8489583
    },
    "y": {
        "y_gains": [
            0.25575552881432584,
            0.263453933762412,
            0.2757073382044571,
            0.2742165051737114,
            0.2867189489112708,
            0.2887462283606719,
            0.2907566117980834,
            0.29323922309200234,
            0.2958123210446387,
            0.2959885120938686,
            0.30973920733090754,
            0.3269083635320382,
            0.3363668012694483,
            0.3392600940903945,
            0.3380366627803718,
            0.3517600613666533,
            0.35131837489956685,
            0.3527110428889574,
            0.35163885508076653,
            0.3557146754251208,
            0.37726552664569823,
            0.38331951402598685,
            0.39430111861650147,
            0.3919341826494813
        ],
        "y_sigma": 0.047319032,
        "y_chi2": 0.002249059,
        "y_quality": 0.8411458
    }
}