{
    "x": {
        "x_gains": [
            0.2499732716079333,
            0.2597915905098444,
            0.25969619907604247,
            0.27751384669213763,
            0.29357826607215504,
            0.28963753368774153,
            0.29821743510341286,
            0.3040217640668286,
            0.31070295238023626,
            0.3104005284258596,
            0.3257714185748999,
            0.331932963482561,
            0.321350907800247,
            0.33462899449140443,
            0.35195330565103267,
            0.3554152849897462,
            0.35413513683498377,
            0.3641420576429594,
            0.36791672013723,
            0.3835838097252458,
            0.38831053270962895,
            0.39763556350685303,
            0.393432819378927,
            0.4003333335468444
        ],
        "x_sigma": 0.049116943,
        "x_chi2": 0.002420407,
        "x_quality": 0.8489583
    },
    "y": {
        "y_gains": [
            0.2389622728753207,
            0.24859577568656246,
            0.25052825762081277,
            0.26673397609642135,
            0.2821954535377602,
            0.27658044566292267,
            0.2830426061204567,
            0.2856393339530564,
            0.29376644926872275,
            0.2980365826791629,
            0.31724791242942424,
            0.3186026647863162,
            0.3121817112340399,
            0.3190536613162431,
            0.33741401847274266,
            0.3421486097851902,
            0.34196787396486755,
            0.35081979394038093,
            0.35307539081120587,
            0.3711979355455617,
            0.37446645083918306,
            0.3847847935204396,
            0.382433717926527,
            0.388800523169984
        ],
        "y_sigma": 0.05158146,
        "y_chi2": 0.0026704995,
        "y_quality": 0.8541667
    }
}