{
    "x": {
        "x_gains": [
            1.125245190927103,
            1.1321969585679883,
            1.1582711505813885,
            1.10246083590565,
            1.1879362131473084,
            1.214470660817776,
            1.2199222080006402,
            1.225590751594141,
            1.1782789553275095,
            1.2128114120702629,
            1.2295617632850153,
            1.2403805388262674,
            1.276744281653874,
            1.2722084661147912,
            1.298037866490445,
            1.3078137885031005,
            1.2980088025764955,
            1.3336429163089725,
            1.352235055233393,
            1.384739977127419,
            1.3982519333979047,
            1.407092305241153,
            1.4553720423583705,
            1.4588060168745927
        ],
        "x_sigma": 0.05072094,
        "x_chi2": 0.002581009,
        "x_quality": 0.8385417
    },
    "y": {
        "y_gains": [
            1.1777132835812283,
            1.2004775980075912,
            1.2203575755087708,
            1.1552700241509197,
            1.2454360994136986,
            1.2561281783340248,
            1.282547447041211,
            1.2707339301716458,
            1.2365902606398391,
            1.2604808986724614,
            1.2857607678028429,
            1.3089255370586925,
            1.3537270691833319,
            1.3319466880346433,
            1.3767909124089752,
            1.363582316191831,
            1.3659554455384684,
            1.3928142068720477,
            1.4241794625630928,
            1.438301745350402,
            1.478318536843098,
            1.499868536522774,
            1.557343247172799,
            1.561138297120337
        ],
        "y_sigma": 0.055059616,
        "y_chi2": 0.0030420115,
        "y_quality": 0.8411458
    }
}