{
    "x": {
        "x_gains": [
            0.2500592765515065,
            0.2570911656585436,
            0.2536469227732882,
            0.26310674124725436,
            0.2767735204351854,
            0.2811019172668708,
            0.2832920576805293,
            0.28980966894896615,
            0.2918038996089536,
            0.29893498433132276,
            0.3126899395951829,
            0.320443391111413,
            0.32370410725482407,
            0.3346345038290553,
            0.3389103287328516,
            0.341525388997418,
            0.34743381906897464,
            0.35539477180172785,
            0.35576923213757394,
            0.37061384994334423,
            0.38295427625509626,
            0.3899471925712876,
            0.38986531089185433,
            0.3901375870918766
        ],
        "x_sigma": 0.04225819,
        "x_chi2": 0.001791169,
        "x_quality": 0.8255208
    },
    "y": {
        "y_gains": [
            0.24825421430147843,
            0.25628993157315116,
            0.24966858991374846,
            0.26371558379773646,
            0.27858811321352894,
            0.28064827956430366,
            0.2854052244739204,
            0.29327852544249866,
            0.29269735895075255,
            0.3078450651497129,
            0.31708039475113997,
            0.32815272070108126,
            0.3319665936705324,
            0.33999381211261953,
            0.33956270164506586,
            0.34758254946516776,
            0.35425394155334256,
            0.35693807666915667,
            0.358151591099188,
            0.37969566784708986,
            0.38871744505974526,
            0.394638722456585,
            0.39606255205994706,
            0.39871719918073184
        ],
        "y_sigma": 0.044454906,
        "y_chi2": 0.0019836002,
        "y_quality": 0.83723956
    }
}