{
    "x": {
        "x_gains": [
            0.23821221730909523,
            0.24643513100368344,
            0.24639189863437289,
            0.2526240374550503,
            0.2528349945477398,
            0.24717320365638376,
            0.2662640541157194,
            0.26332456532750675,
            0.2716258152305593,
            0.27933772377745053,
            0.28267907967041317,
            0.28274787276051666,
            0.29302153107559264,
            0.2931625149626483,
            0.3104989024950543,
            0.309863775827688,
            0.30854400306470586,
            0.31359509366677774,
            0.32236071196586846,
            0.33268313740958005,
            0.3461715674752427,
            0.34507930371002354,
            0.3447554966437363,
            0.3510506489557402
        ],
        "x_sigma": 0.04736725,
        "x_chi2": 0.002250794,
        "x_quality": 0.82942706
    },
    "y": {
        "y_gains": [
            0.2596323336138401,
            0.2711843373906307,
            0.2668766095995516,
            0.27739458797610966,
            0.2794253550511288,
            0.2721594689014806,
            0.29223599108329545,
            0.2887135909786473,
            0.2997058746487372,
            0.30304694306244934,
            0.30899354129340245,
            0.30909842973670315,
            0.32506250789495567,
            0.32324670020071034,
            0.3381684203179162,
            0.33602730907381934,
            0.3331367493375492,
            0.33893031558818476,
            0.3474307651262756,
            0.35821246677534596,
            0.3697150162711579,
            0.3705359313139026,
            0.3744205187236843,
            0.3762648802412851
        ],
        "y_sigma": 0.055192687,
        "y_chi2": 0.0030571343,
        "y_quality": 0.8385417
    }
}