{
    "x": {
        "x_gains": [
            1.2853728172441503,
            1.2929919834497026,
            1.2849416594725995,
            1.3319847254385213,
            1.3284474806259219,
            1.3779127232010202,
            1.359415255684259,
            1.354113193300877,
            1.3340129150859559,
            1.3526867822373394,
            1.3121459379209321,
            1.3489306770226412,
            1.3790119076299212,
            1.369361846021368,
            1.3872099794776154,
            1.407828681890832,
            1.4254328291149787,
            1.432148998146613,
            1.4657681429775913,
            1.489068672422314,
            1.5265341400964494,
            1.572508278076703,
            1.568046621914825,
            1.5824846547254272
        ],
        "x_sigma": 0.052407198,
        "x_chi2": 0.002755129,
        "x_quality": 0.84244794
    },
    "y": {
        "y_gains": [
            1.2727270876033328,
            1.2759729558552786,
            1.27583508637327,
            1.3227938411247875,
            1.304211847825605,
            1.3348842196181419,
            1.3121654798129903,
            1.3228771360662477,
            1.3044250140193079,
            1.3407528810097906,
            1.3129424616095624,
            1.3281261932383768,
            1.3720162145973853,
            1.3673814037633207,
            1.3792118025222473,
            1.4058755757939154,
            1.409836513948006,
            1.418316996685393,
            1.4733221144765392,
            1.487714299107965,
            1.5317735793565939,
            1.575585483626752,
            1.5764632771550133,
            1.5733541028661744
        ],
        "y_sigma": 0.050178204,
        "y_chi2": 0.0025279666,
        "y_quality": 0.8463542
    }
}