{
    "x": {
        "x_gains": [
            0.23630419296978486,
            0.23762674000398168,
            0.2451646182345598,
            0.2513325020929714,
            0.25600478421740747,
            0.25871880430103456,
            0.25893482447339067,
            0.2639329546951165,
            0.27536736484776975,
            0.2880354564734068,
            0.28547039612043446,
            0.29237344169706647,
            0.30244341616371334,
            0.3016345576680029,
            0.31243297336368303,
            0.3246610627786384,
            0.32117539918488897,
            0.31821214669223563,
            0.3349788611589665,
            0.3308237594315786,
            0.3422587806319041,
            0.35116350829622034,
            0.3462407738952184,
            0.35254164724309084
        ],
        "x_sigma": 0.044667184,
        "x_chi2": 0.0020015142,
        "x_quality": 0.84375
    },
    "y": {
        "y_gains": [
            0.2414563682306198,
            0.2421454083176948,
            0.2449728508838008,
            0.2524620923750212,
            0.2534318088244246,
            0.2573251661413502,
            0.26067383090458746,
            0.26489610112673556,
            0.2730158504812314,
            0.2858634901210723,
            0.28983953034402504,
            0.2912248421779774,
            0.30361058566239085,
            0.304051122426002,
            0.3162870631506341,
            0.32829773847178384,
            0.3226111267093591,
            0.32052363818560925,
            0.33653643099413033,
            0.33056865544042285,
            0.3432338802868186,
            0.35187595274812655,
            0.348843228876182,
            0.3541119998889505
        ],
        "y_sigma": 0.045636185,
        "y_chi2": 0.0020923133,
        "y_quality": 0.8541667
    }
}