{
    "x": {
        "x_gains": [
            0.10035861142620928,
            0.10401822399284355,
            0.11092899035982703,
            0.11809286634060438,
            0.12128720166532181,
            0.12018735285312157,
            0.11865916566706208,
            0.11015761130710598,
            0.09108645279385377,
            0.07607417109963541,
            0.06193400065154569,
            0.04531518067615688,
            0.022639178025779912,
            0.010617825349599331,
            0.07242221455834254,
            0.0789006737565234,
            0.08113471770797669,
            0.08242016597278502,
            0.08494430202116472,
            0.08466402605213678,
            0.08520850991021835,
            0.08579605916393285,
            0.09027489336955281,
            0.09373416185583892
        ],
        "x_sigma": 0.06087071,
        "x_chi2": 0.003716753,
        "x_quality": 0.82161456
    },
    "y": {
        "y_gains": [
            0.09884461517764996,
            0.10455365677982892,
            0.10885712752383889,
            0.11844535263076604,
            0.12349438730359144,
            0.12373657226184885,
            0.12291669265842563,
            0.1117611137486734,
            0.09606296504681773,
            0.08517349969648423,
            0.06591433364530587,
            0.048758558345953676,
            0.026326725456877285,
            0.014282727155349223,
            0.07338893131992268,
            0.08035735236024008,
            0.08092374781829575,
            0.08245228939500303,
            0.08313561605445183,
            0.08562403309060632,
            0.08600938637635402,
            0.08674916859596818,
            0.0904894993270296,
            0.09419254897376747
        ],
        "y_sigma": 0.04724279,
        "y_chi2": 0.0022386916,
        "y_quality": 0.81901044
    }
}