{
    "x": {
        "x_gains": [
            0.12938553901821476,
            0.13523836404044356,
            0.1446427786224916,
            0.15391179130546134,
            0.15564703796682633,
            0.16184193471157168,
            0.15598674798983778,
            0.13527933559448233,
            0.1126858203262908,
            0.08796737395660799,
            0.07279510187965689,
            0.049143584580237126,
            0.02164959523916741,
            0.012527877659762387,
            0.025678236038710965,
            0.03575883483698638,
            0.04846376175524889,
            0.06086745126434479,
            0.06755199865760668,
            0.07821733311745349,
            0.09040319463193063,
            0.09903614066459589,
            0.10806499893555975,
            0.11827625370611249
        ],
        "x_sigma": 0.3367792,
        "x_chi2": 0.113805525,
        "x_quality": 0.83984375
    },
    "y": {
        "y_gains": [
            0.13112934624939912,
            0.1371438477132772,
            0.15049611948765823,
            0.161439159069878,
            0.1622740303700716,
            0.17228933782091926,
            0.16737309269992215,
            0.14730383312856138,
            0.12703469405148485,
            0.1080065527575558,
            0.08739955387771718,
            0.059699560766451616,
            0.03195973073926852,
            0.01806763238764033,
            0.029333459036983124,
            0.0401408961511263,
            0.051355365675367734,
            0.06235410309016334,
            0.07093430121768658,
            0.08214991587437864,
            0.09449773696819508,
            0.10209528103359629,
            0.11075629716003134,
            0.11959878435011637
        ],
        "y_sigma": 0.34639862,
        "y_chi2": 0.12040873,
        "y_quality": 0.8359375
    }
}