{
    "x": {
        "x_gains": [
            0.13479320303117023,
            0.13868698375503885,
            0.15189228163927618,
            0.162212540116175,
            0.16935644213276665,
            0.17900449158070272,
            0.17490476872604788,
            0.15883568361170744,
            0.13203641881318273,
            0.10504774367426123,
            0.08750995753929351,
            0.06230051763631088,
            0.03175482833752614,
            0.014664898275466623,
            0.0274945170434112,
            0.03729045885201099,
            0.05167277697254367,
            0.060484523371371036,
            0.07080494674512137,
            0.08208262667031989,
            0.0947503116100873,
            0.10405645353962595,
            0.11357445265347968,
            0.1231966171194512
        ],
        "x_sigma": 0.34356314,
        "x_chi2": 0.11845378,
        "x_quality": 0.85026044
    },
    "y": {
        "y_gains": [
            0.14453303853989372,
            0.14981378895102332,
            0.16545802338219695,
            0.1784531714786862,
            0.18549421855329495,
            0.1954443600493982,
            0.18935205242476663,
            0.16874701929483793,
            0.1453366969477128,
            0.12331252968749151,
            0.0969644409093364,
            0.06759540956869803,
            0.03801458201351456,
            0.02045532907960674,
            0.031990139871128365,
            0.04294052784128563,
            0.05839075090505663,
            0.06843367432236462,
            0.07924923710721898,
            0.09031313097833414,
            0.10591512681959539,
            0.11541798449959552,
            0.12552636342342527,
            0.1358689375619732
        ],
        "y_sigma": 0.35646537,
        "y_chi2": 0.12750487,
        "y_quality": 0.83723956
    }
}