{
    "x": {
        "x_gains": [
            0.5540015811205126,
            0.6189381583606507,
            0.6983792781928906,
            0.7474016395151845,
            0.7739907528228798,
            0.7506448602333049,
            0.69850108651844,
            0.5852236300426892,
            0.5137700916858693,
            0.453880313576831,
            0.3836241146578823,
            0.28622707378384404,
            0.10629333612530496,
            0.04197856389821676,
            0.09788625401933194,
            0.15463968859772914,
            0.23192643664511917,
            0.29807384087876465,
            0.34977121639621134,
            0.3690777234872648,
            0.38980560121803337,
            0.41090478851182527,
            0.4602780079167817,
            0.4918632053662669
        ],
        "x_sigma": 0.50728786,
        "x_chi2": 0.2591001,
        "x_quality": 0.79296875
    },
    "y": {
        "y_gains": [
            0.547353284141599,
            0.6232353869063979,
            0.7069540453713209,
            0.7573355330396335,
            0.7844278520522006,
            0.7647433142889306,
            0.7172255706694906,
            0.6012560238337888,
            0.546417691081447,
            0.4998117209247277,
            0.4097592692976026,
            0.2941332966804028,
            0.10708612444392852,
            0.05829270914433066,
            0.09550586640009069,
            0.15352374453501524,
            0.22365420554895032,
            0.28920156076298315,
            0.3398156914449055,
            0.3682838107003535,
            0.3937118857366216,
            0.4163271345414842,
            0.45823990967174905,
            0.49054128483750625
        ],
        "y_sigma": 0.53748906,
        "y_chi2": 0.29128408,
        "y_quality": 0.7994792
    }
}