{
    "x": {
        "x_gains": [
            0.14143544387781476,
            0.1494782387337878,
            0.15983155033247362,
            0.16919486087529576,
            0.17165775021953739,
            0.18246042925932524,
            0.17756529919486566,
            0.1601175313918026,
            0.13508400401415627,
            0.11104545240278206,
            0.09156979193145598,
            0.06578359643921286,
            0.03216319140167252,
            0.014945775232877597,
            0.02844368796876087,
            0.04158173597094601,
            0.05342207666249636,
            0.06546553985633718,
            0.07505791656486936,
            0.0868149002149537,
            0.09764864027197881,
            0.10640831295791488,
            0.11698659380429641,
            0.13045324401147534
        ],
        "x_sigma": 0.336072,
        "x_chi2": 0.11332174,
        "x_quality": 0.8385417
    },
    "y": {
        "y_gains": [
            0.15551364290086442,
            0.1654765318700354,
            0.17585735295643468,
            0.1884996229253543,
            0.19767369686580447,
            0.21098639939472222,
            0.20647264913596874,
            0.18517037155546073,
            0.15953996332495324,
            0.1364985602268366,
            0.10816627232849318,
            0.07782248333567708,
            0.04056155855355049,
            0.02299600931853488,
            0.03097577245445361,
            0.044446773455373505,
            0.05642295186377423,
            0.06934608857548155,
            0.07957762741850337,
            0.09389307250338555,
            0.1085400859159904,
            0.12047006939196467,
            0.13212707654546993,
            0.14573341030972065
        ],
        "y_sigma": 0.32584164,
        "y_chi2": 0.10653361,
        "y_quality": 0.8489583
    }
}