{
    "x": {
        "x_gains": [
            0.11442133298793346,
            0.11985666581049055,
            0.12964375839848472,
            0.13489880700891035,
            0.137201871823185,
            0.14726846452008152,
            0.1429162489343807,
            0.12452318515862947,
            0.10363954084781496,
            0.08193874275979027,
            0.07008268355005236,
            0.05058983958720714,
            0.02594834385344064,
            0.0121123018715081,
            0.023361011303785987,
            0.03188348600900026,
            0.04361198279350276,
            0.05222055371750811,
            0.060686125834745246,
            0.07048058739085376,
            0.08167225243619142,
            0.09060267267012055,
            0.09556840695780053,
            0.10624721964307098
        ],
        "x_sigma": 0.3366845,
        "x_chi2": 0.11373003,
        "x_quality": 0.85026044
    },
    "y": {
        "y_gains": [
            0.1352588787309471,
            0.14179165955935974,
            0.15249062945082023,
            0.16025806933834602,
            0.16123751209422424,
            0.17058821683045183,
            0.1676874163019703,
            0.14711440248529187,
            0.12750444225476817,
            0.10718106719331157,
            0.08488278726892305,
            0.05947467565336946,
            0.03227539432059569,
            0.017046500483856395,
            0.029435143135447928,
            0.03953040722407124,
            0.05161373703740349,
            0.06260416550588109,
            0.0715725344693326,
            0.08300413202869651,
            0.09575484308845372,
            0.10673136579752825,
            0.11355470747853134,
            0.12398871702675056
        ],
        "y_sigma": 0.3710533,
        "y_chi2": 0.13818301,
        "y_quality": 0.8229167
    }
}