{
    "x": {
        "x_gains": [
            0.10913287167218405,
            0.11154979928844615,
            0.12021516591255695,
            0.12948474291632997,
            0.13001091311604696,
            0.1337514045569371,
            0.1364493637775515,
            0.12431887243777248,
            0.10249382859034602,
            0.08487928934305722,
            0.06606136836875984,
            0.049645188321326895,
            0.027010749765202305,
            0.014427170632743964,
            0.07873238963116475,
            0.08465125460777942,
            0.09131532789873202,
            0.09388271495292533,
            0.09477660987194116,
            0.09287140458805171,
            0.09365231185882701,
            0.09511204008097458,
            0.09826296624057879,
            0.10282573341482616
        ],
        "x_sigma": 0.07806841,
        "x_chi2": 0.0061136005,
        "x_quality": 0.82421875
    },
    "y": {
        "y_gains": [
            0.11153906170441277,
            0.11744428090980796,
            0.12632658707249503,
            0.13396666879807637,
            0.1356820161696329,
            0.13938764498580128,
            0.1384198187281738,
            0.12618260546033017,
            0.10351660395975855,
            0.09080178795984635,
            0.0687578542956435,
            0.051126869434808306,
            0.028756505440443263,
            0.015181627679993757,
            0.08508291457649853,
            0.08880559318939249,
            0.09495687818247978,
            0.09397055770868205,
            0.09560788833916477,
            0.09237039901887857,
            0.0954902714034043,
            0.09691549947292505,
            0.09910670174383197,
            0.10519156119634784
        ],
        "y_sigma": 0.043253325,
        "y_chi2": 0.0018766304,
        "y_quality": 0.8151042
    }
}