{
    "x": {
        "x_gains": [
            0.13680939183341234,
            0.14600408358821387,
            0.15734015585423544,
            0.1669694936716892,
            0.17216815663858892,
            0.1794922881138412,
            0.17692022578559216,
            0.1539835142477943,
            0.1297551802614759,
            0.10434169986819557,
            0.0880874729747633,
            0.06209312316798121,
            0.0300037780757353,
            0.017903001395216705,
            0.028404063712587233,
            0.039507337184139825,
            0.051958848591915206,
            0.0605911221403111,
            0.0699049970119109,
            0.08153809549513438,
            0.09322623751770599,
            0.10154661588794289,
            0.11529377719131675,
            0.12467901387876912
        ],
        "x_sigma": 0.33898732,
        "x_chi2": 0.11533621,
        "x_quality": 0.84505206
    },
    "y": {
        "y_gains": [
            0.14282614958268341,
            0.1504468353756416,
            0.16166814102622346,
            0.17337131089688967,
            0.17801273560074563,
            0.18426269787418337,
            0.1820611639578029,
            0.1600482705584004,
            0.14011300954898184,
            0.1179532098489043,
            0.09353048687014348,
            0.06648286812943603,
            0.035723790794336345,
            0.01941883316115301,
            0.030034410724711406,
            0.04145823710703758,
            0.05377073460018259,
            0.06432015175439325,
            0.07376177763523724,
            0.08700263313469182,
            0.09955668404163101,
            0.1089234679750844,
            0.12225816204659185,
            0.1319244853691788
        ],
        "y_sigma": 0.3388002,
        "y_chi2": 0.11517053,
        "y_quality": 0.8463542
    }
}