{
    "x": {
        "x_gains": [
            0.14199105825509745,
            0.1482288615082183,
            0.1663126784462278,
            0.17248260771625093,
            0.17888545559996805,
            0.1882998566002442,
            0.18286919759464831,
            0.1630862095067746,
            0.13649066263964615,
            0.10447409256676234,
            0.08459332983286134,
            0.059401597807938473,
            0.02768054984644215,
            0.009762504621325625,
            0.029064371100633146,
            0.040622726904537644,
            0.05549829364946346,
            0.0638250315901994,
            0.07400571472129078,
            0.08663873087428356,
            0.09963656566308732,
            0.1098870668636429,
            0.11804811688463465,
            0.1300033241849994
        ],
        "x_sigma": 0.33689615,
        "x_chi2": 0.11388413,
        "x_quality": 0.8359375
    },
    "y": {
        "y_gains": [
            0.1434846010173919,
            0.15117335085936381,
            0.16799231079034435,
            0.1751423754262637,
            0.1805049264307046,
            0.1849213982350732,
            0.1782293872812301,
            0.15870814616220374,
            0.13767318874124082,
            0.1152040286387999,
            0.0892470910133802,
            0.06246276048298455,
            0.03185065153055758,
            0.01687734943252444,
            0.03279890470025688,
            0.04360034562865987,
            0.05837351084795814,
            0.06615432348273405,
            0.07734692617901079,
            0.09005477401519926,
            0.10432511042812939,
            0.11289604780289614,
            0.12158560270834362,
            0.13291167194018091
        ],
        "y_sigma": 0.34547,
        "y_chi2": 0.11973116,
        "y_quality": 0.8541667
    }
}