{
    "x": {
        "x_gains": [
            0.1323579908284648,
            0.13777171337311445,
            0.15151821861121312,
            0.1607813846669707,
            0.16465922374043515,
            0.1763997274271412,
            0.1680134145942534,
            0.153140717023214,
            0.12929771043493293,
            0.10050808848892923,
            0.08221983017329638,
            0.057925480028453,
            0.026444992749047436,
            0.009533032051388382,
            0.02721231346299275,
            0.03837513242298821,
            0.052004846643687805,
            0.06250969095552596,
            0.07113348433075163,
            0.08091081629547077,
            0.09395619273722389,
            0.10326299711968522,
            0.11078632254219159,
            0.12003487733395816
        ],
        "x_sigma": 0.35113126,
        "x_chi2": 0.12372369,
        "x_quality": 0.8333333
    },
    "y": {
        "y_gains": [
            0.1384177437262746,
            0.14552071239955797,
            0.15705526158998726,
            0.17046729175886105,
            0.17855723964792083,
            0.18885648531281998,
            0.18259347370754406,
            0.16544882543742603,
            0.1423368609626498,
            0.1199999760000048,
            0.09445101246290555,
            0.06521902177989232,
            0.035377580852011724,
            0.01825036189555121,
            0.030149025426723274,
            0.04046860704464561,
            0.053326410854185644,
            0.06458581504327637,
            0.07338240414698642,
            0.08503580687756,
            0.09946870779107551,
            0.10923348460714505,
            0.1173491438617186,
            0.1267509422696736
        ],
        "y_sigma": 0.3452255,
        "y_chi2": 0.11960652,
        "y_quality": 0.8359375
    }
}