{
    "x": {
        "x_gains": [
            0.5751156543202947,
            0.6092605532609787,
            0.6673403690138651,
            0.719255719935057,
            0.7041679277140639,
            0.6639705478600263,
            0.592948959309352,
            0.481242097403208,
            0.4000198409841128,
            0.32775340803729364,
            0.2668930132933805,
            0.18863995122525423,
            0.06733890194627609,
            0.028757541629345365,
            0.12942938080595934,
            0.19539513840482456,
            0.28756235861637186,
            0.35824091672990815,
            0.4089376262569362,
            0.4428858798238023,
            0.46886699696783707,
            0.4895243742018305,
            0.5136716535794259,
            0.5243194569392684
        ],
        "x_sigma": 0.51998365,
        "x_chi2": 0.27235404,
        "x_quality": 0.79296875
    },
    "y": {
        "y_gains": [
            0.6212859911751295,
            0.6670599207252649,
            0.725183302770483,
            0.7746310800115668,
            0.7748473395771566,
            0.7399558394355025,
            0.6685214571655239,
            0.5467676925687108,
            0.46226763539472343,
            0.3895792232725278,
            0.3100457937637389,
            0.21863858997349664,
            0.08104158535494269,
            0.038994950387894474,
            0.1500771621729312,
            0.23119315899442536,
            0.3208804445991088,
            0.39642675197136085,
            0.454603581812529,
            0.4879899095398465,
            0.5132177960323646,
            0.5359241765900173,
            0.5585533735730078,
            0.5796632678110959
        ],
        "y_sigma": 0.5325251,
        "y_chi2": 0.28586012,
        "y_quality": 0.8046875
    }
}