{
    "x": {
        "x_gains": [
            0.6035800384251124,
            0.6718294520626172,
            0.7466719152724497,
            0.7970819785264521,
            0.8045814153118119,
            0.7876227913777043,
            0.7113660647087028,
            0.6138257246872543,
            0.522646535715835,
            0.4362728408464461,
            0.35559700078110434,
            0.2576803496392514,
            0.09212821520561451,
            0.03967463781717443,
            0.11360005034754231,
            0.18398776554954202,
            0.26779691246227744,
            0.3334566678395449,
            0.38599341078368316,
            0.42421902020763064,
            0.45450764777293523,
            0.4709067233613246,
            0.5233411459444071,
            0.5467878428722022
        ],
        "x_sigma": 0.53044814,
        "x_chi2": 0.28350964,
        "x_quality": 0.79296875
    },
    "y": {
        "y_gains": [
            0.6099894929309843,
            0.678404051754631,
            0.7595781667459413,
            0.8001818013052565,
            0.8080883828890841,
            0.7831019136661465,
            0.7019195464027431,
            0.6012402624630192,
            0.5245281973770233,
            0.4720726984402435,
            0.3755135993376541,
            0.27173183502573356,
            0.09699990920808498,
            0.04676885661837782,
            0.13988862040065975,
            0.21502999453393754,
            0.30398037989036036,
            0.3701100596284317,
            0.41610587730826937,
            0.4498934944635881,
            0.4637725681586833,
            0.4790099515754469,
            0.5340764259092865,
            0.5603072725082435
        ],
        "y_sigma": 0.52863616,
        "y_chi2": 0.28171414,
        "y_quality": 0.8046875
    }
}