{
    "x": {
        "x_gains": [
            0.565230288385015,
            0.615472713201902,
            0.7021300871518971,
            0.7211035942471221,
            0.7134756645936631,
            0.675871175980025,
            0.5863097838099934,
            0.48413152420483335,
            0.4076199328918999,
            0.3311950278352861,
            0.2715956497003852,
            0.19623472656064495,
            0.06303970656781704,
            0.020666420984254006,
            0.111805235280142,
            0.18924397787813596,
            0.2790011046211734,
            0.3461910776727457,
            0.39797473839429054,
            0.4331137648665217,
            0.4598154834035578,
            0.47956041574051556,
            0.4985014547767955,
            0.5272967557065241
        ],
        "x_sigma": 0.56159145,
        "x_chi2": 0.3181347,
        "x_quality": 0.79296875
    },
    "y": {
        "y_gains": [
            0.6405607417488409,
            0.7006384287426546,
            0.8002484611422154,
            0.8223719377747338,
            0.8127235446904892,
            0.7733050159347231,
            0.6839199143458699,
            0.5584583288726475,
            0.4834283189408666,
            0.4151299421063934,
            0.3366753977819825,
            0.23632655887497214,
            0.07845681101621499,
            0.039617185475499916,
            0.141162706393993,
            0.22307170903311485,
            0.317592274529811,
            0.3844904843603497,
            0.4332598322469921,
            0.4701707236914796,
            0.512540507998374,
            0.5269860324987016,
            0.5595152449440244,
            0.5950918726636693
        ],
        "y_sigma": 0.557466,
        "y_chi2": 0.3136549,
        "y_quality": 0.80859375
    }
}