{
    "x": {
        "x_gains": [
            0.592506323671866,
            0.6689935600672927,
            0.7226876812681376,
            0.7786718054852912,
            0.7589860917316663,
            0.7342811336302081,
            0.6327065236344992,
            0.5196310640230679,
            0.4516905036543343,
            0.37812927498778454,
            0.30762456403062255,
            0.2109909400490343,
            0.0699436135570587,
            0.02903490867069478,
            0.13453547054588036,
            0.21102201761527395,
            0.3076556351405989,
            0.3790428568975623,
            0.4017777863490372,
            0.44759060856433297,
            0.4714977489047225,
            0.4974902611306481,
            0.5191372147146329,
            0.5546891619007311
        ],
        "x_sigma": 0.5791324,
        "x_chi2": 0.3381067,
        "x_quality": 0.7942708
    },
    "y": {
        "y_gains": [
            0.5755648103818999,
            0.6387816747079698,
            0.7023241310143526,
            0.76378399058346,
            0.7424958358977283,
            0.7221045071524812,
            0.6192229594002752,
            0.5083512709315542,
            0.44983618090881755,
            0.39169509263236413,
            0.31778465958112806,
            0.2210764273147354,
            0.07347426014818215,
            0.03628312740239657,
            0.12134278901061459,
            0.19667876437746354,
            0.2861891143391335,
            0.35566848425117736,
            0.3841044960890864,
            0.4251731772868407,
            0.4573983101785349,
            0.4814022284109153,
            0.4987701077298543,
            0.5366455670151447
        ],
        "y_sigma": 0.58872133,
        "y_chi2": 0.3499302,
        "y_quality": 0.79296875
    }
}