{
    "x": {
        "x_gains": [
            0.107953903251496,
            0.11108552441198823,
            0.11775501939601801,
            0.12300086691010997,
            0.12847575084440688,
            0.1326871169978075,
            0.1375573338967682,
            0.12207722703043729,
            0.10325736723245166,
            0.08717147142741453,
            0.06893924425767119,
            0.0512213998911033,
            0.02513598820981391,
            0.012684479904612711,
            0.0727518496248369,
            0.081540508957918,
            0.08860483360632483,
            0.08970290487607947,
            0.08982446861640857,
            0.08945519994131738,
            0.09162845759984754,
            0.0924804514821657,
            0.0934780460732724,
            0.10140051347192011
        ],
        "x_sigma": 0.05826037,
        "x_chi2": 0.0034049584,
        "x_quality": 0.8203125
    },
    "y": {
        "y_gains": [
            0.11310937676733403,
            0.11687532418293044,
            0.12584285929171385,
            0.13362149253603706,
            0.1373225157979255,
            0.14038870234272102,
            0.14372518755310557,
            0.12848063681170674,
            0.10841913623775189,
            0.09557394207053108,
            0.07593007796538372,
            0.053287403854203316,
            0.027654469570680955,
            0.01573906147032109,
            0.08366981148020096,
            0.09190863068915572,
            0.0973519585802463,
            0.09753803276126952,
            0.094350499651941,
            0.09519359903009146,
            0.09886091465525074,
            0.09837334751221183,
            0.09999685009922187,
            0.1055853599563299
        ],
        "y_sigma": 0.031309478,
        "y_chi2": 0.0009833005,
        "y_quality": 0.82421875
    }
}