{
    "x": {
        "x_gains": [
            0.3777700460841679,
            0.4190980465211404,
            0.4512412405614434,
            0.5020056128243559,
            0.5309139795650147,
            0.5402394665459411,
            0.5546739629219315,
            0.4921937093312642,
            0.4165526353827307,
            0.36120648166248603,
            0.2895294148132803,
            0.22031468868873547,
            0.10825220642353438,
            0.04914781860110269,
            0.1335323749109439,
            0.18188581026945472,
            0.24337399098664422,
            0.2730880369197548,
            0.29724383036247043,
            0.297559137274891,
            0.3146375095862183,
            0.32505644280072793,
            0.3428024041692451,
            0.35613897768027164
        ],
        "x_sigma": 0.43677905,
        "x_chi2": 0.19182433,
        "x_quality": 0.7864583
    },
    "y": {
        "y_gains": [
            0.2538628404459355,
            0.29151850238782806,
            0.3177509738590722,
            0.3541645859497242,
            0.3761206703433214,
            0.36715441049559344,
            0.3797636123418617,
            0.3315634476497788,
            0.2893850272997153,
            0.26043301155098536,
            0.20770433537105132,
            0.15957117480766886,
            0.08001347426906691,
            0.040070772999271316,
            0.09823808038075509,
            0.12073526812405404,
            0.17740664622776522,
            0.190401770584145,
            0.20544131876891344,
            0.20766821530392637,
            0.21958611530642586,
            0.22727990725161548,
            0.23677650570915512,
            0.23731417499162819
        ],
        "y_sigma": 0.45107636,
        "y_chi2": 0.20468815,
        "y_quality": 0.78776044
    }
}