{
    "x": {
        "x_gains": [
            0.27602681699896797,
            0.31176919352480326,
            0.33101632936654396,
            0.37225743984412835,
            0.39466691335979864,
            0.4050201108685851,
            0.41912875119708415,
            0.36781024757602016,
            0.3146514588484506,
            0.26507996163550734,
            0.21601457303434352,
            0.16326887804565848,
            0.07985903283523924,
            0.033066851982123,
            0.1000220348542784,
            0.12884437802373597,
            0.18254950833940917,
            0.20091799431602994,
            0.21776657296171031,
            0.2257638754590739,
            0.23411494950374656,
            0.2434749919531515,
            0.24934957164237087,
            0.25523141449505143
        ],
        "x_sigma": 0.5106126,
        "x_chi2": 0.2626558,
        "x_quality": 0.7890625
    },
    "y": {
        "y_gains": [
            0.35668227841220457,
            0.39955222980709976,
            0.4285595513495769,
            0.4824310666309668,
            0.508623042475212,
            0.5194544523116398,
            0.5367058209664236,
            0.47145995921211314,
            0.4112610683205394,
            0.36782844422508787,
            0.2930273611954297,
            0.22695718457252181,
            0.11258615233109065,
            0.060640066820502436,
            0.14393807668790426,
            0.18809628874736525,
            0.2371727096652409,
            0.2627612773330193,
            0.2850587727051094,
            0.2968988293783886,
            0.30561836267590514,
            0.3172124385975848,
            0.32721072976336607,
            0.33411483907910067
        ],
        "y_sigma": 0.48765838,
        "y_chi2": 0.23919243,
        "y_quality": 0.7864583
    }
}