{
    "x": {
        "x_gains": [
            0.36417534314421707,
            0.4033318436943906,
            0.43591371000927626,
            0.48038776131472904,
            0.5326933058776101,
            0.5333779379523579,
            0.526102856265017,
            0.47022895824159955,
            0.39736126687672774,
            0.3450595495144063,
            0.27856258142384255,
            0.21006488063903417,
            0.09605117299133224,
            0.0494503837102524,
            0.12602945109145475,
            0.17100943707028,
            0.22219853585829974,
            0.26226011624469847,
            0.2828352331470222,
            0.2992786904713735,
            0.31591352461181177,
            0.32326690952632026,
            0.33342215699595706,
            0.3519534542964507
        ],
        "x_sigma": 0.5447363,
        "x_chi2": 0.29929355,
        "x_quality": 0.78776044
    },
    "y": {
        "y_gains": [
            0.4505166885797984,
            0.5056345640461768,
            0.5459319281846202,
            0.6041295882131901,
            0.6624754056005671,
            0.6784727713611215,
            0.6670875544410153,
            0.592614471040916,
            0.5336843695642579,
            0.47882178430352285,
            0.38146089375448194,
            0.2861596646162945,
            0.14486730082810495,
            0.07603687301705339,
            0.16317090942033632,
            0.2269255518080566,
            0.27587440530788976,
            0.32286253539945553,
            0.34555133752556216,
            0.37273978051888956,
            0.38436924046716237,
            0.3949539888476842,
            0.4099603642120672,
            0.4346032309360315
        ],
        "y_sigma": 0.5168313,
        "y_chi2": 0.26906514,
        "y_quality": 0.7864583
    }
}