{
    "x": {
        "x_gains": [
            0.46677164672182536,
            0.48101653802200034,
            0.5179381937102311,
            0.557781039929202,
            0.57322663598452,
            0.6009507040137498,
            0.6017721950435153,
            0.5369816006476428,
            0.4559200535067775,
            0.3838925150096215,
            0.2961715532258043,
            0.2103602861657189,
            0.10216398647961802,
            0.0449603151034692,
            0.40834820537497313,
            0.4994330934955732,
            0.510888202641149,
            0.5368988859938705,
            0.5139026072334876,
            0.487691876272571,
            0.479234551239255,
            0.4719198710261869,
            0.4698173810443533,
            0.47222437609007095
        ],
        "x_sigma": 0.6039214,
        "x_chi2": 0.3688374,
        "x_quality": 0.78515625
    },
    "y": {
        "y_gains": [
            0.35365319685337776,
            0.36989750436072166,
            0.4066082956061826,
            0.42904508208361797,
            0.45100848202631977,
            0.481204628418598,
            0.4604308066885862,
            0.40644248735161137,
            0.35510844088502685,
            0.31140319900769503,
            0.24368373584322384,
            0.1788179738528782,
            0.09816630255148945,
            0.05162172221422085,
            0.3634423515010896,
            0.41254595143080014,
            0.4146005738071941,
            0.42628286203926385,
            0.4219254398678192,
            0.38927823416541685,
            0.387263342403299,
            0.3713605551513502,
            0.3588655527790925,
            0.365407366912151
        ],
        "y_sigma": 0.558206,
        "y_chi2": 0.314189,
        "y_quality": 0.7864583
    }
}