{
    "x": {
        "x_gains": [
            0.46738378607320646,
            0.4913076861550084,
            0.5370368252058448,
            0.5693308313141067,
            0.5964893381407987,
            0.65771728298832,
            0.659091291064271,
            0.6105003496030251,
            0.5193125859300044,
            0.43613881077158184,
            0.36332867049428574,
            0.26746547548955746,
            0.11184839084838571,
            0.0619442900310948,
            0.3066562812406087,
            0.3361418432526214,
            0.36221085974804323,
            0.3661152970293405,
            0.3687733631754573,
            0.36565223766371624,
            0.3772006783426119,
            0.3952233308236652,
            0.40419327892056467,
            0.43808314616595984
        ],
        "x_sigma": 0.19589344,
        "x_chi2": 0.038508803,
        "x_quality": 0.81901044
    },
    "y": {
        "y_gains": [
            0.4983229936295385,
            0.5298610058012362,
            0.5936599139632432,
            0.6246578826858765,
            0.6688824512668968,
            0.7229846135137536,
            0.7429959812090372,
            0.6784767762148839,
            0.614282988624339,
            0.5393724929629419,
            0.45582279433047607,
            0.33001786386697113,
            0.174636036670075,
            0.08609448387476146,
            0.34830802411127465,
            0.32846266988910444,
            0.39035111380054355,
            0.3825238179411551,
            0.3850378600026983,
            0.3800406309039312,
            0.3989932124471678,
            0.4145622450701294,
            0.43540948476863606,
            0.4577654600213282
        ],
        "y_sigma": 0.19085978,
        "y_chi2": 0.03655063,
        "y_quality": 0.80598956
    }
}