{
    "x": {
        "x_gains": [
            0.3650420543048241,
            0.393060284835066,
            0.40441949625507545,
            0.4667344365068475,
            0.48886913423036255,
            0.512962537679022,
            0.505428708674127,
            0.474274070179757,
            0.437570503547384,
            0.3833879533370854,
            0.31156484784559296,
            0.22507525616265053,
            0.12063768113144634,
            0.05720868963381976,
            0.23471968953157227,
            0.25953603521592555,
            0.26926677848418423,
            0.28414749641903114,
            0.28801056929666785,
            0.28615597154430683,
            0.2893959813895232,
            0.3084388340654283,
            0.3240461490971329,
            0.34750408664805893
        ],
        "x_sigma": 0.18832697,
        "x_chi2": 0.035591,
        "x_quality": 0.81901044
    },
    "y": {
        "y_gains": [
            0.5252664177534166,
            0.5621257437064121,
            0.6207009476489648,
            0.6705375008490682,
            0.712093432924822,
            0.7427453830204247,
            0.7331961523332318,
            0.6776046053803568,
            0.6359016595888692,
            0.5721483667681582,
            0.46538581321610084,
            0.3350118095012967,
            0.19492468363626383,
            0.09371470469934261,
            0.3791262777124248,
            0.4049581619499772,
            0.42314233111649063,
            0.42010727523294533,
            0.42947288602386574,
            0.4429092030375953,
            0.4357862053794147,
            0.4455869888955712,
            0.47708084535672474,
            0.5021078235378206
        ],
        "y_sigma": 0.18814754,
        "y_chi2": 0.035524152,
        "y_quality": 0.796875
    }
}