{
    "x": {
        "x_gains": [
            0.5218507248089087,
            0.5656140589030481,
            0.5956714816976661,
            0.6105615548316331,
            0.6156456491398506,
            0.580997905734949,
            0.5154858655322129,
            0.41767366045896404,
            0.33269699488112403,
            0.27347541693925326,
            0.21819205019883406,
            0.15089911730052344,
            0.048447405980541584,
            0.018833477032763096,
            0.1157623389919508,
            0.19226095810556817,
            0.28068738319194547,
            0.3459528515388658,
            0.3923430795408503,
            0.41863144357517945,
            0.4306854790083897,
            0.45191320392316703,
            0.4730892186657162,
            0.48907312817041654
        ],
        "x_sigma": 0.542079,
        "x_chi2": 0.29634923,
        "x_quality": 0.79036456
    },
    "y": {
        "y_gains": [
            0.5630513328269625,
            0.6127254247473917,
            0.6408254652248692,
            0.6575327909959038,
            0.648899706191191,
            0.6086985950992946,
            0.530899012708342,
            0.43177795973860505,
            0.3640231282822601,
            0.3057983152469939,
            0.24413442627433285,
            0.17582020962938102,
            0.06050019260236315,
            0.029767273502304282,
            0.14568944133548034,
            0.22402577909445198,
            0.30689732087232,
            0.3752996251469814,
            0.418250844019747,
            0.44248100871510593,
            0.4662983345035867,
            0.48248956121772063,
            0.5095535689081011,
            0.5275408503895204
        ],
        "y_sigma": 0.548607,
        "y_chi2": 0.3034735,
        "y_quality": 0.79557294
    }
}