{
    "x": {
        "x_gains": [
            0.1466562004980327,
            0.15421843715344227,
            0.16603815689676013,
            0.18028778112544142,
            0.18445351955760667,
            0.19269385821084908,
            0.18770992891856725,
            0.16960340617912698,
            0.14916915020871002,
            0.12174818214745531,
            0.10174991539494535,
            0.07053455103241775,
            0.03616169891711623,
            0.016382234757325777,
            0.02714236226004354,
            0.039061669939513786,
            0.052410901467505246,
            0.06389587324029966,
            0.07366618169763715,
            0.0856037883442909,
            0.0996126760317856,
            0.1115786380019658,
            0.12168421170473132,
            0.13130449161021415
        ],
        "x_sigma": 0.32977545,
        "x_chi2": 0.109128736,
        "x_quality": 0.8515625
    },
    "y": {
        "y_gains": [
            0.14729293264942278,
            0.15680314022749595,
            0.17002692002219327,
            0.18594021609265343,
            0.1873511834421572,
            0.19669903611571332,
            0.189697073880902,
            0.17036874252858528,
            0.15351046189148837,
            0.12922416011080196,
            0.10416583116989582,
            0.07339750134354125,
            0.03852100897308383,
            0.021721218456962434,
            0.02910127549435428,
            0.03989948680881072,
            0.05238202820803649,
            0.06277491095221945,
            0.07276806518155778,
            0.08469008257113671,
            0.09940211615177033,
            0.11325917198258029,
            0.125370952275002,
            0.13147710451128186
        ],
        "y_sigma": 0.32702464,
        "y_chi2": 0.10729811,
        "y_quality": 0.83463544
    }
}