{
    "x": {
        "x_gains": [
            0.1368468488070855,
            0.14176281493318152,
            0.15010952816777526,
            0.15816038719054595,
            0.1618517785689632,
            0.16371225259988562,
            0.15387432468405754,
            0.13475096196353606,
            0.11310638311348846,
            0.08837820427331597,
            0.07419213849713585,
            0.05148306227844265,
            0.02494090875193947,
            0.01360009835591131,
            0.029636376186021843,
            0.04080281330501401,
            0.0557235620952728,
            0.06741774529440991,
            0.0768985167198907,
            0.08622591828662893,
            0.10003303090680542,
            0.10728376862560213,
            0.11723088916698661,
            0.12704251007542386
        ],
        "x_sigma": 0.37282905,
        "x_chi2": 0.13955198,
        "x_quality": 0.84244794
    },
    "y": {
        "y_gains": [
            0.15586093214812524,
            0.16010089430278246,
            0.169732833730395,
            0.18116053613373706,
            0.18746068012234435,
            0.18892041109912705,
            0.17884141523650168,
            0.15503937263627943,
            0.135516877021158,
            0.11137876666282039,
            0.09173162335802688,
            0.06303271309563865,
            0.03230393193122209,
            0.01743301412264164,
            0.035613041652550546,
            0.04823732842766135,
            0.06335847165174079,
            0.07682275231799211,
            0.08641957064510394,
            0.09965299829463824,
            0.11424905013339719,
            0.12482499535651019,
            0.13571230857982444,
            0.14595290190346374
        ],
        "y_sigma": 0.36047336,
        "y_chi2": 0.13039196,
        "y_quality": 0.828125
    }
}