{
    "x": {
        "x_gains": [
            0.11338009884477018,
            0.13524480039192863,
            0.13776192554361924,
            0.15169253985190562,
            0.16373214992101562,
            0.16341072699585898,
            0.16049063914273604,
            0.12660789334125663,
            0.10400603151777978,
            0.07948127341717018,
            0.08189617824932505,
            0.0583224979852493,
            0.03191568743486407,
            0.017731493064415144,
            0.009916955907081892,
            0.024777701891936114,
            0.04307022479556287,
            0.05034307040473361,
            0.062342779303444125,
            0.07377778249955586,
            0.07658773458152959,
            0.08778882853797099,
            0.08274024436669251,
            0.1020649890652674
        ],
        "x_sigma": 0.4095205,
        "x_chi2": 0.16838156,
        "x_quality": 0.81380206
    },
    "y": {
        "y_gains": [
            0.1392114534274347,
            0.14913454168203807,
            0.1640251509605477,
            0.17533662440177336,
            0.1820651482263377,
            0.1861467711446444,
            0.17579207425963497,
            0.16027832780402487,
            0.1402250190881307,
            0.11958239436240761,
            0.09906777226300513,
            0.06932124038159125,
            0.03625107874147565,
            0.02056828780563396,
            0.028310711187713607,
            0.03870219615999132,
            0.052874420027096025,
            0.060673242432681525,
            0.07194853837623516,
            0.0835363545202691,
            0.09638927231738173,
            0.10868086212615413,
            0.11669967711533336,
            0.12736555082301962
        ],
        "y_sigma": 0.34376687,
        "y_chi2": 0.118588455,
        "y_quality": 0.8229167
    }
}