{
    "x": {
        "x_gains": [
            0.14515106255730653,
            0.15065909512309428,
            0.15877321147256485,
            0.16784634674034002,
            0.16841668443462687,
            0.17394474679906877,
            0.16244856512918737,
            0.14508371359291053,
            0.1201721153104322,
            0.0958093746023911,
            0.07882345587411704,
            0.053431327813378476,
            0.02624831059310945,
            0.013951182858014208,
            0.03411555641739032,
            0.04592477338420573,
            0.06171134063752875,
            0.07103493892540262,
            0.08078341167573959,
            0.09180927247945446,
            0.10541516656492347,
            0.11432696345412853,
            0.12467069016385034,
            0.13502214896580528
        ],
        "x_sigma": 0.3477406,
        "x_chi2": 0.12138033,
        "x_quality": 0.8489583
    },
    "y": {
        "y_gains": [
            0.12465837372680169,
            0.12962199633428995,
            0.13792557453242885,
            0.1439127697499157,
            0.14172563173385422,
            0.14406838753474208,
            0.13305045033585927,
            0.11548529635432553,
            0.09872522046328983,
            0.07852320466704238,
            0.06248412512695993,
            0.04260666375890389,
            0.02122245275229427,
            0.012032331838235887,
            0.032347763821730435,
            0.0433329034709309,
            0.056615363711250324,
            0.0646509784602335,
            0.07427657953974369,
            0.08378268079611309,
            0.09411796595263758,
            0.10100650456637782,
            0.10829266221915923,
            0.11662886142123698
        ],
        "y_sigma": 0.3714586,
        "y_chi2": 0.13846655,
        "y_quality": 0.82682294
    }
}