{
    "x": {
        "x_gains": [
            0.13909253581604977,
            0.14468588982690359,
            0.15812730465605057,
            0.15757964473133326,
            0.15774544406312638,
            0.1821404147049461,
            0.16379031760089113,
            0.13705607417650167,
            0.1213385191798584,
            0.0978811855525804,
            0.07388352026602796,
            0.05093455744694809,
            0.024124899429325504,
            0.013267338055886539,
            0.03341809498946461,
            0.044627285407913025,
            0.06267455647409993,
            0.07134525545846497,
            0.08131476212586061,
            0.09183403496066611,
            0.10139790189489356,
            0.11432330378799978,
            0.11960816842456785,
            0.13307795850533438
        ],
        "x_sigma": 0.34851694,
        "x_chi2": 0.12191761,
        "x_quality": 0.8489583
    },
    "y": {
        "y_gains": [
            0.14078870933119267,
            0.1485975511717957,
            0.15789122999478644,
            0.1656503383416443,
            0.16950811423477272,
            0.17122276166904524,
            0.16266313119435435,
            0.14302838870367507,
            0.12126455159461066,
            0.09677598546502118,
            0.07395925643730274,
            0.05111475139011678,
            0.026287015568090665,
            0.013735577900746303,
            0.03678019548306097,
            0.049910378428974014,
            0.06588466402016756,
            0.07863259180964496,
            0.0882075658099007,
            0.09628246656807983,
            0.10859948261034494,
            0.11820634169930837,
            0.12397643505513047,
            0.13365401386393086
        ],
        "y_sigma": 0.35120052,
        "y_chi2": 0.12378558,
        "y_quality": 0.8255208
    }
}