{
    "x": {
        "x_gains": [
            0.1407851732714224,
            0.1424805119074027,
            0.15138222416031838,
            0.16260932021336294,
            0.1650546739481086,
            0.16824585025816485,
            0.1644779692944632,
            0.1443192827447103,
            0.12122800575445096,
            0.0940833431650427,
            0.07527705720905795,
            0.05078727900550382,
            0.023195871506005876,
            0.009728133684791347,
            0.030651115516698118,
            0.04258285271132049,
            0.05898055994846043,
            0.06976998440850159,
            0.07816443640080284,
            0.08834474025895434,
            0.10292375511145099,
            0.11507459998630612,
            0.11878537205657272,
            0.12883138085081275
        ],
        "x_sigma": 0.32402077,
        "x_chi2": 0.105336204,
        "x_quality": 0.84375
    },
    "y": {
        "y_gains": [
            0.13373414347694332,
            0.13645261649461335,
            0.14782708086868632,
            0.15520724979272071,
            0.15353012743184813,
            0.15578401107686632,
            0.14668083994729464,
            0.1272244317218599,
            0.1096480407539838,
            0.08875863854544475,
            0.07073815190777613,
            0.048721624951942204,
            0.024271336258174982,
            0.01271075706285927,
            0.03297048979607851,
            0.04367481271803559,
            0.0580606938624505,
            0.06851995794519061,
            0.0763503552887433,
            0.08605775697513181,
            0.09871039800526028,
            0.10833260840762873,
            0.11207363686236405,
            0.12250966938193014
        ],
        "y_sigma": 0.3508055,
        "y_chi2": 0.12348967,
        "y_quality": 0.83203125
    }
}