{
    "x": {
        "x_gains": [
            1.9894202630411473,
            2.0124357663205474,
            2.0442217496526665,
            2.1292004813866785,
            2.168065065020163,
            2.153806324996882,
            2.1589343569100192,
            2.112167143051885,
            2.1489165656926588,
            2.222364947437735,
            2.2299641622459485,
            2.2695329051632553,
            2.2685684196719094,
            2.2649998140435152,
            2.1934757476708855,
            2.3145348739648965,
            2.3286555998240748,
            2.249775472407854,
            2.202406825417325,
            2.1798435447813542,
            2.1695757785088765,
            2.1690974585032134,
            2.1999628514272906,
            2.1806484978232112
        ],
        "x_sigma": 0.033572793,
        "x_chi2": 0.0011305094,
        "x_quality": 0.8385417
    },
    "y": {
        "y_gains": [
            2.03121213376255,
            2.0575000062239375,
            2.0973591165604604,
            2.1824584119454853,
            2.234716072842269,
            2.2115551545268874,
            2.2177057904564315,
            2.1776834182713345,
            2.213124412028172,
            2.2625801151336518,
            2.2697253030906057,
            2.318953825316084,
            2.3397710730545787,
            2.308314132006945,
            2.2372855175899637,
            2.3260554779118237,
            2.3556845790173755,
            2.2751761896441263,
            2.262033611647917,
            2.213716630988934,
            2.225596622363347,
            2.196858272983806,
            2.227819891989945,
            2.212248912513741
        ],
        "y_sigma": 0.032484576,
        "y_chi2": 0.0010584267,
        "y_quality": 0.8489583
    }
}