{
    "x": {
        "x_gains": [
            0.40465174699489426,
            0.4194159733231309,
            0.425425884280671,
            0.4316448322725302,
            0.4454731706878119,
            0.4427713982782746,
            0.4461627858832667,
            0.44637859296825155,
            0.4511564900349908,
            0.451701296798287,
            0.46376441658065387,
            0.4677715461772142,
            0.48248118070092644,
            0.475405152155796,
            0.48798276561987697,
            0.4864946648562578,
            0.4875741722209491,
            0.4793667143860252,
            0.4924461227008306,
            0.48453443605618435,
            0.49699459910999205,
            0.5123843817452202,
            0.5242192710657645,
            0.5275074565816525
        ],
        "x_sigma": 0.034163352,
        "x_chi2": 0.0011706243,
        "x_quality": 0.82942706
    },
    "y": {
        "y_gains": [
            0.4125862062776724,
            0.42160851574998714,
            0.4267268226313376,
            0.4333741427317739,
            0.44770779652235804,
            0.44927569569442927,
            0.4503953074574023,
            0.4547603288008129,
            0.4579789435021146,
            0.45900068207501354,
            0.4700098025244414,
            0.47429296554759615,
            0.4812135435626982,
            0.47488855790211704,
            0.49247631619835863,
            0.4920399014837709,
            0.49715980063295395,
            0.49202937021716703,
            0.5044397762466573,
            0.48946198143216185,
            0.5048382944886349,
            0.5242503259657464,
            0.5295712591086257,
            0.5292752739528818
        ],
        "y_sigma": 0.031040179,
        "y_chi2": 0.0009663769,
        "y_quality": 0.8359375
    }
}