{
    "x": {
        "x_gains": [
            0.4421781732187007,
            0.44430672910538754,
            0.45574086282865406,
            0.4340979984045162,
            0.4419360742120269,
            0.45663309804551905,
            0.45978387674959836,
            0.46729251464681654,
            0.46842326013782704,
            0.4634060520923084,
            0.47860567998691683,
            0.4949168574323694,
            0.5020265052925893,
            0.4932937941914162,
            0.5119627258369976,
            0.5046138102202967,
            0.4980746426613284,
            0.5080827067191651,
            0.4974994681730685,
            0.5052269262104959,
            0.5114191718364326,
            0.5192564973916448,
            0.5291262295173914,
            0.5341896036553526
        ],
        "x_sigma": 0.034956597,
        "x_chi2": 0.0012256326,
        "x_quality": 0.8333333
    },
    "y": {
        "y_gains": [
            0.3294795212003598,
            0.33333124445753476,
            0.33970139839439456,
            0.3287520097021293,
            0.33563689887347503,
            0.3443389810665211,
            0.34782433271206115,
            0.34928063731701053,
            0.34927874637431194,
            0.34590591808705723,
            0.35720603158101394,
            0.36569473295727234,
            0.37234215652683406,
            0.3722136551045939,
            0.38141416089323227,
            0.37717125706088167,
            0.3733607409986086,
            0.3755636929358197,
            0.3684971356533397,
            0.37587159925472174,
            0.3742714712244748,
            0.3793498913997131,
            0.3836284267129681,
            0.3892304602416654
        ],
        "y_sigma": 0.033202223,
        "y_chi2": 0.0011056835,
        "y_quality": 0.8333333
    }
}