{
    "x": {
        "x_gains": [
            0.37197782431881654,
            0.3754097456595219,
            0.38390490951802775,
            0.39067162116416626,
            0.3867866860596354,
            0.39121304210391245,
            0.3899039518403115,
            0.40261529231118326,
            0.39897344133544393,
            0.3944903894251328,
            0.4042208253518247,
            0.41222135742761673,
            0.4138414743814332,
            0.42193348657394986,
            0.43369883302486506,
            0.4377748377792505,
            0.43010451152536006,
            0.43613656622179864,
            0.42887237444332366,
            0.43098638690708185,
            0.42852372163767544,
            0.439433322606766,
            0.4508182531622195,
            0.46550630840183954
        ],
        "x_sigma": 0.039047394,
        "x_chi2": 0.0015292739,
        "x_quality": 0.82682294
    },
    "y": {
        "y_gains": [
            0.38187911792186574,
            0.38406187759172156,
            0.39207841631058754,
            0.3969785959065552,
            0.3966990355889416,
            0.3996597137333389,
            0.3985230099614015,
            0.41016177436639845,
            0.40599211888098824,
            0.39623174104702497,
            0.4079382166148666,
            0.4221303525864877,
            0.42326304486122684,
            0.42720997750611306,
            0.43733730505580287,
            0.4382403824751703,
            0.4324207453852599,
            0.4371080615927221,
            0.42951562663752835,
            0.4319042485557122,
            0.42746838304911744,
            0.4393530263075805,
            0.45572983423966607,
            0.467764609996111
        ],
        "y_sigma": 0.0386888,
        "y_chi2": 0.0015013095,
        "y_quality": 0.83203125
    }
}