{
    "x": {
        "x_gains": [
            0.22388270050985032,
            0.22559908966255338,
            0.23272824764705924,
            0.2340271771080232,
            0.23472868661765045,
            0.23974262957435827,
            0.24147906701278343,
            0.24430351389073132,
            0.2465648583928705,
            0.2491891571717499,
            0.24127095555868616,
            0.2517349319776971,
            0.2534873136950628,
            0.26167264767476245,
            0.26531867093918166,
            0.2655864310405097,
            0.2629027545320623,
            0.2611632262329059,
            0.2683494970969415,
            0.26302616016104774,
            0.26858617686861713,
            0.2715500489550428,
            0.27639714333602067,
            0.27968923617093355
        ],
        "x_sigma": 0.033406705,
        "x_chi2": 0.0011193446,
        "x_quality": 0.82942706
    },
    "y": {
        "y_gains": [
            0.4456470576910616,
            0.4520888039846022,
            0.46101623653083434,
            0.4662348089043388,
            0.46538085349638536,
            0.4748906326872921,
            0.4788551225263362,
            0.48363301249925345,
            0.49599784300458033,
            0.4912480717285064,
            0.47907335714966687,
            0.5019454905267325,
            0.5024665328397303,
            0.522936217835566,
            0.5266668822489772,
            0.5265703169363549,
            0.5213103322873762,
            0.5222012831112167,
            0.5351148806030274,
            0.5257819547532029,
            0.5374297807684193,
            0.5443998647492976,
            0.5578891438566251,
            0.5632455787334241
        ],
        "y_sigma": 0.0285279,
        "y_chi2": 0.0008162791,
        "y_quality": 0.83203125
    }
}