{
    "x": {
        "x_gains": [
            0.4219463405775331,
            0.43863246678565304,
            0.43737311259287287,
            0.4521370847086966,
            0.44671450859929895,
            0.45744220732332946,
            0.45134893980616464,
            0.4608108058290724,
            0.4652684110199754,
            0.4712947782470879,
            0.4771253465063188,
            0.4865742013492703,
            0.4916887877452274,
            0.4970253529650395,
            0.5035274616324662,
            0.501461006642854,
            0.48621765017719476,
            0.4847272149125358,
            0.4928920772872521,
            0.49313088403770833,
            0.5046942622722467,
            0.5039455662188758,
            0.5068640543974613,
            0.5187588114426366
        ],
        "x_sigma": 0.036576338,
        "x_chi2": 0.0013418284,
        "x_quality": 0.83463544
    },
    "y": {
        "y_gains": [
            0.4716896583929156,
            0.48989080921731515,
            0.48619195402880044,
            0.5036361522923201,
            0.49606565369398764,
            0.5071584656691502,
            0.5016106215447179,
            0.5081052698595359,
            0.5200176910018478,
            0.5323043251962101,
            0.5396897561055641,
            0.5448696922336236,
            0.5490859201960719,
            0.5609892034822844,
            0.5675571505929469,
            0.567601316835055,
            0.5549902979371066,
            0.5551600965134724,
            0.5736925260485092,
            0.5706525166146907,
            0.5860705219831243,
            0.5933257850426961,
            0.5888279667846854,
            0.601181779094072
        ],
        "y_sigma": 0.02663688,
        "y_chi2": 0.00071165105,
        "y_quality": 0.828125
    }
}