{
    "x": {
        "x_gains": [
            0.35218025994424984,
            0.3620917854155729,
            0.3736321374153242,
            0.377925092979021,
            0.3902257807344751,
            0.38539462289714244,
            0.37607467097979186,
            0.38323391479115826,
            0.3838025498613245,
            0.3851927737681564,
            0.3946173716959822,
            0.38707427394059224,
            0.40852471797189704,
            0.4081729448359572,
            0.4090824485220874,
            0.39853180881632067,
            0.40968302210055546,
            0.4071823215443057,
            0.40816163265959177,
            0.40727644992758016,
            0.4148369591189792,
            0.4206347597254332,
            0.4356280111424933,
            0.42628982191700066
        ],
        "x_sigma": 0.037195534,
        "x_chi2": 0.0013876455,
        "x_quality": 0.83463544
    },
    "y": {
        "y_gains": [
            0.40026769903711606,
            0.41099973383657235,
            0.4208933123840702,
            0.42860170622053223,
            0.43708901339612266,
            0.4335712859264755,
            0.42745286990147036,
            0.4347394371793688,
            0.43330083288219495,
            0.43889370696647206,
            0.44822708259749383,
            0.44357907096355803,
            0.46268342506032234,
            0.4683939035348377,
            0.4688690194701611,
            0.45189427300830987,
            0.46139243438215216,
            0.46245725738798593,
            0.4648213877335495,
            0.46352425650245727,
            0.46294108042392995,
            0.46945116933244513,
            0.48890508142518563,
            0.47689171138837916
        ],
        "y_sigma": 0.032769203,
        "y_chi2": 0.0010770361,
        "y_quality": 0.8333333
    }
}