{
    "x": {
        "x_gains": [
            0.3984779735322961,
            0.4131011561627298,
            0.4189322171861915,
            0.42129556390516554,
            0.428594744125509,
            0.4277940351394299,
            0.4360149195585175,
            0.4392404022458186,
            0.44185595407525957,
            0.44184609484270615,
            0.44110066614140403,
            0.45230457321535544,
            0.454641714595754,
            0.46855977937206805,
            0.46976869341166316,
            0.4628414028111969,
            0.4706362955652413,
            0.47199874523853563,
            0.46942794196593796,
            0.47014198758166953,
            0.4700121662649238,
            0.4734690885999391,
            0.4941617995435625,
            0.49433076759187256
        ],
        "x_sigma": 0.034547955,
        "x_chi2": 0.00119713,
        "x_quality": 0.84505206
    },
    "y": {
        "y_gains": [
            0.3949956578127337,
            0.41505251016079675,
            0.4208364191163765,
            0.42233355591719507,
            0.4273826271611831,
            0.4291703664728676,
            0.4324060486514747,
            0.4345531079738018,
            0.4389439692851591,
            0.44376006780653837,
            0.43991097609558943,
            0.45696715196730525,
            0.4528967046782871,
            0.4750813873801755,
            0.4676507503760263,
            0.4591329650444167,
            0.45980808346289187,
            0.4581694079553237,
            0.4551046126217803,
            0.45783902361616097,
            0.45330130729377216,
            0.4542449095952696,
            0.47107147704131874,
            0.469737137916045
        ],
        "y_sigma": 0.034963444,
        "y_chi2": 0.0012260971,
        "y_quality": 0.84505206
    }
}