{
    "x": {
        "x_gains": [
            0.39507713347677004,
            0.4028605516329248,
            0.40155989958593147,
            0.4151382659508576,
            0.41311665199689435,
            0.42099856649988104,
            0.43413301357989775,
            0.4258219449383269,
            0.42351353947374887,
            0.4220312999513609,
            0.42893547223436346,
            0.4395004936249794,
            0.44522140526567805,
            0.44533174320212227,
            0.4551630280175602,
            0.46029686385937746,
            0.4463349207978683,
            0.4478934028033917,
            0.45368654343027853,
            0.44660543914511863,
            0.4559701124358461,
            0.4734344115802057,
            0.480908879309184,
            0.4941561586830303
        ],
        "x_sigma": 0.04333537,
        "x_chi2": 0.0018835854,
        "x_quality": 0.8463542
    },
    "y": {
        "y_gains": [
            0.4512269673450654,
            0.45543968967432596,
            0.4577432279292579,
            0.47448805822689694,
            0.4751944685843234,
            0.4848928246238662,
            0.4923374567580012,
            0.4893509884645292,
            0.47943297270544943,
            0.4758653695020835,
            0.4922658633412861,
            0.49529474941007917,
            0.4993728625905157,
            0.5002582333000295,
            0.5082796208843964,
            0.5183298541305758,
            0.5067075667502345,
            0.5055387584685958,
            0.5152962603095324,
            0.5123142150134603,
            0.5211483023385591,
            0.5396181144188982,
            0.5443477380446267,
            0.5504340723094232
        ],
        "y_sigma": 0.039178863,
        "y_chi2": 0.0015395883,
        "y_quality": 0.84505206
    }
}