{
    "x": {
        "x_gains": [
            0.43888415284123067,
            0.4614896359349796,
            0.4515515650438581,
            0.46091753470881874,
            0.46332712521318264,
            0.4748819953857616,
            0.4716554417388087,
            0.5000700348083749,
            0.46724037554912423,
            0.4764177274464682,
            0.49355871330033135,
            0.5055980319697725,
            0.5050063807556209,
            0.5067079518793646,
            0.5076481251234854,
            0.5061647321219327,
            0.5065761691980616,
            0.4964644039242334,
            0.5075211848224166,
            0.5181027161431273,
            0.5160820454849943,
            0.5262326724079002,
            0.5400808004083875,
            0.5388813685000129
        ],
        "x_sigma": 0.03549032,
        "x_chi2": 0.0012633298,
        "x_quality": 0.8333333
    },
    "y": {
        "y_gains": [
            0.43934356798819746,
            0.4567308285179441,
            0.4495848982634334,
            0.46054308622356743,
            0.46698449943020887,
            0.4651632281025573,
            0.46300484775335693,
            0.4956127123669497,
            0.4685032305640264,
            0.47272642697671974,
            0.486298775159275,
            0.5017647820030219,
            0.5065276471147502,
            0.5097015575052433,
            0.5102726039537554,
            0.5117307886666982,
            0.5114981196817622,
            0.5026058100829561,
            0.5090968479370479,
            0.5227710441091727,
            0.521022855396984,
            0.5300186391654835,
            0.5409928105301438,
            0.5442978728893557
        ],
        "y_sigma": 0.028841697,
        "y_chi2": 0.0008343392,
        "y_quality": 0.83203125
    }
}