{
    "x": {
        "x_gains": [
            1.8748790117137752,
            1.9382022058136608,
            1.994510508726831,
            2.002559832182282,
            2.0311424097518236,
            2.027919462314189,
            1.9799960994076842,
            1.9763402818427256,
            2.029756844263963,
            2.0896665466849793,
            2.117097958334242,
            2.079889037087916,
            2.068006946104451,
            2.0086172895509398,
            2.0447383433198696,
            2.069438348223977,
            2.0642325168020785,
            2.107817566534737,
            2.0611891622756295,
            2.011690011122232,
            1.983835706662117,
            2.0231819424051896,
            2.012889740743827,
            1.9683634392553004
        ],
        "x_sigma": 0.036228847,
        "x_chi2": 0.0013164543,
        "x_quality": 0.8385417
    },
    "y": {
        "y_gains": [
            1.9697028191174628,
            2.0237137154201967,
            2.0990013728098678,
            2.139292592417012,
            2.1446907922076006,
            2.1451948536260614,
            2.090659964066573,
            2.0949414914265567,
            2.1561566249421613,
            2.168634539864003,
            2.1991427565603505,
            2.2105602886107514,
            2.1848895008521616,
            2.1300756240748813,
            2.1662158193888965,
            2.15644955245046,
            2.1514262891340947,
            2.2157260089939865,
            2.152001272951793,
            2.0935507332242733,
            2.0557242711306256,
            2.112276538568501,
            2.1029018426193726,
            2.0910732667741923
        ],
        "y_sigma": 0.035515435,
        "y_chi2": 0.001265119,
        "y_quality": 0.84244794
    }
}