{
    "x": {
        "x_gains": [
            0.4171088541907156,
            0.4258578683181889,
            0.4425193867743346,
            0.44342384042559463,
            0.44100029097199195,
            0.44915189567027897,
            0.4573160205073308,
            0.45431550894581313,
            0.4604258884216794,
            0.46546435981288703,
            0.47496777343657237,
            0.4760365577034854,
            0.4856517823298998,
            0.4954101733668086,
            0.5010504020628846,
            0.5067212006779119,
            0.4924409331873869,
            0.48544337363726936,
            0.492047915232347,
            0.5065495591625824,
            0.5006943629425287,
            0.5039898101324228,
            0.5177199757230749,
            0.5214831502275622
        ],
        "x_sigma": 0.037475083,
        "x_chi2": 0.0014085806,
        "x_quality": 0.8385417
    },
    "y": {
        "y_gains": [
            0.43099807085263486,
            0.4441344386062972,
            0.4620652514686166,
            0.45900763467398753,
            0.45727057934810594,
            0.4617817423690106,
            0.46260647755468065,
            0.46411788594302955,
            0.4730792367982981,
            0.4805758452007534,
            0.4930380075111382,
            0.4935728425166016,
            0.5005475990733863,
            0.5129973522154663,
            0.5089509198269974,
            0.5199986001637683,
            0.5082833152901228,
            0.5022528299561267,
            0.5029608045159845,
            0.5188254787306458,
            0.5161980895715184,
            0.5238530734616976,
            0.5408760298617656,
            0.543969992004185
        ],
        "y_sigma": 0.033711713,
        "y_chi2": 0.0011398796,
        "y_quality": 0.83723956
    }
}