{
    "x": {
        "x_gains": [
            1.9039698533029308,
            1.9786170851606686,
            2.0011134195066136,
            2.0267336299458,
            2.1240371421029276,
            2.0707475025749744,
            2.161960550576116,
            2.1237260722969022,
            2.197397973164058,
            2.2089362072476963,
            2.287616013586609,
            2.2645332649746224,
            2.3931554223301887,
            2.38166347761927,
            2.448026919679062,
            2.426710903988639,
            2.3662537758903066,
            2.5003432971346964,
            2.425921455941021,
            2.4288472241737336,
            2.5433498078817136,
            2.614529873278443,
            2.565500103838617,
            2.6458629868427583
        ],
        "x_sigma": 0.03609749,
        "x_chi2": 0.0013069244,
        "x_quality": 0.83203125
    },
    "y": {
        "y_gains": [
            0.9086940576133842,
            0.946336028214441,
            0.9369956620848828,
            0.9705322156037316,
            1.0165296875970469,
            0.9995080421416578,
            1.020806590327347,
            0.9970450575629008,
            1.0276984251857642,
            1.0391045595430084,
            1.0686937078948038,
            1.080056370302079,
            1.128260800643199,
            1.122008355461582,
            1.1475671519001358,
            1.1237913483574495,
            1.118605231718906,
            1.1691441396071276,
            1.1173609454080349,
            1.1316240604549785,
            1.1833243191631113,
            1.192426659798289,
            1.1924860405199125,
            1.238349146845547
        ],
        "y_sigma": 0.037335645,
        "y_chi2": 0.001398118,
        "y_quality": 0.82421875
    }
}