{
    "x": {
        "x_gains": [
            0.41154426098853014,
            0.4138590640204794,
            0.4311034778971307,
            0.4342292873064184,
            0.4287947693898851,
            0.4270023109792072,
            0.42814529555875896,
            0.42652686594627415,
            0.4256124552590867,
            0.43668309148222556,
            0.4525370130022935,
            0.4417804103963301,
            0.4451158968290789,
            0.4655871284154948,
            0.45966824823188607,
            0.4516106014685473,
            0.4566837308064961,
            0.44916081264150526,
            0.45012317845840105,
            0.441005444785523,
            0.4462602277265942,
            0.462617499062043,
            0.4692751041767268,
            0.4786697117719051
        ],
        "x_sigma": 0.03658216,
        "x_chi2": 0.0013422552,
        "x_quality": 0.84244794
    },
    "y": {
        "y_gains": [
            0.4477706640452381,
            0.4529761803381522,
            0.4635663073888715,
            0.4687743323176869,
            0.46151623775655115,
            0.46063640789095966,
            0.46241119508601175,
            0.4637546737775717,
            0.4581736483625378,
            0.4802056125183456,
            0.48971514934793936,
            0.47788249882464795,
            0.4795048824385892,
            0.4982788948692322,
            0.4955025218105345,
            0.48901902880625275,
            0.49402640561257477,
            0.4855721226829044,
            0.4885941840777611,
            0.48679239735422486,
            0.491959899364683,
            0.5055918202524006,
            0.5066381760377165,
            0.5129281225102148
        ],
        "y_sigma": 0.035267252,
        "y_chi2": 0.0012474987,
        "y_quality": 0.8359375
    }
}