{
    "x": {
        "x_gains": [
            0.29302015729615066,
            0.3019989491644565,
            0.2993536953716925,
            0.30002775256711245,
            0.29699591306893985,
            0.30604606238075677,
            0.3124063757142781,
            0.31489451694960674,
            0.30835051745071207,
            0.30491353216317885,
            0.3243356673068512,
            0.3141841250930378,
            0.3111994391937146,
            0.3151479717423201,
            0.3148446480943587,
            0.3188508919949359,
            0.32449844141776096,
            0.3126364853656424,
            0.3187411001508442,
            0.3244873537868096,
            0.31848137887149947,
            0.32258813753093624,
            0.3225347411845772,
            0.3160152349680717
        ],
        "x_sigma": 0.03745573,
        "x_chi2": 0.0014071292,
        "x_quality": 0.82942706
    },
    "y": {
        "y_gains": [
            0.2848471540080544,
            0.29384419046968674,
            0.29511026780400984,
            0.29706421830298796,
            0.3005025032910283,
            0.30451949564263053,
            0.3083704665339872,
            0.3099974295013146,
            0.30372761561642264,
            0.30008137606756197,
            0.31047415613124363,
            0.3092544231500439,
            0.3103692761232543,
            0.3111592439888312,
            0.3108480369635618,
            0.3161849378348794,
            0.3193945811834751,
            0.30779021339157053,
            0.30759342350496066,
            0.30883577929211625,
            0.3067384925520827,
            0.3115289739235607,
            0.3121443797608456,
            0.3129660945364789
        ],
        "y_sigma": 0.036996514,
        "y_chi2": 0.0013728363,
        "y_quality": 0.828125
    }
}