{
    "x": {
        "x_gains": [
            0.4217118159771088,
            0.4299040204881938,
            0.43028908111336445,
            0.4278105979808195,
            0.43486349330540697,
            0.43774969516205603,
            0.4303368177418575,
            0.4318058331527305,
            0.4428076306382142,
            0.4429176580640246,
            0.45538298665481947,
            0.4678584299691022,
            0.45965147202924267,
            0.4610551976665812,
            0.4702952800648368,
            0.4626871071959967,
            0.4554516584292921,
            0.45776726215168373,
            0.47477131689978885,
            0.47333661702722457,
            0.4865360158529003,
            0.4905631832134773,
            0.49116753076133124,
            0.5041834368581587
        ],
        "x_sigma": 0.031396702,
        "x_chi2": 0.0009887008,
        "x_quality": 0.85026044
    },
    "y": {
        "y_gains": [
            0.4321452450540113,
            0.44373255936908684,
            0.4478352539494591,
            0.4529338746436656,
            0.4530205667260108,
            0.4613577583512329,
            0.45196555299341307,
            0.45932960201524436,
            0.4684439743348916,
            0.4696250508897446,
            0.47907686869801325,
            0.48676486336510283,
            0.482470472686454,
            0.48583334264513905,
            0.4950784253733634,
            0.4866317158035742,
            0.47505588438659957,
            0.4798694755026633,
            0.49184211002626044,
            0.49113532659295933,
            0.5041066290374593,
            0.5008726202790502,
            0.5106762226444153,
            0.5199531231062332
        ],
        "y_sigma": 0.02974831,
        "y_chi2": 0.00088760816,
        "y_quality": 0.8359375
    }
}