{
    "x": {
        "x_gains": [
            0.38144417511095063,
            0.3993827778797535,
            0.3983694896137903,
            0.4160089392000855,
            0.4174619316464532,
            0.41586406634628775,
            0.4181543553243218,
            0.4172069496664848,
            0.40947683356150744,
            0.4093784006552019,
            0.4126158790434705,
            0.4110798854830098,
            0.4246883753490992,
            0.4386666394108461,
            0.44617588449684253,
            0.4358278185497123,
            0.4408989117556701,
            0.4327838060955435,
            0.43619645415902414,
            0.4283987226863684,
            0.43595019704948906,
            0.45269194851606903,
            0.4697968983445015,
            0.4624884840367475
        ],
        "x_sigma": 0.045778237,
        "x_chi2": 0.002101912,
        "x_quality": 0.83984375
    },
    "y": {
        "y_gains": [
            0.3933057319236784,
            0.41204795249251924,
            0.4114456781643104,
            0.4284241791810441,
            0.43192353778549175,
            0.4329128580616837,
            0.4315039665139114,
            0.4335257609677682,
            0.42896233582002796,
            0.43061620964291797,
            0.4368009328670163,
            0.43175860894284335,
            0.4476921024426977,
            0.46097879073462134,
            0.4692405763588151,
            0.4638452567694273,
            0.47381048101950746,
            0.47090302011297436,
            0.4756955715786738,
            0.4648128103526084,
            0.4750844343811004,
            0.48875544779040997,
            0.5070065516907629,
            0.4971918603726154
        ],
        "y_sigma": 0.035644587,
        "y_chi2": 0.0012743351,
        "y_quality": 0.8359375
    }
}