{
    "x": {
        "x_gains": [
            0.42165057648066817,
            0.42549027116494986,
            0.42695649612174064,
            0.433491839624492,
            0.42853134252527353,
            0.4377674786655114,
            0.44864984884762266,
            0.44129224490660496,
            0.45061474214968283,
            0.4512904605590641,
            0.45083256150798806,
            0.46063579255267084,
            0.4652162464678456,
            0.4713310086031106,
            0.4720979712817138,
            0.4690532282541529,
            0.46977054715303074,
            0.46656181778456196,
            0.45235625588345857,
            0.45095436147951445,
            0.46147796532703766,
            0.4751794978673707,
            0.47264599136645924,
            0.4782882713241358
        ],
        "x_sigma": 0.032057427,
        "x_chi2": 0.0010307529,
        "x_quality": 0.83463544
    },
    "y": {
        "y_gains": [
            0.4680435540737504,
            0.4720987736384577,
            0.47238824569555105,
            0.47805466172613115,
            0.4784201418707089,
            0.493800385539589,
            0.5047593761577919,
            0.4950926417351215,
            0.5109264168883662,
            0.5111622761831247,
            0.515990041185809,
            0.5197623521782877,
            0.5231070234598331,
            0.5303214750446359,
            0.5308834266529069,
            0.5278919080082892,
            0.5302110828644102,
            0.5275721330912551,
            0.5228621747333233,
            0.5191001875820438,
            0.5313920942460014,
            0.5424994621117833,
            0.5427711834094389,
            0.541862333155169
        ],
        "y_sigma": 0.02787558,
        "y_chi2": 0.0007793714,
        "y_quality": 0.8385417
    }
}