{
    "x": {
        "x_gains": [
            0.32648048616339786,
            0.33539286914513056,
            0.33184714483362443,
            0.32820069025856374,
            0.3323780566400128,
            0.3346399125626065,
            0.33161353029629503,
            0.33592999380175564,
            0.34235779347389356,
            0.34985632450321624,
            0.3459890954616784,
            0.34743725934541086,
            0.3535027384443136,
            0.3480730796138157,
            0.3399642106076925,
            0.34753977462393154,
            0.3496803903747955,
            0.35778610544815215,
            0.3664585206699829,
            0.35590323346985187,
            0.34977252543808135,
            0.3542521218727907,
            0.35645708463446113,
            0.35465056297762343
        ],
        "x_sigma": 0.033005886,
        "x_chi2": 0.0010926455,
        "x_quality": 0.8359375
    },
    "y": {
        "y_gains": [
            0.31888815689884076,
            0.33107459895361224,
            0.3286525541068916,
            0.3242872749413883,
            0.3279442473791024,
            0.33336742570873584,
            0.3281726650285162,
            0.332288474378216,
            0.3336718990869402,
            0.3366707618175898,
            0.34030238589405776,
            0.3430295789260464,
            0.34922002754507886,
            0.34222426263932587,
            0.3346396102064278,
            0.3419975681236926,
            0.35047600248753846,
            0.3567664176056521,
            0.36105759836328255,
            0.3563230595893305,
            0.35288400095927985,
            0.36164141806832856,
            0.36242578244827023,
            0.35722106303987267
        ],
        "y_sigma": 0.031966142,
        "y_chi2": 0.0010248892,
        "y_quality": 0.8333333
    }
}