{
    "x": {
        "x_gains": [
            0.3893965754907565,
            0.40104013770114166,
            0.41442763502933005,
            0.4125378503477694,
            0.4230377204967783,
            0.4134209675538956,
            0.4178366790073337,
            0.4116411626837571,
            0.4211513494552597,
            0.4066541634066558,
            0.42179443923926674,
            0.43261530008901056,
            0.4302946356458658,
            0.43636606731932776,
            0.4484594923133594,
            0.44622836629101675,
            0.4505356869317618,
            0.44450633948273777,
            0.4350053314253419,
            0.43242158683155185,
            0.4342349440323265,
            0.4375849215587458,
            0.4542584870703044,
            0.4563779780830865
        ],
        "x_sigma": 0.037695445,
        "x_chi2": 0.0014252116,
        "x_quality": 0.83984375
    },
    "y": {
        "y_gains": [
            0.39144351450513515,
            0.39885324904660113,
            0.4115445827892714,
            0.41122856301483507,
            0.42504176035295466,
            0.41742603419387103,
            0.42230648174991986,
            0.41982772453289335,
            0.4223159519630808,
            0.4108658570637126,
            0.42335041721606964,
            0.43147209216934246,
            0.4280596893279754,
            0.43339392035875307,
            0.4439793908318611,
            0.44640244492833475,
            0.45310449985328477,
            0.44196824369775384,
            0.4354788446990118,
            0.43608238067139854,
            0.4395005902053426,
            0.44132451549298396,
            0.4599538004004726,
            0.45850466315290084
        ],
        "y_sigma": 0.035419423,
        "y_chi2": 0.0012582898,
        "y_quality": 0.83723956
    }
}