{
    "x": {
        "x_gains": [
            0.3146216016108374,
            0.30723412235562053,
            0.3008784296191947,
            0.29487186858976205,
            0.2881384853493394,
            0.28431248705845097,
            0.27914372884491806,
            0.11621835243517543,
            0.12711009752954408,
            0.1783208368468482,
            0.10329111309085745,
            0.21354849910640633,
            0.23772910131790834,
            0.2380803297317335,
            0.2347774415503951,
            0.229274817508709,
            0.22493620246957455,
            0.22275167821114367,
            0.13971457876361873,
            0.18717430384307965,
            0.13928451494655167,
            0.1549548990595121,
            0.11923677968167119,
            0.17878471234809154
        ],
        "x_sigma": 0.24132806,
        "x_chi2": 0.05854349,
        "x_quality": 0.6692708
    },
    "y": {
        "y_gains": [
            0.3490078944538702,
            0.3426651446394715,
            0.35377846187525863,
            0.29964904504546186,
            0.3288768005470405,
            0.32980409966284124,
            0.31846620560827904,
            0.566856501240367,
            1.3210177490623747,
            0.706373523538061,
            0.40487731407628863,
            0.30232183471382046,
            0.25422080902569294,
            0.2609486621605704,
            0.25882719135976856,
            0.25100240949763,
            0.2497214232662753,
            0.2514195272216699,
            0.3258904516639608,
            0.4704762066068032,
            0.6491204644898325,
            0.46345117444552475,
            0.5628045405719603,
            0.19806626714984008
        ],
        "y_sigma": 0.77688026,
        "y_chi2": 0.6066038,
        "y_quality": 0.6354167
    }
}