{
    "x": {
        "x_gains": [
            0.3102972194328226,
            0.3019739250347315,
            0.2951193689970138,
            0.2908463950025609,
            0.2848405170823843,
            0.280334820696447,
            0.2757507037157959,
            0.09781505618252288,
            0.0689323774066964,
            0.1049755690358183,
            0.0683943442801673,
            0.14249196445064874,
            0.24658843056894633,
            0.24280491933449985,
            0.23909879265630057,
            0.23545835677615598,
            0.22464423653869958,
            0.21902855709659425,
            0.14470367335773557,
            0.13814377589764099,
            0.13419675525665464,
            0.11159324352011513,
            0.11679998411520215,
            0.17603191669888052
        ],
        "x_sigma": 0.28858587,
        "x_chi2": 0.08424836,
        "x_quality": 0.65625
    },
    "y": {
        "y_gains": [
            0.28078783901130333,
            0.2484916803494469,
            0.25778743621372124,
            0.2707510216383675,
            0.2671222418693599,
            0.29826357211847637,
            0.21548940887871962,
            0.46319623373289565,
            0.5920130337589512,
            0.411426464925071,
            0.40427689377244597,
            0.1439949083400411,
            0.22442519489701093,
            0.22137891613768176,
            0.21747765243139144,
            0.21437235440397776,
            0.2069941801723297,
            0.19165846033054146,
            0.30677294222155577,
            0.387188295514652,
            0.41452615722231,
            0.39860753632121837,
            0.4489663739001839,
            0.1579103658127848
        ],
        "y_sigma": 0.9035121,
        "y_chi2": 0.8225997,
        "y_quality": 0.62109375
    }
}