{
    "x": {
        "x_gains": [
            0.3725317721172486,
            0.36165512480501366,
            0.3520085732392029,
            0.3488164466117418,
            0.3381322527888895,
            0.339434763727268,
            0.3267378253728781,
            0.09572810461320437,
            0.09823234818730867,
            0.23300438628427136,
            0.08070728637487486,
            0.14655075576591126,
            0.2820937812877265,
            0.28214915380506206,
            0.2785867472606983,
            0.2735694213730433,
            0.2707242089167891,
            0.26036079080007857,
            0.18331879615279842,
            0.15585004252290485,
            0.15039070075344088,
            0.1287189644095925,
            0.12081118914574288,
            0.21625617100499972
        ],
        "x_sigma": 0.15109518,
        "x_chi2": 0.023072997,
        "x_quality": 0.6458333
    },
    "y": {
        "y_gains": [
            0.391284482483035,
            0.3664275018790403,
            0.39004845962062323,
            0.35178508239176004,
            0.32228544209263804,
            0.3492685966317934,
            0.30639458051717133,
            0.637971882282449,
            0.8145514069909363,
            0.8250653534266449,
            0.4428453985971721,
            0.31258672327903975,
            0.2916244637463548,
            0.2963356935779877,
            0.2942682085222192,
            0.28966876087525156,
            0.28771239072539545,
            0.28790280769727733,
            0.3247663436064289,
            0.42963016618997046,
            0.5133904288519672,
            0.4748226928970751,
            0.4767410667186251,
            0.23161351727059779
        ],
        "y_sigma": 0.7865258,
        "y_chi2": 0.6209768,
        "y_quality": 0.6302083
    }
}