{
    "x": {
        "x_gains": [
            0.39857314004449196,
            0.38294354148484827,
            0.3780856991730888,
            0.37279530719302584,
            0.3645910220262926,
            0.35810729123634105,
            0.34516350170719595,
            0.09364488361813864,
            0.09989218636325814,
            0.17783400810076586,
            0.08698730768193613,
            0.20312383330748243,
            0.30645699369489254,
            0.30367995728073305,
            0.3012021429327661,
            0.29916777508327336,
            0.2931583553194771,
            0.2841255368907176,
            0.19498011982698246,
            0.1747602935385737,
            0.1658334915661232,
            0.14877670659044956,
            0.14649845187028493,
            0.2326055153279824
        ],
        "x_sigma": 0.32045472,
        "x_chi2": 0.10312589,
        "x_quality": 0.65494794
    },
    "y": {
        "y_gains": [
            0.41689356098723396,
            0.42211182122044766,
            0.3970808994755951,
            0.4052941795378641,
            0.3740341736322739,
            0.3857884485833887,
            0.3507471334839769,
            0.7029681282686261,
            0.6624530676843536,
            0.6782802719198479,
            0.31564975049149824,
            0.4324534707093859,
            0.3395575130970728,
            0.3395533277839001,
            0.33583553193661575,
            0.3351405676731586,
            0.33018868236027055,
            0.3252170010439466,
            0.3075002004901307,
            0.43764921102788484,
            0.5679307669677836,
            0.49272734439670457,
            0.5072245257260476,
            0.2600458304771633
        ],
        "y_sigma": 0.89012384,
        "y_chi2": 0.7953644,
        "y_quality": 0.61848956
    }
}