{
    "x": {
        "x_gains": [
            0.40030535292320985,
            0.3968729428339054,
            0.38689661634921413,
            0.3836810033166153,
            0.38019734523401716,
            0.3753166546615379,
            0.3589016418206836,
            0.1658366734635933,
            0.09985179995850159,
            0.19368790486824866,
            0.0869185421152931,
            0.1636936221772774,
            0.313332180897572,
            0.3140938002815097,
            0.30905629197660506,
            0.3069207184498392,
            0.30213300462873804,
            0.2953082168773075,
            0.21637913449947405,
            0.19387604887669477,
            0.15368154908542575,
            0.18954717105017244,
            0.16107984578151133,
            0.2425010197167879
        ],
        "x_sigma": 0.22477503,
        "x_chi2": 0.050827585,
        "x_quality": 0.6692708
    },
    "y": {
        "y_gains": [
            0.4861499524666884,
            0.4729464687972148,
            0.4416340424238961,
            0.4763112551158806,
            0.48315779566406464,
            0.43736813897320126,
            0.480546331201758,
            0.721270705878789,
            1.1851535810896894,
            0.8790851747383974,
            0.650124931257415,
            0.2542045108336243,
            0.37326186413768314,
            0.3757740004975248,
            0.3689182943003636,
            0.36600206791168366,
            0.36004735918943837,
            0.3596040514862382,
            0.4810369000519808,
            0.5363959108179577,
            0.6663360751285928,
            0.6122329156864053,
            0.6421437120196075,
            0.2893922126870703
        ],
        "y_sigma": 0.8110669,
        "y_chi2": 0.6684706,
        "y_quality": 0.625
    }
}