{
    "x": {
        "x_gains": [
            0.37680673175776874,
            0.36758300207978467,
            0.36560170545883564,
            0.359683610786077,
            0.35357778286929786,
            0.3480044104686965,
            0.34236940926589254,
            0.10230668844298632,
            0.08031509216959977,
            0.1513632012081932,
            0.08494863156249416,
            0.18753431643572877,
            0.287854856672749,
            0.2871788486115448,
            0.2841586389483175,
            0.28354273720589956,
            0.2764042482890715,
            0.2736223661111038,
            0.1553985615687547,
            0.17815768915224553,
            0.16598120853706422,
            0.1320159636343546,
            0.15228805956534247,
            0.22169227914516346
        ],
        "x_sigma": 0.21431483,
        "x_chi2": 0.046364386,
        "x_quality": 0.6588542
    },
    "y": {
        "y_gains": [
            0.4648646467553982,
            0.4257925542933408,
            0.43178217314758754,
            0.48217932712067774,
            0.41565841789765295,
            0.37193500450673644,
            0.4313445674437857,
            0.8224988304066632,
            1.0220772466972416,
            0.9248117846176241,
            0.6278803619177752,
            0.39650465288297543,
            0.33197904694326474,
            0.35689384720717715,
            0.3518720030401741,
            0.34860892315435715,
            0.3398156106126318,
            0.34317707017106275,
            0.5190309981921112,
            0.7186908786915917,
            0.8311152943914263,
            0.7052368703759823,
            0.7978948979328857,
            0.27695629463496885
        ],
        "y_sigma": 0.6719017,
        "y_chi2": 0.4536,
        "y_quality": 0.63151044
    }
}