{
    "x": {
        "x_gains": [
            0.3019733414310505,
            0.2952668081073415,
            0.2918785948497438,
            0.28649495992336604,
            0.287494616663303,
            0.27720833026556113,
            0.2679516915254383,
            0.11311983021165965,
            0.07239517106834133,
            0.15309417879287385,
            0.05633346436497145,
            0.12934884729610593,
            0.237433138828106,
            0.23790704229587528,
            0.2371958310365859,
            0.2307793300277579,
            0.22720759614976735,
            0.22027787834074808,
            0.153341408189661,
            0.16531052797455012,
            0.12013875064589596,
            0.11341474092217073,
            0.1190333633852898,
            0.17930681062851878
        ],
        "x_sigma": 0.22901276,
        "x_chi2": 0.052805685,
        "x_quality": 0.64973956
    },
    "y": {
        "y_gains": [
            0.33943943003774874,
            0.31194110876285314,
            0.28943758601180564,
            0.28004403412392564,
            0.32812501589355547,
            0.3553452922185564,
            0.259312952407101,
            0.8702313605797551,
            0.7649027143184739,
            0.7356609744653547,
            0.5292670662033181,
            0.12258172308960368,
            0.25399106317204767,
            0.2514237182324561,
            0.2561797996899404,
            0.25521912258881413,
            0.24744618831045895,
            0.23443820857043732,
            0.36661503749298663,
            0.5486873314021002,
            0.6549141021212799,
            0.5411832614831377,
            0.7006985193469518,
            0.19378427256533073
        ],
        "y_sigma": 0.94538224,
        "y_chi2": 0.9039847,
        "y_quality": 0.6145833
    }
}