{
    "x": {
        "x_gains": [
            0.34992049806284015,
            0.34294376065269055,
            0.33236146409745054,
            0.3278539431665845,
            0.3164506490149651,
            0.30383216214137015,
            0.29522676190445823,
            0.09223074915993928,
            0.06929406189387186,
            0.10416631944560184,
            0.0691737636642394,
            0.19264167740660074,
            0.2726382736806243,
            0.2679675885698532,
            0.26734409521641744,
            0.2660192113754071,
            0.2569226392059528,
            0.24839894460256415,
            0.15308066573434417,
            0.17517087393239483,
            0.1337475226615115,
            0.14643106494042013,
            0.1403874350662487,
            0.20628571979059607
        ],
        "x_sigma": 0.16662408,
        "x_chi2": 0.028052585,
        "x_quality": 0.671875
    },
    "y": {
        "y_gains": [
            0.31567343545221654,
            0.3306041956978476,
            0.3059931887140165,
            0.3487368663516527,
            0.31585305656688195,
            0.3104850490581902,
            0.25555902860275426,
            1.5681380689116706,
            1.751305510692946,
            0.604897955529596,
            0.4986152457395322,
            0.36185367505829463,
            0.24888431384212423,
            0.24873427212778015,
            0.24836369306280967,
            0.24573755916746082,
            0.24169441318530033,
            0.24698407743049622,
            0.3149840429083863,
            0.5670908449477792,
            0.6586059879797821,
            0.6174504716735026,
            0.7935821424971967,
            0.19669731827203607
        ],
        "y_sigma": 0.7864627,
        "y_chi2": 0.6216417,
        "y_quality": 0.625
    }
}