{
    "x": {
        "x_gains": [
            0.3683378276687273,
            0.3590480687809715,
            0.35310834211396075,
            0.3527050217858838,
            0.3460318965281582,
            0.33871720950672174,
            0.3323780787350488,
            0.15977925920136,
            0.08318936720094483,
            0.2359749637170795,
            0.07951870824721126,
            0.1799845126926518,
            0.28992375498114376,
            0.2908565801909334,
            0.2898681795466693,
            0.2836799358429457,
            0.27482825982043824,
            0.2702456779135802,
            0.1691450504225624,
            0.16769141211697228,
            0.13835924202379724,
            0.1809619553909236,
            0.12181653795937321,
            0.22248329400755706
        ],
        "x_sigma": 0.12007417,
        "x_chi2": 0.014505845,
        "x_quality": 0.66015625
    },
    "y": {
        "y_gains": [
            0.4103074651299175,
            0.379854218788205,
            0.36391558614063885,
            0.3710524059204974,
            0.38778217794215086,
            0.39332923064723824,
            0.3160547867066345,
            0.7788979715315908,
            0.8119611622736861,
            1.0950060061079436,
            0.5052093908523656,
            0.39376321592403646,
            0.3043827771701959,
            0.304415031661142,
            0.3023415140900216,
            0.3004865297597953,
            0.2914024278018431,
            0.283651619761373,
            0.35168871778373084,
            0.5418123351705286,
            0.552650028732275,
            0.668275294403669,
            0.5719982817171617,
            0.23284238593872283
        ],
        "y_sigma": 0.7899754,
        "y_chi2": 0.62685186,
        "y_quality": 0.6328125
    }
}