{
    "x": {
        "x_gains": [
            0.38509682970960424,
            0.3766781103987793,
            0.37083037858777923,
            0.36202143210320625,
            0.36019103812279957,
            0.3500563048063466,
            0.3445950083414391,
            0.16294797657720606,
            0.09087478980661118,
            0.23528597952023778,
            0.07946681580998657,
            0.17426561767594284,
            0.30456271494513604,
            0.2991326051847458,
            0.2977249349098861,
            0.29722372237639877,
            0.28821663192119096,
            0.2846047014305997,
            0.16336906214722494,
            0.18747856885609765,
            0.1936046198708812,
            0.14830539581004631,
            0.14192953803056615,
            0.23270842588341356
        ],
        "x_sigma": 0.19046794,
        "x_chi2": 0.03685716,
        "x_quality": 0.65625
    },
    "y": {
        "y_gains": [
            0.3547001763746627,
            0.3487229781974558,
            0.3453097100054524,
            0.35909392988698197,
            0.35135324581006866,
            0.3380602723602868,
            0.3071617212605671,
            0.6440521494177801,
            0.6663913137758145,
            0.8449135780146727,
            0.5425233607846537,
            0.05085058019749247,
            0.29336631865989327,
            0.28709012000022505,
            0.2892838751634779,
            0.2863512946228381,
            0.2777671531841685,
            0.28034565048769494,
            0.4015048885026947,
            0.5296862948809157,
            0.5809702272511521,
            0.5461547456287003,
            0.5189811921734937,
            0.2248992226583268
        ],
        "y_sigma": 0.71064705,
        "y_chi2": 0.50779474,
        "y_quality": 0.6328125
    }
}