{
    "x": {
        "x_gains": [
            0.3940248961478432,
            0.387099895966903,
            0.3749460452640865,
            0.3716282632213258,
            0.3656618109459693,
            0.36105144535392497,
            0.34699691519742387,
            0.08457234639885874,
            0.08943567875419677,
            0.15285181749982116,
            0.08106198331598471,
            0.17441654613029858,
            0.2966226779190282,
            0.29851473397083345,
            0.2950609830564476,
            0.2974993395514662,
            0.29258703820695176,
            0.28572133078595624,
            0.1628142190281401,
            0.19191419439602875,
            0.17551437559269012,
            0.1524614125119928,
            0.160574032898729,
            0.23087793875870324
        ],
        "x_sigma": 0.3652916,
        "x_chi2": 0.13400392,
        "x_quality": 0.6614583
    },
    "y": {
        "y_gains": [
            0.38747029555846674,
            0.3655589645147526,
            0.35545526977544295,
            0.3943003412511733,
            0.32844228037475265,
            0.31016065205197946,
            0.37978953051671543,
            1.4905368794596863,
            1.054842684664927,
            0.7329700098723732,
            0.5625879993116174,
            0.31868745639160523,
            0.29605653874616267,
            0.2961474767050395,
            0.2916456924806158,
            0.2916864575928143,
            0.28661170791630136,
            0.28424853782552145,
            0.3853098611813338,
            0.5787394060304878,
            0.6848344573635421,
            0.5571879925541854,
            0.7123997885027508,
            0.22227189258115101
        ],
        "y_sigma": 0.75459564,
        "y_chi2": 0.5719666,
        "y_quality": 0.62890625
    }
}