{
    "x": {
        "x_gains": [
            1.0089528421495297,
            0.9869495658902334,
            0.9628875225086995,
            0.9730967929648995,
            0.9195649207316647,
            0.9143370425548919,
            0.9117026886476969,
            0.14989436194841685,
            0.12039437344119384,
            0.3577281642996808,
            0.1970038977418172,
            0.4574964312990876,
            0.7586912060785125,
            0.755964407986129,
            0.7390376148713879,
            0.7353736569595138,
            0.7143524041851621,
            0.6988726275982424,
            0.3062546447345057,
            0.21719703104690383,
            0.1749118234515616,
            0.10232680931706065,
            0.11591261070088994,
            0.5375827890934773
        ],
        "x_sigma": 0.38766477,
        "x_chi2": 0.15092637,
        "x_quality": 0.64713544
    },
    "y": {
        "y_gains": [
            1.025033680044142,
            1.0014359088779445,
            0.9476586340277872,
            0.9388468932241917,
            0.907441345713737,
            0.8940009052653167,
            0.9097335117623994,
            0.41657779673669615,
            0.31400745164803356,
            0.7100366520919811,
            0.6180529305474144,
            0.7785639543574667,
            0.7990749907906608,
            0.790436539920958,
            0.7729158536558031,
            0.7700823025460846,
            0.7591962389418323,
            0.7425661333111158,
            0.3745237696191936,
            0.3193956727252193,
            0.1650953305840008,
            0.1035658445230187,
            0.08485958962581333,
            0.5846460830320214
        ],
        "y_sigma": 0.76956207,
        "y_chi2": 0.5963676,
        "y_quality": 0.62890625
    }
}