{
    "x": {
        "x_gains": [
            0.2836447729303044,
            0.28020251019979164,
            0.2762392250473177,
            0.2715013454249173,
            0.27020532605501063,
            0.26486912353085373,
            0.2607775583595402,
            0.1254652565375554,
            0.09926439130181874,
            0.16511779296953205,
            0.08944180620930063,
            0.18639891828979738,
            0.22906103278534526,
            0.22653308644851441,
            0.21998763669481777,
            0.215130609019695,
            0.2138738695963965,
            0.20548851606879098,
            0.11024299651047843,
            0.08831783362712997,
            0.10870118175576758,
            0.09097307806408926,
            0.08959625329971801,
            0.16372523369321232
        ],
        "x_sigma": 0.0,
        "x_chi2": 0.0,
        "x_quality": 0.0
    },
    "y": {
        "y_gains": [
            0.3218175223848223,
            0.3075081623429072,
            0.3459275164237736,
            0.3086424325566902,
            0.30483925612636975,
            0.2718467388979763,
            0.2887672986050229,
            0.7022520239254456,
            0.9645156617088633,
            0.7440163969309621,
            0.2985384483040225,
            0.17255159637834905,
            0.25434457412569944,
            0.25749647558136457,
            0.2513179111259445,
            0.2459019819945651,
            0.244422140109419,
            0.24163883128286273,
            0.21237753249588626,
            0.20666592680264873,
            0.2347963824639598,
            0.20382126139067858,
            0.24224779206883637,
            0.186180284327083
        ],
        "y_sigma": 0.0,
        "y_chi2": 0.0,
        "y_quality": 0.0
    }
}