{
    "x": {
        "x_gains": [
            1.2275051246804574,
            1.2108947591990464,
            1.2288608288076437,
            1.2110928841632045,
            1.1915881976048839,
            1.2003333565797893,
            1.158543155153258,
            0.32033448045110785,
            0.343941356072718,
            0.48935079689309224,
            0.2547252099578911,
            0.5521006324864846,
            1.044465289650592,
            1.0493416939143103,
            1.0299002706371931,
            1.018902786383261,
            1.0255223174884598,
            1.0091546472984325,
            0.6518484564456698,
            0.6786408777703987,
            0.501344631368562,
            0.47915397507575186,
            0.4461961908588143,
            0.8394080595093306
        ],
        "x_sigma": 0.32081825,
        "x_chi2": 0.10337612,
        "x_quality": 0.66536456
    },
    "y": {
        "y_gains": [
            1.1068717921471873,
            1.088477669281952,
            1.1175361492770814,
            1.0117452494260621,
            1.09969166845,
            1.2224853689894826,
            1.0874058331015166,
            1.8800697490836351,
            1.6333678229838275,
            1.1993725938037103,
            0.49537220806365884,
            0.5907795034250146,
            0.9733584965971873,
            0.9841098731118253,
            0.964350377422629,
            0.951628803101244,
            0.9608102782103026,
            0.9375136818402943,
            1.4137022496795242,
            1.5818574866625688,
            1.8109567592421725,
            1.6070986188835534,
            1.5176246454715006,
            0.7679350855256984
        ],
        "y_sigma": 0.80271584,
        "y_chi2": 0.65023106,
        "y_quality": 0.62369794
    }
}