{
    "x": {
        "x_gains": [
            0.9811573634143098,
            0.9801881431933334,
            0.9707514528751618,
            0.9808511374979684,
            0.9776969722093547,
            0.9444924613917455,
            0.9232046093759736,
            0.4110956863441865,
            0.2354600477277517,
            0.5119601310024061,
            0.23651278175383358,
            0.4352476424158577,
            0.8752045790703576,
            0.8857465749730002,
            0.8796653049447747,
            0.888115162958919,
            0.8972031307364925,
            0.8711869128908047,
            0.5676099511560285,
            0.6669344186045891,
            0.45724507101244577,
            0.4831933280665261,
            0.42714497791767253,
            0.7508720628137519
        ],
        "x_sigma": 0.20416413,
        "x_chi2": 0.041862354,
        "x_quality": 0.67057294
    },
    "y": {
        "y_gains": [
            1.1009994708046043,
            1.0255862225208274,
            1.0382015069183412,
            1.0693287534695708,
            0.8474511635080749,
            1.0333220956111029,
            1.0946154628467097,
            2.1175924498511756,
            2.6052956281055124,
            2.7453091588729626,
            2.264668142324428,
            1.029007092534286,
            0.9360387849542624,
            0.9626686715846201,
            0.963021885635373,
            0.9588777601536045,
            0.9579836054517697,
            0.9155590843237241,
            1.8474867879753587,
            1.8769878474421817,
            2.2623720359956967,
            2.2856374882946793,
            2.6471455564749977,
            0.8073156359519934
        ],
        "y_sigma": 0.8605068,
        "y_chi2": 0.74926925,
        "y_quality": 0.6223958
    }
}