{
    "x": {
        "x_gains": [
            1.1367440580967152,
            1.1318801946014454,
            1.1142773425608572,
            1.1057213338979883,
            1.0953140057144721,
            1.083208854582461,
            1.0585302667146956,
            0.41349182474975993,
            0.48870982560878584,
            0.6654802041932839,
            0.5144540230638999,
            0.8026110542817895,
            0.9304612352170645,
            0.913721483437793,
            0.9222918398846028,
            0.9200905921197001,
            0.8712732159461122,
            0.847447069939044,
            0.6524129656638319,
            0.49009505638666145,
            0.44009575075229973,
            0.3109324534691138,
            0.41787921284928436,
            0.6947157695477734
        ],
        "x_sigma": 0.6565068,
        "x_chi2": 0.43803367,
        "x_quality": 0.6302083
    },
    "y": {
        "y_gains": [
            1.2688922190260237,
            1.2850498305057825,
            1.2542735766086408,
            1.2436810122369506,
            1.23292711878063,
            1.216198573119348,
            1.187979114947006,
            0.844809721394426,
            0.8280764281420118,
            1.203085818878558,
            1.098948317449684,
            1.008745012260287,
            1.0312991027285285,
            1.0266003968734474,
            1.0328783139410085,
            1.029952989855684,
            0.9796359163524159,
            0.9538002980625933,
            0.6970465579701558,
            0.5953505385273063,
            0.3920382980645226,
            0.33914664599228717,
            0.2844656440885337,
            0.7596313660906635
        ],
        "y_sigma": 0.6800357,
        "y_chi2": 0.46506435,
        "y_quality": 0.6302083
    }
}