{
    "x": {
        "x_gains": [
            1.6058916954522753,
            1.5543288446906847,
            1.528433953579474,
            1.5172379472134712,
            1.4986630426996077,
            1.4596051998552013,
            1.4253786821362064,
            0.1452935813000768,
            0.22306186176843043,
            0.3258680440370254,
            0.3107929696143929,
            0.700281975540271,
            1.2417651721724796,
            1.2262555538646853,
            1.202507651736564,
            1.1940495258309929,
            1.186398003833157,
            1.1501436644451257,
            0.492086656066464,
            0.25856436274615,
            0.3899969829833396,
            0.23935888202168257,
            0.34609754939400394,
            0.9396302592515055
        ],
        "x_sigma": 0.48917755,
        "x_chi2": 0.24020952,
        "x_quality": 0.65494794
    },
    "y": {
        "y_gains": [
            1.7031233562198482,
            1.6017190930682081,
            1.618842209555789,
            1.5421379240969892,
            1.4427170008314234,
            1.5845877669570858,
            1.4837198762393642,
            0.26917313512141455,
            0.39375061080563506,
            0.7239765017498874,
            0.6355984451736595,
            1.1901149622490774,
            1.2791094942030117,
            1.3183224915809948,
            1.3011508418966409,
            1.2786275110006717,
            1.271135325956596,
            1.2192022947142838,
            0.709941531345303,
            0.34615886545739527,
            0.3023766014696349,
            0.27205944346486416,
            0.25839130277613287,
            0.9973925167434775
        ],
        "y_sigma": 0.72370476,
        "y_chi2": 0.5259071,
        "y_quality": 0.6302083
    }
}