{
    "x": {
        "x_gains": [
            1.6451268562254215,
            1.6285241874112149,
            1.618672225834559,
            1.6106411322923126,
            1.5768878698689053,
            1.5437197805275062,
            1.5510756011309823,
            0.5487497477808971,
            0.3155973911457258,
            1.2772520892012422,
            0.3291122818220064,
            0.9636861844599434,
            1.397143015778467,
            1.3961229386768357,
            1.385313740453214,
            1.3889600152163348,
            1.369649310881494,
            1.3466330403418938,
            1.0166504468559958,
            0.6951722994971888,
            0.5589280029189456,
            0.5692495816157888,
            0.5658651149588932,
            1.1247448937987752
        ],
        "x_sigma": 0.42720097,
        "x_chi2": 0.18517807,
        "x_quality": 0.6640625
    },
    "y": {
        "y_gains": [
            1.6483569919265124,
            1.575212456780108,
            1.632666655673378,
            1.5729661233431946,
            1.6080454760406369,
            1.6765412149994778,
            1.6425895884787454,
            1.1771699656854955,
            2.004726222258022,
            2.554086941374893,
            0.8545265897057233,
            1.0587312865142524,
            1.399714612187721,
            1.3874034037722667,
            1.3700829777054617,
            1.3690458995911619,
            1.3554032744916629,
            1.3329864902485706,
            0.5495834761792385,
            1.3865581231992943,
            1.2394938487204947,
            1.1294120410796524,
            1.0778864586741026,
            1.0737057095052698
        ],
        "y_sigma": 0.8455263,
        "y_chi2": 0.71889204,
        "y_quality": 0.62369794
    }
}