{
    "x": {
        "x_gains": [
            1.3222697087473536,
            1.3015803267695505,
            1.2668678706218788,
            1.283034612937967,
            1.2808628712052677,
            1.2319836254592373,
            1.1936227220695088,
            0.22935535731913312,
            0.17719487750872506,
            0.3971760307601715,
            0.3154509450121685,
            0.5053860763002586,
            1.0833136441078517,
            1.08985323317059,
            1.0373784682596525,
            1.0465985880798951,
            1.0310912151750231,
            0.9877388031410884,
            0.44163753367872627,
            0.3206629462710314,
            0.28251308953772103,
            0.2506063922874179,
            0.1921378350715723,
            0.8033002143365632
        ],
        "x_sigma": 0.49219784,
        "x_chi2": 0.24321894,
        "x_quality": 0.6510417
    },
    "y": {
        "y_gains": [
            1.38975101707191,
            1.347711256097888,
            1.2362863392461199,
            1.220277100523987,
            1.165732681642135,
            1.2547522171785366,
            1.3151549114394412,
            1.0333638037873611,
            0.3280126295358775,
            1.0581477589065356,
            0.6905416373819467,
            0.9060383834100747,
            1.0824312063011696,
            1.1250446642731715,
            1.0786908886561888,
            1.0824686303297102,
            1.0601075129236381,
            1.012723657487947,
            0.604355919463772,
            0.5166007587418664,
            0.30005990996162296,
            0.3033158427263678,
            0.13396521330664676,
            0.8215713077065524
        ],
        "y_sigma": 0.75493765,
        "y_chi2": 0.57244456,
        "y_quality": 0.63411456
    }
}