{
    "x": {
        "x_gains": [
            1.2489159409632438,
            1.2134245771988905,
            1.186287184468369,
            1.1362313428825093,
            1.100206923617573,
            1.1181239347353742,
            1.0984313082800192,
            0.1593336462964814,
            0.15848145604520777,
            0.5824335026933473,
            0.3343561510899275,
            0.4545203319671058,
            0.9815038543165606,
            0.967499561238949,
            0.9494200277876255,
            0.9610370589344444,
            0.9684020107899352,
            0.9634523967805275,
            0.49622358961594576,
            0.3454251956177425,
            0.2440856223072779,
            0.18381540639270277,
            0.14304032642946815,
            0.7599016322535082
        ],
        "x_sigma": 0.5608181,
        "x_chi2": 0.31588334,
        "x_quality": 0.6458333
    },
    "y": {
        "y_gains": [
            1.3882394049395084,
            1.3423808009476135,
            1.3047832833253394,
            1.2602123672074848,
            1.202568069681989,
            1.2348797617334075,
            1.2280747817962867,
            0.5276917039318151,
            0.4094574516793119,
            1.120770408612717,
            0.8514338955663537,
            0.9493093489693444,
            1.124492699174926,
            1.0955656432805398,
            1.0654585786995652,
            1.0853471406855184,
            1.076455047517094,
            1.095724761390867,
            0.6661763608650699,
            0.5369429357988608,
            0.2335699591661319,
            0.1445478362995754,
            0.10477829907309974,
            0.8588008580794654
        ],
        "y_sigma": 0.71399933,
        "y_chi2": 0.5124572,
        "y_quality": 0.63671875
    }
}