{
    "x": {
        "x_gains": [
            1.6438119275322225,
            1.6091133486154046,
            1.5666605608682407,
            1.5126466181895697,
            1.5013023647884305,
            1.5219334581775348,
            1.453960063788136,
            0.5840831841925596,
            0.6330826452674603,
            1.2789251299323985,
            0.9176444397583401,
            1.2004862017136388,
            1.2957182188114083,
            1.2555104983527954,
            1.2263663867689785,
            1.2062198000256443,
            1.2299583362683215,
            1.2167826696564639,
            1.147802663797466,
            0.9175673125086538,
            0.8427302674075838,
            0.7935049398856527,
            0.7504661708236613,
            0.9809065558006842
        ],
        "x_sigma": 0.57095134,
        "x_chi2": 0.3312701,
        "x_quality": 0.6536458
    },
    "y": {
        "y_gains": [
            1.8704336751981072,
            1.8471477821666011,
            1.7629240846104839,
            1.7264570391020073,
            1.7480133827904587,
            1.7083313011308896,
            1.6364691737483505,
            2.4845189623456245,
            1.775714035034199,
            1.9439435118008257,
            2.3374347443733448,
            1.6853859677123868,
            1.5175197656949484,
            1.4770221873841922,
            1.4499463302365863,
            1.42318050215387,
            1.4459268890203398,
            1.4447132092584734,
            1.4548424963508548,
            1.2913739089730676,
            1.8227167374245303,
            0.9987270225370743,
            1.7215232933291489,
            1.1444125368241913
        ],
        "y_sigma": 0.7868512,
        "y_chi2": 0.6243897,
        "y_quality": 0.62109375
    }
}