{
    "x": {
        "x_gains": [
            1.3766190071988915,
            1.3477182308244022,
            1.2593075420432416,
            1.2241356959315484,
            1.2024978766893741,
            1.2159191540218168,
            1.2016819172719628,
            1.169590451762967,
            1.1979153876424247,
            1.3043935876167758,
            1.14077688731269,
            1.0543926366279341,
            1.0504270532193405,
            1.053295820553783,
            1.043992050209336,
            1.0404695847329817,
            1.0382110892032421,
            0.9865316723033799,
            0.9668397180850077,
            0.8534943638219444,
            0.956345322524591,
            0.6440906454528972,
            0.9793622902034584,
            0.7881082659001631
        ],
        "x_sigma": 0.7616825,
        "x_chi2": 0.58318883,
        "x_quality": 0.62890625
    },
    "y": {
        "y_gains": [
            1.6121777458208322,
            1.6193211177577767,
            1.4887577574514375,
            1.490561874005935,
            1.4578062756227677,
            1.4999416522697269,
            1.5117441354909753,
            1.9817999420521695,
            2.267025446113769,
            1.9716957164811972,
            1.7221697582340598,
            1.45105321795719,
            1.289636560556832,
            1.314289108906727,
            1.3065890239205091,
            1.296856225979791,
            1.2950745852879786,
            1.2439276892394968,
            1.3532588977787472,
            1.3189701528529452,
            1.172564018770874,
            0.924984497259826,
            1.0612127237622742,
            0.9974249480117182
        ],
        "y_sigma": 0.67908347,
        "y_chi2": 0.4629305,
        "y_quality": 0.62890625
    }
}