{
    "x": {
        "x_gains": [
            2.3019130716136433,
            2.1875125235091972,
            2.1201690622810263,
            2.1295045409554834,
            2.133993676336539,
            2.1240353826062104,
            2.144912750633323,
            0.3527918625028995,
            0.2818149491445197,
            0.8562099796752874,
            0.5542970241621953,
            0.9108547378883417,
            1.794484186287557,
            1.7893789978081898,
            1.8411313531229176,
            1.8559043909324522,
            1.8509678433207548,
            1.81843243123325,
            0.7909714093892419,
            0.550539407500681,
            0.43691085847565997,
            0.3269963939164675,
            0.24793181478402535,
            1.4560643361444499
        ],
        "x_sigma": 0.5835303,
        "x_chi2": 0.3433946,
        "x_quality": 0.6354167
    },
    "y": {
        "y_gains": [
            1.4818680843995002,
            1.4171927876791528,
            1.3890975429156476,
            1.4213893512352584,
            1.41908323533381,
            1.4359703684642526,
            1.4615845306828688,
            0.6703748675925839,
            0.4316876522265564,
            1.0638602317449297,
            0.9082291647461405,
            0.9984931739511902,
            1.2286319404496842,
            1.2247611930006859,
            1.2518040060482163,
            1.242039674572688,
            1.243731283398849,
            1.228464102927602,
            0.5616595151496702,
            0.4646304485063781,
            0.2317808650989009,
            0.17560154548324994,
            0.11154426226911592,
            0.9846651208080713
        ],
        "y_sigma": 0.7182779,
        "y_chi2": 0.5182263,
        "y_quality": 0.62890625
    }
}