{
    "x": {
        "x_gains": [
            1.533784439787534,
            1.5437735444762701,
            1.5578607394012112,
            1.514777640488431,
            1.493006942109029,
            1.5211058147220713,
            1.4537864405745746,
            0.1939894088766372,
            0.24176959483332575,
            0.3092684539249383,
            0.2982259285077893,
            0.6705518890150793,
            1.3065708256897852,
            1.294155016165549,
            1.2706263959419244,
            1.2502998531622846,
            1.2045892441021804,
            1.180485349468522,
            0.5335903388986983,
            0.37766805010250104,
            0.19517076104671874,
            0.3564108147871996,
            0.39228908724332767,
            1.0013117183510398
        ],
        "x_sigma": 0.5705509,
        "x_chi2": 0.3276174,
        "x_quality": 0.63671875
    },
    "y": {
        "y_gains": [
            1.896223121748333,
            1.9093155313844694,
            1.9286220824528368,
            1.8852678758272083,
            1.865284316894645,
            1.9181546431618555,
            1.8192209571925666,
            0.6828360420528673,
            0.9384580777169043,
            1.0283608026500035,
            1.00473945649021,
            1.3605827212525197,
            1.7458737583127597,
            1.8585716208008363,
            1.578705809814195,
            1.5100598678335202,
            1.4791905987378953,
            1.4863741848909766,
            0.928761658861199,
            0.6475990201567785,
            0.21301132836846529,
            0.4242511278185919,
            0.3961728749465266,
            1.2677655151045386
        ],
        "y_sigma": 0.8006472,
        "y_chi2": 0.6455474,
        "y_quality": 0.62890625
    }
}