{
    "x": {
        "x_gains": [
            2.37030688126161,
            2.342863006708554,
            2.3036925657767577,
            2.277370883717602,
            2.292054238713094,
            2.2193150181846235,
            2.16420151849901,
            0.2600994537079154,
            0.24681826573639218,
            0.8819072408200291,
            0.355854030100269,
            1.0122622923438807,
            1.9635815704281632,
            1.9534453345122766,
            1.9146132280245,
            1.8248528164960856,
            1.8655527128056035,
            1.8177967757738587,
            0.6851892506414057,
            0.5295319435379152,
            0.3902564972535894,
            0.3921813164036503,
            0.2129883852960742,
            1.5003946788202636
        ],
        "x_sigma": 0.5815366,
        "x_chi2": 0.33949485,
        "x_quality": 0.6458333
    },
    "y": {
        "y_gains": [
            1.0972155708099973,
            1.0918673136635622,
            1.1228974923498116,
            1.0939089073611208,
            1.0503996455531435,
            1.0248244770307884,
            1.0293556163845252,
            0.43207864176943117,
            0.31711554742372633,
            0.873180793305707,
            0.49634412769306396,
            0.7797287978484476,
            0.9414672842943109,
            0.9364920711430551,
            0.9250985623135752,
            0.8752818735863651,
            0.9004621081492812,
            0.8836687239063672,
            0.4263543978839861,
            0.3743175349124093,
            0.18881246851080055,
            0.15813902751487824,
            0.07250966463192463,
            0.7186377847099176
        ],
        "y_sigma": 0.71613806,
        "y_chi2": 0.51603043,
        "y_quality": 0.6380208
    }
}