{
    "x": {
        "x_gains": [
            0.3388066990893384,
            0.3297189976436961,
            0.32998666358899104,
            0.32800885309014843,
            0.32016333965197025,
            0.3149656892126456,
            0.30341359715266975,
            0.11163960057583706,
            0.07484471966012114,
            0.10443302527331429,
            0.08314981476300017,
            0.15885757258957067,
            0.26263963071817364,
            0.25780911544970625,
            0.2556640843912372,
            0.2527123362335612,
            0.24901635427357507,
            0.24886678509407412,
            0.21747027915246178,
            0.17497837267313762,
            0.1253546282433003,
            0.11481250027985546,
            0.14584069555394577,
            0.1991183041492272
        ],
        "x_sigma": 0.33814916,
        "x_chi2": 0.11478394,
        "x_quality": 0.64973956
    },
    "y": {
        "y_gains": [
            0.35512586903739224,
            0.3321379908468084,
            0.2949947358189393,
            0.3274123430393413,
            0.3191645854210022,
            0.35094631093485185,
            0.2937036286025981,
            0.4385180772718843,
            0.4938730845934958,
            0.4480176941900214,
            0.3419472700212264,
            0.36150419872666656,
            0.27584159961646987,
            0.2689969333004619,
            0.2680653458604559,
            0.2634015411624173,
            0.26257715698469414,
            0.260018689103298,
            0.17411870340627025,
            0.4027401959645191,
            0.3242008651300086,
            0.3878937883193,
            0.40792435483397904,
            0.20283469601062692
        ],
        "y_sigma": 0.95802337,
        "y_chi2": 0.93085766,
        "y_quality": 0.6223958
    }
}