{
    "x": {
        "x_gains": [
            0.3653035292412324,
            0.3627006750294803,
            0.3600146165934337,
            0.3567360506393959,
            0.3462125438274787,
            0.3289349251590811,
            0.3212907766992475,
            0.0873745061811347,
            0.10437943762655354,
            0.14680571967415532,
            0.07746891095134611,
            0.2010180761484615,
            0.28015176829835087,
            0.281480362649166,
            0.28187570239901594,
            0.28241204171056405,
            0.2768571201864998,
            0.2669263539779247,
            0.1626962543905618,
            0.17300991666890858,
            0.136137762157936,
            0.12826649879147303,
            0.12934063952737895,
            0.2171911108022171
        ],
        "x_sigma": 0.16459921,
        "x_chi2": 0.02721912,
        "x_quality": 0.64973956
    },
    "y": {
        "y_gains": [
            0.464870157348786,
            0.41019000575332504,
            0.38801776314278247,
            0.40157170345873305,
            0.3817708394575739,
            0.4747288538678249,
            0.4103012361924915,
            1.0449471476182206,
            1.172991550496125,
            0.7897971477107848,
            0.4726313371591265,
            0.058931328678111954,
            0.34423585663953515,
            0.3484618024883657,
            0.333386875265501,
            0.32282643062631106,
            0.31550643120421706,
            0.30223567963525716,
            0.43144967868648076,
            0.5302105768420668,
            0.6057911941949695,
            0.6116574197317382,
            0.7009414414594386,
            0.25650643974807374
        ],
        "y_sigma": 0.6792525,
        "y_chi2": 0.4642115,
        "y_quality": 0.63671875
    }
}