{
    "x": {
        "x_gains": [
            0.36261164948667063,
            0.35809114644348705,
            0.34724167016715207,
            0.34414753880306514,
            0.33780112478991725,
            0.3302246098635648,
            0.3193226986740412,
            0.1365883148286899,
            0.08250158671176644,
            0.1385416496375889,
            0.0704423433998025,
            0.14321807286047594,
            0.26674691836621356,
            0.2675793763516772,
            0.26488410260974415,
            0.26293334274284125,
            0.2610509456844611,
            0.2504222369336939,
            0.14172285387310846,
            0.16832817800233507,
            0.1458694022780979,
            0.12346439613995973,
            0.10828414886818159,
            0.20317225024644794
        ],
        "x_sigma": 0.14061429,
        "x_chi2": 0.019881526,
        "x_quality": 0.64973956
    },
    "y": {
        "y_gains": [
            0.4004499134868007,
            0.3930720423618457,
            0.37109744647847076,
            0.3939041442930754,
            0.37450400689327057,
            0.35374563566322,
            0.3643195356295762,
            0.6375855400700197,
            1.4489824158738922,
            0.7493974469827535,
            0.6614767640741914,
            0.32558240995448684,
            0.26530363563347253,
            0.2909930916203098,
            0.2870905568307959,
            0.2828245541150704,
            0.2770305494330265,
            0.2727104390556256,
            0.4346049875268368,
            0.6154577128237385,
            0.7597523906178785,
            0.6270493540513784,
            0.6313112182488336,
            0.21321736128334334
        ],
        "y_sigma": 0.6848633,
        "y_chi2": 0.47178385,
        "y_quality": 0.63671875
    }
}