{
    "x": {
        "x_gains": [
            0.4414985307811893,
            0.4334348148713219,
            0.42950169857184245,
            0.4244094512249985,
            0.42140528126168736,
            0.41085123857268635,
            0.39919044178406193,
            0.1515272185918321,
            0.0812681934088732,
            0.2380955782317784,
            0.06750123392255611,
            0.17075546315028803,
            0.3473838522090139,
            0.3438287163612167,
            0.33852275170791496,
            0.33441445066373576,
            0.33149800567484805,
            0.32188565250390183,
            0.22752776521318896,
            0.20496084776397758,
            0.17276837338092713,
            0.16288068432821018,
            0.17694611530728993,
            0.2677904295663771
        ],
        "x_sigma": 0.12637985,
        "x_chi2": 0.016055552,
        "x_quality": 0.65625
    },
    "y": {
        "y_gains": [
            0.4478617289612474,
            0.4672350487587807,
            0.4819843643308242,
            0.44705672604444296,
            0.4124678641131221,
            0.34807735643323184,
            0.40362660115645477,
            0.7272228530072447,
            0.929124177818015,
            0.7920465850119441,
            0.4882792472921498,
            0.4073083002466618,
            0.3500016607578803,
            0.3617217375954765,
            0.35385629046789,
            0.34692372326865983,
            0.33575399653857774,
            0.326695746944088,
            0.4070248583105766,
            0.6019505605965572,
            0.6711306249051608,
            0.6624064657230156,
            0.7375629915672949,
            0.2732087708976706
        ],
        "y_sigma": 0.75285625,
        "y_chi2": 0.5708567,
        "y_quality": 0.6328125
    }
}