{
    "x": {
        "x_gains": [
            0.40452292225093706,
            0.39373949478419196,
            0.38796852194119125,
            0.37509022795433444,
            0.3663259554431147,
            0.36324012809590467,
            0.34867856055727203,
            0.0885018095079972,
            0.08822200113788736,
            0.11194087909635053,
            0.08238944551655998,
            0.1757218014612498,
            0.2959098161571494,
            0.29336229953563975,
            0.28769249216958576,
            0.2854598431221177,
            0.27989950935855207,
            0.27715907403703227,
            0.20019661309371936,
            0.19541538696457822,
            0.17001368933225136,
            0.1504289315511356,
            0.15091573024084867,
            0.22979289203247608
        ],
        "x_sigma": 0.38556105,
        "x_chi2": 0.14946467,
        "x_quality": 0.64973956
    },
    "y": {
        "y_gains": [
            0.385773729588278,
            0.39422436081053475,
            0.38025031574084966,
            0.3372804818415946,
            0.39826414184193343,
            0.36643455114314205,
            0.32668651505036606,
            1.2223175032297295,
            0.6942330408413827,
            0.47690401543642913,
            0.5826051351748782,
            0.32101372539124834,
            0.2788984226286132,
            0.2846087838808969,
            0.2793543918868333,
            0.28106844120538677,
            0.27155111080697386,
            0.2620421125258619,
            0.34742557475394537,
            0.5826320531178651,
            0.6444380645076058,
            0.6136163053560911,
            0.6367428920072594,
            0.21130848638547875
        ],
        "y_sigma": 0.8407267,
        "y_chi2": 0.7186982,
        "y_quality": 0.62630206
    }
}