{
    "x": {
        "x_gains": [
            1.1751196154256542,
            1.1348735989134267,
            1.1202220387622142,
            1.09988999670176,
            1.0820959115711222,
            1.0555447045559927,
            1.0317852379473194,
            0.28317259324250516,
            0.23476944935764732,
            0.5834063369129591,
            0.22729816917007187,
            0.5669580906847198,
            0.8807972977138906,
            0.8790507096224759,
            0.863019924195782,
            0.8521968527006715,
            0.8239034154504136,
            0.8016621342025703,
            0.4982597778997075,
            0.5397004166163396,
            0.4639357675362617,
            0.427563039466976,
            0.4063204280276906,
            0.6311011307375849
        ],
        "x_sigma": 0.27975816,
        "x_chi2": 0.07866357,
        "x_quality": 0.6614583
    },
    "y": {
        "y_gains": [
            1.1843022115647655,
            1.186371570816702,
            1.1808745556959486,
            1.0989513849842536,
            1.2695401752145716,
            1.367579250020907,
            0.9743248829811457,
            2.103238514083022,
            3.4000267854110153,
            3.3088558515808737,
            2.513930948350283,
            1.7273298280859442,
            0.9718650887983414,
            0.9752420184974154,
            0.9584898187773714,
            0.9400032580512924,
            0.9159306629496979,
            0.9020594377788266,
            1.9026826169565212,
            2.2052744430965316,
            2.5281346626096846,
            2.095209241213688,
            2.400832070775761,
            0.7047716494045771
        ],
        "y_sigma": 0.82203776,
        "y_chi2": 0.6817019,
        "y_quality": 0.62109375
    }
}