{
    "x": {
        "x_gains": [
            1.175777654049389,
            1.1642808417703914,
            1.141804725130494,
            1.1321382776030908,
            1.1149769840876058,
            1.1125704326619528,
            1.0939430125702805,
            0.34275623933749605,
            0.3513665788191659,
            1.0542452066606833,
            0.23663920271519823,
            0.54845266694433,
            0.9791524730356097,
            0.9862042841305825,
            0.9815265898988547,
            0.9682817056824482,
            0.9562608212865189,
            0.9262557758994545,
            0.5279601909568655,
            0.5304080832494581,
            0.4749719018497163,
            0.47526597071886356,
            0.4363529100157392,
            0.7707769477880321
        ],
        "x_sigma": 0.46335888,
        "x_chi2": 0.21734092,
        "x_quality": 0.66015625
    },
    "y": {
        "y_gains": [
            1.2386862270911951,
            1.2293888351577669,
            1.3789733047315884,
            1.2969931418893637,
            1.2059512730564317,
            1.2150254912348062,
            1.2588257849313769,
            1.5232329583743083,
            1.4546914526694315,
            1.474478581982152,
            1.1410839635825336,
            0.8477368055276508,
            1.0612113836187569,
            1.0635418389382874,
            1.0619315281417696,
            1.0529420305923884,
            1.0359341094524057,
            1.0307758753091039,
            0.9911903006081944,
            0.9970704077280136,
            0.9878913173343017,
            1.1154670719976547,
            1.1221220584902756,
            0.8277102835222251
        ],
        "y_sigma": 0.8518589,
        "y_chi2": 0.7285515,
        "y_quality": 0.6197917
    }
}