{
    "x": {
        "x_gains": [
            0.3095041736947327,
            0.29986748256210616,
            0.29313172436847407,
            0.2908527310533368,
            0.2873031542438698,
            0.285457667427202,
            0.2776070032029741,
            0.074132061820209,
            0.07208500321246818,
            0.09398566023187578,
            0.06109032546726157,
            0.13217618371537868,
            0.2359429886237729,
            0.23114351969264202,
            0.22872187267039626,
            0.22703485666154324,
            0.2231189372309534,
            0.21723741525188264,
            0.14546075953819293,
            0.15333752854588933,
            0.12193854979945987,
            0.10588425262923835,
            0.1147493870518054,
            0.1760022669091978
        ],
        "x_sigma": 0.2920868,
        "x_chi2": 0.08568167,
        "x_quality": 0.6536458
    },
    "y": {
        "y_gains": [
            0.327051438323168,
            0.3383148503472717,
            0.3316359981855531,
            0.34051925440585096,
            0.3094800357833197,
            0.27616566073324744,
            0.3408835982390908,
            0.6377240699320562,
            0.7693055694030558,
            0.4501363688129319,
            0.41497512431617284,
            0.30327706027479934,
            0.25410588739709256,
            0.2590692233482925,
            0.2559076275827477,
            0.24988486554819866,
            0.24487126921480362,
            0.24077417758583583,
            0.32694429686542154,
            0.39900185695464224,
            0.5546487049230064,
            0.45186776830823605,
            0.517531803881944,
            0.190024381268263
        ],
        "y_sigma": 0.8862429,
        "y_chi2": 0.7933675,
        "y_quality": 0.61588544
    }
}