{
    "x": {
        "x_gains": [
            0.07122603003701403,
            0.07437917192775344,
            0.08664573479005608,
            0.0979780466469561,
            0.10792830538529866,
            0.12131658582129387,
            0.13061736296605908,
            0.1429868523589256,
            0.14632782994364915,
            0.15437017408926576,
            0.16240925159754266,
            0.17131236388911478,
            0.17998654060649344,
            0.1869947576954654,
            0.19153532610517318,
            0.19822326540519364,
            0.2005453429510869,
            0.21283245173875173,
            0.21917769788020097,
            0.2242558741583677,
            0.2378973301734224,
            0.2491176688126576,
            0.2551273257566471,
            0.26042975597471435
        ],
        "x_sigma": 0.070910305,
        "x_chi2": 0.005043585,
        "x_quality": 0.84375
    },
    "y": {
        "y_gains": [
            0.06821272629827747,
            0.07363146172220601,
            0.084476468910632,
            0.09594298377114835,
            0.10538812602522886,
            0.11860316779572928,
            0.126799598547399,
            0.13873539359092427,
            0.14247475283266167,
            0.14906410178228044,
            0.15477657537015593,
            0.16626770730299315,
            0.1713606049166442,
            0.1778631615813721,
            0.18145623930564972,
            0.1881069246410177,
            0.19415424856092872,
            0.20484478398605419,
            0.21195605981315227,
            0.21936894880352117,
            0.23036474571648274,
            0.24150406801527366,
            0.2480571543528201,
            0.25292708724158375
        ],
        "y_sigma": 0.05797403,
        "y_chi2": 0.0033711842,
        "y_quality": 0.83723956
    }
}