{
    "x": {
        "x_gains": [
            0.2788927833787041,
            0.3511037842773408,
            0.4126425932903407,
            0.4968907557847525,
            0.5643570167636608,
            0.6193857328708257,
            0.6916456331465913,
            0.7537851320405415,
            0.7800849918200288,
            0.8359289624224018,
            0.914470071452119,
            0.939566694390148,
            0.9870247697814076,
            1.0198115110938768,
            1.0687203196328732,
            1.0907371114139965,
            1.1318607598475565,
            1.1292557414185034,
            1.1501363889236804,
            1.1813723104287295,
            1.1965188242024887,
            1.2209569445405948,
            1.227127945697625,
            1.2346224075275225
        ],
        "x_sigma": 0.12317141,
        "x_chi2": 0.015221551,
        "x_quality": 0.85286456
    },
    "y": {
        "y_gains": [
            0.3091480621362873,
            0.39054196406599956,
            0.44775458463754914,
            0.5338224285600124,
            0.6018625237660464,
            0.6723483689702622,
            0.7461901953742327,
            0.8081828187121477,
            0.8124610069495477,
            0.8769225979884273,
            0.9469893362371815,
            1.0026772485212767,
            1.0378969384946426,
            1.0654299723776626,
            1.111034573173848,
            1.1494370459651828,
            1.1926382732887668,
            1.2067333306382955,
            1.2196655457533745,
            1.2245591709440518,
            1.2622166796885355,
            1.287748081448521,
            1.3242037430472682,
            1.3049719431032234
        ],
        "y_sigma": 0.08621352,
        "y_chi2": 0.007455337,
        "y_quality": 0.83723956
    }
}