{
    "x": {
        "x_gains": [
            0.0663498021283026,
            0.07767020454448367,
            0.08883022146262513,
            0.09481371806591014,
            0.10230585111715944,
            0.1166222102801079,
            0.1259109880328405,
            0.14084720098442052,
            0.14695913768845564,
            0.15798816605440985,
            0.16068505050403448,
            0.16514334318330806,
            0.1739189718466925,
            0.17725288864601302,
            0.18824894726011845,
            0.19456988148515034,
            0.19890364311912737,
            0.20853607384212328,
            0.21433328096456833,
            0.22254179223587292,
            0.22809664345296712,
            0.24287832184680788,
            0.25230218171751784,
            0.2619803619520681
        ],
        "x_sigma": 0.06362702,
        "x_chi2": 0.0040606963,
        "x_quality": 0.8307292
    },
    "y": {
        "y_gains": [
            0.06953547797435922,
            0.08060142851523787,
            0.0927517821327419,
            0.10109871045561852,
            0.10770826011415569,
            0.12364333891912725,
            0.13341823536158803,
            0.1463084419561345,
            0.14942263020975635,
            0.16296906162740252,
            0.15996718753049374,
            0.16816671375334652,
            0.17642123180126784,
            0.18015074906591388,
            0.18902319617054125,
            0.1976271305686879,
            0.2035026302918468,
            0.21691178783250678,
            0.2219124176929617,
            0.23125028472691306,
            0.23540964562302966,
            0.2507288499621763,
            0.26282264370563946,
            0.26695321068363836
        ],
        "y_sigma": 0.05620608,
        "y_chi2": 0.0031687212,
        "y_quality": 0.82682294
    }
}