{
    "x": {
        "x_gains": [
            0.20375105695860798,
            0.20224577756321746,
            0.22133819746156078,
            0.23031757799877517,
            0.22999420161618306,
            0.2356923378754311,
            0.24799363846718603,
            0.25065273104322794,
            0.24952849718992234,
            0.2576362814129155,
            0.24849326111125192,
            0.25818707336845265,
            0.2541584710090709,
            0.2536605757689213,
            0.26584481627863515,
            0.2629907156913621,
            0.26001219197168157,
            0.25384833440334637,
            0.25464052435373064,
            0.25806720002791256,
            0.24573452174152155,
            0.2524205872211573,
            0.25837298346668697,
            0.2600348758775527
        ],
        "x_sigma": 0.07242405,
        "x_chi2": 0.0052616927,
        "x_quality": 0.85286456
    },
    "y": {
        "y_gains": [
            0.2107870527172517,
            0.21299602033975676,
            0.2262545816552785,
            0.23737638328120153,
            0.24009832122293406,
            0.24500586176524275,
            0.25510512550585435,
            0.2547062909168145,
            0.2587714798118783,
            0.2584267871355869,
            0.24712574227305767,
            0.25982081094024373,
            0.2563221210347929,
            0.2535568704226012,
            0.26322519726359506,
            0.26061165033109407,
            0.2625623135856804,
            0.2554551293320783,
            0.2526871190441614,
            0.25619658845548454,
            0.2512967288151957,
            0.26022697204683504,
            0.2601901318573337,
            0.2615742690437839
        ],
        "y_sigma": 0.051517837,
        "y_chi2": 0.0026621546,
        "y_quality": 0.8333333
    }
}