{
    "x": {
        "x_gains": [
            0.07262386163004693,
            0.08184377659922738,
            0.09168273482996842,
            0.10563796138171919,
            0.11731584169775731,
            0.12708571486667755,
            0.1362977679891144,
            0.14967314453532946,
            0.15720977550506943,
            0.16372346451948802,
            0.16843413021204676,
            0.1768152271151809,
            0.18295359180894813,
            0.1896283422919767,
            0.20131417896025253,
            0.20663825390675447,
            0.2129728583129909,
            0.21612020277175456,
            0.22471872743402632,
            0.23368322098856695,
            0.25023696189106276,
            0.2573852184183833,
            0.2638508991233897,
            0.28095599096928775
        ],
        "x_sigma": 0.06689567,
        "x_chi2": 0.004488675,
        "x_quality": 0.8411458
    },
    "y": {
        "y_gains": [
            0.07781785656783877,
            0.08348161755651809,
            0.09582603817690195,
            0.11006687002621574,
            0.12273290839927568,
            0.12921689650476048,
            0.1397783646294762,
            0.14784187016890654,
            0.15996611277866896,
            0.16923041150371476,
            0.17146004659426767,
            0.17721453485260535,
            0.18389171132017146,
            0.1885948401960481,
            0.20015099390980554,
            0.20841972765252298,
            0.21112751806512606,
            0.21806404139657984,
            0.22558209203027493,
            0.23512748141787515,
            0.24942972258950055,
            0.2581538273602475,
            0.2659999502048093,
            0.2803137843714806
        ],
        "y_sigma": 0.06315327,
        "y_chi2": 0.0040004626,
        "y_quality": 0.8489583
    }
}