{
    "x": {
        "x_gains": [
            0.07364232277312244,
            0.07973870582964097,
            0.08902808925244005,
            0.10373471961646369,
            0.1170052779910849,
            0.12465335460251972,
            0.1346145044436248,
            0.14451292028602286,
            0.1521164123782236,
            0.16600638457234937,
            0.17249799889383932,
            0.17523271342424523,
            0.18055172635435912,
            0.19677669927748515,
            0.19795420661992913,
            0.20588069378499715,
            0.20685948535759613,
            0.21289061169433676,
            0.22746622865769675,
            0.229767870575251,
            0.2362125286322064,
            0.2557980464191599,
            0.25986701409500496,
            0.26894716651250616
        ],
        "x_sigma": 0.07459655,
        "x_chi2": 0.005581622,
        "x_quality": 0.8411458
    },
    "y": {
        "y_gains": [
            0.0733102948400769,
            0.08340220965814268,
            0.09078649612604943,
            0.10505355945621755,
            0.11577642507175533,
            0.12764163131365766,
            0.13960688516028372,
            0.14686164018016987,
            0.15559313925122295,
            0.16421802267837757,
            0.17047104046488135,
            0.17461632515264,
            0.1825949540322681,
            0.19429267595883049,
            0.19745011343903918,
            0.20328740122265174,
            0.20558177122881058,
            0.21055610393723068,
            0.22363439890651723,
            0.2297228784000996,
            0.23580339750251186,
            0.2526629793705225,
            0.2595680818266574,
            0.2706398252944148
        ],
        "y_sigma": 0.059421457,
        "y_chi2": 0.0035416223,
        "y_quality": 0.8333333
    }
}