{
    "x": {
        "x_gains": [
            0.06623808637638554,
            0.07681706936734999,
            0.08515445357366419,
            0.09375828588851538,
            0.10331519876087883,
            0.11923274207406309,
            0.12579417953853514,
            0.13744468882110117,
            0.14512787579956388,
            0.1498679730597931,
            0.15439604128550144,
            0.16491566361386883,
            0.17023177396488867,
            0.17994400286586015,
            0.18160897818126126,
            0.18843442274810498,
            0.19013756452793595,
            0.19917261703158906,
            0.20575733720376602,
            0.21812843620452158,
            0.22224345881939828,
            0.23136628035438836,
            0.23721905258031467,
            0.25215442633014673
        ],
        "x_sigma": 0.06904929,
        "x_chi2": 0.0047823116,
        "x_quality": 0.8333333
    },
    "y": {
        "y_gains": [
            0.07265992358355837,
            0.0841880312738331,
            0.09238641690553175,
            0.10297135161946648,
            0.11368676046051779,
            0.12543825460596414,
            0.13448106647789113,
            0.14632210036127513,
            0.15454933907284243,
            0.1593400136634062,
            0.16499728736209712,
            0.17412367558920494,
            0.18037035227989207,
            0.18879483759396082,
            0.19033244416359835,
            0.19910898728191342,
            0.20170357630324262,
            0.2122012672999205,
            0.2198419204686678,
            0.22677986247434156,
            0.23409752128180566,
            0.24175654893106618,
            0.24566103650876753,
            0.2597054929321929
        ],
        "y_sigma": 0.058455862,
        "y_chi2": 0.0034274675,
        "y_quality": 0.8463542
    }
}