{
    "x": {
        "x_gains": [
            0.06978053463612661,
            0.07612216053874393,
            0.08442484812391947,
            0.0987492128453371,
            0.1051716364296459,
            0.11900008984506784,
            0.13385876288855753,
            0.13813677253376824,
            0.14575491718788625,
            0.15833210929418506,
            0.16602073532575926,
            0.17025860392065043,
            0.17707724445850043,
            0.18561722646656634,
            0.18772456316212566,
            0.19427973246826008,
            0.20400309146284804,
            0.20727603984533643,
            0.21378263031093508,
            0.22863389919156427,
            0.23346537512375998,
            0.24568557700363347,
            0.2584689416482585,
            0.26985481783814824
        ],
        "x_sigma": 0.06301552,
        "x_chi2": 0.0039830133,
        "x_quality": 0.8333333
    },
    "y": {
        "y_gains": [
            0.08058674889523626,
            0.08630825667074357,
            0.0969198202680085,
            0.11240091157139284,
            0.11985090547359085,
            0.13478161025692367,
            0.15205999630555034,
            0.1554003002955403,
            0.16384784741531577,
            0.17934695362250985,
            0.1854487146772124,
            0.19052587236557497,
            0.1997965272166825,
            0.20566786071942122,
            0.2104607406534385,
            0.21641953359426314,
            0.22624738952933868,
            0.23328827759065465,
            0.23590742143516166,
            0.25114687476093955,
            0.25985963993380545,
            0.2686273887220444,
            0.28645119368652405,
            0.29324753848749313
        ],
        "y_sigma": 0.05643488,
        "y_chi2": 0.0031945517,
        "y_quality": 0.82942706
    }
}