{
    "x": {
        "x_gains": [
            0.06869620915082968,
            0.08077838047424987,
            0.09310407881520964,
            0.10616142885639618,
            0.11575484836288497,
            0.1283622073421899,
            0.13705124676410013,
            0.1395648616040639,
            0.15261306376982653,
            0.16008415047487523,
            0.17079901796030242,
            0.18399829396781833,
            0.18381802162913133,
            0.1913876513816514,
            0.19758972154075724,
            0.20478196188737377,
            0.21375543590761284,
            0.21580271488447433,
            0.22974731471338564,
            0.23568857714098917,
            0.25141823138688607,
            0.2535907177682394,
            0.2609896749352719,
            0.2744023770051027
        ],
        "x_sigma": 0.05996684,
        "x_chi2": 0.0036069455,
        "x_quality": 0.82682294
    },
    "y": {
        "y_gains": [
            0.07544142475053596,
            0.08869882898032004,
            0.10057845687904847,
            0.11439911976741285,
            0.1242449479208664,
            0.13617648036090035,
            0.1475737256197137,
            0.15239681326071727,
            0.16409669364853902,
            0.17228797832203743,
            0.18017238894173948,
            0.19537304274797343,
            0.19678126072519364,
            0.203802323648117,
            0.21106952877229107,
            0.22169003312869348,
            0.23156776191425396,
            0.234484005752174,
            0.24955585297067542,
            0.2524740245255792,
            0.2746586322791129,
            0.2792867407642319,
            0.2912638269492089,
            0.30403525009012367
        ],
        "y_sigma": 0.057496224,
        "y_chi2": 0.0033158392,
        "y_quality": 0.828125
    }
}