{
    "x": {
        "x_gains": [
            0.20380487395279961,
            0.2142215243361007,
            0.22540227261841367,
            0.23663956670348776,
            0.2437107812994771,
            0.25651663188429397,
            0.2538552940036511,
            0.25501683786924556,
            0.2556595482015143,
            0.26051941579563087,
            0.260015836004476,
            0.2678530772300778,
            0.27599042545055646,
            0.2690136493490475,
            0.27632902308875446,
            0.27599608505073275,
            0.26979572147153064,
            0.268975972430178,
            0.2616124672781666,
            0.2706599620946136,
            0.2696023995476287,
            0.2740397612510792,
            0.27795247863149986,
            0.275154409775906
        ],
        "x_sigma": 0.12540686,
        "x_chi2": 0.015790729,
        "x_quality": 0.859375
    },
    "y": {
        "y_gains": [
            0.12955091809043448,
            0.13161020479205918,
            0.13715360434254645,
            0.13915694962678454,
            0.14382962425977724,
            0.15191632570313332,
            0.1519323670029639,
            0.15267090729449992,
            0.15011103337861434,
            0.1539868741588467,
            0.15047779408221396,
            0.15477288626669225,
            0.1601802553263659,
            0.15580390178153192,
            0.1603088831560651,
            0.158802872801138,
            0.1571456220078295,
            0.15946173372856456,
            0.1549979147355541,
            0.1624559703706303,
            0.16312569715844824,
            0.15836271700759838,
            0.16125586064268524,
            0.15983229117351744
        ],
        "y_sigma": 0.059417155,
        "y_chi2": 0.0035411462,
        "y_quality": 0.84244794
    }
}