{
    "x": {
        "x_gains": [
            0.0641818286609604,
            0.07114017930455353,
            0.08097833489432571,
            0.09428240389582435,
            0.10067084027836293,
            0.11533131457400303,
            0.12170233823051373,
            0.1287035806726142,
            0.14303473682974405,
            0.14963628656007277,
            0.15571453663713905,
            0.1624523389205458,
            0.16841935070971914,
            0.1724406819573728,
            0.18349403281992618,
            0.18205822393136056,
            0.18776070573991988,
            0.1985893404788426,
            0.2076922997041423,
            0.21559317757114324,
            0.22358254813005618,
            0.2323192828954231,
            0.24117213516444078,
            0.24686424397060003
        ],
        "x_sigma": 0.08437831,
        "x_chi2": 0.0071421578,
        "x_quality": 0.8541667
    },
    "y": {
        "y_gains": [
            0.06187459479874731,
            0.06952774254266292,
            0.07719681683557587,
            0.08961615786495598,
            0.0993233201521355,
            0.10916839880526105,
            0.1149145265751334,
            0.12004111648321783,
            0.13322871504075187,
            0.13831546945245457,
            0.14283197178280124,
            0.1494094628333876,
            0.15309273503631038,
            0.15738639617778954,
            0.1673689607734856,
            0.17056699368339254,
            0.17522526127269225,
            0.18217527848679382,
            0.18892227775277706,
            0.199498122573043,
            0.20327475632438585,
            0.21356065754813913,
            0.2235847976647015,
            0.22726973144444917
        ],
        "y_sigma": 0.05993016,
        "y_chi2": 0.0036025373,
        "y_quality": 0.84375
    }
}