{
    "x": {
        "x_gains": [
            0.23085166257058867,
            0.2881378128582363,
            0.35459959287711545,
            0.42516645266621883,
            0.48407490381431656,
            0.5607644969678902,
            0.6004591230546701,
            0.6526564815706779,
            0.6962388065687067,
            0.7348961389659203,
            0.7917591177396481,
            0.824899424137712,
            0.8823517993094361,
            0.9193640501443219,
            0.9691464475258562,
            0.9722035343098405,
            1.0414565311145032,
            1.0269729832676833,
            1.0851217224440934,
            1.094023377638545,
            1.087656050092217,
            1.1560134344945276,
            1.1542736346472315,
            1.1501098009826998
        ],
        "x_sigma": 0.089316174,
        "x_chi2": 0.00800167,
        "x_quality": 0.83984375
    },
    "y": {
        "y_gains": [
            0.22915444987005795,
            0.2877314972534302,
            0.3464887008302216,
            0.41929023555222283,
            0.4787283290456829,
            0.5384392884934016,
            0.578416570755559,
            0.6207273397432536,
            0.6666460895240367,
            0.7064025145103907,
            0.7515274984287439,
            0.7904182964762599,
            0.8333356250063021,
            0.8691770353692473,
            0.9057922607116502,
            0.9214656906993518,
            0.9904634219877333,
            0.9696827711904534,
            1.0307397516123347,
            1.0279731012334545,
            1.0379720268614705,
            1.1051246508773087,
            1.1187938060218516,
            1.108721569745738
        ],
        "y_sigma": 0.090775296,
        "y_chi2": 0.008265157,
        "y_quality": 0.83723956
    }
}