{
    "x": {
        "x_gains": [
            0.11160283319416461,
            0.14065242612424717,
            0.16780629515247886,
            0.19447787843304506,
            0.22799348203113828,
            0.25973738576295236,
            0.31619760491064997,
            0.36193471769019636,
            0.3976541744005433,
            0.4196110071688023,
            0.44741508173602423,
            0.49002639478172855,
            0.5223648690402543,
            0.5587048194268817,
            0.6302670630626315,
            0.639667413883495,
            0.6674059299684284,
            0.6983796196065888,
            0.710374493804895,
            0.7355086590331165,
            0.7237799494714742,
            0.7698462909498563,
            0.7968347175149212,
            0.8378161383998534
        ],
        "x_sigma": 0.11021691,
        "x_chi2": 0.012187186,
        "x_quality": 0.85546875
    },
    "y": {
        "y_gains": [
            0.1250446972270238,
            0.16283438651900628,
            0.18928015620912733,
            0.21521504050110324,
            0.24878567711002597,
            0.2844010840231719,
            0.3365530692361013,
            0.3782382441757079,
            0.4119595142667759,
            0.4422625568622498,
            0.46613405567952654,
            0.5024192491685966,
            0.5238610592648731,
            0.5635724360779236,
            0.6304372851706146,
            0.6476394513457624,
            0.667974650094839,
            0.7072654479681431,
            0.7136780683874873,
            0.7398154234500034,
            0.7583904527742682,
            0.786544489040643,
            0.8115926596962761,
            0.8482647726158415
        ],
        "y_sigma": 0.14491838,
        "y_chi2": 0.021082887,
        "y_quality": 0.85807294
    }
}