{
    "x": {
        "x_gains": [
            0.09202209818665853,
            0.12598556142473294,
            0.16021290372350008,
            0.2029526773212763,
            0.22343427870610996,
            0.26091080727525784,
            0.3033527210102034,
            0.34328674955027716,
            0.4070839113924875,
            0.45156944767818347,
            0.5092079046990927,
            0.5299187910051161,
            0.574423946125927,
            0.6106565926241477,
            0.6744720165607161,
            0.6683467567437692,
            0.7124213077234022,
            0.7380994382325177,
            0.8016364285397639,
            0.81877181771028,
            0.8441784231878254,
            0.8961472835983539,
            0.8860111247556824,
            0.9325835361702525
        ],
        "x_sigma": 0.13998255,
        "x_chi2": 0.019672692,
        "x_quality": 0.86067706
    },
    "y": {
        "y_gains": [
            0.09755430384712227,
            0.1310699991126561,
            0.16973610076050938,
            0.21157935738694414,
            0.2395741923301137,
            0.2779487394149129,
            0.3211326476937217,
            0.36511583957218935,
            0.4275601510860755,
            0.4773835713981553,
            0.5265291169022059,
            0.5500803612399735,
            0.5841384221136114,
            0.6177400486865642,
            0.672858263550642,
            0.684451921701438,
            0.7179483276793706,
            0.7475095784008602,
            0.7931268892778207,
            0.8255212196514665,
            0.8739162564503759,
            0.8816152884786282,
            0.8647703291073736,
            0.8872516926322354
        ],
        "y_sigma": 0.08149746,
        "y_chi2": 0.006661966,
        "y_quality": 0.8229167
    }
}