{
    "x": {
        "x_gains": [
            0.11328426840622968,
            0.14215358415385565,
            0.16744010039708418,
            0.19573418100326567,
            0.2291756140645991,
            0.2657008193894429,
            0.3220383740926569,
            0.3601548190317475,
            0.4140268487302811,
            0.4357240758118063,
            0.4624595243862769,
            0.508397894358273,
            0.5269437955424349,
            0.5772480564779499,
            0.6168685543790295,
            0.6490057912733773,
            0.6826714435463144,
            0.6741580002532137,
            0.7131606015566726,
            0.7297631568269781,
            0.7558492147331338,
            0.7879371238782139,
            0.8173692268496309,
            0.8521723065134256
        ],
        "x_sigma": 0.090912014,
        "x_chi2": 0.00829004,
        "x_quality": 0.83723956
    },
    "y": {
        "y_gains": [
            0.1296518096929249,
            0.15951681972465037,
            0.1873223598646109,
            0.21343748627330167,
            0.25406355603104963,
            0.2909810002500982,
            0.3488341995933012,
            0.38438061676176244,
            0.4354287470929688,
            0.45687405855389307,
            0.47436086632904506,
            0.520677645293665,
            0.5263058450632433,
            0.574885043112354,
            0.6016849706254389,
            0.6326457612670731,
            0.670760991760372,
            0.6700508253652564,
            0.703977621396189,
            0.7116592342162343,
            0.7484849541799966,
            0.7552372113228486,
            0.7869989659620585,
            0.8156442525179142
        ],
        "y_sigma": 0.09128858,
        "y_chi2": 0.008358869,
        "y_quality": 0.8359375
    }
}