{
    "x": {
        "x_gains": [
            0.06704577027008182,
            0.07774380632587358,
            0.08778055983632085,
            0.09898821179082246,
            0.11233077368943688,
            0.11863271524897805,
            0.12704018114506982,
            0.1371955245447938,
            0.14572326339146152,
            0.15805561249948039,
            0.1626542492942798,
            0.1720977770766897,
            0.17692277683482854,
            0.18413927410825032,
            0.1937762329419751,
            0.20614614846637366,
            0.2032094287549267,
            0.20370477051313152,
            0.2231159254569693,
            0.2250866245874725,
            0.23457294107764637,
            0.25111344959115967,
            0.2561141752895614,
            0.2709086775517051
        ],
        "x_sigma": 0.05960668,
        "x_chi2": 0.0035637254,
        "x_quality": 0.8359375
    },
    "y": {
        "y_gains": [
            0.06374250069479326,
            0.07398278479783982,
            0.08365985775816345,
            0.09469866458784158,
            0.10628025998277198,
            0.11566933099403678,
            0.12361321425260359,
            0.13032256921040683,
            0.13888172683539252,
            0.15163459822366132,
            0.15427989396651448,
            0.16596040281045976,
            0.16775215169813656,
            0.17767253246610185,
            0.18598685742470694,
            0.19762013970558157,
            0.19553669886536898,
            0.19541023183215872,
            0.21153759911594205,
            0.21386760312161154,
            0.22231445802069436,
            0.23728046218437546,
            0.2445897062709988,
            0.26244583085245476
        ],
        "y_sigma": 0.0541888,
        "y_chi2": 0.0029453242,
        "y_quality": 0.8359375
    }
}