{
    "x": {
        "x_gains": [
            0.25935497949759984,
            0.3266457301997076,
            0.39467445238327725,
            0.4698364968990791,
            0.5333773974180587,
            0.5988723951446301,
            0.6720339328749659,
            0.730549574180917,
            0.7792445411192538,
            0.8497387435745942,
            0.9315167514657416,
            0.9970378006941376,
            1.0235601017091203,
            1.088025861939528,
            1.1531546158934227,
            1.1584434366243976,
            1.1739718237370529,
            1.2176824045623151,
            1.2346456381821571,
            1.2808545041504809,
            1.1887605118674378,
            1.3215000405105837,
            1.3297711423970802,
            1.3748432231901517
        ],
        "x_sigma": 0.099793434,
        "x_chi2": 0.00998942,
        "x_quality": 0.84375
    },
    "y": {
        "y_gains": [
            0.31908399918186864,
            0.40526231494912174,
            0.47109901747588917,
            0.5476069794042825,
            0.6112704081794826,
            0.6796357016711901,
            0.756544507172912,
            0.8159918074422533,
            0.8808675911548209,
            0.9376396497053281,
            0.9969981383053763,
            1.0474108422942823,
            1.0984030757043564,
            1.143675230087442,
            1.1863059015515576,
            1.2223660471695166,
            1.2366975707908259,
            1.2713939041493592,
            1.3037202831628307,
            1.349129662963126,
            1.267413308296006,
            1.3778234357846098,
            1.4061017221793282,
            1.4544866403947592
        ],
        "y_sigma": 0.09315513,
        "y_chi2": 0.008704331,
        "y_quality": 0.83463544
    }
}