{
    "x": {
        "x_gains": [
            0.2675519926429623,
            0.3289630049849409,
            0.39134509025298303,
            0.45398855503932517,
            0.5415175552951699,
            0.6089797968516475,
            0.6643787235105559,
            0.7370548658482753,
            0.7940340095882783,
            0.8586729878737343,
            0.8959904695285738,
            0.9732450081046977,
            1.0134910865992661,
            1.0679761478207146,
            1.1155131739874822,
            1.1542528503985576,
            1.175402631232822,
            1.2026789432926055,
            1.2398578081471305,
            1.2455506439895405,
            1.0254156445408973,
            1.3232662238426822,
            1.3255448735049096,
            1.3667540414301966
        ],
        "x_sigma": 0.1134304,
        "x_chi2": 0.012909812,
        "x_quality": 0.85546875
    },
    "y": {
        "y_gains": [
            0.2936956323494579,
            0.36237671581751174,
            0.4349612075497435,
            0.5069791510400906,
            0.5894977903264828,
            0.6689829532439786,
            0.7126638440902457,
            0.781578873735464,
            0.8342573428619983,
            0.9047151309896325,
            0.923412448541687,
            0.9834250590276306,
            1.0285696535540836,
            1.0930998617775225,
            1.122851357959028,
            1.155750697640015,
            1.1914757535279896,
            1.2226412172919174,
            1.2436731239004375,
            1.2493322319220377,
            1.177167249662671,
            1.3425682336809823,
            1.3483699959629802,
            1.3895549102771343
        ],
        "y_sigma": 0.13511553,
        "y_chi2": 0.018325934,
        "y_quality": 0.859375
    }
}