{
    "x": {
        "x_gains": [
            0.33946654326378883,
            0.41827007012465034,
            0.5002115394600376,
            0.5740554162099817,
            0.6787430899711296,
            0.7494750114913256,
            0.8264102194548867,
            0.8884100950749831,
            0.9323640725065975,
            1.0096633873136402,
            1.0530064492432991,
            1.0966288357499596,
            1.1625376024240677,
            1.2126372811508024,
            1.2495135487565496,
            1.2614064889222145,
            1.2979520263951525,
            1.2665481481571546,
            1.3210572764858608,
            1.3651927454203585,
            1.3186379050641366,
            1.3974129135765792,
            1.416748942000225,
            1.4596745918238954
        ],
        "x_sigma": 0.08954838,
        "x_chi2": 0.008043218,
        "x_quality": 0.8255208
    },
    "y": {
        "y_gains": [
            0.35829441539393325,
            0.4363025730420682,
            0.5206526777011018,
            0.6033830844810535,
            0.6804324502045924,
            0.7722403085192701,
            0.8542335816305612,
            0.9236425617817583,
            0.9516358668132313,
            0.9987480692951385,
            1.0335997864004025,
            1.0693775816111541,
            1.1261656941099731,
            1.1976901348060132,
            1.220730096697693,
            1.2190948335455838,
            1.2765910729007544,
            1.2705058048774973,
            1.3197928569273538,
            1.3468554024121104,
            1.2951368801675638,
            1.3848350727208056,
            1.3894748999279334,
            1.4182685182256722
        ],
        "y_sigma": 0.08399183,
        "y_chi2": 0.0070760096,
        "y_quality": 0.83723956
    }
}