{
    "x": {
        "x_gains": [
            0.06758465552574171,
            0.07727062235072843,
            0.09291034597582994,
            0.1039161961601095,
            0.11347561511159304,
            0.12070817555265936,
            0.13465043723151376,
            0.14298351986248417,
            0.15060397464973657,
            0.16106615486285297,
            0.16944585258654773,
            0.16989541577995418,
            0.17926217695700875,
            0.18928627207179674,
            0.19718900370788287,
            0.20873834660777016,
            0.2096880931551935,
            0.21612126304724066,
            0.22432912132975127,
            0.2387728413084656,
            0.23910582455571863,
            0.25381253715656915,
            0.2677357820519356,
            0.2698683560569686
        ],
        "x_sigma": 0.063160345,
        "x_chi2": 0.004001339,
        "x_quality": 0.83723956
    },
    "y": {
        "y_gains": [
            0.07155449712143414,
            0.08076982691268403,
            0.0952112094061058,
            0.11029932036867769,
            0.12041110277063541,
            0.1300752264056872,
            0.1387468140783118,
            0.14754618158597096,
            0.15014737039477932,
            0.15826136094610035,
            0.17192277572759868,
            0.17176310707093748,
            0.18172005298956745,
            0.18780876935486748,
            0.19850257596792834,
            0.20727738460712541,
            0.20772215417013648,
            0.21595618162692315,
            0.22315905882845466,
            0.23810241518232428,
            0.2376620480850214,
            0.25225911915454446,
            0.2694202639009204,
            0.2731671338962853
        ],
        "y_sigma": 0.049286854,
        "y_chi2": 0.0024365552,
        "y_quality": 0.83463544
    }
}