{
    "x": {
        "x_gains": [
            0.27291116523242753,
            0.33097482876851747,
            0.3925600141824082,
            0.45799505246264627,
            0.5206039151184471,
            0.5930231537588061,
            0.6326780623373899,
            0.6935328821624522,
            0.7410014085695776,
            0.7948150715695206,
            0.8217433959975673,
            0.8800658570882176,
            0.9157346472049854,
            0.9758683374053065,
            1.0239652933107624,
            1.0205386151758398,
            1.0354273003971848,
            1.11009007492886,
            1.1227410870356749,
            1.1206191914104986,
            1.1301188308649466,
            1.1745259877381837,
            1.1923697872573826,
            1.2247004443948033
        ],
        "x_sigma": 0.08879214,
        "x_chi2": 0.007907936,
        "x_quality": 0.8177083
    },
    "y": {
        "y_gains": [
            0.3161436744013535,
            0.3850499430953942,
            0.45681509883537275,
            0.5248486441480006,
            0.5985758324648497,
            0.666219855217101,
            0.7088311070247786,
            0.7875799275489473,
            0.832707692287195,
            0.8773738446083185,
            0.8987708948504562,
            0.9588198385193981,
            1.0044097202594382,
            1.0614479094173093,
            1.1135773880717197,
            1.119496262505753,
            1.1390394730712274,
            1.2039540982868395,
            1.2239396175754156,
            1.2289669979347209,
            1.219774744197989,
            1.2626129669291108,
            1.2751381695090644,
            1.3190797097444245
        ],
        "y_sigma": 0.091990486,
        "y_chi2": 0.008487903,
        "y_quality": 0.81901044
    }
}