{
    "x": {
        "x_gains": [
            0.25146815280321483,
            0.29964065893617736,
            0.33890890447222155,
            0.394265021004469,
            0.4743534183425257,
            0.539183866497212,
            0.5841811456937261,
            0.6452901818324486,
            0.6853840950726435,
            0.7372313013076125,
            0.7766228446871581,
            0.8383325900117702,
            0.8764299502406895,
            0.932317827893383,
            0.9376690148399249,
            0.9767888593714149,
            0.9783852201997805,
            1.0058415252419954,
            1.0550799753258997,
            1.0800585866979768,
            1.0838262665512464,
            1.1136579230413375,
            1.1521195785832308,
            1.1592880302119735
        ],
        "x_sigma": 0.082575195,
        "x_chi2": 0.006839508,
        "x_quality": 0.84765625
    },
    "y": {
        "y_gains": [
            0.239959995789182,
            0.29937669174026293,
            0.3339820823956508,
            0.4099392728259414,
            0.48524168942328877,
            0.5584172266800359,
            0.598863321484024,
            0.678002047294982,
            0.7059689462615732,
            0.7608863047160951,
            0.8010363487866062,
            0.8649385482784911,
            0.8923128320296048,
            0.9484176505077164,
            0.9671617632210046,
            0.9881485416508562,
            1.0212644622537081,
            1.0370128554335638,
            1.0668269467471458,
            1.105644020836348,
            1.07355878812218,
            1.1319185408030599,
            1.1730300909784543,
            1.1782259230769758
        ],
        "y_sigma": 0.08526377,
        "y_chi2": 0.0072920453,
        "y_quality": 0.83984375
    }
}