{
    "x": {
        "x_gains": [
            0.25539182584238884,
            0.3060397120802872,
            0.34620711411304994,
            0.3841188814135513,
            0.4303875101544553,
            0.47144713432273744,
            0.4828917489494087,
            0.5167367947395367,
            0.559661668850653,
            0.582363629947048,
            0.6045358567143622,
            0.6378209180003396,
            0.6592925237414534,
            0.6747909700012227,
            0.6784962947995837,
            0.6984086409910698,
            0.6811529740160575,
            0.719350921031742,
            0.7184563017993523,
            0.7394063040598434,
            0.7289323604710477,
            0.7164112039834756,
            0.7278170285457845,
            0.7459077820782677
        ],
        "x_sigma": 0.120880395,
        "x_chi2": 0.014659006,
        "x_quality": 0.8411458
    },
    "y": {
        "y_gains": [
            0.439266854833945,
            0.5307611374784399,
            0.5779805590459159,
            0.6595355484714109,
            0.6981597207919644,
            0.7656405042202105,
            0.8017580951510472,
            0.8556515054632066,
            0.8987918978584125,
            0.9223021325285448,
            0.9355988922883356,
            0.9743170987097215,
            0.9820592505807653,
            1.0056806879338631,
            1.018181877421491,
            1.0610026666180021,
            1.041465457709957,
            1.0857809632130135,
            1.07581435919548,
            1.098969935479475,
            1.092450872784675,
            1.0761666642094194,
            1.1070567617338745,
            1.124149875708369
        ],
        "y_sigma": 0.14883175,
        "y_chi2": 0.022233723,
        "y_quality": 0.85546875
    }
}