{
    "x": {
        "x_gains": [
            0.37370065217490417,
            0.4148297658941402,
            0.4876625281673876,
            0.5251147139348327,
            0.5769445237262378,
            0.6119782502929846,
            0.6868788082707626,
            0.7395202584179591,
            0.7619653708073998,
            0.7981377212178368,
            0.8206016979890335,
            0.8522703544745812,
            0.8908447881125672,
            0.9108164923363902,
            0.9732785403469212,
            0.9717977490637457,
            1.0027935220260489,
            1.0172148352646004,
            1.0048536440715947,
            1.0046313505259246,
            0.9362628749018913,
            1.0402244388249209,
            1.0136545347761556,
            1.0447968126174678
        ],
        "x_sigma": 0.11202413,
        "x_chi2": 0.012590762,
        "x_quality": 0.8541667
    },
    "y": {
        "y_gains": [
            0.44313182888304903,
            0.49829741738428135,
            0.5859606980924811,
            0.644594670813559,
            0.6963019750257371,
            0.758872221778282,
            0.814909785004796,
            0.8625575002393597,
            0.8861358813166312,
            0.9039484286574069,
            0.9057471376805393,
            0.9503884855492957,
            1.0124679761441486,
            1.0082441096110568,
            1.054310596317019,
            1.033959147446917,
            1.06352807337093,
            1.058318145145053,
            1.0524405886763286,
            1.0525194579272188,
            1.03334511691215,
            1.088923330323912,
            1.0455641923456274,
            1.0827966992891656
        ],
        "y_sigma": 0.12681417,
        "y_chi2": 0.016137112,
        "y_quality": 0.859375
    }
}