{
    "x": {
        "x_gains": [
            0.26009447463621105,
            0.3029753634977221,
            0.32601599134518827,
            0.37992950939854425,
            0.41098187968563016,
            0.3948837908338469,
            0.46734213182786855,
            0.49561013324478437,
            0.5139929174859927,
            0.5418875852036945,
            0.5473564598735716,
            0.5550044361504581,
            0.5701854693592877,
            0.6110302819886421,
            0.6142234873042155,
            0.6431910922664698,
            0.6286751563798018,
            0.6599805358540366,
            0.647418567368887,
            0.684714836811913,
            0.6851273312570778,
            0.6795280949192024,
            0.6806551278379235,
            0.6771769953765063
        ],
        "x_sigma": 0.09658419,
        "x_chi2": 0.009356796,
        "x_quality": 0.82942706
    },
    "y": {
        "y_gains": [
            0.23555006357496214,
            0.2692893293026107,
            0.2941865213149902,
            0.336219746232767,
            0.3607321419553125,
            0.36808800660320434,
            0.42117783223139177,
            0.4240993973632383,
            0.4416449259591115,
            0.4556708164759813,
            0.4722802208571225,
            0.4833914434300529,
            0.48603880271339917,
            0.5077876600591136,
            0.5139049048780008,
            0.5338946773156587,
            0.5227540187237943,
            0.5453904472027142,
            0.5519878434613259,
            0.5697767722863768,
            0.5785914341968251,
            0.5625611925937244,
            0.5738343802654684,
            0.5695563258741578
        ],
        "y_sigma": 0.0903613,
        "y_chi2": 0.008189918,
        "y_quality": 0.828125
    }
}