{
    "x": {
        "x_gains": [
            0.35905371536935893,
            0.4307637143428335,
            0.4824483365374335,
            0.5624195107377695,
            0.6108975074037724,
            0.5914773904514374,
            0.6725139060744213,
            0.7178381414251687,
            0.7752287137893574,
            0.8198285033546973,
            0.8660190576153819,
            0.8743233611508053,
            0.9283751170216834,
            0.8981886947144649,
            0.9153264456848949,
            0.9182276920025582,
            0.9588142306057529,
            0.9799628946849557,
            0.9505668182408828,
            1.0080372117339926,
            1.0023413692043244,
            1.000404403476061,
            0.9955826000037832,
            1.0021902868719585
        ],
        "x_sigma": 0.09399004,
        "x_chi2": 0.008860919,
        "x_quality": 0.8229167
    },
    "y": {
        "y_gains": [
            0.5164456967678762,
            0.6037813133064707,
            0.6852082652835875,
            0.7681502182276363,
            0.8216477224828944,
            0.8298017661666751,
            0.9215551944287933,
            0.9617534689245433,
            1.036890758633347,
            1.0951607878380818,
            1.129955849348094,
            1.1477487825828663,
            1.1820628580837793,
            1.1518048897803346,
            1.2063393227919865,
            1.2269071535557732,
            1.2526945930456885,
            1.2658473005869608,
            1.2444324868309486,
            1.3187529545011505,
            1.3095307780983072,
            1.3175059759436056,
            1.3044281788627743,
            1.3324523158620853
        ],
        "y_sigma": 0.08946757,
        "y_chi2": 0.008028708,
        "y_quality": 0.8255208
    }
}