{
    "x": {
        "x_gains": [
            0.23399676251439258,
            0.2879061315455207,
            0.31318489621992096,
            0.36935797384398894,
            0.387342094185174,
            0.39691961798233216,
            0.43705109389518293,
            0.4658819940476121,
            0.4595319611831515,
            0.49723883276167447,
            0.500344487179423,
            0.540633120309467,
            0.562855731858231,
            0.5782722082261071,
            0.5837435931951608,
            0.5942063337522686,
            0.5767377222920204,
            0.581213347959761,
            0.6079966146748494,
            0.6171436837627399,
            0.615857556088765,
            0.6402330243334006,
            0.6243058499331056,
            0.6301950920154156
        ],
        "x_sigma": 0.10391557,
        "x_chi2": 0.010831234,
        "x_quality": 0.828125
    },
    "y": {
        "y_gains": [
            0.31197349597967555,
            0.3890612473443652,
            0.43795722734534853,
            0.4824393523078017,
            0.5161313764934777,
            0.5472185292571754,
            0.5785271658712015,
            0.6306914383763379,
            0.6332888405703576,
            0.6917573035909051,
            0.6868601725777396,
            0.738035594275855,
            0.7514652633303363,
            0.7739576261295524,
            0.7903857477641963,
            0.8182092802605702,
            0.7872867673155064,
            0.8258601250616504,
            0.847484775359753,
            0.8453654908111731,
            0.8502260495998072,
            0.8663379953579877,
            0.8543349510735188,
            0.8655339366335681
        ],
        "y_sigma": 0.09792075,
        "y_chi2": 0.009617551,
        "y_quality": 0.8203125
    }
}