{
    "x": {
        "x_gains": [
            0.23596420045536373,
            0.2777890282334213,
            0.3230763067467379,
            0.3351066731668425,
            0.39494450496530153,
            0.39624753583563654,
            0.43330276671182694,
            0.42626123880382233,
            0.4093519900687932,
            0.4976004957693259,
            0.48082905699997674,
            0.500648414794421,
            0.5503710601687658,
            0.5774442203319265,
            0.5980640546936755,
            0.5872680981052499,
            0.5943747658906391,
            0.5948735935254911,
            0.5885051410337858,
            0.6086055362167765,
            0.6311594854181961,
            0.6243837722407841,
            0.614972527024814,
            0.614685613817985
        ],
        "x_sigma": 0.14582956,
        "x_chi2": 0.021333486,
        "x_quality": 0.83203125
    },
    "y": {
        "y_gains": [
            0.45171802821105567,
            0.3730840037808333,
            0.3958595309872111,
            0.45249225039147367,
            0.6198607346490249,
            1.0016624591835068,
            0.49946756757296723,
            0.5894452518534516,
            0.6528159575377166,
            0.7212761683501854,
            0.6076523237019833,
            0.7203178099803058,
            0.6395653411611014,
            0.6905116449610086,
            0.6322695587687917,
            0.6688055066770198,
            0.7049968768638355,
            0.6706937804017107,
            0.7279298758945075,
            0.7257984327108644,
            0.6283515486163762,
            0.6570411021260011,
            0.6489891539634611,
            0.6037173412312441
        ],
        "y_sigma": 0.18897344,
        "y_chi2": 0.03582017,
        "y_quality": 0.82942706
    }
}