{
    "x": {
        "x_gains": [
            0.7459581933698192,
            0.7623048775848902,
            0.7947471031269404,
            0.802769426076857,
            0.847052118862758,
            0.8272968241729514,
            0.8668732367798364,
            0.8623899827539251,
            0.8642716661671177,
            0.8927675472568646,
            0.89635950756877,
            0.9065863406993171,
            0.8814489893129599,
            0.9189422203132728,
            0.9065226480179245,
            0.9285289019477193,
            0.9189777732359854,
            0.9444305560684338,
            0.9038267754524625,
            0.8962724209268137,
            0.9355830488069351,
            0.9303283603251051,
            0.950407182949391,
            0.9203199842146716
        ],
        "x_sigma": 0.06360411,
        "x_chi2": 0.00405775,
        "x_quality": 0.8203125
    },
    "y": {
        "y_gains": [
            0.9171215589599108,
            0.910837979138349,
            0.9873856545700403,
            0.9584960659966715,
            1.014340337961971,
            1.015688837630459,
            1.0453303754107521,
            1.0551184375721767,
            1.0565814139299272,
            1.062645502735462,
            1.0608052959134406,
            1.0902449612530212,
            1.053233585091268,
            1.0956296210918344,
            1.0807678920719244,
            1.1134533220325245,
            1.0858291006629162,
            1.1124862677476326,
            1.061816256030997,
            1.0540706627890921,
            1.0880521429404566,
            1.0862050331482622,
            1.1222216541286827,
            1.0858424709691872
        ],
        "y_sigma": 0.057282764,
        "y_chi2": 0.0032912586,
        "y_quality": 0.82682294
    }
}