{
    "x": {
        "x_gains": [
            0.07765303938655341,
            0.09198323771062551,
            0.09874786229393359,
            0.11736689713613035,
            0.13362172464758273,
            0.14307563365730092,
            0.15497154768875898,
            0.16387062414223968,
            0.17356048930173143,
            0.1839031080728683,
            0.19219439371259875,
            0.2023929730778891,
            0.20855044303413364,
            0.2165632324574578,
            0.223278448364827,
            0.22601779429053737,
            0.22969700163181342,
            0.23808112328578612,
            0.24600436027968334,
            0.25923779629000643,
            0.26202185073579404,
            0.27785966919694943,
            0.28593842058768065,
            0.29247260906274347
        ],
        "x_sigma": 0.09830125,
        "x_chi2": 0.009696191,
        "x_quality": 0.86067706
    },
    "y": {
        "y_gains": [
            0.08267717284084637,
            0.09780573804747862,
            0.1029719135867939,
            0.12308180090337119,
            0.13308473105572124,
            0.14265556036067034,
            0.15759759735528536,
            0.16634283597834523,
            0.17440220678785945,
            0.1791101791968685,
            0.18721993652682492,
            0.19959370704992918,
            0.20397343099200457,
            0.21046810695745052,
            0.2180846238127473,
            0.2249836211923772,
            0.2311946128510959,
            0.24124940170148376,
            0.24661455553139555,
            0.25581195161112286,
            0.2609900631948289,
            0.2731127390815262,
            0.2803393159799185,
            0.291963369574941
        ],
        "y_sigma": 0.055194914,
        "y_chi2": 0.003055718,
        "y_quality": 0.83723956
    }
}