{
    "x": {
        "x_gains": [
            0.07771270676971319,
            0.09172491313306758,
            0.09882653373839034,
            0.1176835822694149,
            0.12530877648886563,
            0.14120613450847336,
            0.157589759187089,
            0.16395267604377603,
            0.1736037178833339,
            0.18161278436316833,
            0.1929276058066116,
            0.19787260435390566,
            0.20753062218095591,
            0.21595829430697006,
            0.22304423440021934,
            0.22689360867931582,
            0.23325149315943344,
            0.23671559759550925,
            0.24642017404509042,
            0.26146177841909124,
            0.275558156824556,
            0.2883491959512428,
            0.28922902994087346,
            0.2934192230082923
        ],
        "x_sigma": 0.0821885,
        "x_chi2": 0.006776207,
        "x_quality": 0.85026044
    },
    "y": {
        "y_gains": [
            0.07936079010332854,
            0.0896886405031748,
            0.09661381150471471,
            0.11479584076301581,
            0.12193169557118474,
            0.13671266254827974,
            0.15214783292037876,
            0.15977404116002983,
            0.16297661798908203,
            0.1707845672233674,
            0.181402134373885,
            0.1833575047419918,
            0.19297846690302542,
            0.20118569189892013,
            0.20496723752433602,
            0.20833286892464636,
            0.2162410757578336,
            0.21482181593735986,
            0.22535495659212826,
            0.24093846108846262,
            0.2558614336351091,
            0.2679451795952136,
            0.27127714839972256,
            0.2727214166546715
        ],
        "y_sigma": 0.058806684,
        "y_chi2": 0.0034687296,
        "y_quality": 0.84375
    }
}