{
    "x": {
        "x_gains": [
            0.07083630403083363,
            0.08553961382285943,
            0.09506590824352615,
            0.1060455620515532,
            0.11578222937293271,
            0.12492016040248277,
            0.13703131521834158,
            0.14966112904026493,
            0.15155342105023067,
            0.15755276442080451,
            0.1690935651511419,
            0.1742655144230853,
            0.18532177419653745,
            0.18812937506619803,
            0.19649385405540817,
            0.20357187206729271,
            0.2010354734129079,
            0.21455605798386052,
            0.21792902051801727,
            0.2237736449023301,
            0.2392517640331627,
            0.2386077903534688,
            0.2437413200669158,
            0.2521584892761281
        ],
        "x_sigma": 0.11077565,
        "x_chi2": 0.012316727,
        "x_quality": 0.859375
    },
    "y": {
        "y_gains": [
            0.07057908160240488,
            0.08453685637864396,
            0.09502044412365543,
            0.10682631931305549,
            0.11323760000154003,
            0.12742953000446794,
            0.13717109902609342,
            0.14653609909474394,
            0.1464967285083073,
            0.1561951608552435,
            0.1665047130824085,
            0.1690259877456159,
            0.17697580209857908,
            0.17383679714740768,
            0.18595009434178036,
            0.19108418760385665,
            0.18813433016935288,
            0.19905748272504517,
            0.19934120522450174,
            0.2067254956434979,
            0.21753241668073375,
            0.2211947969675078,
            0.2255490862814798,
            0.23418320761207834
        ],
        "y_sigma": 0.07649812,
        "y_chi2": 0.0058700093,
        "y_quality": 0.8541667
    }
}