{
    "x": {
        "x_gains": [
            0.06866957033655849,
            0.08152020176576018,
            0.08947525803322288,
            0.10030406173273662,
            0.11286966437584514,
            0.12595568878868413,
            0.13250953041670138,
            0.13977260115972123,
            0.15203451061763412,
            0.1595017522543499,
            0.16503661923277677,
            0.17337355322370437,
            0.18233031784513862,
            0.19022501012615287,
            0.19424879813412374,
            0.20099006096108946,
            0.19978427294207715,
            0.21697525900553644,
            0.22669308336279967,
            0.22445370605277798,
            0.24295810236116405,
            0.2520123628192754,
            0.2603271588677466,
            0.2620690667301223
        ],
        "x_sigma": 0.068348505,
        "x_chi2": 0.0046857875,
        "x_quality": 0.8385417
    },
    "y": {
        "y_gains": [
            0.07135893020975316,
            0.08678999814703355,
            0.09814798674923661,
            0.10658482089326819,
            0.1216269501969262,
            0.13904922809880102,
            0.14465239061364524,
            0.15532343503678875,
            0.1680928787115748,
            0.17581567484649094,
            0.1812224607552794,
            0.18691743909052252,
            0.19635540800101162,
            0.20270390796918253,
            0.2085797616308768,
            0.2198525536863447,
            0.2208760074982987,
            0.23701364888129675,
            0.24653926667881287,
            0.24544904940405832,
            0.26146776025383084,
            0.2737702677604628,
            0.28396894765481123,
            0.2879619521631846
        ],
        "y_sigma": 0.057007913,
        "y_chi2": 0.003259762,
        "y_quality": 0.8411458
    }
}