{
    "x": {
        "x_gains": [
            0.06447251233778233,
            0.07748636104444485,
            0.09087785371228307,
            0.09837024119202697,
            0.10829071552223957,
            0.11479327109395233,
            0.13171713424032083,
            0.14058689545965483,
            0.15370408397899296,
            0.1636503988896648,
            0.1679278044782987,
            0.179526783555957,
            0.18653500777104842,
            0.19242588620779766,
            0.20114961025251518,
            0.205801799695578,
            0.21674049859504477,
            0.22097069331985705,
            0.22885667553181144,
            0.24009953182031893,
            0.2485006712003129,
            0.25246639470313387,
            0.26552847707947563,
            0.27119508214838034
        ],
        "x_sigma": 0.08738535,
        "x_chi2": 0.007661107,
        "x_quality": 0.8489583
    },
    "y": {
        "y_gains": [
            0.0740454267212026,
            0.08821106720748284,
            0.10121118411923649,
            0.1133854210839737,
            0.12321276799701135,
            0.13352536060526513,
            0.14614426133867559,
            0.15395644113490098,
            0.16724264196345673,
            0.17589113970721898,
            0.17695409969912496,
            0.1917447812535269,
            0.1972548671356309,
            0.20095023336852977,
            0.21064139250811761,
            0.2201515016588966,
            0.23011188960520165,
            0.23551533581660705,
            0.2432056666531201,
            0.25469816230181935,
            0.2698630250846317,
            0.27076264848759024,
            0.2828644426185859,
            0.28771588401712367
        ],
        "y_sigma": 0.055580776,
        "y_chi2": 0.0030986292,
        "y_quality": 0.8411458
    }
}