{
    "x": {
        "x_gains": [
            0.0706673602903637,
            0.08198078026191383,
            0.09458966059337987,
            0.10749872399014623,
            0.11559182261833742,
            0.1284067020337246,
            0.1351441386568051,
            0.1475984826521747,
            0.16419441867048168,
            0.1717528407919867,
            0.17252260132338637,
            0.1900932521457726,
            0.19701265766922996,
            0.2016170290581551,
            0.21182018482836232,
            0.21524746764583028,
            0.2259651440178677,
            0.22595362030798835,
            0.235305965994523,
            0.2513993958822237,
            0.25632986084979703,
            0.2738187915976951,
            0.27706328543804964,
            0.2814919229552103
        ],
        "x_sigma": 0.07142629,
        "x_chi2": 0.005117332,
        "x_quality": 0.84505206
    },
    "y": {
        "y_gains": [
            0.07524315200787103,
            0.08482344085609245,
            0.0991130963684565,
            0.10733355436889963,
            0.12184386318152604,
            0.13382230755505747,
            0.1418312470547855,
            0.15126425911446575,
            0.16447838050112748,
            0.16873063605038027,
            0.17257618431743954,
            0.18529480765222345,
            0.1898264777184528,
            0.198227882377125,
            0.205196688207531,
            0.20996974126058696,
            0.22115660614576071,
            0.22164648316849855,
            0.23164062717163086,
            0.24652332469343038,
            0.25497265520262014,
            0.27134180639729555,
            0.2747171841532579,
            0.2791493626629241
        ],
        "y_sigma": 0.057447314,
        "y_chi2": 0.0033101991,
        "y_quality": 0.84375
    }
}