{
    "x": {
        "x_gains": [
            0.08140488551420413,
            0.09159029791301432,
            0.10239304841307159,
            0.11365565926760748,
            0.13232759071287917,
            0.14258360639282153,
            0.15593479973067564,
            0.16872081446261325,
            0.17562028029277726,
            0.1820849395652802,
            0.19278315116899944,
            0.2026463875454503,
            0.2059780600409567,
            0.2179987816484091,
            0.22101718740157827,
            0.2238179246554558,
            0.23558071128271646,
            0.24211884984830045,
            0.23838050009368353,
            0.255140813107747,
            0.26810826694414086,
            0.2808156413862947,
            0.29410233643719136,
            0.2988999763510339
        ],
        "x_sigma": 0.06651423,
        "x_chi2": 0.0044375504,
        "x_quality": 0.82421875
    },
    "y": {
        "y_gains": [
            0.08398525487677179,
            0.0957223500487849,
            0.10804566355487953,
            0.12078334764817308,
            0.1386848353416446,
            0.1493080839427965,
            0.16130455380498893,
            0.17441873647927755,
            0.18265227171936427,
            0.1894040194184577,
            0.20004993246314282,
            0.20411205784633693,
            0.20917414804153905,
            0.2187186220796799,
            0.220101083623665,
            0.22821181890753175,
            0.2404247478232905,
            0.24820991012815574,
            0.24713677221186223,
            0.2599066607605477,
            0.26631884715045223,
            0.2837535889508622,
            0.294035248004618,
            0.29757790038913073
        ],
        "y_sigma": 0.0563769,
        "y_chi2": 0.003187987,
        "y_quality": 0.83463544
    }
}