{
    "x": {
        "x_gains": [
            0.2662764474088706,
            0.29866968044285547,
            0.37928868352008116,
            0.42617543980772665,
            0.5014862296645454,
            0.5578804603875027,
            0.6088535834990937,
            0.663272260329056,
            0.7205174179681912,
            0.7812384034924481,
            0.8099509931052112,
            0.8844149285702284,
            0.9134803482515941,
            0.9915245473219468,
            1.0206776013218999,
            1.0303841746179696,
            1.0773075928639146,
            1.1137141456854152,
            1.1536117044520644,
            1.1873729065725127,
            1.1733760504795765,
            1.2574097585308022,
            1.2618339519894894,
            1.2872625499409598
        ],
        "x_sigma": 0.10020787,
        "x_chi2": 0.010072439,
        "x_quality": 0.83723956
    },
    "y": {
        "y_gains": [
            0.3041362252917069,
            0.36866662535142686,
            0.4309129355926501,
            0.5083029249580192,
            0.577969735655138,
            0.6685182840419204,
            0.7240652498640567,
            0.7822231344682243,
            0.8379290248978041,
            0.8819512642550885,
            0.917657660468501,
            0.9907478025709113,
            1.0214006937557794,
            1.0927612218381775,
            1.1244436393427988,
            1.1513846263670533,
            1.199548058273565,
            1.2235250588943787,
            1.2594437183191656,
            1.2830299048866838,
            1.3096141261265792,
            1.3550366849081705,
            1.3677326483144665,
            1.4032842464503925
        ],
        "y_sigma": 0.09183827,
        "y_chi2": 0.008459865,
        "y_quality": 0.8333333
    }
}