{
    "x": {
        "x_gains": [
            0.23309452798940822,
            0.2778377367049017,
            0.3333785061209127,
            0.3994727439147618,
            0.44720767107840015,
            0.5232810896470511,
            0.5519973804412314,
            0.61649282288303,
            0.666274453105272,
            0.7316457339163964,
            0.7748440374550309,
            0.8091941284226686,
            0.8559191861646485,
            0.9026337951508707,
            0.9191214485721679,
            0.9353256018071988,
            0.9753557829673424,
            0.9944352398413716,
            1.0512585246553765,
            1.0451751891296763,
            1.0807786967278776,
            1.118085229848135,
            1.146823277159215,
            1.163637582282268
        ],
        "x_sigma": 0.08811345,
        "x_chi2": 0.0077875177,
        "x_quality": 0.8411458
    },
    "y": {
        "y_gains": [
            0.26641237427933456,
            0.3268109493433224,
            0.3835394973193274,
            0.45503233914834323,
            0.513480110938405,
            0.5975729336271559,
            0.6404654800634625,
            0.709747940826043,
            0.7543529560150369,
            0.8172799126491229,
            0.8685218583067384,
            0.9156731003079591,
            0.9639955378574544,
            1.0161108438739592,
            1.0451915424814495,
            1.0694246300854857,
            1.101627202524577,
            1.1431256140727908,
            1.1850354669264898,
            1.18534428472918,
            1.1711246796315244,
            1.2523234670364793,
            1.3078388460048531,
            1.3023042841773806
        ],
        "y_sigma": 0.07775889,
        "y_chi2": 0.0060647703,
        "y_quality": 0.82421875
    }
}