{
    "x": {
        "x_gains": [
            0.08615653953982069,
            0.09665165795287535,
            0.10995475361888583,
            0.12161527215400045,
            0.13182500046633094,
            0.1475157100543315,
            0.15397506650953,
            0.16853322834836762,
            0.18121004092085144,
            0.1812459225331365,
            0.18826983653829157,
            0.19684673963630953,
            0.20707456587386722,
            0.2112572212999671,
            0.21917180367019407,
            0.22397963612985047,
            0.23575606084628176,
            0.23314387285079236,
            0.2459946353981902,
            0.2551205500725614,
            0.26224717929556424,
            0.27193615113210556,
            0.28877105104865763,
            0.30183478119453405
        ],
        "x_sigma": 0.059991192,
        "x_chi2": 0.0036098554,
        "x_quality": 0.81380206
    },
    "y": {
        "y_gains": [
            0.07974738580094606,
            0.08936310912129254,
            0.10410729297614121,
            0.11470997075125165,
            0.12735051481955018,
            0.1416289507590554,
            0.14356690688042248,
            0.15564266529659615,
            0.1668076107573761,
            0.16592432125337905,
            0.17544395214871472,
            0.178254222000268,
            0.18543579823250014,
            0.19251568329013924,
            0.2013784556668854,
            0.20584965432902644,
            0.21724623581249017,
            0.2170140772691643,
            0.22737959568269814,
            0.234068951188993,
            0.23811517173675778,
            0.24751394518318556,
            0.26375073698549684,
            0.27342298508450275
        ],
        "y_sigma": 0.05204553,
        "y_chi2": 0.0027169522,
        "y_quality": 0.8411458
    }
}