{
    "x": {
        "x_gains": [
            0.36148432258759733,
            0.33277098364806645,
            0.3586615325463821,
            0.3758587150097148,
            0.3417218063277994,
            0.33816528694102377,
            0.34571207266314624,
            0.3333749274117767,
            0.31443630861458327,
            0.3034657580011706,
            0.291104374308991,
            0.28398550367597936,
            0.2776876141521715,
            0.2814748086520177,
            0.2822856442788745,
            0.28968682739245033,
            0.28670354400558223,
            0.2801075725121476,
            0.26891732540206503,
            0.2554514097188226,
            0.2497041629928942,
            0.24320402823696052,
            0.23747433318038405,
            0.23205770439700618
        ],
        "x_sigma": 0.049038723,
        "x_chi2": 0.0024213134,
        "x_quality": 0.83463544
    },
    "y": {
        "y_gains": [
            0.42153339263184075,
            0.4170254127780089,
            0.4207553568468257,
            0.4175828085500581,
            0.40392885439515996,
            0.3995909467396416,
            0.40088873826162696,
            0.3902655288605261,
            0.3765551208728759,
            0.3684348592431464,
            0.3581162426701663,
            0.3487285235974653,
            0.33834825217920805,
            0.3396550381914918,
            0.3384282464939426,
            0.3389565088293086,
            0.32626002682705696,
            0.31303431043862995,
            0.30927034774667167,
            0.2990033351729015,
            0.289746060757431,
            0.28109939660609023,
            0.270435360094012,
            0.263842190286998
        ],
        "y_sigma": 0.02603161,
        "y_chi2": 0.0006828484,
        "y_quality": 0.8359375
    }
}