{
    "x": {
        "x_gains": [
            0.40087586566136624,
            0.3861252084352141,
            0.3775435296363365,
            0.3727649989173041,
            0.3758163671034404,
            0.36581922691715435,
            0.35537817604141264,
            0.33838755757072114,
            0.325454524092894,
            0.3097580987493951,
            0.3049602392840021,
            0.3013170417235214,
            0.29467195099911914,
            0.289750140919981,
            0.2890798858967001,
            0.2881707353973082,
            0.2886398401720386,
            0.2849116083103588,
            0.2764666118322789,
            0.26804705180006594,
            0.2586419049803956,
            0.25047083507577544,
            0.24664910541479385,
            0.23947505344065426
        ],
        "x_sigma": 0.030804189,
        "x_chi2": 0.0009664952,
        "x_quality": 0.82942706
    },
    "y": {
        "y_gains": [
            0.29010222274002245,
            0.2816791751937995,
            0.27879516328307846,
            0.27485216732615153,
            0.2759719019759947,
            0.2697165276597131,
            0.26583743110656827,
            0.2529665449973475,
            0.24477818372335716,
            0.23797613670491577,
            0.23090624698378714,
            0.22645619827598895,
            0.22166308939384233,
            0.21670159499091662,
            0.21610006885380395,
            0.21194466735136097,
            0.2087520813104387,
            0.20502873990361598,
            0.19609988700724512,
            0.19124460400959228,
            0.18350832687384022,
            0.17623351165873677,
            0.17210797503608244,
            0.16933866140497578
        ],
        "y_sigma": 0.02733782,
        "y_chi2": 0.00076147274,
        "y_quality": 0.84375
    }
}