{
    "x": {
        "x_gains": [
            0.3780050217967146,
            0.3666182095158542,
            0.35304308131764855,
            0.3469328224261817,
            0.34377134282896243,
            0.3344798410337728,
            0.32753235323643726,
            0.3174023184842795,
            0.30812032949278806,
            0.30007566708021094,
            0.28822758911600743,
            0.2852515099646054,
            0.2780405879201596,
            0.2752242169127923,
            0.2758149940036441,
            0.27260492515863494,
            0.2707748115630701,
            0.26760294872759616,
            0.2597727482021453,
            0.2476450626149491,
            0.24226663109546479,
            0.2341335863224778,
            0.22640945375391064,
            0.2226061683946656
        ],
        "x_sigma": 0.025527522,
        "x_chi2": 0.0006577492,
        "x_quality": 0.8359375
    },
    "y": {
        "y_gains": [
            0.3896579177553709,
            0.3823396987285523,
            0.381971699716768,
            0.3811686524155839,
            0.3818526221475896,
            0.3721937059811156,
            0.36332467070431795,
            0.35634887367207924,
            0.3409530661056852,
            0.3323700031950728,
            0.3175862126678598,
            0.31182269187985956,
            0.3057557635802263,
            0.30262007858801343,
            0.3052828277493543,
            0.2998334784827203,
            0.2972994949030231,
            0.2937102536599235,
            0.28170350390705856,
            0.2719845077624378,
            0.264417041731223,
            0.2569256624648359,
            0.24941391471251279,
            0.24810451253727928
        ],
        "y_sigma": 0.027253035,
        "y_chi2": 0.0007579947,
        "y_quality": 0.83463544
    }
}