{
    "x": {
        "x_gains": [
            0.40383163532226474,
            0.3910952767931845,
            0.38324526804193204,
            0.37524019593992364,
            0.3646965963194892,
            0.36115923156583696,
            0.35291920828787,
            0.34447807162829,
            0.3309498874025745,
            0.3207477888288934,
            0.3138364529199814,
            0.3132958988595622,
            0.3050240511464329,
            0.30492060751650035,
            0.30342828140315065,
            0.30116511446668615,
            0.2958573754433053,
            0.2891876775973825,
            0.2812017844390356,
            0.27285990992948944,
            0.2613295370165711,
            0.2550234129344713,
            0.2472279565373252,
            0.24048809463687498
        ],
        "x_sigma": 0.025745181,
        "x_chi2": 0.00067007967,
        "x_quality": 0.8307292
    },
    "y": {
        "y_gains": [
            0.3797941318312526,
            0.37042475421206283,
            0.3676483158563741,
            0.3720348958315313,
            0.37039601000528516,
            0.37161652444902277,
            0.3614687342196306,
            0.35061764980498467,
            0.3314684476510555,
            0.3173294568366886,
            0.31066098405594633,
            0.30863187809287723,
            0.30068414663884735,
            0.2989030229168649,
            0.29986619670436854,
            0.2973916138419856,
            0.28938475932014257,
            0.2848761556464178,
            0.2777302550452478,
            0.26799071948138437,
            0.25873428739014465,
            0.2510832799802287,
            0.24504340294518154,
            0.24037643911871748
        ],
        "y_sigma": 0.029839247,
        "y_chi2": 0.00091868866,
        "y_quality": 0.8359375
    }
}