{
    "x": {
        "x_gains": [
            0.37777524080716063,
            0.36943209494523055,
            0.3639289625222315,
            0.35085205474049896,
            0.3462599561856502,
            0.33828098592940536,
            0.3271470908935663,
            0.3150298868853688,
            0.3095211491158374,
            0.3079003535927661,
            0.29497127658200023,
            0.2880639160826027,
            0.2916686682429025,
            0.291448527159039,
            0.2862899247761771,
            0.2843721466809732,
            0.2793494833277664,
            0.27476408892706766,
            0.2680727619174762,
            0.25659802036680074,
            0.2435928206667462,
            0.23580728979371812,
            0.2292904309536579,
            0.22402265245374361
        ],
        "x_sigma": 0.022808297,
        "x_chi2": 0.0005221769,
        "x_quality": 0.83203125
    },
    "y": {
        "y_gains": [
            0.3593220684906669,
            0.35819069284467525,
            0.3597364800778297,
            0.3561703086742857,
            0.35357113207677926,
            0.35069052718254884,
            0.3416351821376728,
            0.32436675500254625,
            0.31767697315600985,
            0.3104120714039646,
            0.30102550962414676,
            0.29218723474877595,
            0.29424379110291515,
            0.2950625240439074,
            0.2914308687364767,
            0.2907024659389008,
            0.28196428956108427,
            0.27815756329746555,
            0.26803807094822996,
            0.2606454984815184,
            0.25023079411718413,
            0.24216753896221427,
            0.23730362146446377,
            0.2336044320554151
        ],
        "y_sigma": 0.033120893,
        "y_chi2": 0.0011253256,
        "y_quality": 0.8385417
    }
}