{
    "x": {
        "x_gains": [
            0.30950090719358414,
            0.2998371644327399,
            0.2906940069418892,
            0.2898639784294822,
            0.2867621967131317,
            0.28650522021106384,
            0.28096633989532094,
            0.27725442154954444,
            0.27442913251853496,
            0.27020720244863927,
            0.26251182550145924,
            0.2584035749617789,
            0.254578686784357,
            0.2489832147965745,
            0.24658875284039417,
            0.23890022948278242,
            0.2299955081877251,
            0.23031126567556054,
            0.2230846426635771,
            0.21196854980232874,
            0.2070812510623268,
            0.20075641000160405,
            0.19496054291052306,
            0.19002826670467232
        ],
        "x_sigma": 0.027305812,
        "x_chi2": 0.000751157,
        "x_quality": 0.83984375
    },
    "y": {
        "y_gains": [
            0.2858727654076344,
            0.2823119428397363,
            0.2782470956081228,
            0.2807890847174363,
            0.2834917428494027,
            0.28347190952120915,
            0.2776892489025096,
            0.2659159186629152,
            0.2608242044861763,
            0.2557688994993196,
            0.24853777151539913,
            0.24451874554058936,
            0.24273991612267845,
            0.24208102141923196,
            0.24140734689463247,
            0.2332993641682459,
            0.22410873971195214,
            0.22284375822432745,
            0.21441747382337875,
            0.20209046417956625,
            0.19632013610482393,
            0.1890937530609551,
            0.1850439007402311,
            0.18013253431344647
        ],
        "y_sigma": 0.023516126,
        "y_chi2": 0.0005578807,
        "y_quality": 0.8359375
    }
}