{
    "x": {
        "x_gains": [
            1.1582916236380634,
            1.128707918382679,
            1.1010679037384778,
            1.0835808141614476,
            1.0665196860336688,
            1.066931037952124,
            1.0483304886186637,
            1.0145743195168873,
            0.9732812874409146,
            0.9335767603616751,
            0.9176232200518293,
            0.9132133200564292,
            0.9079923209273435,
            0.8932872766323998,
            0.8856562828191006,
            0.894749458072622,
            0.8631946159444303,
            0.8451000129384812,
            0.8172050427108131,
            0.800538281940777,
            0.7642170351925002,
            0.7283609249805,
            0.7059724350238855,
            0.6843806273197082
        ],
        "x_sigma": 0.024247885,
        "x_chi2": 0.0005923567,
        "x_quality": 0.8307292
    },
    "y": {
        "y_gains": [
            1.5157139368835495,
            1.4974994006258648,
            1.4499412005344947,
            1.4401388293831525,
            1.439360049007331,
            1.4327020518571378,
            1.4137412025712446,
            1.3831847311122771,
            1.326588251150749,
            1.2791141898878016,
            1.2527618701379528,
            1.2442997075024678,
            1.2351032651313427,
            1.220289311071026,
            1.2060647642064388,
            1.181638714530219,
            1.1515956613126759,
            1.1201819713208772,
            1.085898007246849,
            1.0676637564252405,
            1.0314357267634342,
            0.9952787955056394,
            0.9596648082757654,
            0.9381065445126865
        ],
        "y_sigma": 0.021813296,
        "y_chi2": 0.0004786569,
        "y_quality": 0.8359375
    }
}