{
    "x": {
        "x_gains": [
            0.3094116176079592,
            0.283346312011155,
            0.2810160348311507,
            0.2815441502896188,
            0.27871699987237547,
            0.27832442240585076,
            0.2816431738707235,
            0.2844554241709682,
            0.26706284549586495,
            0.2515321894672254,
            0.23464937294530744,
            0.20899689848602646,
            0.2076118389405485,
            0.20113770323632374,
            0.2028685203033858,
            0.18527272654847934,
            0.17989249480596398,
            0.2053488276963985,
            0.21555459178702516,
            0.19376661706176682,
            0.16347281651402393,
            0.1537413897326857,
            0.16174370060852833,
            0.16702826894992082
        ],
        "x_sigma": 0.09080258,
        "x_chi2": 0.008303038,
        "x_quality": 0.84375
    },
    "y": {
        "y_gains": [
            0.35411498432244437,
            0.3498464104288935,
            0.34180298339316023,
            0.3413037777003852,
            0.3434088812267499,
            0.3403312007953404,
            0.3320465202487613,
            0.31760561951056404,
            0.3080609001896854,
            0.2956450013082291,
            0.28694124648425234,
            0.2789845019924376,
            0.28159374852867264,
            0.2742920891473427,
            0.27822930529731627,
            0.27560973969542035,
            0.2727203307552171,
            0.26113260522599463,
            0.24987337666637432,
            0.24311137831752824,
            0.23250720423572324,
            0.22394634030697758,
            0.21782928326977438,
            0.21356824701474306
        ],
        "y_sigma": 0.038507152,
        "y_chi2": 0.0015189154,
        "y_quality": 0.83984375
    }
}