{
    "x": {
        "x_gains": [
            0.3971115377500979,
            0.3893104688699563,
            0.38426763718325824,
            0.3711375253811675,
            0.36537621875804965,
            0.3594987939714209,
            0.35811031774555513,
            0.34841153952955384,
            0.339738675728539,
            0.32637518838375873,
            0.31631893831217656,
            0.31474787027427314,
            0.31197010902076233,
            0.3089426508830338,
            0.3032288995820202,
            0.3007748471379514,
            0.3000679053669846,
            0.2959355442914596,
            0.29329412890265233,
            0.277443866377818,
            0.26715963675265963,
            0.2638522427440633,
            0.2559869852120926,
            0.24894769808021494
        ],
        "x_sigma": 0.022332136,
        "x_chi2": 0.00050431764,
        "x_quality": 0.8333333
    },
    "y": {
        "y_gains": [
            0.4268536900498398,
            0.424402138341686,
            0.42681045740252377,
            0.4164186546562643,
            0.41722299876693913,
            0.41293737759245697,
            0.40536234387317316,
            0.3973374102270755,
            0.38638387848814326,
            0.3714863980626836,
            0.35923759723214616,
            0.3521092293533183,
            0.34758773244712365,
            0.34632677510481236,
            0.3450734808096873,
            0.3419540402827331,
            0.3370309447658184,
            0.3291985339077453,
            0.31974954146317003,
            0.30454011138920023,
            0.29115052351047754,
            0.2846730006788882,
            0.27940194126233575,
            0.27359199504842263
        ],
        "y_sigma": 0.030449528,
        "y_chi2": 0.00096176204,
        "y_quality": 0.83723956
    }
}