{
    "x": {
        "x_gains": [
            0.38110839584082684,
            0.369640590321937,
            0.3636881396024198,
            0.36035776318729235,
            0.3584530285660538,
            0.34679034782586377,
            0.3364796762742494,
            0.32347426891580483,
            0.317125402832507,
            0.308018978404543,
            0.297069301425793,
            0.2919707432468554,
            0.28888260986487313,
            0.28116396821891204,
            0.2802381127196156,
            0.27886693908620214,
            0.2754062772746885,
            0.27374008865839244,
            0.2643962921804294,
            0.25824881581296755,
            0.2480673691438426,
            0.23892002415003602,
            0.23284291183100447,
            0.22540438109479358
        ],
        "x_sigma": 0.021441506,
        "x_chi2": 0.00046376404,
        "x_quality": 0.828125
    },
    "y": {
        "y_gains": [
            0.3876163251127276,
            0.38089859081614647,
            0.38096500722119175,
            0.38319516018381566,
            0.38809305664264737,
            0.38153833662868,
            0.3771543433245039,
            0.35675977359453953,
            0.34667061871171995,
            0.3361849775810005,
            0.32640018006845134,
            0.3191193022086279,
            0.31427899589872194,
            0.3121422069952317,
            0.3100948173822161,
            0.3116754431354699,
            0.3062720816428263,
            0.30204612691386246,
            0.28800109670817625,
            0.279216183213618,
            0.268392653298637,
            0.2575249034307365,
            0.25070371278660636,
            0.2444224627176307
        ],
        "y_sigma": 0.027668465,
        "y_chi2": 0.0007789462,
        "y_quality": 0.83984375
    }
}