{
    "x": {
        "x_gains": [
            0.4161449249669893,
            0.3998796522198679,
            0.3914146178329439,
            0.38236553112388505,
            0.37563016655817216,
            0.3720976476507652,
            0.3703997279784398,
            0.35847766151829413,
            0.34516572959923847,
            0.33957260644692855,
            0.33169042642585583,
            0.32440663593238195,
            0.3180395937667547,
            0.3162945861500421,
            0.30964444921296896,
            0.3072228428294327,
            0.30351931864040826,
            0.2966208302452633,
            0.2884994095571084,
            0.27917760531053876,
            0.2746694806005615,
            0.26707886550453175,
            0.26159835548809807,
            0.25040845374933324
        ],
        "x_sigma": 0.027406171,
        "x_chi2": 0.00076738326,
        "x_quality": 0.82421875
    },
    "y": {
        "y_gains": [
            0.42194244156571875,
            0.41341818162725774,
            0.41110848001683903,
            0.4063903418246699,
            0.40424680674330565,
            0.40400987884955764,
            0.40556577378522607,
            0.38780408882016654,
            0.37128117810488065,
            0.36534217948530595,
            0.3556654229758156,
            0.34364113556213244,
            0.3356931217016472,
            0.33652644204356763,
            0.33343395258575864,
            0.32699662915524835,
            0.31898860706670773,
            0.31294465523700987,
            0.2991422067307774,
            0.285408327986684,
            0.2801849321418712,
            0.27458839542760893,
            0.26755210001910856,
            0.2610139876612946
        ],
        "y_sigma": 0.02754703,
        "y_chi2": 0.0007664996,
        "y_quality": 0.8333333
    }
}