{
    "x": {
        "x_gains": [
            1.1419820583198816,
            1.1280121675514079,
            1.0962487070842748,
            1.0950263901360022,
            1.0943647765126556,
            1.058410018579012,
            1.0354805333801647,
            1.014009309254425,
            1.0014791245782546,
            0.9687338251724128,
            0.9320125721039876,
            0.943242460097071,
            0.9154256546208857,
            0.9084740552074232,
            0.8931529997883227,
            0.8916866449059457,
            0.8563745179253744,
            0.8347282337726536,
            0.8160186417826678,
            0.7906358356641278,
            0.7481724765002765,
            0.7278011373639494,
            0.7026167555828171,
            0.6835175151021486
        ],
        "x_sigma": 0.023409527,
        "x_chi2": 0.00055033993,
        "x_quality": 0.82942706
    },
    "y": {
        "y_gains": [
            1.093789376417551,
            1.0941434505656251,
            1.0762649988290236,
            1.0635364095840372,
            1.0843628201657132,
            1.0550490851036354,
            1.0465156752455067,
            1.032090266614718,
            1.0122384692120079,
            0.9918546909073308,
            0.9642910488815526,
            0.9679903030603401,
            0.9324904862658139,
            0.9380943120621386,
            0.9175234500643367,
            0.9195709245283313,
            0.886347238939716,
            0.875929339130584,
            0.8484416036734127,
            0.8265494288956722,
            0.7928564898831908,
            0.7612744556564099,
            0.7577637059373665,
            0.7385628556503271
        ],
        "y_sigma": 0.027525574,
        "y_chi2": 0.00077427924,
        "y_quality": 0.82682294
    }
}