{
    "x": {
        "x_gains": [
            1.3368515701722747,
            1.3065956819364586,
            1.290534627973582,
            1.272486652442132,
            1.2322061727368223,
            1.2231988717702886,
            1.2023560407088898,
            1.168401060674483,
            1.1232167670204687,
            1.0880990257161323,
            1.0543446448311962,
            1.0386681615178848,
            1.0235937331906717,
            1.0113757010413882,
            0.9987399896290838,
            0.9885291082281209,
            0.9611419904673937,
            0.9389362790894197,
            0.9134403800204283,
            0.8707186546073294,
            0.8369351535110643,
            0.7951776609785488,
            0.7646050849143645,
            0.745366818490434
        ],
        "x_sigma": 0.027666666,
        "x_chi2": 0.0007685015,
        "x_quality": 0.84244794
    },
    "y": {
        "y_gains": [
            1.3172566549452778,
            1.2954564326990303,
            1.283743684141542,
            1.2957544333881605,
            1.287933173784172,
            1.2680274994080531,
            1.2317861934505434,
            1.2016350888981655,
            1.1683870815926993,
            1.1303324138079147,
            1.0832522699551317,
            1.0713305829420388,
            1.0616546375887954,
            1.0465605911225393,
            1.028988817011276,
            1.025601621500778,
            0.9881535215074084,
            0.9683387132618345,
            0.9370422841267754,
            0.8922486611362715,
            0.8566725928421065,
            0.8162426408583803,
            0.7969631877124854,
            0.7914973554886107
        ],
        "y_sigma": 0.025452675,
        "y_chi2": 0.00066211756,
        "y_quality": 0.82942706
    }
}