{
    "x": {
        "x_gains": [
            1.3170049306030591,
            1.2877054646743116,
            1.2553837603330793,
            1.244160888565772,
            1.2000317864419592,
            1.1932630278667489,
            1.166592432501545,
            1.154207154329962,
            1.1324480684795877,
            1.1120002541587781,
            1.0560343439265194,
            1.0416831599833665,
            1.0045689806377365,
            1.0004455984695584,
            1.0086609682701484,
            1.0044626265572687,
            0.9578321117621496,
            0.9355911893132284,
            0.8997913203969736,
            0.8657191658968981,
            0.8476307449233276,
            0.8216822893120334,
            0.8006880793078339,
            0.7662134207797386
        ],
        "x_sigma": 0.024711546,
        "x_chi2": 0.000612694,
        "x_quality": 0.8307292
    },
    "y": {
        "y_gains": [
            1.4363975998543033,
            1.4174295213290897,
            1.3932484018395894,
            1.3898805300392794,
            1.3613336059630767,
            1.3697284800931195,
            1.3460183901108567,
            1.3194600901257214,
            1.3024837453284792,
            1.2699189001852127,
            1.2067781251770193,
            1.1877738071027306,
            1.1566532400430807,
            1.1462330546493087,
            1.1455872671549487,
            1.126938587932426,
            1.0674284519253816,
            1.0429058778488147,
            0.9987587426346537,
            0.9609616073735737,
            0.9379634712002067,
            0.917931423179237,
            0.8942024384900498,
            0.8624897266692433
        ],
        "y_sigma": 0.02608578,
        "y_chi2": 0.0006915772,
        "y_quality": 0.83463544
    }
}