{
    "x": {
        "x_gains": [
            0.2698390019087062,
            0.2631243809998937,
            0.2620430807210084,
            0.25528381982813425,
            0.24933999702786722,
            0.2445872535064946,
            0.2412189080888419,
            0.2356466450280207,
            0.23591810716296915,
            0.22752911121213404,
            0.22981944005872346,
            0.22877621858396352,
            0.22447082126241494,
            0.21969000685520698,
            0.21599918957104072,
            0.20992810906940865,
            0.2081609673789699,
            0.20393570209137898,
            0.19183908844204023,
            0.18517900226405404,
            0.17860872271061887,
            0.17119328533370348,
            0.16463760423309623,
            0.16239486962127894
        ],
        "x_sigma": 0.028904807,
        "x_chi2": 0.0008421636,
        "x_quality": 0.8333333
    },
    "y": {
        "y_gains": [
            0.2691253673157576,
            0.26468797932511606,
            0.2581339558285305,
            0.25510056357581806,
            0.2669893892008986,
            0.28595124942967026,
            0.2970075479716196,
            0.28376000622909964,
            0.27096918034478445,
            0.25040181353012647,
            0.24625160122025547,
            0.24132989763220136,
            0.2361824414887524,
            0.229756214411624,
            0.22896444669837046,
            0.23033474502427428,
            0.22941988886900586,
            0.21591820707393822,
            0.20473881919261,
            0.19520754925374398,
            0.19056254253117746,
            0.1831208502755218,
            0.17792907284540793,
            0.17674236601117047
        ],
        "y_sigma": 0.043058753,
        "y_chi2": 0.0018613761,
        "y_quality": 0.8307292
    }
}