{
    "x": {
        "x_gains": [
            1.4707214653562732,
            1.4350727180047667,
            1.4385831452146107,
            1.4229067554689494,
            1.4183122895029543,
            1.4391109632984251,
            1.3864901646200571,
            1.3481758506652572,
            1.3501771351390675,
            1.3427915992809083,
            1.3268317868135848,
            1.3022238989078379,
            1.3380939146566377,
            1.3510159707650953,
            1.3350799739606003,
            1.3271301500612602,
            1.3283126656737971,
            1.2840989259539763,
            1.2274735586852041,
            1.1732396243380583,
            1.1300796742332884,
            1.120265497545644,
            1.0772393195841903,
            1.070010005663563
        ],
        "x_sigma": 0.026996292,
        "x_chi2": 0.0007323999,
        "x_quality": 0.8385417
    },
    "y": {
        "y_gains": [
            1.3223303634278225,
            1.325392711209546,
            1.3298842519282723,
            1.3256268458525313,
            1.3286235047289099,
            1.3776761358939742,
            1.316511476293841,
            1.2708419671159474,
            1.2376332590670869,
            1.2306356405372365,
            1.2262861700156993,
            1.2071967274345354,
            1.2548351937101636,
            1.2460369793870594,
            1.2344834229430448,
            1.2317287512563941,
            1.2102810421444428,
            1.1824384245190431,
            1.137190425493444,
            1.0892190190711357,
            1.0497688702882908,
            1.0369466152921836,
            1.001113578678107,
            0.9982709946372882
        ],
        "y_sigma": 0.033215117,
        "y_chi2": 0.0011387494,
        "y_quality": 0.8255208
    }
}