{
    "x": {
        "x_gains": [
            1.2223654196147624,
            1.1726456526454951,
            1.155025621586856,
            1.1434594519558932,
            1.1166784978753517,
            1.0934628634861914,
            1.0699168171772149,
            1.0446497510850359,
            1.0173425054356355,
            0.9880681873760655,
            0.9702790901071994,
            0.9634482197162934,
            0.9523836734771622,
            0.9317095995344434,
            0.9378227282463578,
            0.9351539034212325,
            0.8946528389123883,
            0.8785038026037096,
            0.8505240546488921,
            0.8244700739211623,
            0.78448815873961,
            0.7455557051637337,
            0.7296524023513487,
            0.7201362036810194
        ],
        "x_sigma": 0.024906259,
        "x_chi2": 0.000623628,
        "x_quality": 0.82161456
    },
    "y": {
        "y_gains": [
            1.3038356510989515,
            1.289642980395879,
            1.266108380396692,
            1.2985044993830157,
            1.2679564827191478,
            1.2721692021677355,
            1.242180782519237,
            1.2035706088538747,
            1.1958750681275077,
            1.1280893573117,
            1.10959971301313,
            1.1141157575184988,
            1.0817509480465308,
            1.0666838473878353,
            1.077721560827494,
            1.0803420103522692,
            1.0281192675925086,
            1.0004513536281894,
            0.9574776515141359,
            0.9289480174623649,
            0.9115655609801809,
            0.8640902663255814,
            0.8302618488121403,
            0.8228837384595697
        ],
        "y_sigma": 0.02917849,
        "y_chi2": 0.0008583353,
        "y_quality": 0.8385417
    }
}