{
    "x": {
        "x_gains": [
            0.42060776139089945,
            0.41543819860347125,
            0.4067910015227001,
            0.39560764741231064,
            0.38446662560563105,
            0.3686679845072441,
            0.36496486227795444,
            0.36370810009945237,
            0.3564273673914653,
            0.34103730931112,
            0.3283382685311246,
            0.32398387156449937,
            0.317670161292577,
            0.31621639244275707,
            0.3176114601837509,
            0.3178382624697565,
            0.31287616514692806,
            0.30152700815102884,
            0.2870993761474106,
            0.27691378369649605,
            0.26790200209060006,
            0.25876118136175297,
            0.25094493314576033,
            0.24710974267226948
        ],
        "x_sigma": 0.026749399,
        "x_chi2": 0.00072369596,
        "x_quality": 0.84244794
    },
    "y": {
        "y_gains": [
            0.4440773405096231,
            0.4488135546361161,
            0.4433231324680552,
            0.43759922562441034,
            0.435425523947533,
            0.42806280434730315,
            0.4147629565415107,
            0.4038865355093609,
            0.38615641605449935,
            0.3640708656658601,
            0.3528581136706302,
            0.3488166291212074,
            0.34040712965031883,
            0.3284014334459849,
            0.3247598465886446,
            0.3189242608140918,
            0.31424047981755954,
            0.30435393830800456,
            0.295457555764142,
            0.2880639575730185,
            0.28143328342583107,
            0.27696597511770915,
            0.2695529679668644,
            0.26509726962271857
        ],
        "y_sigma": 0.04641938,
        "y_chi2": 0.0021946672,
        "y_quality": 0.8411458
    }
}