{
    "x": {
        "x_gains": [
            1.3848134981649143,
            1.3595091410675628,
            1.3333643740559613,
            1.2970083995431263,
            1.280697847134112,
            1.2734426464990705,
            1.2677927421553232,
            1.2347484336506138,
            1.193747997935389,
            1.1635606771876599,
            1.1828413718641546,
            1.1576462523390532,
            1.1332416200890196,
            1.1226954570689678,
            1.1187354673465952,
            1.1459042003462234,
            1.108730961398578,
            1.0846154617899462,
            1.0481654452848939,
            1.0060096602681234,
            0.9844226922031164,
            0.956937615897107,
            0.9217472530318802,
            0.9115348998911353
        ],
        "x_sigma": 0.027066134,
        "x_chi2": 0.00073634554,
        "x_quality": 0.84375
    },
    "y": {
        "y_gains": [
            1.4704846526252047,
            1.4665066023593745,
            1.4342578511633337,
            1.414309131204044,
            1.4224204760272365,
            1.4277631106846225,
            1.412924500803177,
            1.3707856839091035,
            1.3248323259087522,
            1.2926026650313,
            1.289277799823712,
            1.2526851305773925,
            1.2374372279030215,
            1.2279653890587303,
            1.2375521436407964,
            1.2445721098857607,
            1.211899544677222,
            1.1803703931471472,
            1.1292729571311046,
            1.0873268037908996,
            1.0641073607711289,
            1.0302622537718287,
            0.9923871993166024,
            0.9908666863188559
        ],
        "y_sigma": 0.028435519,
        "y_chi2": 0.0008248149,
        "y_quality": 0.83723956
    }
}