{
    "x": {
        "x_gains": [
            1.1244685480524768,
            1.0830512977499718,
            1.0597839492647512,
            1.0826525541895753,
            1.064373750159124,
            1.0715537977977554,
            1.0514223325888563,
            1.029820406529844,
            0.9938679342325785,
            0.9756898102566268,
            0.9729586573326203,
            0.9480598760487556,
            0.9535770104025716,
            0.9625231041639617,
            0.9542795141953849,
            0.953319836231092,
            0.9331747931571411,
            0.9100221098971821,
            0.8946918202710862,
            0.8555551667532632,
            0.8329510088202848,
            0.8119889189496209,
            0.7799094088427065,
            0.7567545069460604
        ],
        "x_sigma": 0.027713623,
        "x_chi2": 0.00077205716,
        "x_quality": 0.83984375
    },
    "y": {
        "y_gains": [
            1.0293494920891095,
            0.9996505221774467,
            0.9979612649318708,
            1.006685600409439,
            0.9962979560548914,
            1.0036997678251733,
            0.9892694927392071,
            0.9710017135267238,
            0.9506105533931806,
            0.9153305510335684,
            0.8965428143572725,
            0.8683296220925286,
            0.8686609790799507,
            0.8647656178183918,
            0.8637752940399073,
            0.8737233809250459,
            0.8521869759582714,
            0.8263163239698748,
            0.8103200415726594,
            0.7864864637421483,
            0.7659030383603302,
            0.7498103916971995,
            0.7142150580103326,
            0.7041491354069633
        ],
        "y_sigma": 0.032783598,
        "y_chi2": 0.0011031016,
        "y_quality": 0.8255208
    }
}