{
    "x": {
        "x_gains": [
            1.4885187571225622,
            1.4470283789035128,
            1.3935256519505248,
            1.3614276453076912,
            1.3611785639367417,
            1.3471285765792214,
            1.322471609510105,
            1.3140238405973448,
            1.311109674717623,
            1.2675717128696555,
            1.2207178177217806,
            1.218494455058208,
            1.172550503596957,
            1.1606209707519686,
            1.1353031600028156,
            1.1331571878256763,
            1.1335149458536347,
            1.1315710472158205,
            1.1225000716716296,
            1.088377978870121,
            1.0626308908882738,
            1.0159872708986804,
            0.9671833714871053,
            0.9313754207604885
        ],
        "x_sigma": 0.02545825,
        "x_chi2": 0.0006525244,
        "x_quality": 0.83463544
    },
    "y": {
        "y_gains": [
            1.6144964734230633,
            1.577470938647265,
            1.5972164988631012,
            1.6117716061610292,
            1.586074519490794,
            1.5659414009068366,
            1.5131694923845964,
            1.5015247232802549,
            1.5502042161524148,
            1.5485046632443682,
            1.438517544375749,
            1.414145128057912,
            1.4073767370195533,
            1.3335694640330982,
            1.2877413653883065,
            1.294515206385336,
            1.3386785876887353,
            1.3339911688450632,
            1.2976660813716827,
            1.225992702842393,
            1.1979775264207952,
            1.147736268110274,
            1.0979479353089077,
            1.0814630421360711
        ],
        "y_sigma": 0.03746507,
        "y_chi2": 0.0014345935,
        "y_quality": 0.81901044
    }
}