{
    "x": {
        "x_gains": [
            1.596582292082277,
            1.5534092548643768,
            1.537375796370271,
            1.5271164727152389,
            1.5047610489111445,
            1.440564000397826,
            1.4102246078835223,
            1.400555457493331,
            1.376346738078876,
            1.353560581717024,
            1.334400141766671,
            1.3354099848871652,
            1.2942743258180043,
            1.2735341955711703,
            1.2580496780418133,
            1.2314532367332156,
            1.2047211141097023,
            1.2003394079709977,
            1.1682123303479706,
            1.1062389887736654,
            1.096970358741997,
            1.0484276489410471,
            1.0348759401071759,
            0.9860795154799693
        ],
        "x_sigma": 0.03629336,
        "x_chi2": 0.0013260122,
        "x_quality": 0.84244794
    },
    "y": {
        "y_gains": [
            1.8831870379482905,
            1.8663587821680467,
            1.8425514030384043,
            1.8299007019023317,
            1.8068453419888453,
            1.7102803842213294,
            1.7005455009858064,
            1.6862247377397805,
            1.6660005441157775,
            1.6577495214740232,
            1.6415656235146396,
            1.6066181356597506,
            1.5559266959367595,
            1.5413298347201192,
            1.4842478996779034,
            1.4435095667008673,
            1.4336425294070547,
            1.4009723925220914,
            1.3647764544617156,
            1.3104591809656327,
            1.2879927264474753,
            1.2543310483184624,
            1.2143763163004384,
            1.1716933875249336
        ],
        "y_sigma": 0.04048596,
        "y_chi2": 0.0016538665,
        "y_quality": 0.8385417
    }
}