{
    "x": {
        "x_gains": [
            0.8274580365000014,
            0.811143555050772,
            0.775571363423434,
            0.7778269537262967,
            0.7431577650362553,
            0.7353414822895945,
            0.7124831827250757,
            0.6993454965367012,
            0.719722808836296,
            0.6980608358622332,
            0.6693795280178173,
            0.6556012968580374,
            0.6265475332479015,
            0.6149598578803169,
            0.6089711189357133,
            0.6034081336158008,
            0.5985908094881193,
            0.5975545438824338,
            0.5905768967735366,
            0.5757891377264011,
            0.5531154865864792,
            0.5227815659691785,
            0.515194104530823,
            0.4898736983137323
        ],
        "x_sigma": 0.04037865,
        "x_chi2": 0.0016438428,
        "x_quality": 0.84375
    },
    "y": {
        "y_gains": [
            1.1857148396125037,
            1.1054964909662033,
            1.0869109187375399,
            1.1491657344059645,
            1.170631697681461,
            1.1153011736983431,
            1.0583372421255475,
            1.0218342163292315,
            1.1136439953880437,
            1.1277517904920464,
            1.0492915183667988,
            0.9664564237362471,
            0.9227052573992427,
            0.9487509409237457,
            0.9716405334228797,
            0.9146447986071058,
            0.8773678403274757,
            0.874160106969224,
            0.8759202856481162,
            0.886407263717507,
            0.8649078764998044,
            0.7868910250357248,
            0.7672411359097087,
            0.7534200183246816
        ],
        "y_sigma": 0.05361438,
        "y_chi2": 0.002944049,
        "y_quality": 0.8411458
    }
}