{
    "x": {
        "x_gains": [
            1.189354091526744,
            1.1475683371206915,
            1.1313012688765536,
            1.1021385521739275,
            1.0722842925899256,
            1.0359389708876598,
            1.019648525114096,
            1.0169046155673453,
            1.0122089608227558,
            0.9841303083004699,
            0.9855204380677767,
            0.9142718382514149,
            0.8852974927135591,
            0.8692145837865924,
            0.865632011348782,
            0.8649917427888233,
            0.8493071734267413,
            0.8298187742182609,
            0.816109945026018,
            0.7944300286288749,
            0.7450107005886926,
            0.6943227933050341,
            0.682317715922341,
            0.6646467608506574
        ],
        "x_sigma": 0.041214105,
        "x_chi2": 0.0017109688,
        "x_quality": 0.8307292
    },
    "y": {
        "y_gains": [
            1.0939115878338916,
            1.0684301747759448,
            1.055443614033136,
            1.0309841246590123,
            1.0075054115634419,
            0.9731234020705536,
            0.9911636767058001,
            0.9850933701048986,
            0.9812014556712316,
            0.9475542015216583,
            0.9374956640825536,
            0.8707818131645317,
            0.8404646761101278,
            0.8254498061720038,
            0.7997317379858101,
            0.7998317793801607,
            0.7828673550262747,
            0.7630178669026731,
            0.7698426164548624,
            0.744835570844216,
            0.7150285267781044,
            0.6625541049964067,
            0.6388069335082471,
            0.6518142957606063
        ],
        "y_sigma": 0.044351984,
        "y_chi2": 0.0020163965,
        "y_quality": 0.83203125
    }
}