{
    "x": {
        "x_gains": [
            1.4959044380343276,
            1.4468593169492914,
            1.3850521789322316,
            1.3501976621867557,
            1.3502916643497913,
            1.3054634297265773,
            1.3382830893237314,
            1.304122468054379,
            1.26348006885461,
            1.264017895257511,
            1.14239240457105,
            1.1372216442482752,
            1.1422589385874076,
            1.094965300275893,
            1.0891260134045273,
            1.1043025582284107,
            1.080335240989302,
            1.0812294140677245,
            1.070127430239329,
            1.0356472904308158,
            0.9586147786381133,
            0.8964083606214978,
            0.9007678956233399,
            0.8559860775576457
        ],
        "x_sigma": 0.041692607,
        "x_chi2": 0.0017549042,
        "x_quality": 0.83203125
    },
    "y": {
        "y_gains": [
            1.732799538659451,
            1.6615162432320212,
            1.6105236251978468,
            1.6533082118661568,
            1.644274119569312,
            1.593150218771388,
            1.6346473309682712,
            1.5841747281358145,
            1.5302736328191053,
            1.4715555666739755,
            1.4468048905477633,
            1.3978057245735644,
            1.3958375231722988,
            1.3614034762893206,
            1.3401408018933507,
            1.3598613267813402,
            1.2936553707267004,
            1.2840868890234325,
            1.2565269665011418,
            1.198308707090812,
            1.1381526053223658,
            1.0805820274139337,
            1.1125086073400314,
            1.066725606812195
        ],
        "y_sigma": 0.039582115,
        "y_chi2": 0.0015851902,
        "y_quality": 0.8307292
    }
}