{
    "x": {
        "x_gains": [
            0.41134548434182566,
            0.3933220213919981,
            0.3923022453419012,
            0.38316102326676343,
            0.37601655134615053,
            0.3681300129184184,
            0.3601960849855288,
            0.3465913777769768,
            0.33565105984339527,
            0.3252162606829477,
            0.31443574505549793,
            0.3095104578322024,
            0.30285989386335593,
            0.30119706254552786,
            0.3041387967812991,
            0.30534181458899984,
            0.30400845483993927,
            0.29299295053101165,
            0.2818925873666172,
            0.26677796643426305,
            0.25592539590443103,
            0.2474960821370198,
            0.23776845366144875,
            0.22987561407534823
        ],
        "x_sigma": 0.026592817,
        "x_chi2": 0.0007095832,
        "x_quality": 0.84375
    },
    "y": {
        "y_gains": [
            0.42539291097177223,
            0.41851426765360145,
            0.42431605979427967,
            0.4217823772489911,
            0.423292427764089,
            0.41734803950967114,
            0.40904630445071016,
            0.3966568963462148,
            0.38557194411967505,
            0.36554927635316925,
            0.3500788412558392,
            0.33552205554232106,
            0.32780472095836205,
            0.31800964631380546,
            0.3113001616239309,
            0.3023437993670735,
            0.2983260626299769,
            0.28882162682478224,
            0.2846724009936433,
            0.276726156886906,
            0.26905147436306703,
            0.2619960800146508,
            0.25735631803198183,
            0.25382244546301136
        ],
        "y_sigma": 0.042740572,
        "y_chi2": 0.0018728994,
        "y_quality": 0.85286456
    }
}