{
    "x": {
        "x_gains": [
            0.34822469825459335,
            0.3415037187364445,
            0.3375980519782166,
            0.33343709895852924,
            0.33630951560197014,
            0.3266888096341837,
            0.31479768865463464,
            0.30748106347122506,
            0.2961185900467317,
            0.2863939640524597,
            0.27529223302881883,
            0.2736441847354378,
            0.27278846165911796,
            0.26922825505306436,
            0.26883743937715743,
            0.2702396893627199,
            0.26703116777108976,
            0.2554694736971185,
            0.24735325829789792,
            0.239867861592406,
            0.22729341097312583,
            0.22171002280065874,
            0.21446051492398555,
            0.21113325500148816
        ],
        "x_sigma": 0.024260743,
        "x_chi2": 0.00059062423,
        "x_quality": 0.83463544
    },
    "y": {
        "y_gains": [
            0.38344434558397117,
            0.3816245781187992,
            0.3806025745632795,
            0.38229843553922715,
            0.38158565323419025,
            0.36975144753069816,
            0.35788923514274734,
            0.34688220539381015,
            0.3334391669249153,
            0.3221383388305167,
            0.31036886190873064,
            0.3109113112115583,
            0.3083201233576481,
            0.30605052086126044,
            0.30359313710712355,
            0.29921559435078565,
            0.29100926582232656,
            0.27880311495568216,
            0.2701948347934212,
            0.26252780038142143,
            0.25321019890167545,
            0.24696904766561895,
            0.24388352318039724,
            0.24007325307156321
        ],
        "y_sigma": 0.028812464,
        "y_chi2": 0.00083537423,
        "y_quality": 0.8411458
    }
}