{
    "x": {
        "x_gains": [
            0.3652444752938045,
            0.35851368543536005,
            0.35339665070444676,
            0.3465973841602223,
            0.3451118869993246,
            0.33964189856424876,
            0.3282529299117955,
            0.3087203750384511,
            0.3032076335553824,
            0.2931746937702371,
            0.28614017675336545,
            0.2838306235077605,
            0.2802311862449531,
            0.27570815156239536,
            0.2715837963112837,
            0.27133310403877153,
            0.2685091405881639,
            0.26402873794395276,
            0.2583940402138128,
            0.2493736668639628,
            0.23935263728309863,
            0.23063368912423773,
            0.2226768144647652,
            0.21791287407468746
        ],
        "x_sigma": 0.0264121,
        "x_chi2": 0.0007083343,
        "x_quality": 0.83203125
    },
    "y": {
        "y_gains": [
            0.3931795767901535,
            0.391739406798418,
            0.3884124147483301,
            0.38739531852127335,
            0.39313852192574816,
            0.38738619416811004,
            0.3783073711072739,
            0.3639158774968905,
            0.3515439299665432,
            0.33592865090449125,
            0.3288215292871143,
            0.3236652578812652,
            0.32008149018674964,
            0.31562442536628055,
            0.3088003307869144,
            0.3067775442518938,
            0.3016087751746058,
            0.2957819949454406,
            0.28817404052165035,
            0.2729912031041721,
            0.26277275286201573,
            0.2558084375445746,
            0.2484315152071638,
            0.24423034506841415
        ],
        "y_sigma": 0.025783598,
        "y_chi2": 0.0006715538,
        "y_quality": 0.82942706
    }
}