{
    "x": {
        "x_gains": [
            0.3531359371717491,
            0.3344928639961381,
            0.3326914827453888,
            0.32737617814502107,
            0.32361529545688134,
            0.315661009621537,
            0.3084130737905728,
            0.2985628706079573,
            0.28594876370052014,
            0.2749041739030609,
            0.2687379555007569,
            0.26959115557687724,
            0.2640389510260554,
            0.26022164274332005,
            0.2575503459416247,
            0.25301333185438607,
            0.2462501216167788,
            0.24124181249412577,
            0.2387721001486595,
            0.2317754714985239,
            0.22174694460428704,
            0.2109059020118525,
            0.20340039078096678,
            0.1973519707271769
        ],
        "x_sigma": 0.020352231,
        "x_chi2": 0.00041587141,
        "x_quality": 0.82942706
    },
    "y": {
        "y_gains": [
            0.4108405032533227,
            0.39507813242932077,
            0.395762601486888,
            0.3914222629318772,
            0.38648877000837867,
            0.379719240909341,
            0.37178042335900857,
            0.3649175293681978,
            0.34995259367189824,
            0.33992193828656025,
            0.33452705969314234,
            0.32973592537864976,
            0.3216396934259098,
            0.31467388520168016,
            0.3111575302829399,
            0.3055741056013995,
            0.301832549157279,
            0.2914368056008092,
            0.28420564097040313,
            0.2787092861474796,
            0.26821456510765074,
            0.25774313206051874,
            0.25083776678634556,
            0.24377665027284945
        ],
        "y_sigma": 0.028601155,
        "y_chi2": 0.0008440825,
        "y_quality": 0.83463544
    }
}