{
    "x": {
        "x_gains": [
            0.23418189141688242,
            0.2798957175731295,
            0.2956758413500417,
            0.27793457920287806,
            0.26269241759877376,
            0.24853270021781904,
            0.24879329034351136,
            0.2512386252654556,
            0.24604743253194866,
            0.21955926113039206,
            0.2065657331410344,
            0.21793005112224934,
            0.2285695843414109,
            0.22873227833772203,
            0.23163009470682847,
            0.2398285705377796,
            0.23982441207704894,
            0.2423441660367738,
            0.2394637563582716,
            0.233449732926502,
            0.22610481369008573,
            0.2175091612139839,
            0.21204815189433215,
            0.21296927513564545
        ],
        "x_sigma": 0.083058506,
        "x_chi2": 0.0070158695,
        "x_quality": 0.8385417
    },
    "y": {
        "y_gains": [
            0.42081325528089075,
            0.41535942671095066,
            0.40624628030749593,
            0.40390299542539465,
            0.4017453424658084,
            0.40118265437047185,
            0.3912915253729272,
            0.3815853037762445,
            0.36855087564739647,
            0.35489699292228927,
            0.35110754417055795,
            0.3484282922379584,
            0.3469122176099857,
            0.3417613388295392,
            0.3347846022651794,
            0.32795256100614534,
            0.3213209633331009,
            0.31620447374943184,
            0.30457774255505393,
            0.30050836398919323,
            0.2856637640371603,
            0.2787134031882026,
            0.27498081046414174,
            0.2723840589081736
        ],
        "y_sigma": 0.027207876,
        "y_chi2": 0.0007579497,
        "y_quality": 0.84375
    }
}