{
    "x": {
        "x_gains": [
            0.3480844927766724,
            0.3245320353523131,
            0.3050024023514221,
            0.29328331640550914,
            0.28564850494429,
            0.2885900109646889,
            0.29281661118182306,
            0.295978884156055,
            0.28804993449312416,
            0.2729630433151951,
            0.2537442437166772,
            0.24465368097120854,
            0.23708135966064933,
            0.23502353643205598,
            0.2351597446024078,
            0.23623332576599249,
            0.23673550264332943,
            0.23357816997109707,
            0.2250098644324567,
            0.2161025346017976,
            0.20623764095156893,
            0.1940943871299894,
            0.1832153487559128,
            0.17939425234449452
        ],
        "x_sigma": 0.042262677,
        "x_chi2": 0.0017983008,
        "x_quality": 0.8385417
    },
    "y": {
        "y_gains": [
            0.373354259092847,
            0.3630418594887869,
            0.3505131143955982,
            0.34428184013135044,
            0.3368329377342757,
            0.33384497301080396,
            0.3270970107585478,
            0.3199814973898949,
            0.3091529650845424,
            0.2951341672545985,
            0.2811366975181393,
            0.278303384642273,
            0.2723074464350149,
            0.26723497926296647,
            0.26063134816516836,
            0.2567490993883466,
            0.2498923401325624,
            0.24280979494712815,
            0.2344900650076807,
            0.2295080311745349,
            0.22158476225406387,
            0.2110154540544024,
            0.20643629133486763,
            0.20430741319233398
        ],
        "y_sigma": 0.03225855,
        "y_chi2": 0.0010651578,
        "y_quality": 0.8359375
    }
}