{
    "x": {
        "x_gains": [
            0.27569900726301466,
            0.2747947434403609,
            0.27142890489836885,
            0.2666832010251302,
            0.26466937276984626,
            0.26107012382686506,
            0.25065940970912176,
            0.250295223215783,
            0.2424276511039428,
            0.2388963656815337,
            0.23632231433278295,
            0.23388155012762213,
            0.2291147578543403,
            0.22013751990868696,
            0.21905790642415787,
            0.21560074020046127,
            0.2101002766600443,
            0.20225600391891232,
            0.19576414547178836,
            0.19080296144513245,
            0.18261954960540483,
            0.17536963622760693,
            0.16768190795718732,
            0.16453793519173227
        ],
        "x_sigma": 0.02614041,
        "x_chi2": 0.00068786275,
        "x_quality": 0.82682294
    },
    "y": {
        "y_gains": [
            0.3055721167154701,
            0.2999620997886917,
            0.3022088261780055,
            0.30000481807737833,
            0.2987663102504092,
            0.2982182532951328,
            0.28868685299863367,
            0.28786963144367744,
            0.27889716252815816,
            0.2721461368148299,
            0.26951644007161807,
            0.26744543925827324,
            0.26421220573200455,
            0.2535220937152532,
            0.2531631341211196,
            0.250968140974828,
            0.2452444525582209,
            0.23409847483439056,
            0.2255382662431419,
            0.2189413615919489,
            0.21054026463605913,
            0.20477116821951472,
            0.19826614275499332,
            0.19465104002926617
        ],
        "y_sigma": 0.021735463,
        "y_chi2": 0.00047452544,
        "y_quality": 0.8307292
    }
}