{
    "x": {
        "x_gains": [
            0.349894970277297,
            0.3360305384553348,
            0.3307934680066316,
            0.3302874881748822,
            0.32136247405399726,
            0.31683297810547884,
            0.3140982200839113,
            0.29846068008862253,
            0.2884992347702047,
            0.27624055281480425,
            0.27061734799004106,
            0.2688592677671614,
            0.2661257430297277,
            0.2617121554670701,
            0.2602105514493897,
            0.2582021862030746,
            0.2560227233480153,
            0.24754567743783293,
            0.2399308807118845,
            0.23041745421432372,
            0.22336898868260813,
            0.21401916717137737,
            0.20715979896715925,
            0.20197738689453162
        ],
        "x_sigma": 0.024452036,
        "x_chi2": 0.00060037384,
        "x_quality": 0.8255208
    },
    "y": {
        "y_gains": [
            0.3871826138280103,
            0.37694595522289154,
            0.3756491028672995,
            0.376009906206585,
            0.3706534122983247,
            0.36734223229686863,
            0.3672347298290816,
            0.35502995973569723,
            0.34516200057690377,
            0.33376952560069,
            0.3240352393507358,
            0.31915728179360264,
            0.3177983944189517,
            0.30983397546424746,
            0.3056024850616157,
            0.30371340970935934,
            0.30169531042395914,
            0.2919524930232113,
            0.2820981580852125,
            0.2733912306700781,
            0.26616142131263626,
            0.2552315643242118,
            0.24736020895407346,
            0.2447940865582098
        ],
        "y_sigma": 0.026777115,
        "y_chi2": 0.0007348466,
        "y_quality": 0.8359375
    }
}