{
    "x": {
        "x_gains": [
            0.32666811685532676,
            0.32171497243787406,
            0.3172191302168669,
            0.3116487606274175,
            0.30668489969732343,
            0.29591256564894247,
            0.2903390550450911,
            0.2822194493847743,
            0.2729744659957482,
            0.26342604858977764,
            0.2578532428268451,
            0.2562531535153704,
            0.25062572471561123,
            0.2490170053712968,
            0.25027177637876413,
            0.2492215813129272,
            0.24292158683085155,
            0.23552147622600292,
            0.22914923031981624,
            0.2216271484037105,
            0.21407111716523258,
            0.20341952286323556,
            0.1943924768556317,
            0.19031077235286137
        ],
        "x_sigma": 0.026714107,
        "x_chi2": 0.0007177679,
        "x_quality": 0.828125
    },
    "y": {
        "y_gains": [
            0.3321989734985279,
            0.33047429009165374,
            0.3268929964809969,
            0.32407914531255166,
            0.32275891219660097,
            0.31729383388931676,
            0.31374566834886636,
            0.3037541860744075,
            0.29136654698300135,
            0.2799286014109241,
            0.27188954150233435,
            0.2682891434732267,
            0.260997760508716,
            0.25867821433807814,
            0.2587532002919254,
            0.25631149104903883,
            0.2506331243353836,
            0.24593454820901242,
            0.23673435375309176,
            0.22815649664786772,
            0.2204874271454419,
            0.2103072553248062,
            0.20311917936601628,
            0.20090597343283698
        ],
        "y_sigma": 0.029299272,
        "y_chi2": 0.0008826363,
        "y_quality": 0.83463544
    }
}