{
    "x": {
        "x_gains": [
            0.30644869175521244,
            0.3006149077938924,
            0.2948798507624871,
            0.2884292454794773,
            0.2805711755763914,
            0.2802822711541503,
            0.2728581156353048,
            0.25980400957086797,
            0.2524034232567644,
            0.2428285681788314,
            0.2351219364699117,
            0.22949812890175508,
            0.2275982289489334,
            0.22711677547415,
            0.22480016557880997,
            0.22676002800304937,
            0.22212863202526223,
            0.21419117642019034,
            0.2071683995267445,
            0.19912048481855646,
            0.18927299108486356,
            0.18504532861117395,
            0.17849496260441286,
            0.17380345964128982
        ],
        "x_sigma": 0.028820518,
        "x_chi2": 0.000836769,
        "x_quality": 0.8333333
    },
    "y": {
        "y_gains": [
            0.3804752577320372,
            0.37114128580488126,
            0.36396077842184277,
            0.3609945790527047,
            0.35725317181869803,
            0.3577877311939344,
            0.34974832809806716,
            0.33346766522447463,
            0.32592739380633656,
            0.3115871761561528,
            0.3002443718967305,
            0.2940163238451032,
            0.2856062449519096,
            0.2849394782849333,
            0.27986430611199575,
            0.2807578980846584,
            0.2729103087093185,
            0.26411322005517324,
            0.2535067397175068,
            0.2443426133028915,
            0.23317150531350062,
            0.22661138255377883,
            0.2189990429741822,
            0.21323221009002025
        ],
        "y_sigma": 0.02612193,
        "y_chi2": 0.00068887946,
        "y_quality": 0.83723956
    }
}