{
    "x": {
        "x_gains": [
            0.32553323157164515,
            0.32928227232164187,
            0.33431111533977526,
            0.33189199278705767,
            0.3403716054654694,
            0.3446593449073618,
            0.3497177620287435,
            0.35013498053634656,
            0.35302373833993483,
            0.35367843789854037,
            0.36012644039322206,
            0.3720355740415899,
            0.378054395978711,
            0.3768430687913833,
            0.37746157318509965,
            0.375887847094838,
            0.37980389737288506,
            0.383362570479771,
            0.3748445566479151,
            0.3740326067413318,
            0.3826861752935356,
            0.3873199204444884,
            0.39383158910573607,
            0.3984463461314565
        ],
        "x_sigma": 0.017036326,
        "x_chi2": 0.00029119724,
        "x_quality": 0.8385417
    },
    "y": {
        "y_gains": [
            0.3448000735389597,
            0.3468179023933037,
            0.35117162266398444,
            0.3491752881246078,
            0.358711489676086,
            0.36308513438688533,
            0.36614140996370365,
            0.36498780064775116,
            0.37359470018558316,
            0.37415002001515535,
            0.3815570580424597,
            0.3885815769899399,
            0.398206129172812,
            0.39439028720841646,
            0.3957120953913074,
            0.39087833802283106,
            0.39161621736015895,
            0.3953450023627794,
            0.3861028905515681,
            0.38484608504159457,
            0.3877429641034156,
            0.3896169574391007,
            0.3975742721418952,
            0.4011337644719034
        ],
        "y_sigma": 0.020671425,
        "y_chi2": 0.00042884875,
        "y_quality": 0.8359375
    }
}