{
    "x": {
        "x_gains": [
            0.3979130890964015,
            0.39562332987611293,
            0.401095214549039,
            0.4167788496403615,
            0.4253882603730077,
            0.4266683050729581,
            0.4338192282217108,
            0.434759093899443,
            0.4248141958290638,
            0.42710529811309145,
            0.43757088648361037,
            0.45035782280095005,
            0.4653464632389091,
            0.46757741083029924,
            0.4547107625763221,
            0.4632335256555403,
            0.4663922849761333,
            0.46279288657714585,
            0.46069998756110037,
            0.456497500105565,
            0.46544431989671603,
            0.47243180872029755,
            0.4805188065450505,
            0.4910469376054155
        ],
        "x_sigma": 0.03364792,
        "x_chi2": 0.0011368591,
        "x_quality": 0.8515625
    },
    "y": {
        "y_gains": [
            0.4159213010351034,
            0.41819459288610017,
            0.43015342841530746,
            0.4424491169135953,
            0.4349365762436424,
            0.4402333095666044,
            0.46910242785837947,
            0.47342665645832555,
            0.4592502014845446,
            0.44612365387763986,
            0.4602345180214721,
            0.4730067801737884,
            0.485573537368744,
            0.4910199328559703,
            0.48426025831507546,
            0.4963271049741257,
            0.49649622613218514,
            0.49027009960327345,
            0.4990966350904862,
            0.48723464713882175,
            0.49271374907862525,
            0.5046451322813669,
            0.5129866152558321,
            0.5237732562527658
        ],
        "y_sigma": 0.03138801,
        "y_chi2": 0.0009896166,
        "y_quality": 0.8463542
    }
}