{
    "x": {
        "x_gains": [
            0.38338798273435226,
            0.38705238552770876,
            0.39861049165933454,
            0.4036809893219919,
            0.39670418165877885,
            0.40335089402120633,
            0.3994438144327838,
            0.3936599955469181,
            0.39969969762318175,
            0.3975081486189156,
            0.39298377766895626,
            0.3985002522705847,
            0.4081393433429779,
            0.4138897424215132,
            0.41439818195229616,
            0.4124232439100759,
            0.4095721601024127,
            0.39760373769779245,
            0.4013285580585972,
            0.4016233777578323,
            0.4092268207585707,
            0.4106750207822094,
            0.42067459125048173,
            0.4158869133613569
        ],
        "x_sigma": 0.03699983,
        "x_chi2": 0.0013762504,
        "x_quality": 0.85807294
    },
    "y": {
        "y_gains": [
            0.41557629835386073,
            0.4221538398670013,
            0.4385846225126276,
            0.44491876739882646,
            0.44170664848013164,
            0.44797087114207484,
            0.44607475847170686,
            0.4415008113681161,
            0.4491851848125278,
            0.4471397431978084,
            0.4447218718308008,
            0.4507985400258164,
            0.4607862386374145,
            0.4720416125451289,
            0.4703329275144057,
            0.4716949982405777,
            0.4647093665797567,
            0.45515001790105014,
            0.4573162714729997,
            0.46219601714599323,
            0.4709682679006914,
            0.47041833126153265,
            0.47890880819616033,
            0.4694386738695459
        ],
        "y_sigma": 0.030166201,
        "y_chi2": 0.00091472187,
        "y_quality": 0.84765625
    }
}