{
    "x": {
        "x_gains": [
            0.38897928335234794,
            0.397853722395019,
            0.41476367906167183,
            0.41733994032539656,
            0.42856070843142197,
            0.4316799559341101,
            0.43030731903264335,
            0.4337922233287298,
            0.430225140257698,
            0.4252057549387861,
            0.4353477658083263,
            0.4446538863060921,
            0.450204642771395,
            0.45049746858714934,
            0.47344167383220637,
            0.4694269062640373,
            0.4600837122314405,
            0.46205837673255146,
            0.46509897306146747,
            0.45669676618043537,
            0.4677882419928453,
            0.4793303410018359,
            0.4773708096151646,
            0.4869576430120336
        ],
        "x_sigma": 0.029860862,
        "x_chi2": 0.0008971972,
        "x_quality": 0.84244794
    },
    "y": {
        "y_gains": [
            0.44549263912512377,
            0.45204278132882497,
            0.4687280356972022,
            0.4752721146728954,
            0.4925704126942095,
            0.4940844992204088,
            0.49369972501419024,
            0.4979273772920219,
            0.49127746683189305,
            0.4834547989342916,
            0.4968108222884836,
            0.5057047797648099,
            0.5134880209149832,
            0.509762850675423,
            0.5340947387929565,
            0.5326506598396477,
            0.5278482440521136,
            0.5263111357752205,
            0.5322996783313044,
            0.526882965120295,
            0.5350522063814072,
            0.5429324956826008,
            0.5381405790015932,
            0.5477782006625487
        ],
        "y_sigma": 0.029103642,
        "y_chi2": 0.00085196114,
        "y_quality": 0.84375
    }
}