{
    "x": {
        "x_gains": [
            0.3671967972507829,
            0.37590103007031567,
            0.38204911661648133,
            0.3867836940039709,
            0.38271041408998907,
            0.38312243018235437,
            0.38367998756262955,
            0.37954092248180293,
            0.37919856232173876,
            0.3776865790584878,
            0.3803039373855428,
            0.38944146305368843,
            0.3934654207243116,
            0.39794205064393595,
            0.4043130171972116,
            0.3958308874283081,
            0.3946326331274443,
            0.3875482754353649,
            0.3834031523253823,
            0.3811036754819885,
            0.3895372324945571,
            0.3936299650023598,
            0.4001661489850586,
            0.3960741447630403
        ],
        "x_sigma": 0.037405547,
        "x_chi2": 0.0014074876,
        "x_quality": 0.84505206
    },
    "y": {
        "y_gains": [
            0.40195095740095615,
            0.4107779929798041,
            0.418154687545409,
            0.421376106491518,
            0.4176975791000171,
            0.42230719512218295,
            0.426789017404072,
            0.4249961484724045,
            0.42408619602824615,
            0.4233566005887451,
            0.42414677785872384,
            0.43202331336046357,
            0.4404535438231456,
            0.44647276027274657,
            0.4512860411135122,
            0.44356925273750986,
            0.4438688353387771,
            0.44071249107006316,
            0.43803868354657494,
            0.42931371197944107,
            0.4403956038477716,
            0.44666979305743826,
            0.45064979193499105,
            0.44875937553696865
        ],
        "y_sigma": 0.03339539,
        "y_chi2": 0.0011212061,
        "y_quality": 0.84765625
    }
}