{
    "x": {
        "x_gains": [
            0.4065607521699164,
            0.4139917966697506,
            0.421560207819065,
            0.42148586580867875,
            0.43691818881681677,
            0.43163070988619495,
            0.431206296163868,
            0.4298974780494348,
            0.431543927805808,
            0.44629243231294663,
            0.44911165265992214,
            0.45739021377046424,
            0.47272946619199585,
            0.46909243747935997,
            0.4782936014838581,
            0.4824210357569989,
            0.4848337929153662,
            0.4894121792667872,
            0.47608487603083094,
            0.47109178252933515,
            0.4801384949886025,
            0.49047971515684835,
            0.5027760022801897,
            0.5122257268137311
        ],
        "x_sigma": 0.028602907,
        "x_chi2": 0.00082158245,
        "x_quality": 0.8385417
    },
    "y": {
        "y_gains": [
            0.42458755989019825,
            0.43330124593173464,
            0.4401688593384948,
            0.4433987132125944,
            0.4592722638085603,
            0.45606556252585895,
            0.453440029586055,
            0.453077524554763,
            0.4591907956123401,
            0.4755727524776508,
            0.47632929215561876,
            0.483281784887218,
            0.4951533645943458,
            0.4980687880810944,
            0.5089929640375602,
            0.5101966889867514,
            0.5141655963881306,
            0.5152088360376216,
            0.5048846835809431,
            0.4973058455815619,
            0.508901967669458,
            0.5162654062631873,
            0.5302741745500319,
            0.5390915208127602
        ],
        "y_sigma": 0.025807276,
        "y_chi2": 0.000668558,
        "y_quality": 0.83723956
    }
}