{
    "x": {
        "x_gains": [
            1.908950687985828,
            1.9481845258040935,
            2.0179192846815144,
            2.054240325904406,
            2.047174851619743,
            2.0237375100739126,
            2.061969524832732,
            2.0492162311450333,
            2.0808236432670904,
            2.0854581980018683,
            2.1220195174867142,
            2.1204635333283854,
            2.145890282131998,
            2.1145962288460023,
            2.148270354496403,
            2.115630459781082,
            2.1166810255251836,
            2.0875500539704754,
            2.045168152191597,
            2.0698861454985895,
            2.06346972888876,
            2.1094115043548696,
            2.0930105857987096,
            2.0722358197731747
        ],
        "x_sigma": 0.028510896,
        "x_chi2": 0.0008160036,
        "x_quality": 0.84505206
    },
    "y": {
        "y_gains": [
            2.015626832330767,
            2.053661476126278,
            2.1454460065794394,
            2.190045969502909,
            2.188865181533315,
            2.14990052410275,
            2.20048872854661,
            2.202643754002754,
            2.2264080672916697,
            2.216040061394947,
            2.275653711681092,
            2.299708762582598,
            2.31762976930545,
            2.276752467601243,
            2.2953910246813756,
            2.2541221582732778,
            2.2295405652643376,
            2.240777603607114,
            2.2018518631057615,
            2.220160531815478,
            2.184247096360201,
            2.2425257010824917,
            2.2468201092017486,
            2.220349332889382
        ],
        "y_sigma": 0.03001793,
        "y_chi2": 0.0009045884,
        "y_quality": 0.84765625
    }
}