{
    "x": {
        "x_gains": [
            0.40817810966104934,
            0.40841810153135144,
            0.4151366459632486,
            0.4239650483214164,
            0.43022173456110585,
            0.435449224660883,
            0.43222188196755185,
            0.4341255125448598,
            0.4313727012687965,
            0.447918801279704,
            0.44797496500867545,
            0.4623756174910778,
            0.4732490306440105,
            0.46618901251237327,
            0.4766541926264456,
            0.47310721394826044,
            0.4734657260291523,
            0.4833760686115593,
            0.48349287631265897,
            0.4899725884835373,
            0.4944474784291107,
            0.4968793492470539,
            0.5157345186425393,
            0.5174368455394098
        ],
        "x_sigma": 0.031770986,
        "x_chi2": 0.0010139021,
        "x_quality": 0.85286456
    },
    "y": {
        "y_gains": [
            0.40251421650024116,
            0.40106764206317214,
            0.4073856741361102,
            0.4165141183708133,
            0.42304187243070807,
            0.427983989974903,
            0.42985626895934803,
            0.4343334701194209,
            0.4364184187775134,
            0.4492713156214107,
            0.4488889236029657,
            0.4555770258883922,
            0.46310601126422013,
            0.45599389843684385,
            0.4641540768741266,
            0.4659762979292153,
            0.46918483170480846,
            0.4751162158019662,
            0.47444704146211675,
            0.4789497742613924,
            0.48732739229260535,
            0.4854607891864192,
            0.4989945260300494,
            0.5036120821171731
        ],
        "y_sigma": 0.03172742,
        "y_chi2": 0.0010107405,
        "y_quality": 0.84244794
    }
}