{
    "x": {
        "x_gains": [
            2.15979745246707,
            2.208742219374221,
            2.247747139236022,
            2.287391636536763,
            2.316464598757175,
            2.3272173750421574,
            2.3161110864316607,
            2.3644931441757735,
            2.392048352865405,
            2.386378892917786,
            2.4084735494450227,
            2.43040735134061,
            2.3893604836046505,
            2.45687110192831,
            2.403458018486342,
            2.4385747408526623,
            2.453521711458977,
            2.4066717948029273,
            2.3961690241335676,
            2.370424479259817,
            2.3924839828580438,
            2.367443466692923,
            2.3809357144023804,
            2.340708249629606
        ],
        "x_sigma": 0.032719284,
        "x_chi2": 0.0010749766,
        "x_quality": 0.8463542
    },
    "y": {
        "y_gains": [
            2.088677432113963,
            2.1190006165867996,
            2.1701786378205363,
            2.2245721613836342,
            2.241792723979249,
            2.262378433922826,
            2.25509021217783,
            2.310173718595152,
            2.3499503807977096,
            2.331904218060281,
            2.3551705532083664,
            2.3911056989230652,
            2.363592357844101,
            2.4146888614242177,
            2.3613689857230686,
            2.386979162340267,
            2.4036843673983483,
            2.3588583031458445,
            2.347073382563667,
            2.3518283466340986,
            2.3691681947604093,
            2.3339101981373065,
            2.3585918074785286,
            2.3121227439375622
        ],
        "y_sigma": 0.03166595,
        "y_chi2": 0.0010071329,
        "y_quality": 0.8463542
    }
}