{
    "x": {
        "x_gains": [
            0.37987022113765057,
            0.381383162314767,
            0.3933671996267732,
            0.3936338076646958,
            0.40175794814823534,
            0.40797023710251046,
            0.4069969283941814,
            0.4048738716671289,
            0.41055067613796126,
            0.41717274935823184,
            0.4223715333750806,
            0.4334410145293762,
            0.4397750497847345,
            0.4478330879506567,
            0.4440187784421779,
            0.44397911486725333,
            0.4356898285769656,
            0.4303339843569293,
            0.43799290626689014,
            0.43557601988491645,
            0.4424449863903922,
            0.45273138048256006,
            0.459824363646764,
            0.46063710810549496
        ],
        "x_sigma": 0.029069783,
        "x_chi2": 0.0008494366,
        "x_quality": 0.83723956
    },
    "y": {
        "y_gains": [
            0.42190176439317867,
            0.42458950686476316,
            0.4362158052066108,
            0.43807610293106203,
            0.4442663430038269,
            0.4562939314093487,
            0.456794503044581,
            0.45647930838637396,
            0.46350990465045044,
            0.47069289524376595,
            0.4770882199094258,
            0.4860101964939224,
            0.4901623917807217,
            0.49513080935121867,
            0.49267782220636896,
            0.4983251292406223,
            0.49716402723941816,
            0.49498535288842266,
            0.5051186705599867,
            0.5055807775761577,
            0.5064058055576923,
            0.5185132565691741,
            0.5194347822360577,
            0.5265720083272097
        ],
        "y_sigma": 0.027119279,
        "y_chi2": 0.0007387737,
        "y_quality": 0.8411458
    }
}