{
    "x": {
        "x_gains": [
            1.5573457695075934,
            1.562490966849098,
            1.5868135287976586,
            1.5968714095344403,
            1.6073070751326852,
            1.6148381665708798,
            1.6158256288882218,
            1.6350753753397276,
            1.6108336682793474,
            1.6283632213974741,
            1.677330434682698,
            1.7033366661954101,
            1.727644155060209,
            1.7270781326693063,
            1.7113034502102251,
            1.7224374694913263,
            1.6744214706376799,
            1.6747014375771114,
            1.7032724035890334,
            1.6559931559790055,
            1.660608379821788,
            1.7040849643130525,
            1.7250797055827167,
            1.6974253147289635
        ],
        "x_sigma": 0.024806596,
        "x_chi2": 0.0006173206,
        "x_quality": 0.8333333
    },
    "y": {
        "y_gains": [
            1.609233731656767,
            1.6294814651045892,
            1.6305824212127034,
            1.6511239762288341,
            1.671820890471992,
            1.6645950780919814,
            1.6857010409203927,
            1.6932805210427355,
            1.671485112516689,
            1.6603184391147114,
            1.7202569719864753,
            1.7510794967327483,
            1.7727673856183892,
            1.772263753254098,
            1.754489079621346,
            1.7522147556457675,
            1.6908489059108527,
            1.6950390782784301,
            1.7252831620989795,
            1.6774297267654847,
            1.7087185140847105,
            1.7456953117519423,
            1.7757377155841034,
            1.7462102392075782
        ],
        "y_sigma": 0.02969451,
        "y_chi2": 0.0008847013,
        "y_quality": 0.8385417
    }
}