{
    "x": {
        "x_gains": [
            0.8539490875553999,
            0.9143255893308445,
            0.9325244864610965,
            0.9622727496674385,
            0.9481196511829878,
            0.9710895002695743,
            0.9966102296259732,
            0.9985343512791925,
            1.0117253914239075,
            1.0038666937309126,
            1.0179208632490095,
            1.0597989434228454,
            1.074132015937627,
            1.0960638593109966,
            1.100679724764028,
            1.1453655588805518,
            1.1186202847917754,
            1.1270719146155563,
            1.1268697078536192,
            1.1073534180223938,
            1.1528865974627271,
            1.159200612938916,
            1.1816133308859758,
            1.1847688065253938
        ],
        "x_sigma": 0.0341847,
        "x_chi2": 0.0011736914,
        "x_quality": 0.8177083
    },
    "y": {
        "y_gains": [
            1.245936921826865,
            1.2853173062834022,
            1.3544269254438361,
            1.393601002277841,
            1.3630427585150302,
            1.380158923643867,
            1.41120015940917,
            1.396583013857986,
            1.3932150926545157,
            1.4311126757943033,
            1.4641652866908839,
            1.545547039419641,
            1.5659244810996047,
            1.578686718934879,
            1.5762487061953587,
            1.6156976008667896,
            1.5538468937163286,
            1.5350201413830302,
            1.5891520665969134,
            1.6112571447169939,
            1.6135404441576644,
            1.6389205610287307,
            1.6547059008467129,
            1.661471246080174
        ],
        "y_sigma": 0.034864787,
        "y_chi2": 0.0012208738,
        "y_quality": 0.828125
    }
}