{
    "x": {
        "x_gains": [
            1.4491063839135512,
            1.5011532609927578,
            1.5463954989994049,
            1.5238629315770305,
            1.578702669507279,
            1.5714565658048223,
            1.5871810119313792,
            1.5925315113413885,
            1.5827650811000913,
            1.6529530791912463,
            1.6725741987366043,
            1.7174459620655689,
            1.7666121607927991,
            1.791587493429353,
            1.82514870946655,
            1.815463738880398,
            1.8159589193773258,
            1.7502621017497368,
            1.758017350224833,
            1.799028283657035,
            1.8445341748836055,
            1.9190929599034312,
            1.9413321654279028,
            1.955240860842497
        ],
        "x_sigma": 0.032482933,
        "x_chi2": 0.0010596266,
        "x_quality": 0.8359375
    },
    "y": {
        "y_gains": [
            1.438586042550498,
            1.4936348006154372,
            1.5383524337735432,
            1.5258893837009073,
            1.5709440698353763,
            1.556853244630063,
            1.5638028432437774,
            1.5944895715997172,
            1.6018040157547035,
            1.6507861043428882,
            1.6608968770056367,
            1.7101595585708786,
            1.7457792730959178,
            1.7371328830221666,
            1.7731519160138793,
            1.7605799632091603,
            1.7958708977145568,
            1.7684038227939118,
            1.8037893501607158,
            1.8309954573002702,
            1.8759322210681069,
            1.9280163526634968,
            1.9022730069933265,
            1.9006448184630462
        ],
        "y_sigma": 0.034795463,
        "y_chi2": 0.00121719,
        "y_quality": 0.8385417
    }
}