{
    "x": {
        "x_gains": [
            1.1344518272048354,
            1.1727245885739122,
            1.1798272105295708,
            1.2101669025887043,
            1.221267141110225,
            1.2203379621036983,
            1.2186621039957493,
            1.2356135964448924,
            1.2291319513711152,
            1.2527019842273295,
            1.259839345286689,
            1.2895639010829694,
            1.362455176927748,
            1.339133746518587,
            1.3544887132893602,
            1.3948196620921045,
            1.3474579262999804,
            1.342819800189488,
            1.3560028626305232,
            1.3437030841869084,
            1.3870435430418335,
            1.419902921237275,
            1.4501525995580513,
            1.4631316430748884
        ],
        "x_sigma": 0.036413774,
        "x_chi2": 0.0013317778,
        "x_quality": 0.83723956
    },
    "y": {
        "y_gains": [
            0.8789661038148622,
            0.8979089227634008,
            0.9116355324899611,
            0.9402899873126672,
            0.9557518436214125,
            0.9555850746402725,
            0.9443192539424621,
            0.9500386998264374,
            0.9519825703415162,
            0.9619484920832121,
            0.9680353751103197,
            0.9875462517286997,
            1.0461203606458098,
            1.0299524594543765,
            1.0368680736240619,
            1.0798909828454997,
            1.0335723951830977,
            1.0414819446555037,
            1.0662225835389925,
            1.0677718646470173,
            1.097711107683813,
            1.110549173229457,
            1.1313312691817217,
            1.097923042511635
        ],
        "y_sigma": 0.03645471,
        "y_chi2": 0.0013352719,
        "y_quality": 0.8255208
    }
}