{
    "x": {
        "x_gains": [
            0.8677126132354114,
            0.8589345947074167,
            0.867987141291294,
            0.880548335059208,
            0.8999393440882084,
            0.9047166043090746,
            0.8911154894585492,
            0.9027200036975411,
            0.9215359165398096,
            0.89499978833255,
            0.9258376284483979,
            0.9762279703175933,
            0.9773680650848943,
            1.0018372292211795,
            0.9974347971885905,
            1.0000717051412586,
            0.968277580394393,
            0.95156487222149,
            0.9476086148994398,
            0.9952153033859116,
            1.018062256950362,
            1.0334859471696658,
            1.0716469501131414,
            1.02989380044098
        ],
        "x_sigma": 0.068087526,
        "x_chi2": 0.0046541295,
        "x_quality": 0.84765625
    },
    "y": {
        "y_gains": [
            0.26679692048053755,
            0.24511139418208985,
            0.2437115474966754,
            0.22931272454015345,
            0.20247781415156724,
            0.22649712903564093,
            0.1752795072752827,
            0.11002828607178335,
            0.13539995732464147,
            0.12246909951532856,
            0.12588609649748372,
            0.09824431514182648,
            0.07748071156425963,
            0.08744914941273087,
            0.0594301539686714,
            0.05926241992165509,
            0.035183134725124195,
            0.04184631113678057,
            0.04066320549594126,
            0.0401998947807954,
            0.037968079020988525,
            0.02877442639475831,
            0.03806243914767541,
            0.04825848868022347
        ],
        "y_sigma": 1.0864009,
        "y_chi2": 1.1900516,
        "y_quality": 0.0
    }
}