{
    "x": {
        "x_gains": [
            1.2537968101904593,
            1.3021260593446558,
            1.3415868831655182,
            1.313113038311675,
            1.3744013623066302,
            1.3968417686978096,
            1.3421977441145636,
            1.3526857575716587,
            1.4003988055718508,
            1.413811958824593,
            1.4395227003372946,
            1.4817446832407712,
            1.537624361136298,
            1.572302816717604,
            1.561821827678263,
            1.5464048252779043,
            1.5788308839403626,
            1.5918580915818246,
            1.571585359519403,
            1.5937491881840071,
            1.6144229706816269,
            1.6491254687639145,
            1.6880185255306723,
            1.685186472792479
        ],
        "x_sigma": 0.033993397,
        "x_chi2": 0.0011611017,
        "x_quality": 0.82942706
    },
    "y": {
        "y_gains": [
            1.5130797421772644,
            1.552106368208615,
            1.5795564952863665,
            1.5691970387368843,
            1.6521481395325015,
            1.688526898740055,
            1.6474458337519904,
            1.6298282030687707,
            1.7046659434337292,
            1.7190303362440527,
            1.7414770372320825,
            1.777487059894204,
            1.8622606473635157,
            1.882603836897228,
            1.8897508042306985,
            1.8741381307271319,
            1.9481818690116541,
            1.9647313048203012,
            1.930421955878044,
            1.96326287536261,
            1.9689845552851484,
            2.0033520085807575,
            2.0356062131994204,
            2.0895868573345022
        ],
        "y_sigma": 0.03325114,
        "y_chi2": 0.0011100094,
        "y_quality": 0.8307292
    }
}