{
    "x": {
        "x_gains": [
            1.6890633653810587,
            1.7598128263077941,
            1.7683071959846695,
            1.8051335253658447,
            1.8045448400159116,
            1.822715740736184,
            1.841208643001612,
            1.8270035880523465,
            1.830092392214421,
            1.899099224952918,
            1.8793343322621756,
            1.962954147844799,
            2.0333559849190053,
            2.0644220233532375,
            2.074023775156742,
            2.048788287192094,
            2.0318023803987146,
            2.0236142426260457,
            2.077410247204133,
            2.1150233002599386,
            2.199004981032153,
            2.195292423707771,
            2.2515206094740203,
            2.2105517859998414
        ],
        "x_sigma": 0.033403948,
        "x_chi2": 0.0011204914,
        "x_quality": 0.84375
    },
    "y": {
        "y_gains": [
            0.5723776062069543,
            0.5965272331981245,
            0.5966543680290632,
            0.6144625434386615,
            0.6168427176905804,
            0.6137481550730458,
            0.6230588213010602,
            0.6152328327122251,
            0.6227257278013535,
            0.6451609157130167,
            0.6474675278848078,
            0.6640421507395603,
            0.6975168122477255,
            0.7046864751216078,
            0.7098054728415295,
            0.7060429652561905,
            0.6969176794564766,
            0.6917342393022781,
            0.7158051641334083,
            0.7255675643436944,
            0.742912797638726,
            0.7368154247888288,
            0.7708784923590138,
            0.7722883777318059
        ],
        "y_sigma": 0.032025132,
        "y_chi2": 0.0010294776,
        "y_quality": 0.84244794
    }
}