{
    "x": {
        "x_gains": [
            1.8129887591070957,
            1.8078440727255898,
            1.885024442169429,
            1.9218975432575893,
            1.8542544849316793,
            1.9184121195455444,
            1.9801618279333233,
            1.9669601830217112,
            2.013479844865405,
            2.019666013082548,
            2.0387879405693314,
            2.06097845817913,
            2.1774286440302637,
            2.130359374370545,
            2.126968897886818,
            2.170678590811956,
            2.187137522964397,
            2.1808969392289144,
            2.224836058505357,
            2.2121618019385174,
            2.2458626717860355,
            2.3852129960619894,
            2.3050358602496406,
            2.2645904448550147
        ],
        "x_sigma": 0.031320814,
        "x_chi2": 0.0009850098,
        "x_quality": 0.8359375
    },
    "y": {
        "y_gains": [
            1.2256276285882546,
            1.2306766838826027,
            1.2715786903756752,
            1.3076333686328963,
            1.3081918055126942,
            1.3002989101128588,
            1.3399798118641544,
            1.359385022915697,
            1.3692475275565856,
            1.3490862173615066,
            1.3811346617896776,
            1.4110727158225134,
            1.4448910602711742,
            1.4429822865266435,
            1.445722238012722,
            1.4505465877124488,
            1.443368741814746,
            1.463809505686168,
            1.5044548412303673,
            1.4970676188016723,
            1.505570044576165,
            1.5032489720031905,
            1.5244756703134767,
            1.5359378743848568
        ],
        "y_sigma": 0.025868408,
        "y_chi2": 0.0006720366,
        "y_quality": 0.83463544
    }
}