{
    "x": {
        "x_gains": [
            1.4241479233965073,
            1.466943312616182,
            1.5092010327462668,
            1.5058111511037822,
            1.5104361166784108,
            1.5158781260666097,
            1.5330764306056022,
            1.5868605408242884,
            1.5659148198084591,
            1.5795382820057104,
            1.6024924526611712,
            1.621962409074815,
            1.701566070364181,
            1.7140536803903517,
            1.689269771922904,
            1.7431186903461207,
            1.741038916224167,
            1.7571476461232562,
            1.7241979806882928,
            1.7212865308640444,
            1.739019137557805,
            1.7588322620139458,
            1.827973775157032,
            1.8583775100640434
        ],
        "x_sigma": 0.028517533,
        "x_chi2": 0.0008163945,
        "x_quality": 0.8359375
    },
    "y": {
        "y_gains": [
            1.5939211672093436,
            1.627469868615985,
            1.667970741791624,
            1.7031862731906693,
            1.7725012385352403,
            1.7591551270488222,
            1.7652051238962174,
            1.7922744583002792,
            1.7947553658698552,
            1.8209073854637874,
            1.8477606702034899,
            1.8596112519869947,
            1.9252834089376083,
            1.953862774004098,
            1.9373368399130135,
            2.0108703630083506,
            2.0098720897303375,
            2.0408359018953854,
            2.0312421289367504,
            2.019073908543665,
            2.0238562869365158,
            2.028404560421405,
            2.114269634963102,
            2.170815384308131
        ],
        "y_sigma": 0.027807899,
        "y_chi2": 0.0007762277,
        "y_quality": 0.84244794
    }
}