{
    "x": {
        "x_gains": [
            1.1368339626599837,
            1.1501855996992956,
            1.1620846636781723,
            1.1570705311433922,
            1.1576927304282607,
            1.1883430439775458,
            1.2015911951242313,
            1.2251860016128349,
            1.2569114417905458,
            1.265292323015971,
            1.2949104567476795,
            1.3037141643198726,
            1.3085205559092559,
            1.3078900586570381,
            1.2916918573489098,
            1.3180315667769424,
            1.3313935816444495,
            1.3289717720149457,
            1.3723639119343098,
            1.3719306070913666,
            1.3723459446985207,
            1.4232160698172875,
            1.4144729723211684,
            1.434497954405917
        ],
        "x_sigma": 0.027405247,
        "x_chi2": 0.0007539376,
        "x_quality": 0.8307292
    },
    "y": {
        "y_gains": [
            1.6554808584198004,
            1.650002466753688,
            1.727265174413192,
            1.7633670718355188,
            1.773698743653706,
            1.7685232918938851,
            1.7733091647845058,
            1.800979192386901,
            1.8385181690638799,
            1.8448298827020264,
            1.8907669877378088,
            1.8863030817476596,
            1.9368672690427173,
            1.9668164626864921,
            1.975299277593548,
            1.9987314451264069,
            2.003556473024136,
            1.9655369435149692,
            2.0390215714209106,
            2.0251780668192922,
            2.0503770253778035,
            2.094675126361277,
            2.104636463618075,
            2.144000829471041
        ],
        "y_sigma": 0.025991399,
        "y_chi2": 0.00067917816,
        "y_quality": 0.8333333
    }
}