{
    "x": {
        "x_gains": [
            0.4101592004225296,
            0.42166161747962816,
            0.4190493112086472,
            0.4349689266898151,
            0.43889384180589364,
            0.44973990192252117,
            0.4429962405124049,
            0.4323351219757888,
            0.42908801376102423,
            0.4410321493031428,
            0.445612444173116,
            0.4524390832625002,
            0.4576281207720882,
            0.46510719325482947,
            0.45889972458215234,
            0.45884224099835264,
            0.45945715596479914,
            0.4580967454516719,
            0.4501833822007395,
            0.45048924934435797,
            0.46017473018575045,
            0.46687036531952464,
            0.4630864955734951,
            0.4703398515852005
        ],
        "x_sigma": 0.025519168,
        "x_chi2": 0.00065424247,
        "x_quality": 0.8463542
    },
    "y": {
        "y_gains": [
            0.40661996826087177,
            0.4197820969904016,
            0.4202034843777169,
            0.4329094284210235,
            0.4398815434194095,
            0.4509331317121115,
            0.4435744274197129,
            0.43054872358449037,
            0.4289478548253438,
            0.4411027091337417,
            0.44549232158344365,
            0.4529896410328889,
            0.45769263230200535,
            0.46433360698060566,
            0.4595348331079775,
            0.4582247703388907,
            0.4597925443627388,
            0.4522724769810269,
            0.4425395966729519,
            0.4459657624948681,
            0.45378575531118787,
            0.4612064283874402,
            0.45885068365539916,
            0.46868796475391516
        ],
        "y_sigma": 0.028538344,
        "y_chi2": 0.00081753405,
        "y_quality": 0.84505206
    }
}