{
    "x": {
        "x_gains": [
            0.4387085735719762,
            0.4540364178070359,
            0.4546778898144514,
            0.4552585135390695,
            0.4615749046524719,
            0.4744181853978826,
            0.47715016149385797,
            0.47187495502441834,
            0.47024899213884763,
            0.4805781547432823,
            0.4902333746175199,
            0.5015800272438208,
            0.5035450325609843,
            0.5109065781776473,
            0.5125687495649572,
            0.5188262862715348,
            0.5289055896117865,
            0.5362412480736204,
            0.5421205141492641,
            0.5328182472773254,
            0.5434533919697805,
            0.5510157976229179,
            0.5548904884778655,
            0.5592952834684675
        ],
        "x_sigma": 0.026730064,
        "x_chi2": 0.00071800174,
        "x_quality": 0.8359375
    },
    "y": {
        "y_gains": [
            0.4394629657087927,
            0.45157470874560224,
            0.45660951635417757,
            0.45793179774453024,
            0.46490519048978785,
            0.4815059580343482,
            0.48453387260015224,
            0.485453247793882,
            0.4844687318309086,
            0.5005025796653709,
            0.5053438086388322,
            0.5120438866670736,
            0.5146049251911101,
            0.5199947875722494,
            0.5199987624029454,
            0.5259193569983721,
            0.5349714014988186,
            0.5335059047099768,
            0.544873818938321,
            0.5488594398966256,
            0.555660575404307,
            0.5558700853788657,
            0.5564308521988895,
            0.5623912019070461
        ],
        "y_sigma": 0.025834253,
        "y_chi2": 0.00067018956,
        "y_quality": 0.83463544
    }
}