{
    "x": {
        "x_gains": [
            0.4484249834777815,
            0.44568461636203605,
            0.4581707094581004,
            0.4683714826589674,
            0.46121349051304605,
            0.46932926230873484,
            0.4776474601597836,
            0.4839404834507357,
            0.4847680779832833,
            0.4927833115974828,
            0.49353890939844663,
            0.5095453902269296,
            0.5117543317189531,
            0.5121889706866057,
            0.5166049487344496,
            0.5152871793355001,
            0.5255879884223478,
            0.5266652734614633,
            0.526838662982519,
            0.5276742730033662,
            0.5345029112235563,
            0.5424537602921786,
            0.5376738958355759,
            0.5512330007322027
        ],
        "x_sigma": 0.028465424,
        "x_chi2": 0.00081390276,
        "x_quality": 0.8515625
    },
    "y": {
        "y_gains": [
            0.45729441757839745,
            0.4542930740931106,
            0.46859280175853507,
            0.4789356211385516,
            0.47353771789482935,
            0.47939856573537104,
            0.4866913282896537,
            0.49458053487302184,
            0.49838329443119467,
            0.506608556638786,
            0.507981790884724,
            0.5229050723360732,
            0.5273737289304307,
            0.5294906432384707,
            0.5324771951998033,
            0.5300141163959761,
            0.5358488794703327,
            0.5384722540593943,
            0.5358796332889929,
            0.5369254360908392,
            0.5447182349603976,
            0.5503624274175151,
            0.5508474319520265,
            0.5670495233835346
        ],
        "y_sigma": 0.02902977,
        "y_chi2": 0.00084624003,
        "y_quality": 0.84765625
    }
}