{
    "x": {
        "x_gains": [
            0.3270033549890215,
            0.33022896094778353,
            0.32881881540720015,
            0.3306140657043219,
            0.32611183672806515,
            0.330630046964345,
            0.33369179618385386,
            0.3384913663207387,
            0.34184902032907755,
            0.3430813023777936,
            0.341158788127565,
            0.3511096645392932,
            0.3466347725701526,
            0.34773784016410997,
            0.34386750812421374,
            0.34615105298111865,
            0.3510388679361589,
            0.34946077329029374,
            0.3539534082633821,
            0.343270063397175,
            0.34510541987026594,
            0.3489979918655548,
            0.34705950192866175,
            0.3475902092180228
        ],
        "x_sigma": 0.028570898,
        "x_chi2": 0.0008199411,
        "x_quality": 0.83723956
    },
    "y": {
        "y_gains": [
            0.31700665577664267,
            0.3216198318507195,
            0.3202673335486597,
            0.3241542572313142,
            0.31864146573799673,
            0.32216066197315096,
            0.32472616329738374,
            0.3274860373871815,
            0.3327639520271514,
            0.33541192575885104,
            0.33204827331079323,
            0.34365701929771625,
            0.341162500987239,
            0.3393422359768942,
            0.33701123807784833,
            0.34138862554549637,
            0.343533672552223,
            0.3407024432623963,
            0.3517192706214591,
            0.3455177877739913,
            0.34634964959979125,
            0.34924718895303203,
            0.3468610651818886,
            0.3487703386730886
        ],
        "y_sigma": 0.027302092,
        "y_chi2": 0.00074848626,
        "y_quality": 0.84505206
    }
}