{
    "x": {
        "x_gains": [
            0.42202875298775255,
            0.4291650619469725,
            0.4351046618157718,
            0.433745015185413,
            0.43373353927001784,
            0.4420496356317468,
            0.45030085726025704,
            0.4491661387841621,
            0.4549066090378843,
            0.4566516565267167,
            0.4565510626111844,
            0.4623853024358227,
            0.4558701926037888,
            0.45821933218198085,
            0.4739782841161393,
            0.4811973807656649,
            0.47567968681249423,
            0.4668690139222208,
            0.47767041286056894,
            0.4777517004974589,
            0.47355606127133515,
            0.4783953090469576,
            0.4882613428602886,
            0.4978222764516622
        ],
        "x_sigma": 0.032011986,
        "x_chi2": 0.001029971,
        "x_quality": 0.84505206
    },
    "y": {
        "y_gains": [
            0.40880056035110407,
            0.41419869823976324,
            0.4224822046270589,
            0.4253469342269022,
            0.4259009081910966,
            0.4357302272158843,
            0.43833114708368204,
            0.4333568458312653,
            0.43700057662226083,
            0.4360217635903078,
            0.43828603861738286,
            0.4406880974463623,
            0.4387066489282945,
            0.4386907135273747,
            0.45170368400942307,
            0.45592990643041714,
            0.4495443351187586,
            0.4406823878639596,
            0.4461737345196677,
            0.4431624640683874,
            0.4424787179904811,
            0.44646715894730904,
            0.45451219251682035,
            0.4660318691233381
        ],
        "y_sigma": 0.035282716,
        "y_chi2": 0.0012510939,
        "y_quality": 0.8541667
    }
}