{
    "x": {
        "x_gains": [
            0.1820526789088112,
            0.19538372729042727,
            0.21396385915058702,
            0.2165312047449782,
            0.21962435888904336,
            0.2350848257752269,
            0.23184017365014475,
            0.2405142791764204,
            0.23204817320075646,
            0.23706367245765803,
            0.23610211463678465,
            0.24476125253144326,
            0.23987192374452357,
            0.23882935403824612,
            0.24345720923053404,
            0.24080364846423863,
            0.2428639291692208,
            0.21332250223881966,
            0.2201303479842554,
            0.2384034824454933,
            0.24287677042289435,
            0.2474348062484019,
            0.24039661210016156,
            0.24322715738232123
        ],
        "x_sigma": 0.13319628,
        "x_chi2": 0.017805012,
        "x_quality": 0.85807294
    },
    "y": {
        "y_gains": [
            0.19496607346614095,
            0.2119139730987926,
            0.2178767099754002,
            0.21974932930307203,
            0.2323128279937701,
            0.2351191336894448,
            0.23811848299476857,
            0.24659106349054086,
            0.23505234004476713,
            0.23688105349532207,
            0.2362704985331146,
            0.24730548310878822,
            0.2443905226626142,
            0.24074700907953273,
            0.24291511350791672,
            0.24521778122194327,
            0.24352550905354783,
            0.22959827075766395,
            0.22432368651751836,
            0.24066525652870693,
            0.24506428281202444,
            0.2484146796183456,
            0.24521992794457637,
            0.24553008189140266
        ],
        "y_sigma": 0.12900326,
        "y_chi2": 0.01669807,
        "y_quality": 0.859375
    }
}