{
    "x": {
        "x_gains": [
            0.06410650911850986,
            0.07706373008644316,
            0.08755183615899588,
            0.09278812638596465,
            0.1036687112901032,
            0.11088890207234725,
            0.12327329554020638,
            0.13470373731478066,
            0.13850499919944112,
            0.14820055625596784,
            0.1536296542103743,
            0.16432595301658082,
            0.17094098911926414,
            0.17885219457902574,
            0.1833430761844018,
            0.18515088084142928,
            0.19858491172096404,
            0.20370629341426721,
            0.21536036249456217,
            0.22391253295768573,
            0.23669878850695777,
            0.23371360874612415,
            0.24423199734197434,
            0.2588954268038681
        ],
        "x_sigma": 0.09185918,
        "x_chi2": 0.008465613,
        "x_quality": 0.8567708
    },
    "y": {
        "y_gains": [
            0.07049907138623171,
            0.08414323298663798,
            0.09186339288806473,
            0.09976208737403042,
            0.1147192349970758,
            0.12274637652696493,
            0.134819239082911,
            0.1450312293570706,
            0.14700741417192634,
            0.15826589953074952,
            0.16430852441661642,
            0.1721175343137389,
            0.1750583513249554,
            0.1849264080735911,
            0.18788408438806137,
            0.1899174713628193,
            0.2016432025562228,
            0.2092992800334996,
            0.21753628282222784,
            0.22284748273711974,
            0.2368422579640874,
            0.24261565294083168,
            0.25009404786670025,
            0.26660127470600675
        ],
        "y_sigma": 0.0610588,
        "y_chi2": 0.0037396268,
        "y_quality": 0.8463542
    }
}