{
    "x": {
        "x_gains": [
            0.2862220927735104,
            0.34088746779721313,
            0.4139159708359774,
            0.4792874031575837,
            0.5685555465407915,
            0.5929728682892222,
            0.6633009450114894,
            0.7336471337763731,
            0.778607054849519,
            0.8485525475499148,
            0.8812054820498002,
            0.9308459639822186,
            0.9966206586705798,
            1.0104427745081253,
            1.041874336098138,
            1.0693325269140304,
            1.1223592710186747,
            1.1231693322657235,
            1.1504243052443819,
            1.1665249338871995,
            1.182855698962089,
            1.182471002559222,
            1.2105549740856496,
            1.237132124844941
        ],
        "x_sigma": 0.16710453,
        "x_chi2": 0.028014435,
        "x_quality": 0.85807294
    },
    "y": {
        "y_gains": [
            0.3299116763759123,
            0.39629302746592043,
            0.4514368603252549,
            0.5209331245850117,
            0.6141958346221209,
            0.6515318001269835,
            0.7202294074708676,
            0.7793777276759136,
            0.819760692179696,
            0.8810179140015507,
            0.915901972477329,
            0.9807974569883535,
            1.0420389785100301,
            1.060163426312493,
            1.1052002545497226,
            1.1321751031071865,
            1.1841306037323038,
            1.184969383827533,
            1.2047099823353375,
            1.234139060765379,
            1.2629440078573304,
            1.2733131379927518,
            1.2856352375133964,
            1.3201801148134242
        ],
        "y_sigma": 0.11341709,
        "y_chi2": 0.01290255,
        "y_quality": 0.8489583
    }
}