{
    "x": {
        "x_gains": [
            0.07137597243517045,
            0.07850272074729565,
            0.09056564949970629,
            0.10071542192812423,
            0.11313820839084997,
            0.122172829104891,
            0.13636460021342423,
            0.1473172352915526,
            0.1544105600764394,
            0.1559387803061172,
            0.16735318849495026,
            0.1696525227923923,
            0.18301403880560133,
            0.18748737038201263,
            0.19724492237327457,
            0.20140942285928473,
            0.2094767710161236,
            0.20944196199868284,
            0.2193574143902851,
            0.239350832671628,
            0.2413463690621372,
            0.2523776625780308,
            0.2636976908494238,
            0.27329251618506606
        ],
        "x_sigma": 0.13714613,
        "x_chi2": 0.018878942,
        "x_quality": 0.859375
    },
    "y": {
        "y_gains": [
            0.07726616842865724,
            0.08628741163306175,
            0.09468385203830189,
            0.10712709033074097,
            0.11964466014515529,
            0.1267018272684125,
            0.14040130342954052,
            0.1467525358801512,
            0.1539671246316144,
            0.15809536818514106,
            0.16828260033639691,
            0.16992564223821296,
            0.18528249280548081,
            0.18747240406212204,
            0.19776286689708678,
            0.20221445044684339,
            0.206981798248342,
            0.21286636696501307,
            0.2193335506197708,
            0.24008471725366898,
            0.2461152795109079,
            0.2562867918911269,
            0.2641176845013894,
            0.2722390812323033
        ],
        "y_sigma": 0.08753622,
        "y_chi2": 0.007685779,
        "y_quality": 0.85546875
    }
}