{
    "x": {
        "x_gains": [
            0.30321927295659473,
            0.3682761475972725,
            0.4310882758861505,
            0.5013209305198267,
            0.576140611494904,
            0.636135067250927,
            0.6971976975185479,
            0.77856092356011,
            0.8143736294091817,
            0.8512991506077595,
            0.8960322973049499,
            0.9464048115977747,
            1.0068010417169018,
            1.033362127280102,
            1.0796996491515989,
            1.0823902115643154,
            1.1130309286919706,
            1.1889883131485128,
            1.200806413555087,
            1.1955008520932324,
            1.2444318364141587,
            1.2843143097272938,
            1.2938247555770963,
            1.3526717417647924
        ],
        "x_sigma": 0.09594654,
        "x_chi2": 0.009234019,
        "x_quality": 0.85026044
    },
    "y": {
        "y_gains": [
            0.29729191149274936,
            0.37074759918684674,
            0.425494543798366,
            0.4960846026650062,
            0.5652862677494236,
            0.6320106971602558,
            0.718268822737288,
            0.7712355069423535,
            0.8262492103123172,
            0.8625171770295806,
            0.9288323110295307,
            0.982465158346857,
            1.043863455561741,
            1.0593871794764498,
            1.1173787367519386,
            1.1207326004862859,
            1.1307827096991303,
            1.1851170629006806,
            1.216465941879228,
            1.206030611348374,
            1.2727429621768793,
            1.3060738310475952,
            1.3130275375356824,
            1.3708395584871234
        ],
        "y_sigma": 0.08866324,
        "y_chi2": 0.007885487,
        "y_quality": 0.84244794
    }
}