{
    "x": {
        "x_gains": [
            0.06630229577003288,
            0.07844565888783823,
            0.08704647480927247,
            0.10216121018535006,
            0.112247983633346,
            0.11788128199666374,
            0.12593302201850737,
            0.13761940719889873,
            0.1480046691328981,
            0.15608380489112328,
            0.16399176958106826,
            0.16932981831723276,
            0.17897381604122628,
            0.18300578957115887,
            0.19130084652154994,
            0.19628636791371123,
            0.20544029738551337,
            0.20590248293686125,
            0.2104854727452149,
            0.2179194748314992,
            0.2332652043426517,
            0.24900080335129185,
            0.26099570330603516,
            0.26573397584265573
        ],
        "x_sigma": 0.06587517,
        "x_chi2": 0.004352754,
        "x_quality": 0.8359375
    },
    "y": {
        "y_gains": [
            0.0778719951046549,
            0.09100030630703103,
            0.10067698223162008,
            0.11471997198997165,
            0.12421790852071501,
            0.1326678184886668,
            0.1474901302185935,
            0.15424234310160373,
            0.16278732532675813,
            0.16836913113614985,
            0.18017015882377857,
            0.18362525464232188,
            0.19479119387191576,
            0.198898064940616,
            0.20673317548566275,
            0.21068485725342453,
            0.22065902465621876,
            0.22515017516683627,
            0.23803928186119486,
            0.24104848376887983,
            0.2569559914043082,
            0.2645286123934723,
            0.2784646029859147,
            0.28858146625934356
        ],
        "y_sigma": 0.07712231,
        "y_chi2": 0.0059673483,
        "y_quality": 0.8541667
    }
}