{
    "x": {
        "x_gains": [
            0.19226450674156267,
            0.20484172085071586,
            0.22182663139623227,
            0.22949194568182674,
            0.23253626490252255,
            0.2394860246732872,
            0.24549183097700863,
            0.24863070369401077,
            0.25140551395143473,
            0.2504891050264747,
            0.24796864089379803,
            0.2530744624533919,
            0.2551714383342878,
            0.25648408436746434,
            0.25402001276348957,
            0.2541329966918237,
            0.2579810700714252,
            0.26183452790972783,
            0.24791721032844913,
            0.25692172828163556,
            0.2561220206285798,
            0.26453761853236274,
            0.25632171368905593,
            0.2588777865410785
        ],
        "x_sigma": 0.09820254,
        "x_chi2": 0.009673633,
        "x_quality": 0.8567708
    },
    "y": {
        "y_gains": [
            0.21008821330962194,
            0.22643329274063698,
            0.2299662329081909,
            0.2416267452971643,
            0.2420003458184942,
            0.24104704859944795,
            0.2529364211170851,
            0.25689555846846573,
            0.2536916318343828,
            0.25252307802096957,
            0.25084349889154767,
            0.25061909181154746,
            0.2550423335843035,
            0.25417294791564204,
            0.2545603856691667,
            0.25821134676195867,
            0.26238126001673256,
            0.2567925744626564,
            0.2516803564840838,
            0.2630542998000919,
            0.2615673929041736,
            0.2627609597333544,
            0.257477765829379,
            0.2572637387583464
        ],
        "y_sigma": 0.059327167,
        "y_chi2": 0.0035304346,
        "y_quality": 0.85026044
    }
}