{
    "x": {
        "x_gains": [
            0.21191056018132762,
            0.22323664425943734,
            0.23618640208750988,
            0.24176552660520828,
            0.2447755114829088,
            0.24778418988198037,
            0.25529070846490376,
            0.2589576024255005,
            0.26056667571614733,
            0.2531664476987866,
            0.2606744900294614,
            0.2606378219310411,
            0.26874958343814564,
            0.26809495505079767,
            0.2741678027038045,
            0.26290194585560717,
            0.26933156967839333,
            0.25692984761747667,
            0.2605524389141321,
            0.2589217643291512,
            0.27149653205262264,
            0.23275235242802597,
            0.2637700912359644,
            0.2706038004247181
        ],
        "x_sigma": 0.10165407,
        "x_chi2": 0.010365121,
        "x_quality": 0.8541667
    },
    "y": {
        "y_gains": [
            0.1302404474394943,
            0.13266651076582767,
            0.13868484880508442,
            0.13780208214536455,
            0.14262030554032964,
            0.14377551925607096,
            0.15034575765616975,
            0.15183261972002066,
            0.15001767958353893,
            0.14646449430431072,
            0.14999079056545928,
            0.15241375530483697,
            0.15184353155742097,
            0.15388668523155638,
            0.1582551521230815,
            0.15424638048914088,
            0.15639437155424102,
            0.15348440291497578,
            0.15462730721337933,
            0.1552010109173047,
            0.15795996599437853,
            0.1455143237970473,
            0.15501742496617946,
            0.15987953524681853
        ],
        "y_sigma": 0.07919223,
        "y_chi2": 0.006290516,
        "y_quality": 0.8567708
    }
}