{
    "x": {
        "x_gains": [
            0.054652394376050004,
            0.06463163201333996,
            0.07358062063046084,
            0.08474083625307884,
            0.09026093533796854,
            0.10115649182407713,
            0.10638807742860443,
            0.11502594237591376,
            0.12311356925135192,
            0.1295511111002864,
            0.1361189995852454,
            0.1423182851671329,
            0.14843283132360227,
            0.14817904841904514,
            0.15634516779221377,
            0.16067702872824935,
            0.16513236680258161,
            0.16358011170754966,
            0.17877408176268386,
            0.1837553642784717,
            0.17573656863418927,
            0.19632357792967245,
            0.19703008669126784,
            0.2115781666227148
        ],
        "x_sigma": 0.0765439,
        "x_chi2": 0.0058777,
        "x_quality": 0.8489583
    },
    "y": {
        "y_gains": [
            0.07236596394250061,
            0.08128327432438562,
            0.08905462548388944,
            0.10042502884960015,
            0.11078336468133275,
            0.12276665961986041,
            0.13187365027318945,
            0.13804462521664207,
            0.14331415121190746,
            0.14797140671562903,
            0.15534196794412858,
            0.16300932692095937,
            0.17478315964256844,
            0.17839760559015322,
            0.18739127675242373,
            0.19243729142203075,
            0.1973732151441468,
            0.20774897873718287,
            0.2151411894175319,
            0.21991710004996515,
            0.23092130488272014,
            0.24449495166823795,
            0.24783159743821434,
            0.2613091326235306
        ],
        "y_sigma": 0.06782243,
        "y_chi2": 0.0046140277,
        "y_quality": 0.84765625
    }
}