{
    "x": {
        "x_gains": [
            0.057374683650338015,
            0.06785619480916395,
            0.07483744931820838,
            0.08116449624687253,
            0.09140156252799173,
            0.09764600861198738,
            0.10869764890246354,
            0.11770369507209939,
            0.12396331033111468,
            0.13108574759198102,
            0.13512399653542073,
            0.1444439921742556,
            0.14797978004285495,
            0.15281421123263916,
            0.1573163492085666,
            0.16624238838444483,
            0.17404702942186712,
            0.18544928901246158,
            0.18442376775323127,
            0.19480753376058393,
            0.1994841340294,
            0.20701252870875625,
            0.21438587536668557,
            0.2213136069138371
        ],
        "x_sigma": 0.11922105,
        "x_chi2": 0.014265157,
        "x_quality": 0.85807294
    },
    "y": {
        "y_gains": [
            0.06307713608355954,
            0.07418873138456351,
            0.08039402720614275,
            0.08779140271084049,
            0.09824723976836053,
            0.1021900033038028,
            0.11518590198278708,
            0.12072048885037638,
            0.12481053760391726,
            0.13463291796385485,
            0.13922724396482267,
            0.14836454718168413,
            0.1493636585373504,
            0.15655829753497394,
            0.16211049710859718,
            0.1666230197666388,
            0.17230742891590559,
            0.18522042851672238,
            0.18728459345430984,
            0.19606934298182727,
            0.20753800015594406,
            0.21257438721819122,
            0.22410567604547427,
            0.22826297355436492
        ],
        "y_sigma": 0.07139426,
        "y_chi2": 0.0051127872,
        "y_quality": 0.85026044
    }
}