{
    "x": {
        "x_gains": [
            0.0687944751982502,
            0.07989703828470326,
            0.08672944895837499,
            0.09735152262162199,
            0.10983347926541612,
            0.12412066713369137,
            0.13306744683223629,
            0.14230845228956154,
            0.14597593326902897,
            0.14983854896349183,
            0.15606712590667002,
            0.16791584863662404,
            0.1673173498973048,
            0.17641008995150487,
            0.187164694449893,
            0.19066654469092248,
            0.20085903391625304,
            0.20441088017791922,
            0.2087827381772599,
            0.2192721829993014,
            0.23771045278944422,
            0.2303970420706151,
            0.2445729267552999,
            0.253773137067896
        ],
        "x_sigma": 0.065598585,
        "x_chi2": 0.004316404,
        "x_quality": 0.8307292
    },
    "y": {
        "y_gains": [
            0.07773401007526051,
            0.08664268685903365,
            0.09147012709133867,
            0.10472158196610581,
            0.11642821973218481,
            0.13085817708539846,
            0.13590425403962483,
            0.1440262450384759,
            0.14912423808698655,
            0.1562355238022477,
            0.1648149568914119,
            0.17640907854040894,
            0.17843805886800038,
            0.1901548288154923,
            0.20187208092970976,
            0.20218496438572509,
            0.2094655820818114,
            0.2144622166900502,
            0.2250608902238501,
            0.23508613556006921,
            0.2515267421723117,
            0.24977442247470252,
            0.26012030564135913,
            0.2709307775385489
        ],
        "y_sigma": 0.061583728,
        "y_chi2": 0.0038041347,
        "y_quality": 0.8385417
    }
}