{
    "x": {
        "x_gains": [
            0.07783784524295177,
            0.0859430070667497,
            0.09525955131798733,
            0.10660808055135992,
            0.11440075568563175,
            0.1267195687074135,
            0.13898715280592266,
            0.14924005471737367,
            0.15498265356649957,
            0.15802574018071508,
            0.16467626038722272,
            0.17195703962887543,
            0.17786810948059611,
            0.1845474030304898,
            0.19237992356976494,
            0.19430369192947566,
            0.20270947977368867,
            0.2134413722333649,
            0.2156263092559965,
            0.23334938388178803,
            0.2429247911648448,
            0.23985963414210004,
            0.2516449780570612,
            0.2632299712592356
        ],
        "x_sigma": 0.124958,
        "x_chi2": 0.015678497,
        "x_quality": 0.859375
    },
    "y": {
        "y_gains": [
            0.08806330130999444,
            0.09903461061571799,
            0.10922317637161919,
            0.11877940384142095,
            0.1306834049456612,
            0.142270917573722,
            0.15687758387185485,
            0.16652362287461736,
            0.17178943624496326,
            0.17496841645114639,
            0.1831316452636745,
            0.18864603646188324,
            0.19421577263579,
            0.2037705000509732,
            0.2138463821682911,
            0.21596152170375502,
            0.2215965173714053,
            0.23187206783278222,
            0.23484810517738144,
            0.2509858284114803,
            0.26449426593623576,
            0.270144200542952,
            0.2737130627643213,
            0.283681126867675
        ],
        "y_sigma": 0.052269135,
        "y_chi2": 0.0027403422,
        "y_quality": 0.83723956
    }
}