{
    "x": {
        "x_gains": [
            0.06267521247367093,
            0.07352738976148744,
            0.08351522252839831,
            0.09055035509774503,
            0.1043294858705534,
            0.10882638578431394,
            0.1173270596208013,
            0.1281759846014499,
            0.1348993347439307,
            0.14579146050721462,
            0.1463325364160955,
            0.15543323478089083,
            0.16127341488392344,
            0.1639683703701809,
            0.16819674120832268,
            0.17742595393951263,
            0.18122967962217237,
            0.18672267351017713,
            0.19913148008435289,
            0.20380092806866626,
            0.22332285651372477,
            0.2134034753566895,
            0.23452735116601137,
            0.24970143823284097
        ],
        "x_sigma": 0.0718334,
        "x_chi2": 0.005175706,
        "x_quality": 0.8489583
    },
    "y": {
        "y_gains": [
            0.07880314415088785,
            0.09114582977294935,
            0.09889755923790727,
            0.1074869612941602,
            0.12286050712885806,
            0.1291574658116959,
            0.13844174129253364,
            0.15040102176438147,
            0.15999023419610467,
            0.1701494761446436,
            0.17041035495113654,
            0.18289041846242196,
            0.1886465845083123,
            0.19275075958255583,
            0.19780785380258895,
            0.20756790937020494,
            0.2118798264238086,
            0.2143079487353956,
            0.23327953751678504,
            0.24010258142688884,
            0.25677340643021723,
            0.2517707921006209,
            0.2653062469804833,
            0.28128080200582467
        ],
        "y_sigma": 0.061963107,
        "y_chi2": 0.0038512456,
        "y_quality": 0.83984375
    }
}