{
    "x": {
        "x_gains": [
            0.06705057141837974,
            0.07689007333775195,
            0.0872409195506988,
            0.09606255439842339,
            0.1066373087046649,
            0.11561523665456214,
            0.1284912353558539,
            0.14034978788164634,
            0.1462005702816405,
            0.15506859536850423,
            0.16150086239845513,
            0.16761391997400776,
            0.17170111506138142,
            0.18047601125491722,
            0.18177455592475988,
            0.19354641167468858,
            0.20394894929376353,
            0.20604375792495805,
            0.21265757447789269,
            0.2185497606115197,
            0.20705444859070976,
            0.23839047334454802,
            0.23800473962638494,
            0.2612955929127542
        ],
        "x_sigma": 0.08254614,
        "x_chi2": 0.0068348134,
        "x_quality": 0.8489583
    },
    "y": {
        "y_gains": [
            0.07106975041156492,
            0.08028078364641902,
            0.08783889012400128,
            0.09485446763594022,
            0.10827509757210417,
            0.11254807491019789,
            0.12412212301209886,
            0.13343078050094878,
            0.13754152258217922,
            0.14512514830883125,
            0.1527174450542486,
            0.15932619042156435,
            0.16546635442724342,
            0.172637626716018,
            0.17764247263826285,
            0.188502586349736,
            0.19782573689097863,
            0.19908984088341736,
            0.20990737627114658,
            0.21404863707312977,
            0.22169390102342773,
            0.23147822899803236,
            0.23724207042103823,
            0.2571132766276858
        ],
        "y_sigma": 0.085551605,
        "y_chi2": 0.0073435665,
        "y_quality": 0.8567708
    }
}