{
    "x": {
        "x_gains": [
            0.189858373247892,
            0.19763986380241708,
            0.20756572932058961,
            0.21410296211448085,
            0.22273125718698084,
            0.223812033701616,
            0.23795616971091132,
            0.23782734258148738,
            0.23460757308553767,
            0.23512366681941868,
            0.23718805027627662,
            0.238955991713962,
            0.24413001583427282,
            0.24797962321678474,
            0.24553573072783907,
            0.24440710990058984,
            0.2444757047378903,
            0.24931109112744207,
            0.2485137943173096,
            0.24625258965379596,
            0.24561943871537104,
            0.245489800021554,
            0.2433213283456354,
            0.24763173060877014
        ],
        "x_sigma": 0.0,
        "x_chi2": 0.0,
        "x_quality": 0.0
    },
    "y": {
        "y_gains": [
            0.22493784686118917,
            0.23298215079476153,
            0.23111971492769878,
            0.23803674906546773,
            0.24597804375383647,
            0.25063262808235837,
            0.266781631764515,
            0.26211834716767757,
            0.2610008599978337,
            0.2618559881096433,
            0.2636887557155197,
            0.26316540880180395,
            0.26420304722811766,
            0.2698501646166959,
            0.26490015701162106,
            0.2677819965343654,
            0.26427153498527,
            0.271288592328257,
            0.2706967273577753,
            0.2689397236961688,
            0.2648828045897303,
            0.2702877513132133,
            0.26804194341773957,
            0.2701258332571579
        ],
        "y_sigma": 0.0,
        "y_chi2": 0.0,
        "y_quality": 0.0
    }
}