{
    "x": {
        "x_gains": [
            0.24843524921546012,
            0.3362356070145472,
            0.397357730038337,
            0.4517544335180106,
            0.5214916078441516,
            0.5644794742844602,
            0.6298896364069155,
            0.7105208167323105,
            0.7793279216282903,
            0.8209141338592437,
            0.852692290638462,
            0.907183103025247,
            0.9693617702717297,
            1.0138601783400332,
            1.0714421098649454,
            1.0789172396571352,
            1.095005046878261,
            1.171182492601933,
            1.2065292051856142,
            1.1894787276003314,
            1.1737615465857743,
            1.2256938174680096,
            1.2807376393064733,
            1.326488951016915
        ],
        "x_sigma": 0.10219527,
        "x_chi2": 0.010476518,
        "x_quality": 0.85286456
    },
    "y": {
        "y_gains": [
            0.3269048262038278,
            0.40145309963945497,
            0.45278639996279907,
            0.5197909899637716,
            0.604044671036366,
            0.6470179814708285,
            0.7209951925482552,
            0.7779529382037752,
            0.8615416426152959,
            0.893395812671694,
            0.9310670540526322,
            0.9889822433183123,
            1.0384896455832153,
            1.0659156935300518,
            1.1105612598917691,
            1.1180803544225277,
            1.143180238254766,
            1.2080700918401461,
            1.2527819589375657,
            1.2328360557599913,
            1.2444395950016136,
            1.2553218585617563,
            1.3075029329905792,
            1.3147218849157145
        ],
        "y_sigma": 0.10187513,
        "y_chi2": 0.010410741,
        "y_quality": 0.85546875
    }
}