{
    "x": {
        "x_gains": [
            0.19849987688045137,
            0.20961839892796122,
            0.21533936827655312,
            0.2164172057997993,
            0.21894742557785427,
            0.22965617737338695,
            0.23173494157382787,
            0.23750001781250135,
            0.2311695631057076,
            0.24561054052371292,
            0.24054993564086471,
            0.23998347377806173,
            0.24447627851559087,
            0.250956520778949,
            0.24045530693278339,
            0.2418672967986977,
            0.24427218370049886,
            0.23988640706943323,
            0.24224319133118205,
            0.2394660672990646,
            0.22666999115987035,
            0.24853291023090696,
            0.24537527117341376,
            0.2457484896912195
        ],
        "x_sigma": 0.15136622,
        "x_chi2": 0.023015527,
        "x_quality": 0.85807294
    },
    "y": {
        "y_gains": [
            0.21195216485503732,
            0.22333949043085205,
            0.21491147817705036,
            0.2315756663068753,
            0.2609154500353175,
            0.26866146009712377,
            0.2594610459585686,
            0.2517411107507577,
            0.24194270312904498,
            0.2503627004441334,
            0.25601238690332795,
            0.2578646261254308,
            0.2588978263870529,
            0.26340653664393204,
            0.2648321917300322,
            0.26455358896705716,
            0.2482969929992663,
            0.24497303091902614,
            0.24900627819529214,
            0.2557332910452763,
            0.24627296649333155,
            0.27287790629296294,
            0.26769044341369347,
            0.2579709475698556
        ],
        "y_sigma": 0.13935098,
        "y_chi2": 0.019504217,
        "y_quality": 0.85807294
    }
}