{
    "x": {
        "x_gains": [
            0.11250879537507844,
            0.13896417466056923,
            0.16235930936701023,
            0.18962710890944767,
            0.21728096340640926,
            0.2561607099012493,
            0.3027118135101493,
            0.3454057597170325,
            0.3796481701698512,
            0.40935870969807214,
            0.4439722552858227,
            0.48067917275306643,
            0.5161585232250431,
            0.5467539708827266,
            0.5998884447448153,
            0.6096198252268731,
            0.6546183718907919,
            0.6785180243563544,
            0.6720095457611956,
            0.6911931486723285,
            0.7454585546661903,
            0.7373165335269625,
            0.7797416263741679,
            0.8191047332704207
        ],
        "x_sigma": 0.09795294,
        "x_chi2": 0.009623976,
        "x_quality": 0.85807294
    },
    "y": {
        "y_gains": [
            0.13048543478516736,
            0.16260265715506161,
            0.1828834948011709,
            0.21117649933308352,
            0.23910585885868077,
            0.28291198591143574,
            0.32529417572163666,
            0.36355932871969276,
            0.3928938700148349,
            0.4323445239372301,
            0.45878157248760315,
            0.4951760935320297,
            0.5176916460823839,
            0.5588273968260727,
            0.6067799528883909,
            0.6209141520367909,
            0.6582717706602216,
            0.6868048847761181,
            0.688907351605912,
            0.7072318845028096,
            0.7578349715830831,
            0.762962969744856,
            0.7894790859095351,
            0.8448877363869154
        ],
        "y_sigma": 0.10908071,
        "y_chi2": 0.011935296,
        "y_quality": 0.85286456
    }
}