{
    "x": {
        "x_gains": [
            0.24133389879474712,
            0.28681310770319773,
            0.3194082514969467,
            0.3883913250777909,
            0.4699177455978105,
            0.5016691284406914,
            0.5526157014257154,
            0.6038803783020708,
            0.6570291010015358,
            0.6953496544877101,
            0.7243196628378888,
            0.773899286913719,
            0.8049691064931465,
            0.8653139674913657,
            0.8744677115040076,
            0.9266064668977253,
            0.9172473224404099,
            0.9350123412278919,
            0.9703046979921777,
            0.9891240861111648,
            0.9865179497434216,
            0.992787202417,
            0.9932054813024102,
            1.0498953857990205
        ],
        "x_sigma": 0.09928718,
        "x_chi2": 0.009887978,
        "x_quality": 0.85026044
    },
    "y": {
        "y_gains": [
            0.23682158903497097,
            0.28429749321822545,
            0.3227892086402924,
            0.38849533232570593,
            0.44885662527415604,
            0.48439849332692636,
            0.5415329215733611,
            0.5786167772480477,
            0.6383332658827849,
            0.6682572525792558,
            0.7044510741117752,
            0.7391445717259609,
            0.7712965386833752,
            0.8135507618252045,
            0.8399151181781569,
            0.8779821651970855,
            0.8936104085595724,
            0.9135663877731199,
            0.9433540424701764,
            0.9349480009970286,
            0.972268661554543,
            0.9663673247241601,
            0.9943371504942203,
            1.0313205236311318
        ],
        "y_sigma": 0.09350695,
        "y_chi2": 0.008770064,
        "y_quality": 0.8489583
    }
}