{
    "x": {
        "x_gains": [
            0.06795110102867774,
            0.07862193979823723,
            0.08552109843983005,
            0.09745857279716824,
            0.10727721419097319,
            0.11682182942050298,
            0.12655646576793775,
            0.13418607690633463,
            0.1430122703097803,
            0.15322932331172698,
            0.1595454359076468,
            0.1686634849087335,
            0.17387947717918803,
            0.18273686315654977,
            0.18829694918458478,
            0.19617463387437645,
            0.20207686518967338,
            0.17265473576401275,
            0.21852292054135122,
            0.2273282521983267,
            0.217629291440159,
            0.24764670008543319,
            0.25456255652084264,
            0.26918038073411416
        ],
        "x_sigma": 0.09370332,
        "x_chi2": 0.008808115,
        "x_quality": 0.85546875
    },
    "y": {
        "y_gains": [
            0.07745292043594532,
            0.08846896407001115,
            0.09629354586731212,
            0.10903441736804872,
            0.1186388798591519,
            0.12839685104154883,
            0.14499026868813644,
            0.15137961400711328,
            0.15916948165853453,
            0.16568414312949445,
            0.17364255367768852,
            0.18392898428345222,
            0.1886123412827148,
            0.19716214275501287,
            0.205865817072164,
            0.21092410977950266,
            0.21686794542127794,
            0.21156723997227875,
            0.23725417205530203,
            0.24155344372357918,
            0.24703178953286783,
            0.26023267403385364,
            0.2711283842787182,
            0.28385613909722907
        ],
        "y_sigma": 0.10643918,
        "y_chi2": 0.011368869,
        "y_quality": 0.85807294
    }
}