{
    "x": {
        "x_gains": [
            0.2582367983925689,
            0.2930176415959405,
            0.34561244824151177,
            0.36921840893449476,
            0.394668953852188,
            0.44396054717959854,
            0.4474521181488369,
            0.5014632446747987,
            0.5130180905569273,
            0.5299040486841926,
            0.5487763084048219,
            0.5770066430197804,
            0.5895111001697851,
            0.5997194632294905,
            0.6119479907850424,
            0.6233217063057717,
            0.6370307233547567,
            0.579522077415109,
            0.6182231919259062,
            0.6417658521139158,
            0.6466071874268525,
            0.6598408331942169,
            0.6549635594649602,
            0.6636874621407783
        ],
        "x_sigma": 0.09791116,
        "x_chi2": 0.009616228,
        "x_quality": 0.83984375
    },
    "y": {
        "y_gains": [
            0.35661981050863717,
            0.4045065753959604,
            0.4512509533804518,
            0.48699145977686736,
            0.5322165584918771,
            0.5818867386557544,
            0.6142064351513782,
            0.6431127893782463,
            0.6588806303326504,
            0.6838002857327874,
            0.7065611836765149,
            0.7377524607364452,
            0.7510734529558007,
            0.7582809588675044,
            0.7880134331073915,
            0.8041226402820091,
            0.8070415993627599,
            0.7751190505349717,
            0.8001543977925981,
            0.8234413326047525,
            0.8416639831613336,
            0.8485200749243227,
            0.852903197192925,
            0.8636905445145675
        ],
        "y_sigma": 0.100706875,
        "y_chi2": 0.010173441,
        "y_quality": 0.84244794
    }
}