{
    "x": {
        "x_gains": [
            0.6473289653300963,
            0.6482015647585774,
            0.6766654360377937,
            0.7245023882134474,
            0.7358939253060307,
            0.7831974694576483,
            0.732541807259753,
            0.7678768251856227,
            0.7725423015193975,
            0.7941031803673554,
            0.7697988215457761,
            0.7881852916427453,
            0.8112989935349205,
            0.8103661388184747,
            0.7951052683595571,
            0.7887177397684182,
            0.79785873863161,
            0.7853096829469217,
            0.8201687365948546,
            0.8030214162599631,
            0.8127432286501091,
            0.7785584383238852,
            0.8491185173303817,
            0.846313167862747
        ],
        "x_sigma": 0.14427678,
        "x_chi2": 0.020905595,
        "x_quality": 0.859375
    },
    "y": {
        "y_gains": [
            1.0467142827461031,
            1.0759773424995127,
            1.108707310472306,
            1.1785292708957953,
            1.119978026927094,
            1.1260896803857947,
            1.1203424842160548,
            1.1872980480226443,
            1.2152196539905078,
            1.2779935868748218,
            1.162499978057813,
            1.1538125601496911,
            1.1941459716393197,
            1.2075264641499883,
            1.199943170691436,
            1.211031225301775,
            1.192717135585794,
            1.2001949116536526,
            1.211560751460379,
            1.1943385248641276,
            1.2657192361591987,
            1.190208535247252,
            1.2281911630417628,
            1.243440169215296
        ],
        "y_sigma": 0.09215175,
        "y_chi2": 0.008518711,
        "y_quality": 0.8489583
    }
}