{
    "x": {
        "x_gains": [
            0.0846970762484582,
            0.09707996097773888,
            0.10590596249509787,
            0.11684398325345295,
            0.13253048134805764,
            0.14048982902809276,
            0.15122402235937904,
            0.16977037182071236,
            0.1743075545242746,
            0.18117094039856518,
            0.1925592413319939,
            0.20009640644862695,
            0.20979721085517625,
            0.21136032136914143,
            0.2183163486852662,
            0.22617111971214748,
            0.22755565652958554,
            0.23346220291292658,
            0.24509485538545697,
            0.2580993911848321,
            0.25032559850597674,
            0.2761394882174318,
            0.278249611827879,
            0.2827401181763217
        ],
        "x_sigma": 0.1612996,
        "x_chi2": 0.026101312,
        "x_quality": 0.85807294
    },
    "y": {
        "y_gains": [
            0.08900739927410906,
            0.1013042722442908,
            0.10582841531049315,
            0.11825965776364601,
            0.13424827290268151,
            0.13838286886507228,
            0.1562503002935459,
            0.1663140393247883,
            0.1742512424113584,
            0.17735810907878424,
            0.19118483801759445,
            0.19528575119193145,
            0.20627257150505732,
            0.20940154295432908,
            0.21539406289958965,
            0.22564662028861418,
            0.23028967908442352,
            0.23656572801328554,
            0.24598243045892207,
            0.2585458651444934,
            0.2600044715569018,
            0.2752138397774379,
            0.2819375469989891,
            0.28807037213506814
        ],
        "y_sigma": 0.12183148,
        "y_chi2": 0.014889711,
        "y_quality": 0.8567708
    }
}