{
    "x": {
        "x_gains": [
            0.0740155195741443,
            0.0879143949403859,
            0.09897986403136078,
            0.10890900728677495,
            0.11923389361737391,
            0.12989947871728888,
            0.14419730852262908,
            0.15155085781574296,
            0.16209538762437375,
            0.18065127965779154,
            0.18240415350309092,
            0.18711695988829866,
            0.19386679141348473,
            0.2005327071151431,
            0.20401232258909915,
            0.21096191884210597,
            0.21834671361994396,
            0.22699521015137109,
            0.22553035153641424,
            0.2342886060765093,
            0.23838063647439237,
            0.2539790904094448,
            0.2611341599726666,
            0.26888737523222456
        ],
        "x_sigma": 0.11532589,
        "x_chi2": 0.013346966,
        "x_quality": 0.85546875
    },
    "y": {
        "y_gains": [
            0.08956606406320212,
            0.1009579394080735,
            0.11066667374933378,
            0.1241639112625359,
            0.13506653411237007,
            0.14745726172454807,
            0.15885081727236405,
            0.16740245626276026,
            0.17375889667270827,
            0.1933893486871068,
            0.19384292829982694,
            0.2002110785358788,
            0.21053699777188695,
            0.21502735900602313,
            0.21662329471163833,
            0.22851509111376567,
            0.23434138482682182,
            0.24356303097045207,
            0.2484010424894951,
            0.25542129789114215,
            0.2655848157724448,
            0.2802041746947498,
            0.2888474386395609,
            0.29619918684437235
        ],
        "y_sigma": 0.093765326,
        "y_chi2": 0.008820514,
        "y_quality": 0.8567708
    }
}