{
    "x": {
        "x_gains": [
            0.07282092838527747,
            0.0850589815990204,
            0.0934752761633559,
            0.10251814289204296,
            0.11141263082767441,
            0.12429000886063472,
            0.12862080922373778,
            0.13755233866486197,
            0.14746776465265515,
            0.15259368832830714,
            0.15798477153190252,
            0.1665092460502966,
            0.17121789514650343,
            0.18002375737521328,
            0.18214255120842202,
            0.18670829614415255,
            0.19395314980206207,
            0.1914925417006127,
            0.20152449248071813,
            0.2070309362187373,
            0.22299226903642633,
            0.23055727769033255,
            0.22947337695775213,
            0.2395362425041924
        ],
        "x_sigma": 0.14773607,
        "x_chi2": 0.021892117,
        "x_quality": 0.85807294
    },
    "y": {
        "y_gains": [
            0.0749102444178946,
            0.084388427781143,
            0.09474016798379185,
            0.10089811429496232,
            0.114509157640864,
            0.12287919721545909,
            0.1326524196199296,
            0.1379892754735102,
            0.1445317851628092,
            0.14936854447821835,
            0.15729797316842634,
            0.16297110668952391,
            0.16625879228449472,
            0.17077694613010302,
            0.17240780639099879,
            0.1801077379273198,
            0.1866422040951166,
            0.1893042350007629,
            0.18619722572464376,
            0.18957655044233898,
            0.20105850466718111,
            0.21243474004785728,
            0.21231117336169075,
            0.22327935569794624
        ],
        "y_sigma": 0.13314435,
        "y_chi2": 0.017806768,
        "y_quality": 0.859375
    }
}