{
    "x": {
        "x_gains": [
            0.4767300210671764,
            0.5638477193910332,
            0.6501793747367993,
            0.7457989703350255,
            0.7956379942602675,
            0.8589753214672191,
            0.9048877056979422,
            0.9582700236271058,
            0.9985009505229799,
            1.044989013299011,
            1.0642932076701057,
            1.0861884684279879,
            1.1229674009301314,
            1.1639414432699304,
            1.1948127919525058,
            1.1916984616781654,
            1.2056191109726095,
            1.1235966418393006,
            1.1136470090893642,
            1.20029849022855,
            1.2651071185173857,
            1.162294019706695,
            1.275722927625419,
            1.2393648552564376
        ],
        "x_sigma": 0.109547205,
        "x_chi2": 0.012037591,
        "x_quality": 0.85546875
    },
    "y": {
        "y_gains": [
            0.5749195155797152,
            0.6745034069841591,
            0.7650762872867579,
            0.840116998053617,
            0.925629210340167,
            0.9847488014129964,
            1.0338957126350554,
            1.079633088854019,
            1.1233199766843704,
            1.1879203233329052,
            1.211537397948419,
            1.2302014000848323,
            1.259522303494998,
            1.3059445420202676,
            1.348862335784441,
            1.324156925837281,
            1.3541252953178005,
            1.3073831035428853,
            1.2599156940012515,
            1.3265380273217486,
            1.3886538592232154,
            1.3490287249495823,
            1.395230988861592,
            1.3590747527809048
        ],
        "y_sigma": 0.106341444,
        "y_chi2": 0.011342728,
        "y_quality": 0.84505206
    }
}