{
    "x": {
        "x_gains": [
            0.06384676775738228,
            0.07329913928485694,
            0.08368921474493494,
            0.09231165744842455,
            0.1038664493503569,
            0.10977718415155575,
            0.1215424662692309,
            0.1278386083591365,
            0.13695010339390432,
            0.14466452564133148,
            0.1460507447762797,
            0.154712575209844,
            0.15952325009096416,
            0.16458599791206202,
            0.17135696380135546,
            0.17655316734440132,
            0.18949854761680657,
            0.19217258020130465,
            0.19943161988333252,
            0.2063677918980583,
            0.21332178778932007,
            0.22425698055916235,
            0.23131613328250544,
            0.2496008694896209
        ],
        "x_sigma": 0.1180866,
        "x_chi2": 0.013992,
        "x_quality": 0.85546875
    },
    "y": {
        "y_gains": [
            0.06817675915639441,
            0.08071589184522501,
            0.08903004701765813,
            0.09880168377829494,
            0.10749948668995106,
            0.11417089098963328,
            0.12804096655359967,
            0.13326963044997825,
            0.14277812536319187,
            0.14836329690841304,
            0.15369542828645089,
            0.1621689644927809,
            0.16706230640506692,
            0.17291756457714522,
            0.17893732344477967,
            0.18257127171662457,
            0.190834319247038,
            0.1969570335277004,
            0.20531667530707676,
            0.21102945443610294,
            0.2184369286850392,
            0.22923847848553325,
            0.23458705570208643,
            0.250662563821822
        ],
        "y_sigma": 0.076544166,
        "y_chi2": 0.00587756,
        "y_quality": 0.85286456
    }
}