{
    "x": {
        "x_gains": [
            0.2150938819190943,
            0.27546567196379806,
            0.33217823887070025,
            0.3914074632714,
            0.46718519239714035,
            0.5083906056533544,
            0.5615899960604462,
            0.6168466368133455,
            0.6614393117856249,
            0.7328404492751659,
            0.7668362934108901,
            0.8286837957264611,
            0.8432365848648478,
            0.8893719166587364,
            0.9264006204660795,
            0.9752620870569652,
            0.9860409145845016,
            1.0006726121029512,
            1.0150734962949919,
            1.0585775085264713,
            1.0510955411160723,
            1.0692562170352318,
            1.1223690337036758,
            1.1329404824445775
        ],
        "x_sigma": 0.12365399,
        "x_chi2": 0.01534137,
        "x_quality": 0.85807294
    },
    "y": {
        "y_gains": [
            0.2796060283954461,
            0.3467145742996851,
            0.39568140651128575,
            0.4540838576639638,
            0.5165434133818939,
            0.5471389774585307,
            0.6088585509556157,
            0.6687296083444615,
            0.7104826024125147,
            0.7636679767136252,
            0.7940287765556969,
            0.8543623227582644,
            0.8786804960432578,
            0.9275390709601707,
            0.9765090018017568,
            1.0012401761317637,
            1.0154574249317767,
            1.0480963007650683,
            1.07867010762431,
            1.102522060005579,
            1.121732169842814,
            1.1683101480237275,
            1.1597838232540485,
            1.2044686751422717
        ],
        "y_sigma": 0.09192573,
        "y_chi2": 0.0084760105,
        "y_quality": 0.84244794
    }
}