{
    "x": {
        "x_gains": [
            0.2750306796723174,
            0.339984079225538,
            0.40747023328078325,
            0.48047443198552886,
            0.5359655387021787,
            0.5879556693184448,
            0.6500256207598423,
            0.7047494474764332,
            0.7609081895787536,
            0.8141497931408206,
            0.8457726043935011,
            0.8948719630618331,
            0.9282165581210223,
            0.9762194885039417,
            1.0079193229120522,
            1.0217769272960757,
            1.0499931671694647,
            1.0561612699114125,
            1.1034558250219202,
            1.1241503811937736,
            1.1625300746530314,
            1.1720111135250633,
            1.2012493954712418,
            1.2009323077691674
        ],
        "x_sigma": 0.09638537,
        "x_chi2": 0.0093184505,
        "x_quality": 0.84765625
    },
    "y": {
        "y_gains": [
            0.2807666715810193,
            0.3518487647047274,
            0.4087069456353143,
            0.478072716772512,
            0.5410027908710973,
            0.5866441082452243,
            0.662540540855695,
            0.7208836534152873,
            0.7663222814333904,
            0.8192533046834991,
            0.8444300591092596,
            0.9039554559677874,
            0.9541179923372877,
            1.0102016221009487,
            1.057770741392782,
            1.07815374795892,
            1.0923324596858321,
            1.1032842045657938,
            1.1566390456636007,
            1.1895707713420742,
            1.2212084834910932,
            1.2135888897490537,
            1.2718069747013683,
            1.2611962698859123
        ],
        "y_sigma": 0.10626916,
        "y_chi2": 0.011327667,
        "y_quality": 0.85546875
    }
}