{
    "x": {
        "x_gains": [
            0.1920815532175389,
            0.24210759503631007,
            0.29012650473023704,
            0.345377379356573,
            0.3909142612832613,
            0.42918596769611644,
            0.5030822086134012,
            0.5514587987760482,
            0.6050722480467058,
            0.6536116028085952,
            0.6890187092006185,
            0.732485788676971,
            0.7888525043818785,
            0.829368537042004,
            0.8643675124704461,
            0.8765569404376053,
            0.9367548992983799,
            0.9394522993095027,
            0.9819556806087026,
            0.9937198890452121,
            1.0147125712486773,
            1.074245707902301,
            1.0669031493060541,
            1.1303882499306508
        ],
        "x_sigma": 0.11009527,
        "x_chi2": 0.0121579375,
        "x_quality": 0.85546875
    },
    "y": {
        "y_gains": [
            0.2562622551016946,
            0.31133676800055793,
            0.36155598365390934,
            0.4243674506091455,
            0.4755988086249843,
            0.5394270464837232,
            0.6109418836034746,
            0.6550277836584717,
            0.6990129796924147,
            0.7760930436219393,
            0.809498133013981,
            0.8695240095143317,
            0.9202963538318609,
            0.9752215703407814,
            1.0210657400209178,
            1.0532662550186163,
            1.1092660319446432,
            1.1310141962639886,
            1.1816337159045796,
            1.176682667982041,
            1.183525794352925,
            1.2425938301240034,
            1.239885079515566,
            1.306765057363719
        ],
        "y_sigma": 0.09286661,
        "y_chi2": 0.008650402,
        "y_quality": 0.8541667
    }
}