{
    "x": {
        "x_gains": [
            0.07316973945426496,
            0.08550135558124206,
            0.09632153824726007,
            0.09940317340654974,
            0.11232491914852319,
            0.12010091839971292,
            0.13043779515464288,
            0.1437931665288505,
            0.15047797070224006,
            0.15573641051868634,
            0.1638997466552446,
            0.17060699443636942,
            0.18027847255098006,
            0.18037522267095768,
            0.18265888761431545,
            0.19329854809981148,
            0.19383650317397583,
            0.1883549903901284,
            0.20479911919994814,
            0.21046645469888461,
            0.21895249753311696,
            0.23820816010637424,
            0.24171573697557053,
            0.24867617239624856
        ],
        "x_sigma": 0.10189574,
        "x_chi2": 0.010414159,
        "x_quality": 0.8567708
    },
    "y": {
        "y_gains": [
            0.08655393305399493,
            0.10001039107963318,
            0.10745698845987164,
            0.11304239010499263,
            0.1301652669344687,
            0.13809873968742484,
            0.1551142317819537,
            0.16299255371778193,
            0.17330439843097128,
            0.17635732533658677,
            0.1855452598140176,
            0.19380278763991712,
            0.2005971576786937,
            0.20161350074968973,
            0.208266601243185,
            0.21935351692783994,
            0.22158356913518149,
            0.22058997892814228,
            0.2359926781855637,
            0.24135978433827462,
            0.2509556894565886,
            0.27031644324111576,
            0.2749988759420946,
            0.28071815226596114
        ],
        "y_sigma": 0.072636835,
        "y_chi2": 0.0052923243,
        "y_quality": 0.8541667
    }
}