{
    "x": {
        "x_gains": [
            0.07023633473091934,
            0.08459355167041811,
            0.09271103952994762,
            0.10521217982487012,
            0.1145381432633933,
            0.12685321929431884,
            0.14163206595295436,
            0.14989745140605684,
            0.15869604160019948,
            0.16577897551245596,
            0.17582128539952793,
            0.18053712321676713,
            0.1883153702440247,
            0.19738360140987157,
            0.20063744120169308,
            0.20759306080336398,
            0.2085903122523968,
            0.21369174282284228,
            0.22540930949464585,
            0.23027223243863362,
            0.23152246417322994,
            0.24927599656368052,
            0.25783799131416,
            0.263507423465257
        ],
        "x_sigma": 0.13132295,
        "x_chi2": 0.017299837,
        "x_quality": 0.8567708
    },
    "y": {
        "y_gains": [
            0.08359251890423917,
            0.09724967229291678,
            0.10514281917127902,
            0.11924030570352614,
            0.13405999211459127,
            0.1432751583656144,
            0.15903167774253388,
            0.16549641394095452,
            0.17133426904688803,
            0.17712227421882745,
            0.18640753533820853,
            0.19459389363583396,
            0.203587264606806,
            0.21544477949937785,
            0.2162125698204441,
            0.22430760001029124,
            0.2268223920335621,
            0.23235787946481473,
            0.2441402077681996,
            0.2537601287720999,
            0.25897260440176256,
            0.27828873134901966,
            0.282685256652206,
            0.29321215617722657
        ],
        "y_sigma": 0.08975535,
        "y_chi2": 0.008082498,
        "y_quality": 0.85546875
    }
}