{
    "x": {
        "x_gains": [
            0.23710757214887035,
            0.240778989374977,
            0.2516310916081358,
            0.2518863136312057,
            0.25019978452794556,
            0.25537813585197466,
            0.2606104074297108,
            0.2565438565570942,
            0.25948685229421925,
            0.26794348525291306,
            0.27094988581358964,
            0.2718222282627162,
            0.28093622671800716,
            0.28754128194242184,
            0.2892411016348977,
            0.29217635004830406,
            0.29081243543055146,
            0.29010434356987785,
            0.2936818922323724,
            0.2867090760997852,
            0.2873546043173075,
            0.28899557449516955,
            0.29279008514394234,
            0.2930878484224679
        ],
        "x_sigma": 0.022683116,
        "x_chi2": 0.00051662285,
        "x_quality": 0.83203125
    },
    "y": {
        "y_gains": [
            0.30690412124971606,
            0.3096176819190426,
            0.32448237354962467,
            0.32452628492531593,
            0.3218603839176408,
            0.3257366550741334,
            0.32965015218299276,
            0.32805118438287406,
            0.3286697830039925,
            0.3360204214395007,
            0.34063843818638645,
            0.3446966252614782,
            0.35629203177098806,
            0.36162868010522237,
            0.36407172722726794,
            0.3682500140671505,
            0.367514753512265,
            0.3671495576747347,
            0.36846456247854614,
            0.3624510826957517,
            0.35912371945010835,
            0.3665242011531731,
            0.37225913047414494,
            0.3761592947344244
        ],
        "y_sigma": 0.02028755,
        "y_chi2": 0.0004129035,
        "y_quality": 0.83463544
    }
}