{
    "x": {
        "x_gains": [
            0.4032685236456297,
            0.40651867327264934,
            0.3988105873044233,
            0.4047970064451779,
            0.4169626406477531,
            0.4091185320303399,
            0.4109258611670541,
            0.447253654587881,
            0.4798401172729247,
            0.4420030553019194,
            0.4327656760386257,
            0.4284816922627347,
            0.4226277965175639,
            0.429008085257978,
            0.4782870131492579,
            0.47750242547357014,
            0.45248520712736595,
            0.46758595936621905,
            0.47247002224955825,
            0.4571064975860206,
            0.4732485603187234,
            0.478007496495966,
            0.486334912981553,
            0.48186879512610914
        ],
        "x_sigma": 0.055336107,
        "x_chi2": 0.0030721836,
        "x_quality": 0.8046875
    },
    "y": {
        "y_gains": [
            0.446097682455625,
            0.45533110767487905,
            0.45934920323583955,
            0.46299760204281953,
            0.46764125910912563,
            0.47728869474906066,
            0.4808614729460123,
            0.4835843893929826,
            0.48923631190184746,
            0.47580213102258445,
            0.4899638979901044,
            0.502597701349309,
            0.5059392717044658,
            0.5185904028311716,
            0.5207241439893905,
            0.5198640846542517,
            0.511655879084664,
            0.5145381467004856,
            0.5083143710893152,
            0.5085734550186868,
            0.5171547202288638,
            0.5199427418254992,
            0.5340584280214475,
            0.5354587189171568
        ],
        "y_sigma": 0.03516451,
        "y_chi2": 0.0012421027,
        "y_quality": 0.86067706
    }
}