{
    "x": {
        "x_gains": [
            0.28337444671493495,
            0.2846343504590042,
            0.2894089632271183,
            0.2939262664797844,
            0.29470379557270027,
            0.29456306106162644,
            0.29664594298109004,
            0.3030490369707703,
            0.29967640641958404,
            0.3052851577072596,
            0.31113671558855927,
            0.31803277645794176,
            0.32037397125515027,
            0.33240492637397084,
            0.3371295582486888,
            0.3372313454916924,
            0.3274744872813821,
            0.33069767288047597,
            0.3282744058889802,
            0.32869510573973637,
            0.32745075689096376,
            0.32894497707763376,
            0.33535201834295053,
            0.33527296567009346
        ],
        "x_sigma": 0.019636279,
        "x_chi2": 0.00038674366,
        "x_quality": 0.83463544
    },
    "y": {
        "y_gains": [
            0.2904454765585813,
            0.29304179581873313,
            0.2976613934958604,
            0.3004273910107258,
            0.3039179183348848,
            0.3086885834737763,
            0.30996371223824454,
            0.3180303490001444,
            0.3171398048987634,
            0.32502721940448903,
            0.3300621206616676,
            0.33369082743979717,
            0.3323855691215402,
            0.3437233689578545,
            0.3474539547070143,
            0.34576303020081023,
            0.33908773125317027,
            0.34351190009382343,
            0.3463357830009601,
            0.3438773227279733,
            0.34101471246594284,
            0.3423510306563366,
            0.3442997390896577,
            0.3440009400857691
        ],
        "y_sigma": 0.022804424,
        "y_chi2": 0.00052160723,
        "y_quality": 0.83723956
    }
}