{
    "x": {
        "x_gains": [
            0.44245113326336116,
            0.44862148934618173,
            0.45722861755510075,
            0.4646622932032081,
            0.46311154458351683,
            0.4691798126940352,
            0.4797205340057096,
            0.47326511185194975,
            0.4868249824755177,
            0.48726508341247327,
            0.4960305650065912,
            0.49576573918646927,
            0.511843678845731,
            0.5044207942831772,
            0.515164537886591,
            0.5122039505983387,
            0.5084619250490513,
            0.5085419020474049,
            0.512624979251504,
            0.5232668512333504,
            0.5239247897581506,
            0.527743363046692,
            0.5383258389404456,
            0.5420821636103713
        ],
        "x_sigma": 0.035680693,
        "x_chi2": 0.0012789647,
        "x_quality": 0.83463544
    },
    "y": {
        "y_gains": [
            0.42890787616400233,
            0.43363443896961695,
            0.444189045614084,
            0.4507607037636715,
            0.4499217721014847,
            0.4537222785896533,
            0.4640373813665233,
            0.45960886090953557,
            0.46664093608545093,
            0.47136402283928386,
            0.4794594765645003,
            0.48353771666720663,
            0.49443161229599997,
            0.4958351827985652,
            0.5088373082770987,
            0.5053660270114099,
            0.5009656614089318,
            0.5053129104719936,
            0.5090317762577297,
            0.5150318748077,
            0.51580235299749,
            0.521012675665285,
            0.5279381712601863,
            0.532735987125689
        ],
        "y_sigma": 0.030897787,
        "y_chi2": 0.0009596154,
        "y_quality": 0.828125
    }
}