{
    "x": {
        "x_gains": [
            0.40071749268500234,
            0.40677734997003884,
            0.4143953313227425,
            0.42537505105564055,
            0.426755577492689,
            0.4230399038311848,
            0.42471306809832343,
            0.4290793604589295,
            0.42374590703828396,
            0.42810946176708514,
            0.4371544567241131,
            0.4389778628731487,
            0.46110989890442133,
            0.4553226074504439,
            0.4615187937375592,
            0.46428708393261187,
            0.46581402514790177,
            0.4665742258705423,
            0.4563416984417391,
            0.4595529101647589,
            0.4703824180836074,
            0.4744076072208633,
            0.4808245718281229,
            0.48510942079584524
        ],
        "x_sigma": 0.038020886,
        "x_chi2": 0.0014581799,
        "x_quality": 0.84765625
    },
    "y": {
        "y_gains": [
            0.3989810343567356,
            0.4095646450692308,
            0.4171439488681633,
            0.426065312403869,
            0.4293941416125562,
            0.4274017520907425,
            0.4244125493697898,
            0.4286137388705085,
            0.4245585556891547,
            0.4283671586320695,
            0.43923604202294203,
            0.4434813606114579,
            0.4628571915232704,
            0.4569517207659425,
            0.4621846098440885,
            0.4554586906254942,
            0.45390301672115163,
            0.44918716214106863,
            0.44346607943479716,
            0.44473652762972377,
            0.4552959685590816,
            0.45747981324576076,
            0.45977969104368016,
            0.46142070697404175
        ],
        "y_sigma": 0.041296016,
        "y_chi2": 0.0017217282,
        "y_quality": 0.8515625
    }
}