{
    "x": {
        "x_gains": [
            0.3978048491933751,
            0.40782512002089366,
            0.4178956804505517,
            0.4232581003346871,
            0.4310959510950958,
            0.42432327968628253,
            0.42689791555993384,
            0.42852190368284576,
            0.4273066010323727,
            0.429240958618682,
            0.43816904579313465,
            0.44062840660836855,
            0.4522185434746176,
            0.4557913394540641,
            0.4608201067978247,
            0.4626218436063371,
            0.47716812551277676,
            0.4731960689331212,
            0.46650646834543685,
            0.4623221972398718,
            0.4678669887837311,
            0.4909778644102764,
            0.4952368613908291,
            0.49952565044233993
        ],
        "x_sigma": 0.035171494,
        "x_chi2": 0.0012443364,
        "x_quality": 0.8515625
    },
    "y": {
        "y_gains": [
            0.4158316593683359,
            0.4259440837644597,
            0.43276895357072903,
            0.43802130009978124,
            0.448084122237707,
            0.44515477296950773,
            0.45083585418201194,
            0.45559560240900726,
            0.4553221928134677,
            0.45503985534829045,
            0.4638721308638946,
            0.46240584954497416,
            0.46875725841317323,
            0.4763848185114375,
            0.4796924595703203,
            0.4837707023624942,
            0.49836486487833415,
            0.49574516794706075,
            0.4923760492533609,
            0.4903082965410074,
            0.4934094558863082,
            0.510849159014572,
            0.5108121044079509,
            0.5122341754343656
        ],
        "y_sigma": 0.035892267,
        "y_chi2": 0.001294038,
        "y_quality": 0.8255208
    }
}