{
    "x": {
        "x_gains": [
            0.39352179695589645,
            0.3896711732527524,
            0.3979446952380346,
            0.40103836854383373,
            0.4033657483426912,
            0.39394695772098215,
            0.39197747540635325,
            0.40077699437453385,
            0.39797119062672787,
            0.3966180065288877,
            0.4084238230348585,
            0.41539138051254476,
            0.42023021892313484,
            0.4238613600354687,
            0.43264459198586463,
            0.4294989315140331,
            0.42230464482743535,
            0.41970783466096717,
            0.427495922116399,
            0.42864357540864945,
            0.4343439967969736,
            0.44478119322785054,
            0.44907450235809016,
            0.4417646997756056
        ],
        "x_sigma": 0.025991984,
        "x_chi2": 0.0006817535,
        "x_quality": 0.83984375
    },
    "y": {
        "y_gains": [
            0.4157195708759673,
            0.41317089657258216,
            0.42633627538049124,
            0.4347175900647903,
            0.44186103028736434,
            0.43418739441105303,
            0.4348037817493721,
            0.4431689647710365,
            0.43851698117543075,
            0.43935294909516137,
            0.44578795026254686,
            0.45241601462208564,
            0.4570096714671725,
            0.4595846751673899,
            0.4645942048377265,
            0.4596299647849907,
            0.4498771003243479,
            0.4436345255375331,
            0.4455850828451837,
            0.4428017483584232,
            0.4479111974843157,
            0.46189214301141485,
            0.46661927059195507,
            0.4642889808903299
        ],
        "y_sigma": 0.035122678,
        "y_chi2": 0.0012445024,
        "y_quality": 0.8541667
    }
}