{
    "x": {
        "x_gains": [
            0.29686251646733486,
            0.30103436310265164,
            0.3025131522130622,
            0.3089456097237788,
            0.3141144303792379,
            0.3093563593458722,
            0.3122241499635072,
            0.3119721334011561,
            0.3163738895236931,
            0.3224173459758333,
            0.3256482092735231,
            0.3301633687968411,
            0.33142034197740555,
            0.3340445364210094,
            0.33778455688864484,
            0.335626422552592,
            0.3339701141499831,
            0.33763035485963183,
            0.3373322042149794,
            0.33771578096537946,
            0.33969853657191046,
            0.3489045722269448,
            0.3478362740223557,
            0.350523275166099
        ],
        "x_sigma": 0.024212541,
        "x_chi2": 0.0005882047,
        "x_quality": 0.84505206
    },
    "y": {
        "y_gains": [
            0.2996221824204115,
            0.30699159229846507,
            0.30929967624984284,
            0.31646227581377245,
            0.3241063706737147,
            0.3221980609476296,
            0.3250680448684921,
            0.3226354203295869,
            0.32700269201696175,
            0.33140335068671745,
            0.3364680944129473,
            0.344332341311858,
            0.3466958584579488,
            0.34908926799052487,
            0.3545479209097189,
            0.3529538994205626,
            0.3494365213789981,
            0.3468334796970618,
            0.3419438206819249,
            0.33939956890145556,
            0.34199691313586206,
            0.34986277507304697,
            0.3534908172629927,
            0.3596140478193184
        ],
        "y_sigma": 0.022776807,
        "y_chi2": 0.0005205602,
        "y_quality": 0.83463544
    }
}