{
    "x": {
        "x_gains": [
            0.2771036692211284,
            0.2832334840890758,
            0.29210771401848584,
            0.2951698145887858,
            0.29547037998081804,
            0.29632398832175305,
            0.2999528504114438,
            0.29811221038994984,
            0.29915808240028174,
            0.3052427021353803,
            0.31377712191386475,
            0.32151268373967606,
            0.3225884185015684,
            0.32817963319165494,
            0.3339612138114202,
            0.3330233884656883,
            0.32949650035177047,
            0.3245046436614508,
            0.32219146904650176,
            0.32015126506972014,
            0.3322202073804912,
            0.33455557637234695,
            0.3353758055265707,
            0.34510752791333216
        ],
        "x_sigma": 0.023590067,
        "x_chi2": 0.00055861997,
        "x_quality": 0.8359375
    },
    "y": {
        "y_gains": [
            0.2844351887969853,
            0.29561365211245366,
            0.3163605477643686,
            0.3198322543792232,
            0.3264130502548796,
            0.3292327720803498,
            0.32225087856062645,
            0.3063343323100133,
            0.31544822843170844,
            0.3261684348148795,
            0.33042107904091844,
            0.33243708295767943,
            0.3324997343327123,
            0.3463592345156121,
            0.3552247954864285,
            0.3542612455627008,
            0.3539852204798716,
            0.3500694905442205,
            0.3507126164725367,
            0.3458582796587223,
            0.3640997235645669,
            0.3706477109520135,
            0.36908161937365525,
            0.35578042143187105
        ],
        "y_sigma": 0.031310327,
        "y_chi2": 0.000983924,
        "y_quality": 0.8411458
    }
}