{
    "x": {
        "x_gains": [
            1.5766586409486314,
            1.5578257923919838,
            1.5705594238434164,
            1.6017297656361822,
            1.617667517559781,
            1.6311250765140386,
            1.630949418060938,
            1.654665378675136,
            1.6649727234178615,
            1.696227789550918,
            1.7112092729198427,
            1.6894267933696214,
            1.7021928499389338,
            1.715883643184742,
            1.7152932285197688,
            1.6887916385088808,
            1.7182378577285307,
            1.6932851085734413,
            1.6765222142714087,
            1.672043009494161,
            1.6601538829837215,
            1.6323767964429072,
            1.63896944878999,
            1.6357844199712919
        ],
        "x_sigma": 0.032749508,
        "x_chi2": 0.0010792904,
        "x_quality": 0.84244794
    },
    "y": {
        "y_gains": [
            2.228687744421578,
            2.1995770873134224,
            2.2282737184696484,
            2.278787604780933,
            2.3069150192948067,
            2.3298711758309976,
            2.334256142595039,
            2.3768953601291205,
            2.3988249404005946,
            2.431428843748602,
            2.4748677183204557,
            2.468357508015374,
            2.476796626167079,
            2.5268881748632896,
            2.521006284868668,
            2.476962085265209,
            2.506184009042312,
            2.4924530391314876,
            2.4745141743017594,
            2.4838397659070437,
            2.4603344873942303,
            2.444024506722534,
            2.4903004044397274,
            2.485562115340621
        ],
        "y_sigma": 0.030701304,
        "y_chi2": 0.0009487581,
        "y_quality": 0.83984375
    }
}