{
    "x": {
        "x_gains": [
            1.8895021058028594,
            1.9172703591823876,
            1.9840805314478749,
            2.011183709926813,
            2.0167525178045973,
            2.0419490665209423,
            2.0511627682779885,
            2.0663616165890817,
            2.0707910695229996,
            2.064946277325176,
            2.048656325240745,
            2.1070803039488624,
            2.0891622701639463,
            2.1007721493073386,
            2.1159594442517156,
            2.059511097191562,
            2.0221135098050667,
            2.0279535551587347,
            2.011742136502337,
            1.9796984693545545,
            1.9272516466438068,
            1.9707493498497894,
            1.9845782394171372,
            1.9918787121149648
        ],
        "x_sigma": 0.034848765,
        "x_chi2": 0.0012220474,
        "x_quality": 0.85286456
    },
    "y": {
        "y_gains": [
            2.017645194994109,
            2.037698439989017,
            2.100365415273853,
            2.1386390744586015,
            2.152125903325256,
            2.1849267844144102,
            2.216550070591578,
            2.1829925841995523,
            2.2177623514171305,
            2.193533966379924,
            2.203514676421362,
            2.248967442822814,
            2.2274101078534247,
            2.2570846501541366,
            2.2576991038876177,
            2.231827611492734,
            2.2190966492483852,
            2.188989470522849,
            2.171320675402324,
            2.1442866468666097,
            2.1105975487899977,
            2.1474220713414844,
            2.164910451618289,
            2.152689212555758
        ],
        "y_sigma": 0.033005737,
        "y_chi2": 0.0010982391,
        "y_quality": 0.83723956
    }
}