{
    "x": {
        "x_gains": [
            1.454698012693404,
            1.4606549226115808,
            1.4376376852566877,
            1.4793297689375662,
            1.484349023892082,
            1.502766216913784,
            1.500757882730779,
            1.5270614374992844,
            1.5435565812660546,
            1.541717408440872,
            1.5826618758436577,
            1.5640157756640836,
            1.5762341716534773,
            1.6027957887502329,
            1.613208174190347,
            1.6026378136302102,
            1.5951598002375003,
            1.6026210161565995,
            1.5879349969281396,
            1.584295826053824,
            1.6055637278749304,
            1.617274823996024,
            1.6076953301595283,
            1.5910868587044862
        ],
        "x_sigma": 0.035176516,
        "x_chi2": 0.001242321,
        "x_quality": 0.8333333
    },
    "y": {
        "y_gains": [
            1.488483306957409,
            1.513382760515184,
            1.4833978116915483,
            1.52818127494116,
            1.541106242739367,
            1.5647538812702937,
            1.5619791043746147,
            1.5776005957019847,
            1.5918121259281297,
            1.6012848709804748,
            1.6238778638588216,
            1.6082347537696902,
            1.6156126081503195,
            1.6503167040270863,
            1.667319700215918,
            1.6427201869284154,
            1.6378131754699807,
            1.6213114778816717,
            1.618765244721692,
            1.6082945798671369,
            1.6095442108799074,
            1.6637041641184267,
            1.6479943414466294,
            1.627145207902784
        ],
        "y_sigma": 0.037342113,
        "y_chi2": 0.0014018117,
        "y_quality": 0.8359375
    }
}