{
    "x": {
        "x_gains": [
            1.4740589939046187,
            1.5353536284052705,
            1.5301017685987315,
            1.5642552165604195,
            1.5820417755216878,
            1.5928927419619208,
            1.5981352701965705,
            1.6070414126536834,
            1.6319844138960535,
            1.6404506252249467,
            1.7137070688531515,
            1.7383193198721363,
            1.7963423451996596,
            1.824173065865782,
            1.8049676825951335,
            1.8498930206866135,
            1.8338956363003502,
            1.786426942462404,
            1.8363537066983207,
            1.8114927986821028,
            1.8881890001661608,
            1.902686490579628,
            1.9344496268349949,
            1.9018855293137618
        ],
        "x_sigma": 0.026675748,
        "x_chi2": 0.0007142908,
        "x_quality": 0.84375
    },
    "y": {
        "y_gains": [
            1.4461539751952779,
            1.5425847488348086,
            1.557639580394327,
            1.5594799695714268,
            1.5568499482798877,
            1.5619503887069737,
            1.5948572869866744,
            1.6470828515615994,
            1.6570247160149618,
            1.6482149008516327,
            1.6770532162526581,
            1.70665693826701,
            1.780923918395929,
            1.838232388088504,
            1.8153401836768461,
            1.8376161120710612,
            1.8248774594785961,
            1.7927942221827806,
            1.870401734236488,
            1.8310093034132011,
            1.901014913842202,
            1.9331000468196833,
            1.9676182763876402,
            1.9510211742377022
        ],
        "y_sigma": 0.032094866,
        "y_chi2": 0.0010364938,
        "y_quality": 0.84244794
    }
}