{
    "x": {
        "x_gains": [
            0.7104671058348034,
            0.7321985866077803,
            0.7582389294272909,
            0.7482480520110214,
            0.786544489040643,
            0.7815813172052465,
            0.79498580195107,
            0.795878495458558,
            0.8013826093883255,
            0.8128396145514547,
            0.810081234136078,
            0.8578084674960073,
            0.857409830066516,
            0.8806795464288972,
            0.9021946968634841,
            0.8913592613697998,
            0.8772524663295151,
            0.8835595717068675,
            0.8711441092756201,
            0.8771163501855451,
            0.8851078654402377,
            0.9124772781751769,
            0.928121793339204,
            0.9121434385691461
        ],
        "x_sigma": 0.03561917,
        "x_chi2": 0.0012745567,
        "x_quality": 0.8463542
    },
    "y": {
        "y_gains": [
            1.7392009102281885,
            1.7603338860488347,
            1.78581537562037,
            1.768293750372447,
            1.8584096287919687,
            1.8799420150684873,
            1.902941605192138,
            1.9656371249097524,
            2.0057368084194414,
            2.044995420744004,
            2.0497112366809764,
            2.1637593674552416,
            2.1658981374207356,
            2.178377153894918,
            2.241322423263116,
            2.241965970992099,
            2.2458035588440506,
            2.323409817661121,
            2.3156140232659004,
            2.3152691863926442,
            2.3226594357633115,
            2.3782774982746786,
            2.44784391215589,
            2.431670071004766
        ],
        "y_sigma": 0.033695646,
        "y_chi2": 0.0011399186,
        "y_quality": 0.8411458
    }
}