{
    "x": {
        "x_gains": [
            1.2654321026710866,
            1.274984923303282,
            1.3186465991510816,
            1.3581164229006135,
            1.3585130096979487,
            1.35041390861506,
            1.3421976900697221,
            1.3692851753546305,
            1.359609139564558,
            1.3880568259360084,
            1.442787002797564,
            1.4955035442686249,
            1.515036280573811,
            1.4994588827756785,
            1.5245898815103989,
            1.5031494362776248,
            1.5186621558350875,
            1.5302671930683793,
            1.5343855023892683,
            1.5376230844214733,
            1.5828620361620662,
            1.6123489158525581,
            1.6438473260357471,
            1.642771460591391
        ],
        "x_sigma": 0.031571403,
        "x_chi2": 0.0010022585,
        "x_quality": 0.84505206
    },
    "y": {
        "y_gains": [
            1.5093315099803715,
            1.5042123586839495,
            1.5789501939108732,
            1.6235993411433876,
            1.649132811756602,
            1.6566228385006436,
            1.6479780462956584,
            1.664169580211559,
            1.680123052212344,
            1.737843221864014,
            1.7794582190328003,
            1.828344655327139,
            1.8428631163663014,
            1.835057339119147,
            1.8973816323212132,
            1.875575274103604,
            1.9274122663137907,
            1.8929283980904137,
            1.9161261753757475,
            1.91787248104231,
            1.9593006237237605,
            1.9755788426253102,
            2.0151347501463643,
            2.022335809184689
        ],
        "y_sigma": 0.03168435,
        "y_chi2": 0.0010084376,
        "y_quality": 0.83723956
    }
}