{
    "x": {
        "x_gains": [
            1.127105146410564,
            1.1522667506745945,
            1.1736187774497697,
            1.1551251795295554,
            1.1284407003283536,
            1.1645745279368036,
            1.2125156103806614,
            1.2181773550014763,
            1.2475950110971081,
            1.258458888727946,
            1.2741380678944856,
            1.319156968994139,
            1.3055984190769863,
            1.3081113762652872,
            1.2828142769583453,
            1.2928438095742427,
            1.3008637735456343,
            1.3292935217013149,
            1.3570712968347016,
            1.3731486009057563,
            1.3959298037155183,
            1.3936955901241617,
            1.4216847874609677,
            1.42566175476294
        ],
        "x_sigma": 0.03344369,
        "x_chi2": 0.0011221822,
        "x_quality": 0.84375
    },
    "y": {
        "y_gains": [
            1.6294665695135244,
            1.66193027617492,
            1.7328390537007516,
            1.776347983443584,
            1.7365470567784898,
            1.7454276341339319,
            1.7863181250376243,
            1.7869929429861688,
            1.8067101939286587,
            1.8372791659340515,
            1.863862582332402,
            1.8965833316801448,
            1.9178014937372276,
            1.9584246040799862,
            1.9400614145841402,
            1.9450899549641654,
            1.9451729657527013,
            1.9624042592022042,
            1.9857236004600205,
            2.011773947261829,
            2.0616592811159022,
            2.033695900638499,
            2.0796701676388847,
            2.129519233775129
        ],
        "y_sigma": 0.028302887,
        "y_chi2": 0.00080430106,
        "y_quality": 0.8411458
    }
}