{
    "x": {
        "x_gains": [
            0.4287203170129512,
            0.43692187316970693,
            0.44799425133776677,
            0.44263616750025386,
            0.44967221368819305,
            0.45499128395946886,
            0.4516827712653152,
            0.4607745398843677,
            0.45736624004153614,
            0.46218296501741757,
            0.46113352245648775,
            0.472359728763486,
            0.4813300728675971,
            0.4933843084843944,
            0.4931476395759463,
            0.4957322411360596,
            0.4998248114036031,
            0.4966828045532304,
            0.4935845606354566,
            0.4926228254027463,
            0.49109603599066054,
            0.4999171137425415,
            0.4994186766603674,
            0.5083942499796896
        ],
        "x_sigma": 0.032991596,
        "x_chi2": 0.0010948995,
        "x_quality": 0.8567708
    },
    "y": {
        "y_gains": [
            0.4186362104916263,
            0.4270566889995962,
            0.43487154938122996,
            0.43454058848093735,
            0.44391247945850487,
            0.4476956700934188,
            0.44906476200937256,
            0.4576832895711828,
            0.45479050393789455,
            0.4563838516788993,
            0.4607267743716862,
            0.47208442077979657,
            0.47902683973012206,
            0.4907337686861604,
            0.4912795907523102,
            0.5018341536481687,
            0.4988774757917211,
            0.5011271602652265,
            0.495180065793585,
            0.4928301589978516,
            0.49224424883970647,
            0.5029583254264093,
            0.5062757434887117,
            0.5149611932969149
        ],
        "y_sigma": 0.030823877,
        "y_chi2": 0.0009561698,
        "y_quality": 0.8411458
    }
}