{
    "x": {
        "x_gains": [
            0.4414362623203205,
            0.45456539343657576,
            0.45652052835859874,
            0.4601420578169416,
            0.4618565385838416,
            0.46903435207594607,
            0.4746232025722679,
            0.4697998558654042,
            0.4692695987632306,
            0.4719751537175878,
            0.47686273911387933,
            0.49256138718684306,
            0.5028125574620476,
            0.5026890849912522,
            0.5050274727369757,
            0.5006956916287335,
            0.5021546451514157,
            0.49873172522275855,
            0.49957151750943213,
            0.49545690788316527,
            0.5083712476609838,
            0.5203600225295075,
            0.530479157420857,
            0.535782588426764
        ],
        "x_sigma": 0.03137083,
        "x_chi2": 0.0009884312,
        "x_quality": 0.83984375
    },
    "y": {
        "y_gains": [
            0.4457805974886504,
            0.46289305753918086,
            0.4618449134017695,
            0.46692050332909646,
            0.4699700422296281,
            0.4770533293623414,
            0.4802035602099873,
            0.4731061843304961,
            0.4715085089604299,
            0.47628609629437985,
            0.4819637594098604,
            0.4949848873689113,
            0.504648290168326,
            0.5131937757600823,
            0.5119954911629067,
            0.507797716342266,
            0.5053124763924327,
            0.5006188901028897,
            0.49997567618335365,
            0.4943437924780352,
            0.5084696553190985,
            0.52097592335819,
            0.5287312844326335,
            0.5400511082766829
        ],
        "y_sigma": 0.030199759,
        "y_chi2": 0.0009166288,
        "y_quality": 0.8515625
    }
}