{
    "x": {
        "x_gains": [
            1.7742359297324504,
            1.804207541890632,
            1.8472728046566642,
            1.8850154167870876,
            1.8743573297305687,
            1.8861848166120976,
            1.8958388233665926,
            1.8863931069686755,
            1.8897988018146454,
            1.9495186190140372,
            1.9339367215904697,
            1.932862560173877,
            1.9895041717912978,
            2.0087091603063403,
            1.9833782194963816,
            1.99647661806444,
            1.9828023619934858,
            1.948662107057158,
            1.9457047206298792,
            1.912858213784477,
            1.8715047309768096,
            1.8986572695789536,
            1.9288222167915159,
            1.9146726149162572
        ],
        "x_sigma": 0.033864822,
        "x_chi2": 0.0011520922,
        "x_quality": 0.8307292
    },
    "y": {
        "y_gains": [
            1.8907208713651837,
            1.944600509438663,
            1.9661745620110223,
            2.0044952007574106,
            1.9816346067911808,
            2.0057906373383703,
            2.003770896450029,
            2.0130983451687414,
            2.0157773278831552,
            2.0710944595116567,
            2.0639865553566974,
            2.0575102932096194,
            2.135151958978436,
            2.152844465125147,
            2.115921164162897,
            2.119464147748524,
            2.0797971149595167,
            2.027306110369545,
            2.0404671984287424,
            2.010997461377135,
            1.9667025458767786,
            1.9963913230444648,
            2.0354911079265627,
            2.0140448207145636
        ],
        "y_sigma": 0.03305689,
        "y_chi2": 0.0010980923,
        "y_quality": 0.84765625
    }
}