{
    "x": {
        "x_gains": [
            0.4280326638574313,
            0.43616011612326927,
            0.43713251908367584,
            0.44268064734784707,
            0.44761545177491835,
            0.44855878510903247,
            0.456751355980588,
            0.45225985657392714,
            0.4531673520294171,
            0.44564904371291253,
            0.4624792867089465,
            0.46982674011374126,
            0.47768672750293756,
            0.47550959174172985,
            0.47940791971336394,
            0.4754347613174868,
            0.471909426235059,
            0.47171756043150076,
            0.4724875909402772,
            0.47048860241360657,
            0.4696648631222813,
            0.47889220356788104,
            0.48594352471263363,
            0.49234681342803066
        ],
        "x_sigma": 0.033055738,
        "x_chi2": 0.001097534,
        "x_quality": 0.8411458
    },
    "y": {
        "y_gains": [
            0.3724854670138976,
            0.38097722792435074,
            0.38377424004449323,
            0.3859488080588581,
            0.3904110974198277,
            0.3907332758538635,
            0.39257086335911584,
            0.39075242192258636,
            0.3920922367187871,
            0.39068180147129206,
            0.4006765664229992,
            0.40756899643837685,
            0.4137313290808648,
            0.41099973383657235,
            0.4145290096520593,
            0.41138817922142484,
            0.4034820500922965,
            0.4049044455876247,
            0.40020042037052156,
            0.39810952120323345,
            0.39942179700665315,
            0.4064114494883808,
            0.41289432646860735,
            0.41485513258770035
        ],
        "y_sigma": 0.031706367,
        "y_chi2": 0.0010106878,
        "y_quality": 0.84375
    }
}